uniform,vwap_profile,avoid_open,front_load,end_load,vwap,date,ticker
-12.814666776412848,-25.096735240894972,-5.628130338039461,-55.93388540664037,-56.4338654718866,0.0,2025-05-05,AAPL
8.484053412650821,4.925296719428803,10.163632958905403,-1.5934238648680863,-26.726414644757508,0.0,2025-05-06,AAPL
-20.38804070379541,16.287110635953496,-52.25905194312945,170.8380267322349,19.209670292744438,0.0,2025-05-07,AAPL
19.52297926104799,-9.11518137742317,39.50408597196629,-100.36366100445031,-20.4877959196914,0.0,2025-05-08,AAPL
-9.683729324727972,-11.360509396203078,-8.755695236860753,-15.251933851916975,-6.197114016315818,0.0,2025-05-09,AAPL
12.968486412224241,3.046414141013081,17.64565715757676,-15.09453805987051,64.62803579067109,0.0,2025-05-12,AAPL
22.22158552324859,13.631198952189626,26.95356374124638,-6.170283784718026,59.52570773232105,0.0,2025-05-13,AAPL
-12.370575976190311,3.4027688716698243,-22.1615792404804,46.37544360954487,4.926212854681117,0.0,2025-05-14,AAPL
3.0398333062421075,-1.5749964945789547,10.993927742791495,-44.684733313046145,11.323469918934393,0.0,2025-05-15,AAPL
-1.062674323272192,-9.474887608460001,2.4117787070368633,-21.909392505123833,6.044248268605206,0.0,2025-05-16,AAPL
29.984319949784666,13.621630974058927,41.39509932192185,-38.48035628302337,64.6973027619923,0.0,2025-05-19,AAPL
0.08611706803360987,11.392035916769874,-6.256469228397964,38.141634846620306,-8.947538837845846,0.0,2025-05-20,AAPL
1.3654131646696506,36.696363699660736,-16.30064288588995,107.36174946803422,-76.80134761238978,0.0,2025-05-21,AAPL
12.97480161446206,-2.7969308246586766,23.12187244616393,-47.907623375746354,2.2598681459870233,0.0,2025-05-22,AAPL
5.6908321895319345,17.822994924974843,-3.069315017656738,58.25171543268427,-35.10234059707252,0.0,2025-05-23,AAPL
18.23666994081779,1.524464332546568,30.276238021564886,-54.00073854364767,38.764610632841595,0.0,2025-05-27,AAPL
-3.6884081982804924,-5.3258955368970655,-2.3218200171878065,-11.887937284821055,-28.306842736753413,0.0,2025-05-28,AAPL
-26.442494513987942,-10.049044501678342,-36.628998615113545,34.67653009278692,-24.691520050236825,0.0,2025-05-29,AAPL
-9.8094076028835,-7.821194300055115,-10.405869671898179,-6.23063518877832,64.99569389993772,0.0,2025-05-30,AAPL
2.0680112282967604,-5.739348474412984,7.1992638228530055,-28.719504339023747,34.43099138971441,0.0,2025-06-02,AAPL
12.002299142265828,-1.1241015530090324,21.450252941494565,-44.68542365309536,34.2697252752994,0.0,2025-06-03,AAPL
-15.158845436398263,2.8381418248720998,-28.367584496625117,64.0935889249796,-46.4380632205628,0.0,2025-06-04,AAPL
-1.592683947018794,7.8646469427496815,-2.681897323951211,4.942596314599586,-88.95382331604209,0.0,2025-06-05,AAPL
-9.323210636597565,-15.02293781236127,-8.26106505332604,-15.696084136209993,-2.46004211532975,0.0,2025-06-06,AAPL
3.7062137901944845,39.727310691153484,-18.143359267476928,134.8036521362412,-56.71732124137944,0.0,2025-06-09,AAPL
2.4303016826710913,9.79541816728338,-0.3166892989648373,18.912247572503507,12.986183698226382,0.0,2025-06-10,AAPL
-21.384600422642645,6.360784498972661,-42.06746143670324,102.71256566173514,-92.11160242206195,0.0,2025-06-11,AAPL
6.631389010978264,-2.0978471944480583,11.948970848212188,-25.27410201240953,31.799423581277917,0.0,2025-06-12,AAPL
-14.95321609232597,-17.647220970507167,-10.037367426864105,-44.44830808508418,-29.47612007951764,0.0,2025-06-13,AAPL
3.1304412245675044,6.092167302841307,-1.3299869453908917,29.89301024433656,26.860358348035675,0.0,2025-06-16,AAPL
-6.179124387221918,8.696354330689985,-14.439316891994098,43.382030641421274,-55.2321280732872,0.0,2025-06-17,AAPL
0.1062853102385933,10.109284236831918,-5.482865740533798,33.64119161488886,-7.611254860828833,0.0,2025-06-18,AAPL
-7.552410820730699,-16.9495138800139,-3.872264083393522,-29.63329124474092,83.78087706268536,0.0,2025-06-20,AAPL
3.885399529873068,2.9147596102789635,2.0832252239906723,14.698445365180163,23.561123182129666,0.0,2025-06-23,AAPL
-3.6978956172986,-9.569718966619524,0.18462897176445361,-26.993043151674105,-61.346206253733065,0.0,2025-06-24,AAPL
-14.175717008631743,-3.028825232634171,-20.962067672348905,26.54238697368107,-15.061341465320195,0.0,2025-06-25,AAPL
-6.4635626950664795,-16.384710583921933,-0.9454514114912543,-39.57223039651216,19.766609970340202,0.0,2025-06-26,AAPL
-2.804125727884131,-3.0059742236149245,-3.233744371094513,-0.2264138686105604,-24.042079511625147,0.0,2025-06-27,AAPL
-52.063713671947006,-68.00140392014389,-44.09990815662873,-99.8465467638371,102.58399284388253,0.0,2025-06-30,AAPL
-0.359966227157423,10.869135312071213,-10.701306189527447,61.688073547062714,-18.986875858362286,0.0,2025-07-01,AAPL
4.108371120364868,10.620718460104307,-1.177763861411337,35.825181011038225,41.02511920898379,0.0,2025-07-02,AAPL
-42.95917897587917,-17.233677879490187,-57.92130069949546,46.81355136583611,-67.67726765921863,0.0,2025-07-07,AAPL
1.3265724613023755,-4.348218943835184,6.364123558041366,-28.898734119112614,7.0733137911949235,0.0,2025-07-08,AAPL
0.473973873031433,1.1491470748779333,-4.311754796888572,29.188345892559607,86.52241858301524,0.0,2025-07-09,AAPL
6.632186863117651,3.647941081783538,10.237368056189995,-14.998900295303027,4.310977178011378,0.0,2025-07-10,AAPL
1.594315504281547,6.1217035771997175,-3.452507411211186,31.875252997248715,-1.9920414710884906,0.0,2025-07-11,AAPL
-3.9574735135399797,-11.79411622944954,1.9314521683985832,-39.29102760515367,-14.871920313314567,0.0,2025-07-14,AAPL
3.814109704468707,2.4036409917712387,6.4479094734105855,-11.988688909175812,-67.11610861225682,0.0,2025-07-15,AAPL
-10.411728510484167,4.840363147919838,-23.826954627317814,70.07962819052312,-18.473325713063044,0.0,2025-07-16,AAPL
3.2925120294765864,-6.068855900491657,9.419680810368206,-33.47050065585963,-28.200858181921955,0.0,2025-07-17,AAPL
9.754656022813297,0.8520638920162575,17.020909597985288,-33.84286542820246,26.237723468001455,0.0,2025-07-18,AAPL
-11.291285557887955,1.055025472752285,-21.34629528147874,49.03877278366208,-49.51156194435139,0.0,2025-07-21,AAPL
11.251065679159865,4.552442206160772,15.554720420167127,-14.57086276687572,38.079845208672715,0.0,2025-07-22,AAPL
5.874638216874606,-5.137835556084262,12.582108527525097,-34.370183647003074,29.976541116457454,0.0,2025-07-23,AAPL
-0.8308085356742437,-0.723071863027973,0.20643335832661436,-7.054259899674095,-39.671921856591496,0.0,2025-07-24,AAPL
-4.804352104327104,1.129146509001643,-8.240734864370133,15.813944455941682,-13.371594200565701,0.0,2025-07-25,AAPL
0.8294017363649367,7.436720051931993,-2.7636395864454673,22.38764967324462,-0.038492808890632106,0.0,2025-07-28,AAPL
-13.345776101638906,-4.762994976341283,-21.19508518912808,33.750078423296145,-46.31255602125979,0.0,2025-07-29,AAPL
-6.905754962729384,2.6329874042558994,-14.479248023292296,38.535203400664344,-37.25053405215002,0.0,2025-07-30,AAPL
-3.564502320606847,-1.741648350293257,-6.261025832081596,12.614638748249822,-46.47112209043468,0.0,2025-07-31,AAPL
-76.93409483344807,-55.285223354523694,-94.34689056417396,27.54267955091708,-123.33904067582321,0.0,2025-08-01,AAPL
-10.098118874151679,21.421067940658702,-30.606010768213494,112.9492324902192,-54.32813632693828,0.0,2025-08-04,AAPL
0.6043241567849149,9.534578143485879,-4.850165673607614,33.33126313915263,-45.157913780755266,0.0,2025-08-05,AAPL
48.92331811382174,21.772284203261318,71.80186100777907,-88.34793924991688,28.75240579112514,0.0,2025-08-06,AAPL
18.80117445041429,10.748468327389352,27.027072129628404,-30.554211624859995,54.401003880141765,0.0,2025-08-07,AAPL
7.857642621105957,-44.12535613264957,41.43170588661547,-193.58673697194737,96.41742536168341,0.0,2025-08-08,AAPL
10.210226435787694,1.416427180680869,16.742765431458533,-28.985007538234836,-10.078092411449452,0.0,2025-08-11,AAPL
6.893254755328038,-0.032098278059387954,13.401409118667985,-32.15567142469677,14.942100305368456,0.0,2025-08-12,AAPL
5.913794631907639,-4.030328300620861,12.893540627382864,-35.9646813409266,29.37062091015612,0.0,2025-08-13,AAPL
-5.727597529135616,-11.098480869458621,-3.759859814659509,-17.534023815978816,9.118919570525305,0.0,2025-08-14,AAPL
-10.679902461758962,-2.0050393368506785,-17.654574354297974,31.168128893494757,8.700754444006895,0.0,2025-08-15,AAPL
-9.149213506558304,-12.236501760558795,-7.19207148896324,-20.89206561211147,-11.37409157136876,0.0,2025-08-18,AAPL
-7.079926131956533,4.208142535068374,-14.30642925930975,36.27909263217138,-22.312066713881,0.0,2025-08-19,AAPL
-19.836396104955547,-15.350508844375693,-21.05395390977131,-12.531049276040932,-46.01434503061121,0.0,2025-08-20,AAPL
-6.608228253568348,2.0838474522625123,-12.243270505017465,27.20202525514025,-2.5751673233914274,0.0,2025-08-21,AAPL
3.0736636155847674,3.429097614996005,2.6653641406874193,5.523460465000044,-3.2551058190476407,0.0,2025-08-22,AAPL
-0.12181049113891065,7.020561252045264,-5.012847234857639,29.2244099711909,-43.53704899611469,0.0,2025-08-25,AAPL
22.24561830693125,6.553678460534569,32.58079763213991,-39.76545764431321,83.36340378976847,0.0,2025-08-26,AAPL
6.53355767119945,4.28698853543032,6.939082089669732,4.100411160372811,22.585176137078463,0.0,2025-08-27,AAPL
13.344933145059295,-6.807968649161246,25.801632737375126,-61.3952644088222,28.072074468196472,0.0,2025-08-28,AAPL
1.1103804474172247,6.332581298098015,-1.515546252966269,16.86594064972308,-6.35074096656672,0.0,2025-08-29,AAPL
-5.846677086809752,7.321515592623335,-18.8052421059627,71.90471302811912,33.032255049222364,0.0,2025-09-02,AAPL
8.277153402760915,3.6747715486325436,9.788269121642314,-0.7895409105142747,69.29755047131073,0.0,2025-09-03,AAPL
-2.075489780458154,-7.443925376007431,0.8582077305027358,-19.67767484621633,65.13991752314594,0.0,2025-09-04,AAPL
-7.213400416679242,-7.748777451466603,-6.016146586972474,-14.396923394911552,1.6692833171714885,0.0,2025-09-05,AAPL
-12.186276318874292,1.9458392494745949,-21.129956610502035,41.4758054309041,-13.510229032659742,0.0,2025-09-08,AAPL
-2.465139028053256,4.764659818280926,-7.209949021439657,26.003720932261533,-57.15798967982707,0.0,2025-09-09,AAPL
-29.35103611649061,-19.965738421766545,-36.70954615138823,14.800024092912548,-43.504303999870906,0.0,2025-09-10,AAPL
16.263192599782084,10.992392017278242,18.876332037841568,0.5843559714226746,47.76112412416288,0.0,2025-09-11,AAPL
19.17058441990243,22.939229521554193,17.390126500640854,29.853331935479186,29.42441546619939,0.0,2025-09-12,AAPL
-4.356919108304329,-1.6083868537410335,-4.125195137554502,-5.747262932786453,17.311600924811035,0.0,2025-09-15,AAPL
2.662793914379917,7.964984579168845,-0.6229890389528391,22.377491634395476,-35.782649755803305,0.0,2025-09-16,AAPL
5.434796641009311,6.899204104337062,4.128638109902673,13.271747827653886,-14.307419591278176,0.0,2025-09-17,AAPL
-10.455845353580736,-11.182460171679685,-8.703748881722657,-20.968424184720856,-8.78621987097551,0.0,2025-09-18,AAPL
24.53287031990556,-8.310972335481658,45.57617671344126,-101.72696804130634,68.20396850465553,0.0,2025-09-19,AAPL
42.00797607370145,27.319093447815643,56.262284658553824,-43.51787543539154,91.18344669083935,0.0,2025-09-22,AAPL
4.982718420653153,19.652917130344125,-4.227301352787516,60.2428370613072,-21.58661345080675,0.0,2025-09-23,AAPL
-16.570897864204092,-10.064441786164771,-20.874510360637668,9.250777114404116,-5.884163766214833,0.0,2025-09-24,AAPL
3.3395424616434486,-4.162764148660862,7.072947187495163,-19.06088589346349,96.46661553567175,0.0,2025-09-25,AAPL
9.419028161661554,2.414880245212395,14.72420426007261,-22.41202842879366,-5.197053159063231,0.0,2025-09-26,AAPL
0.7927332174845636,1.5081184260892422,-0.9694127403343368,11.36560896440468,16.489502769121238,0.0,2025-09-29,AAPL
-9.158711730455943,-2.2086199127031554,-13.816685308772932,18.789129739445997,5.967121386373946,0.0,2025-09-30,AAPL
-11.073825460074323,-11.557327448489177,-12.289612300601942,-3.779104416903075,-33.101235828695124,0.0,2025-10-01,AAPL
14.186518605257966,5.322697888457514,20.794799416879837,-25.463166264464412,10.348992442621254,0.0,2025-10-02,AAPL
18.99161648142894,16.932726443551235,21.369259591109998,4.725757823353638,11.128182491042356,0.0,2025-10-03,AAPL
-1.1024020632599327,8.351880756595554,-6.7492097490989975,32.7784440517833,-11.201262223492806,0.0,2025-10-06,AAPL
-4.121064347321812,0.029140420419723544,-6.807525511243121,11.997702636206041,4.586513368885577,0.0,2025-10-07,AAPL
8.00000249449731,6.629738194667449,9.219038650954172,0.6857855557803826,8.055296655611034,0.0,2025-10-08,AAPL
-20.725903088787895,-11.042474320717195,-26.56708082673324,14.321163338893097,-20.64172614460764,0.0,2025-10-09,AAPL
-31.68016907373007,24.109125201863197,-75.60252133954292,231.85394452116526,-158.9552794211439,0.0,2025-10-10,AAPL
13.6011363365335,-2.627056019937554,26.730053850811313,-65.17236874912076,-16.21965551419392,0.0,2025-10-13,AAPL
10.43418359251921,2.6854930757621074,13.359362065226437,-7.116887243712654,26.45979131530336,0.0,2025-10-14,AAPL
-5.553849626689659,5.351753090489334,-13.539214796323108,42.35834139112356,-14.489509292248803,0.0,2025-10-15,AAPL
-2.236984521370309,5.128600765125738,-4.398873577337146,10.734349814445658,7.498613496876094,0.0,2025-10-16,AAPL
13.429627311924113,-6.040712453587891,22.542145444206202,-41.24548148176842,68.09081826429787,0.0,2025-10-17,AAPL
35.130174968826736,9.979635016861513,54.761576295940536,-82.6582329938539,21.481634589609758,0.0,2025-10-20,AAPL
-4.151827441780046,-1.783896155864307,-5.477048363084035,3.799498086056829,-21.254128943448283,0.0,2025-10-21,AAPL
-23.99848347295333,-4.873027471531463,-37.01205056566704,54.08291908333994,-8.546003263488306,0.0,2025-10-22,AAPL
4.514936583437624,1.1638454392241349,6.230415109589373,-5.777934573466301,-1.922536727527561,0.0,2025-10-23,AAPL
20.27179313326652,3.1594229944975942,33.947853676807824,-61.78457012797262,6.716306610275336,0.0,2025-10-24,AAPL
-1.9026550325432783,-7.075103341837811,2.109862815419947,-25.97776212031196,87.00006768574835,0.0,2025-10-27,AAPL
1.1564416729458786,-2.894686091642106,3.464404101589616,-12.69133289890175,1.435695375353065,0.0,2025-10-28,AAPL
-2.6704050461596816,-0.14883141113552453,-9.289478353943942,37.044034800560645,11.433560188387824,0.0,2025-10-29,AAPL
1.0650194501014327,-16.008884248562964,13.850540582929606,-75.64810734685085,4.384510594011301,0.0,2025-10-30,AAPL
-17.30754677113519,-23.931840812125483,-12.077088165365478,-48.690298405730445,-53.475115434442976,0.0,2025-10-31,AAPL
-9.687604018709209,-9.567579929213052,-9.631623085662829,-10.023489616968389,43.35465551040519,0.0,2025-11-03,AAPL
18.09988235537055,12.053546512621288,28.071672889901794,-41.73086085180848,16.884926707080623,0.0,2025-11-04,AAPL
15.250739312161844,11.574438180226101,20.95694828827183,-18.986514544491722,21.822203470322695,0.0,2025-11-05,AAPL
3.7555289270623247,7.814274352621678,-4.2478999797618275,51.7761023680177,-65.38749826973414,0.0,2025-11-06,AAPL
-11.650727304281428,-1.8042347571514488,-28.42094260895775,88.97056452378705,-28.419808906319016,0.0,2025-11-07,AAPL
-13.84549274402824,-6.662202913081848,-27.181530849636506,66.17073588963189,-26.287145317924004,0.0,2025-11-10,AAPL
16.44870188993238,15.818950700200164,17.809231198418697,8.285526039024857,52.10077268856343,0.0,2025-11-11,AAPL
11.229203500640214,6.219707560804147,18.385767996854007,-31.710183476646694,-14.91041760748871,0.0,2025-11-12,AAPL
-15.306433903862528,-13.077041978964784,-18.075747359053878,1.3094468272918083,-23.1715974083852,0.0,2025-11-13,AAPL
21.42065572908936,18.393233651828968,23.061834040276405,11.573585861969182,-32.64766904256877,0.0,2025-11-14,AAPL
-7.261932726412331,-3.5853774012724857,-16.06424774180539,45.55195736596723,-22.34383222518942,0.0,2025-11-17,AAPL
0.30160460860782357,-0.32717955654549774,1.528141567255434,-7.057617143267227,-12.284044888799059,0.0,2025-11-18,AAPL
5.524462596352393,11.365123308519687,-5.666239742672626,72.66867663052356,-49.604600259878616,0.0,2025-11-19,AAPL
-34.12628271369714,-17.796867842224106,-62.681173128305296,137.20305977395816,-141.2963889114872,0.0,2025-11-20,AAPL
26.326676347200927,21.79678677048366,34.084181910582146,-20.218357033082217,40.802871155534426,0.0,2025-11-21,AAPL
17.149637261573126,9.36754257099684,31.071029718047786,-66.37871747726241,38.56130075814221,0.0,2025-11-24,AAPL
-0.6808257362971003,0.20557552997435566,-5.148566870002334,26.125621065946564,-44.152577771726094,0.0,2025-11-25,AAPL
8.830801613830928,6.442794279269487,11.90387063543567,-9.607612515785256,-21.834302900167852,0.0,2025-11-26,AAPL
4.398019681081027,-2.3503522622778714,17.606272138400353,-74.85149506282276,109.91593790222183,0.0,2025-12-01,AAPL
9.835261733287542,7.028597721888738,15.926704981645688,-26.71339775685337,31.46452632819476,0.0,2025-12-02,AAPL
-5.015457042835789,-0.4827772817346387,-14.723404996160054,53.23223067712373,-58.39508700107638,0.0,2025-12-03,AAPL
-16.836707778102006,-12.436419028848805,-23.042537529739285,20.398270731729763,-0.0901325038797448,0.0,2025-12-04,AAPL
-6.613705088985261,-2.370068862812456,-14.16069054133081,38.668207625098205,-20.9327299144562,0.0,2025-12-05,AAPL
-9.035652149802127,-7.200773799713421,-11.142362710587275,3.604611214925151,18.020884534297174,0.0,2025-12-08,AAPL
-4.99728787210361,-6.672134409531988,-3.9225520136932905,-11.445703022553259,-28.35111356009006,0.0,2025-12-09,AAPL
1.9682551702443554,-0.4201278755092086,7.208209220311344,-29.471469130120806,16.16724464747343,0.0,2025-12-10,AAPL
10.781178079052278,6.142841094825829,18.04162539419457,-32.78150581178916,37.24757051261148,0.0,2025-12-11,AAPL
-0.09347572610602001,-1.504162167501897,1.4474446643784884,-9.338998069004894,8.638223612878361,0.0,2025-12-12,AAPL
-17.58165949049527,-17.668871086229323,-16.810344604773693,-22.20954880480818,-23.30138540810624,0.0,2025-12-15,AAPL
0.8703793657248944,1.7668185685568194,2.3639092090842784,-8.090799694421015,39.45966100900338,0.0,2025-12-16,AAPL
-8.753542349627875,-1.484357621884654,-21.18922676872418,65.86056416496864,-66.95310613272636,0.0,2025-12-17,AAPL
13.575546727390838,11.696781780627603,18.113292158897913,-13.650925861639031,32.79757040950765,0.0,2025-12-18,AAPL
-11.19990644283929,-9.240888983155196,-12.868099579420166,-1.1907476233498495,70.01089248421343,0.0,2025-12-19,AAPL
-11.723195103261874,-9.482610715122776,-15.5483291781565,11.22760934611006,-32.75338314818896,0.0,2025-12-22,AAPL
7.9626318322820655,5.400577923318371,13.337036616781536,-24.283796874710568,27.28148885218873,0.0,2025-12-23,AAPL
2.122600527474246,2.7945202738537174,-0.41037766359669675,17.32046967391026,-40.080689800202364,0.0,2025-12-26,AAPL
3.360136566345271,4.9174570936654804,1.2325638354137491,16.125572951942715,10.447458646697946,0.0,2025-12-29,AAPL
-1.3474261714070654,-2.6075431538076455,0.8808288698649916,-14.71695641903108,-0.06472293372570251,0.0,2025-12-30,AAPL
-2.9667374398768627,-3.7022763349697985,-3.20615725787821,-1.5302185318562636,-25.38043162242837,0.0,2025-12-31,AAPL
-39.41130137356868,-29.53606813781258,-55.3202854168449,56.042602886082285,-32.60401257442813,0.0,2026-01-02,AAPL
-18.533570911212372,-9.793403666624611,-31.968928395807115,62.07857399637092,-33.01863429003089,0.0,2026-01-05,AAPL
-24.441812555142707,-20.33424720352343,-31.863380254635967,20.087593641834083,-40.82347989571705,0.0,2026-01-06,AAPL
-8.843278473717655,-7.596299430925399,-12.698144354107137,14.285916808612718,-49.538805658863026,0.0,2026-01-07,AAPL
6.586102599452925,5.84667635169247,10.076347636534413,-14.355367623011686,75.68257719619159,0.0,2026-01-08,AAPL
11.482501070336962,9.279471048165167,14.515880572262134,-6.717775941205274,27.694387873047056,0.0,2026-01-09,AAPL
16.53031775480671,15.533677553100839,17.856876752621893,8.570963767935273,3.1884152294245416,0.0,2026-01-12,AAPL
-3.272075677313326,-4.032836168670901,-3.263446069166813,-3.3238533261705556,33.570318746198474,0.0,2026-01-13,AAPL
-21.156256426575165,-14.117164192451462,-27.703697127017612,18.12838777608391,25.842528177090696,0.0,2026-01-14,AAPL
-3.0161890651275445,-0.11794999680962485,-9.378158738889363,35.155628977445566,-33.138617616176695,0.0,2026-01-15,AAPL
-18.221338883303805,-15.347490612583975,-22.768452304823644,9.061341645821862,-42.77491877270156,0.0,2026-01-16,AAPL
3.489562791112705,11.219407151984722,-14.732270815963046,112.8205644335832,-85.55336799637449,0.0,2026-01-20,AAPL
-19.891548340398064,-15.221994621645244,-23.05238753956236,-0.9265131453939299,1.496720605312849,0.0,2026-01-21,AAPL
2.2072280106854696,1.4897752238873605,-1.0649957066283557,21.840570314590057,-49.87885521019836,0.0,2026-01-22,AAPL
19.031092092280907,15.572312201995791,25.37529729666337,-19.03413913400582,19.75264773829878,0.0,2026-01-23,AAPL
14.174443767576072,11.183652570000987,20.807034767300603,-25.62110223076329,28.562065560616414,0.0,2026-01-26,AAPL
-5.172233820494723,-7.056586904655821,-4.4856494959562445,-9.291739767705923,-69.46408383893515,0.0,2026-01-27,AAPL
-13.825832001439169,-10.474463260533124,-16.56922055950976,2.6344993469954865,16.30540869945662,0.0,2026-01-28,AAPL
3.350466274540974,1.3821738332055076,7.0368806087270315,-18.768019730562123,30.76880454575927,0.0,2026-01-29,AAPL
-3.3899921408267595,-3.283363689481799,-5.177853475677745,7.3371758682854775,-8.42250468327294,0.0,2026-02-03,AAPL
4.305092866062371,6.985445560743204,4.687843444775163,2.008589393800032,15.049431475614911,0.0,2026-02-04,AAPL
-4.939329799776737,-0.21679442901955256,-10.836808128805599,30.445540174410855,-0.9009465350816183,0.0,2026-02-05,AAPL
-12.079341809749044,-8.032199613823625,-18.318452127440487,25.35532009643226,-18.07946041792955,0.0,2026-02-06,AAPL
-16.353596703263975,-14.61148922318858,-15.40229459657546,-22.061409343388824,31.185862341905644,0.0,2026-02-09,AAPL
-2.216754491042553,-0.29303434854087373,-5.023362334785113,14.622892571429404,-8.368365402207132,0.0,2026-02-10,AAPL
20.295564619496755,13.085793230515634,25.41592610049934,-10.426604266504418,-64.87620532311173,0.0,2026-02-11,AAPL
-39.903279283158234,-14.150207562192566,-84.37481748348722,226.9259499188242,-137.28471230546057,0.0,2026-02-12,AAPL
-11.798606868356337,-6.847700353158151,-26.150719486532008,74.31406884070867,-110.2819056202141,0.0,2026-02-13,AAPL
31.312910763548352,19.56800584566139,50.40985010146638,-83.268725263949,73.70869722516257,0.0,2026-02-17,AAPL
6.51711634248779,7.033938326595206,3.9103819305910767,22.157522813874504,-18.557713964704607,0.0,2026-02-18,AAPL
-9.439292171326732,-7.060417796380038,-14.959270228685147,23.680576172819418,-66.30968429020406,0.0,2026-02-19,AAPL
1.0629949053226564,-8.072746832365782,15.797157545880493,-87.34198093803518,65.56840930121535,0.0,2026-02-20,AAPL
15.068107120824832,12.193407848998408,16.161085919790413,8.510234327048401,-16.224265854029436,0.0,2026-02-23,AAPL
1.8067536558464392,6.448084536203834,-5.469111739500312,45.46194602794156,-9.597768883136334,0.0,2026-02-24,AAPL
11.81457875305431,10.218419269258536,13.976576427325245,-1.1574072925526169,18.939955100728277,0.0,2026-02-25,AAPL
-7.248844974573169,-7.1170770239803,-5.405224255065535,-18.310569291604367,18.019486072239257,0.0,2026-02-26,AAPL
-5.6787928581184834,0.8279794435318256,-16.023030858973385,56.386635147021565,-105.97290877042127,0.0,2026-02-27,AAPL
20.68966064773984,14.320083361997304,27.8666967581633,-22.37255601479877,7.506565367038117,0.0,2026-03-02,AAPL
-4.944326085008081,-4.931970942083416,-2.2953217741825642,-20.838351949941718,33.53546686063659,0.0,2026-03-03,AAPL
1.5310762746613436,1.8529911560305465,-1.2142181314022253,18.002842711042756,-45.716428445512875,0.0,2026-03-04,AAPL
-8.378310269608995,-8.043432261599524,-6.291074306870039,-20.901726046023015,32.68151280216453,0.0,2026-03-05,AAPL
1.911808353195644,1.5181048552226943,3.603070717706434,-8.235765833842546,20.567536097819122,0.0,2026-03-06,AAPL
12.16314138677558,-2.516742198694012,25.28768092566475,-66.58409584655944,95.79420850822507,0.0,2026-03-09,AAPL
17.11216076189024,7.561991632610966,24.83312205925273,-29.213607022282524,-0.44840426958215523,0.0,2026-03-10,AAPL
-3.1930846497186836,-6.947950830575998,-0.5864082888096686,-18.833142815166227,12.454672371515525,0.0,2026-03-11,AAPL
-6.525988244638919,-12.538167038775647,-1.6094451318625438,-36.025246921290496,6.229871684274028,0.0,2026-03-12,AAPL
-10.78337480222461,20.999149402341022,-33.18658307757357,123.63587484987367,-86.82309015854423,0.0,2026-03-13,AAPL
7.127160991310881,10.203030897023895,4.731278024694557,21.502458791024573,3.4649075945962933,0.0,2026-03-16,AAPL
3.3524225820545537,5.647129088287738,1.8627217587430702,12.290627521943584,4.02680016463434,0.0,2026-03-17,AAPL
-9.360987137996764,4.885701386740388,-17.778395418830378,41.143462547023,-56.142172805625954,0.0,2026-03-18,AAPL
-5.207867466082882,5.055467749861081,-11.376065979223426,31.80132361277636,-4.061175803908734,0.0,2026-03-19,AAPL
9.587500411863221,6.2478763892140154,12.11831955144366,-5.597414425623993,11.748696764124405,0.0,2026-03-20,AAPL
-14.141291821470958,-4.47681623478457,-19.62147644045444,18.739815892443485,-20.94356962803418,0.0,2026-03-23,AAPL
9.385710059748483,9.20852317401219,12.424017511818045,-8.84413465264751,-37.33720069813294,0.0,2026-03-24,AAPL
3.9473738834602665,0.6788941940515582,7.99746048803665,-20.353145743986822,-31.7983350927375,0.0,2026-03-25,AAPL
3.1825834657725895,15.736922481936494,-4.592147718406999,49.830970570864636,-69.15998381627053,0.0,2026-03-26,AAPL
-28.24891394066529,7.87977899546156,-52.53414336907159,117.46246262977817,-115.51591367331258,0.0,2026-03-27,AAPL
-19.56172106394633,-8.341174098087533,-28.497751498703824,34.05446154461705,-18.174953376777072,0.0,2026-03-30,AAPL
3.993333405771503,-29.223504630121656,21.924758082700404,-103.59521465578608,89.20846671037708,0.0,2026-03-31,AAPL
-0.8626101280356447,-7.886756901093657,3.48864897720967,-26.970164759486345,34.64111483877991,0.0,2026-04-01,AAPL
18.736011232494782,-0.7402848718815158,35.566479597056095,-82.24679895486305,65.85566906147321,0.0,2026-04-02,AAPL
-4.143187592106395,15.110121222515835,-19.812384567954343,89.87199426299443,-20.872069774006846,0.0,2026-04-06,AAPL
12.007893439210035,-19.826203148733246,31.3392519039594,-103.98025734927934,128.56671163625288,0.0,2026-04-07,AAPL
-9.428112409459114,-5.493994800254594,-12.162127798839785,6.97597992683594,37.989261905067536,0.0,2026-04-08,AAPL
9.751285895498219,-6.438071366393564,18.724164919819,-44.08598825043085,54.37725790522682,0.0,2026-04-09,AAPL
-2.2948569520810014,10.308474072657322,-9.70363902083027,42.15783546043206,-3.337289678487998,0.0,2026-04-10,AAPL
-2.035635092485252,-6.863514384035339,2.0018151304507117,-26.260336430103237,46.99556731980957,0.0,2026-04-13,AAPL
-10.927533048778756,-6.176184926067794,-16.13862936344642,20.339044839238205,1.6002551305149033,0.0,2026-04-14,AAPL
30.93721846271639,-0.40712477775481803,53.990535255536386,-107.38268229417338,108.54879795430483,0.0,2026-04-15,AAPL
-6.200805533988756,-18.02105917305774,1.0893322371548164,-49.94163216083724,-0.5828802031853993,0.0,2026-04-16,AAPL
20.714646068005177,12.036562301332411,31.859246432523133,-46.15295611908567,13.143789903054376,0.0,2026-04-17,AAPL
22.968612733162963,14.244844038214891,27.05341623821378,-1.54020829713488,-23.35479033013522,0.0,2025-05-05,AMD
12.231381757897017,10.127414352784907,15.140520582102429,-5.2234511873225395,-42.60437470017621,0.0,2025-05-06,AMD
-55.45346128925605,-47.92274144614906,-58.402697556737856,-37.758043684349445,111.61879114679998,0.0,2025-05-07,AMD
-20.166928611254235,-10.13182917209431,-29.006607232614716,32.871143116911426,-155.4236502379593,0.0,2025-05-08,AMD
6.304084473916342,-8.53835415006642,16.889300749147345,-57.20721317746829,36.49134101022383,0.0,2025-05-09,AMD
-7.831703316698672,-23.511175332108714,4.634184489655869,-82.62703015482329,-25.423582370079096,0.0,2025-05-12,AMD
44.777181792765816,9.081515388879202,71.54960637611097,-115.85736570728986,72.27536433466267,0.0,2025-05-13,AMD
-77.92477166374907,-48.3867104191833,-98.75756361591291,47.07198004924237,-90.13227303914627,0.0,2025-05-14,AMD
-14.80327500284856,-6.142813162177124,-16.960572125754016,-1.8594922653998298,-49.62908786595124,0.0,2025-05-15,AMD
2.2538536605188755,7.829622939439075,1.221895664437306,8.445601637022843,-0.08807246687174233,0.0,2025-05-16,AMD
-8.62304223085864,-2.0989485138034696,-15.342546554534366,31.69398371121058,10.756639848202138,0.0,2025-05-19,AMD
-1.739282659621372,1.026458768963352,-0.16038986735989713,-11.212639413185205,22.327945828605195,0.0,2025-05-20,AMD
-24.7517132380518,13.979350406835266,-35.93657478901095,42.357456067706835,-146.70565964012823,0.0,2025-05-21,AMD
-9.68882107390994,-8.250313284176139,-11.36981655190067,0.39715179404206546,-89.11432053791232,0.0,2025-05-22,AMD
35.51064557526647,6.701234694472431,52.985504196940774,-69.33850615475599,65.6820232949006,0.0,2025-05-23,AMD
23.762545191749194,24.228869551659212,27.045909078026025,4.062361874093184,-2.2648390046810034,0.0,2025-05-27,AMD
-9.887820008137794,-2.6460495610529096,-13.548763096872738,12.07783852427437,-82.81453797212684,0.0,2025-05-28,AMD
-36.0675150140012,-9.526604499110118,-49.8021584521273,46.34034561476664,-46.12711452355879,0.0,2025-05-29,AMD
-1.682054235174392,19.25396637148838,-14.518495786534803,75.33659507298937,11.122235465517774,0.0,2025-05-30,AMD
38.37609750966505,18.026585964881097,45.60014582577953,-4.968192387006763,111.0020845364341,0.0,2025-06-02,AMD
36.55678585009626,24.89004082037673,45.81669534948619,-19.00267114621645,83.58709482859076,0.0,2025-06-03,AMD
23.52800911894675,-7.19000022942203,42.841976797029375,-92.35579694953698,45.35041443380306,0.0,2025-06-04,AMD
-5.07934374761546,16.265956629376145,-11.948302895200449,36.134411137904195,-110.69611345685287,0.0,2025-06-05,AMD
-25.13308870263195,-15.952353534989134,-35.246872676746456,35.54961514206239,-54.35125713082781,0.0,2025-06-06,AMD
2.0013937547848557,5.305080406013028,-8.49313612854353,64.96857305475282,63.31492433612713,0.0,2025-06-09,AMD
20.26182929851354,16.067521124042162,16.92882127740318,40.25987742517453,34.373280771370005,0.0,2025-06-10,AMD
-31.812130297520106,-1.2831832201293827,-48.71689573039477,69.61646229973606,-57.94571017993123,0.0,2025-06-11,AMD
5.831020301590079,41.415122643777906,-13.079738627471722,119.29557387596918,-114.31031510597046,0.0,2025-06-12,AMD
7.426807208561639,3.441781544426708,20.392378789459887,-70.36662227681929,-3.6062519323815523,0.0,2025-06-13,AMD
68.4498837514796,48.73028467519514,82.3171454740761,-14.753686584097148,41.37192732630477,0.0,2025-06-16,AMD
-44.60363725304608,-7.036575829264196,-72.92995814933876,125.35428812472551,-105.50148339163029,0.0,2025-06-17,AMD
-24.198253805850776,2.6966937512710105,-44.485506489669255,97.52526229706451,-51.55635276235298,0.0,2025-06-18,AMD
-59.567733997915994,-38.49137755885641,-76.69653009842865,43.20504260516432,-100.7493960273246,0.0,2025-06-20,AMD
-45.98438646857676,-1.9318276562913947,-81.51854532412544,167.2205666647415,-59.03880543336683,0.0,2025-06-23,AMD
53.792804975777905,31.339566335324925,69.78057266412841,-42.13380115430435,133.50725210989233,0.0,2025-06-24,AMD
40.59462522290325,20.033558607189395,55.514082393818015,-48.92211780257138,83.9745085110349,0.0,2025-06-25,AMD
4.5810353485108175,-8.437540390585545,11.444306873419409,-36.59859380093478,31.80134181960302,0.0,2025-06-26,AMD
-47.91479793464385,-14.910617124128892,-71.620334501667,94.31842146750292,-46.82169278425424,0.0,2025-06-27,AMD
-10.29314529537198,1.885533743513551,-18.281774588958406,37.638630466160535,-40.951813479225386,0.0,2025-06-30,AMD
-24.096403841128314,-18.522109338323638,-31.379410821098705,19.601638038723042,-83.51243557149414,0.0,2025-07-01,AMD
37.92616164352034,14.742391883029557,57.34429103038346,-78.58261467763366,41.76402083276529,0.0,2025-07-02,AMD
-18.10798860531171,-22.129397401676865,-17.4149040323694,-22.266496042940293,-7.4442708420854045,0.0,2025-07-07,AMD
12.147243127775306,5.21027025013458,15.617464379440527,-8.674084382213959,5.99012841849661,0.0,2025-07-08,AMD
-18.72932802500554,-7.729336877294072,-30.621648861501043,52.62459699397362,-35.18391192265192,0.0,2025-07-09,AMD
1.0161890848144448,8.154376507240862,-3.6620192033515635,29.085438813806547,13.124080230338993,0.0,2025-07-10,AMD
37.26883757164382,4.7142513312186365,58.7012492407192,-91.32563244279676,73.2552265130712,0.0,2025-07-11,AMD
47.28309890965506,16.02048135211441,70.02626150778414,-89.17587667910972,60.11240990161165,0.0,2025-07-14,AMD
-20.916466339185906,-6.459779340710896,-32.18155824807185,46.674085114157094,-26.411243418430004,0.0,2025-07-15,AMD
1.8808238776556556,-33.715136140447434,17.96260403999057,-94.60985709634294,231.92747255807393,0.0,2025-07-16,AMD
-15.551341910986464,-10.492478557523974,-21.746710788133424,21.620871351902416,31.001471207832303,0.0,2025-07-17,AMD
-22.035103877216187,-25.916029400822183,-18.043771285707056,-45.983099426278166,-54.81988147900641,0.0,2025-07-18,AMD
-12.990705282511367,0.6188080932080452,-21.899352978286117,40.46118089215148,-93.77322313733742,0.0,2025-07-21,AMD
40.31300214115419,-0.8133158257284043,67.90903559538557,-125.26319858422298,104.22054736141325,0.0,2025-07-22,AMD
9.835423746710736,-0.05816450714353025,17.09345888560631,-33.71278708664469,53.0932247528715,0.0,2025-07-23,AMD
25.837666732522756,-0.9406729437251063,48.93458352774803,-112.7438340388254,35.83392223036876,0.0,2025-07-24,AMD
26.496157517377604,25.582910318248413,23.350596922418557,45.369521087145586,41.44858236952052,0.0,2025-07-25,AMD
19.88307681969569,22.140574938854066,16.090497833373135,42.63855073764585,58.27704422372829,0.0,2025-07-28,AMD
4.456773014745281,15.255738664608668,-12.993389530374216,109.15774828547977,-57.27358136254988,0.0,2025-07-29,AMD
33.617983287462074,26.584149980275313,37.701246554158814,9.118403687273688,64.04570235490678,0.0,2025-07-30,AMD
-41.77282807610457,-4.902118851191206,-63.69120896451358,89.73745725437011,-142.84843825508406,0.0,2025-07-31,AMD
34.9183236027175,29.08669640910014,37.604420354565676,18.801743091638407,32.83072523218561,0.0,2025-08-01,AMD
27.33921205824654,21.430030037014433,29.065374786601225,16.982235688132928,12.450842457486061,0.0,2025-08-04,AMD
0.4769225031562202,-9.972590856105025,2.6648036976506058,-12.650364663793889,-58.258780330602754,0.0,2025-08-05,AMD
28.78114215204682,-9.294315349329883,49.77991646119985,-97.2115037028556,62.58126885115179,0.0,2025-08-06,AMD
42.636515085127904,49.30151613175325,46.38587404144985,20.140361347199516,52.79966430355692,0.0,2025-08-07,AMD
-32.48502545061526,-15.658534671024137,-41.73562823487064,23.01859125492519,-10.756706668428716,0.0,2025-08-08,AMD
-20.89560140721778,27.07386549005871,-47.42355359918801,138.2721117446133,-164.2429198462331,0.0,2025-08-11,AMD
59.36994191220474,40.65986142752205,73.33369163192263,-24.412556406092776,125.51336869512787,0.0,2025-08-12,AMD
18.055285797105267,18.013154143590132,8.582652927846752,74.89108301267183,47.646920179835114,0.0,2025-08-13,AMD
-38.32029105566478,-35.17462898934873,-42.536905665939834,-13.020603394005063,-22.1204511385065,0.0,2025-08-14,AMD
-9.87060542449715,-10.671561682066304,-10.659565353448517,-5.13684585077615,-8.176488824331853,0.0,2025-08-15,AMD
-13.227640379700587,-14.490192192095078,-15.727539709707381,1.77175560036116,2.2822052766035132,0.0,2025-08-18,AMD
-48.42899034329391,-30.91006011402594,-53.757792239668355,-16.456178965042234,-116.73679371354363,0.0,2025-08-19,AMD
39.33628423180718,-3.5546624252911365,72.6124780093206,-160.3208784332593,158.21105161819756,0.0,2025-08-20,AMD
-9.652925239887868,8.65147775367124,-22.193717287359874,65.59182704496149,-28.250917366755058,0.0,2025-08-21,AMD
40.19880472736767,31.046285572854366,48.689950961131586,-10.74807267520724,61.216094347250824,0.0,2025-08-22,AMD
6.0095971296762976,9.630365877894999,6.373029660951563,3.829001942036851,-31.869016000148665,0.0,2025-08-25,AMD
-17.33600840817041,-12.477103484814373,-27.17708067013347,41.71042516363519,-6.869645817067298,0.0,2025-08-26,AMD
12.99234637749436,-1.3824863710678243,20.768047453223687,-33.6618600768816,45.08855451018811,0.0,2025-08-27,AMD
-10.614999015503201,-21.247350186012266,-6.7560134527076166,-33.768912392266564,22.134426022866897,0.0,2025-08-28,AMD
-38.2236865900246,-29.96531105122002,-42.0128658251096,-15.488611179493779,-61.30874137108673,0.0,2025-08-29,AMD
25.83488596144525,36.484887195984186,15.592765983982062,87.28760582622084,118.25069283920627,0.0,2025-09-02,AMD
-18.4030946957634,-7.392070095121228,-29.17206766073398,46.21074309406888,13.474932272042803,0.0,2025-09-03,AMD
39.56271561641497,22.620798797369787,50.680698813810146,-27.14518356794543,102.7364971867029,0.0,2025-09-04,AMD
-25.97166393343213,-42.67612800728546,-12.493909370513396,-106.8381913109352,-68.06233743051439,0.0,2025-09-05,AMD
1.4412191103849745,9.23466652087938,-0.25051734763242073,11.59163785851564,2.6700669730786557,0.0,2025-09-08,AMD
35.29250145761283,17.304265538451375,43.25661389466967,-12.492173164718952,112.9673541255394,0.0,2025-09-09,AMD
-36.163502911586995,-10.86225623295962,-48.40066919640257,37.25949479731356,-71.02973380790388,0.0,2025-09-10,AMD
-25.7084861176481,-25.226691716515774,-27.287831208404203,-16.232415573105996,-44.70120905409511,0.0,2025-09-11,AMD
21.639252982745987,-9.268834725382701,45.35996217417092,-120.6850021657874,31.879304487961004,0.0,2025-09-12,AMD
21.184192824192216,0.5472817626505353,37.52224484355969,-76.84411929200553,87.12296165435943,0.0,2025-09-15,AMD
-8.645304448618736,-1.3132113961289482,-16.187050097017263,36.60516944177951,-3.2068217635268828,0.0,2025-09-16,AMD
0.8014053625331041,18.746194137776698,-11.163238193976964,72.58926670159352,-2.818287651237172,0.0,2025-09-17,AMD
94.48838279940787,59.3620977805307,111.22396981150209,-5.925139273155621,202.88813065696783,0.0,2025-09-18,AMD
-18.212772576945117,2.537355687655666,-34.63995589720137,80.35032734458876,-10.08647419205762,0.0,2025-09-19,AMD
4.883161684312156,17.3577420075453,-1.4924498036732232,43.13683061224213,-54.43835306093087,0.0,2025-09-22,AMD
8.957866533057306,16.483213874531042,8.36503785490685,12.514838601979461,-0.2858720310670203,0.0,2025-09-23,AMD
-9.0396235708702,-10.276957453043945,-6.394287374725887,-24.911640747720206,-20.482621121791404,0.0,2025-09-24,AMD
54.67196248539029,25.320414991319478,70.24898379491657,-38.79016537177091,135.92372220290733,0.0,2025-09-25,AMD
-11.867383649729486,-20.671660839881515,-9.871151006390486,-23.844779509749177,29.625130464704682,0.0,2025-09-26,AMD
-0.8238896460372044,15.585397099768674,-9.40840696318146,50.68321425683357,-65.67687848739438,0.0,2025-09-29,AMD
2.621551763483278,9.375600575350825,-3.198600264151468,37.54246392930589,55.87888301701251,0.0,2025-09-30,AMD
-1.5253620612315961,3.249464609603678,-7.319470767484051,33.23929017629538,91.68276875056421,0.0,2025-10-01,AMD
33.521801570543374,9.440001128944376,47.575776286597105,-50.80204672575376,38.20635953829,0.0,2025-10-02,AMD
-26.07099032715332,9.889160188324068,-41.898403422922115,68.89348824747303,-135.42048405122594,0.0,2025-10-03,AMD
-170.85646456400193,-138.23056268588923,-191.7150379614849,-45.70502417909068,-381.76225825942976,0.0,2025-10-06,AMD
-74.71371026538613,-49.96582017032242,-94.42707677566423,43.56648879629855,-85.12182493557873,0.0,2025-10-07,AMD
74.65245792319426,-21.903906972213207,132.73946323635604,-273.8695739557652,391.5563741515108,0.0,2025-10-08,AMD
-58.525510058630246,-36.33772577246412,-75.83834699528225,45.35151156130236,-49.492583853796255,0.0,2025-10-09,AMD
-69.99693192873045,4.532137889778002,-137.9746527513745,337.86939300716205,-291.60828794082795,0.0,2025-10-10,AMD
-48.86254245147758,-23.21292866740623,-64.47086802264344,44.78741097552804,-103.38019213067241,0.0,2025-10-13,AMD
40.70580184450621,25.31888870891489,45.7757484966616,10.28612193158549,-128.93728477603025,0.0,2025-10-14,AMD
71.45448415905078,59.45395664417241,86.07030252258271,-16.240426022126236,190.68711202780923,0.0,2025-10-15,AMD
-30.52296087805604,-13.217968446163663,-42.4284222393071,40.909807289457504,-115.84055814913896,0.0,2025-10-16,AMD
10.680374522337976,14.226933064180713,-3.2268918786715264,94.12397292840969,43.29332261680541,0.0,2025-10-17,AMD
28.04260119083799,21.744866284915318,34.726563418771335,-12.061172176754939,11.663805830287869,0.0,2025-10-20,AMD
8.701415577775832,-19.183235146788054,30.294364613833125,-120.8562786385536,2.2447231709403628,0.0,2025-10-21,AMD
-43.32244862034907,-9.219001853134907,-71.83736503537666,127.76704986981889,11.882865830916657,0.0,2025-10-22,AMD
24.887641187903686,15.362698506111423,29.648255548876737,-3.67604497791268,75.211127587957,0.0,2025-10-23,AMD
45.07275922726708,29.65783875877471,54.81881542014082,-13.403577929958356,125.10976030348975,0.0,2025-10-24,AMD
24.983601526451274,-5.18162496349758,44.26898282315974,-90.72868625378163,182.95613916499815,0.0,2025-10-27,AMD
-18.828947012811273,-3.6428538932227132,-30.977899860294215,54.06477007210162,-116.05097057114463,0.0,2025-10-28,AMD
-13.689544477155968,-1.8517987701773437,-27.86564418169234,71.36705375007956,59.56648601455179,0.0,2025-10-29,AMD
-5.393222622825567,-11.212884366026817,-0.266874082210451,-36.1513138664987,-157.0166984603193,0.0,2025-10-30,AMD
-24.983182897469423,9.610645870667422,-47.51594011791162,110.21336042519253,-77.34277903246415,0.0,2025-10-31,AMD
-10.792641089884649,-25.537289501118888,4.934864358218339,-105.15767377850037,71.71592783141476,0.0,2025-11-03,AMD
3.306008061879416,21.991887170295318,-16.67233955652823,123.17609377233538,-133.2531334947939,0.0,2025-11-04,AMD
99.73819979164882,63.05250192478406,140.5136697749261,-144.91462010801246,137.8813831316879,0.0,2025-11-05,AMD
-56.28269790553702,-48.70768553008339,-69.90804020175692,25.469355871802403,-149.87835737275483,0.0,2025-11-06,AMD
5.841686271279316,-3.1134978212564297,11.06508443305042,-25.49870269932748,181.89282136621375,0.0,2025-11-07,AMD
-6.974420806319379,3.087871991472233,-22.609019062635788,86.83316873158603,-39.72197193735678,0.0,2025-11-10,AMD
-61.03536553324412,-58.59910505399706,-63.82766963282896,-44.28154093572442,-104.7144316538287,0.0,2025-11-11,AMD
-3.6712649873682848,18.588413555200674,-29.05494856830443,148.6308364982508,32.132287176496234,0.0,2025-11-12,AMD
-46.20268431421151,-11.610543909126132,-81.45987263866036,165.34044563249842,-181.29708116936473,0.0,2025-11-13,AMD
79.62807297855211,71.2646949062798,94.93515286144046,-12.214406318771024,-18.54892073614943,0.0,2025-11-14,AMD
-25.189938572884735,0.7802884754213282,-53.758948178772016,146.2241190624472,-93.83799609540219,0.0,2025-11-17,AMD
6.3774949756802854,-9.45972954764886,26.892289300738287,-116.71127097465788,-26.6071324554079,0.0,2025-11-18,AMD
-34.287281129470685,25.896922473824734,-105.51435395612671,393.0751558304856,-97.31919137076949,0.0,2025-11-19,AMD
-127.7719954035729,-34.97452554922486,-231.54840641277437,494.8864706516503,-522.9579335719453,0.0,2025-11-20,AMD
30.406320316348477,-6.850798918197732,74.47030916355891,-233.9776127669001,76.60428975642758,0.0,2025-11-21,AMD
68.15386177812864,49.80533362510661,90.61085141471253,-66.58807604137195,84.23785259645976,0.0,2025-11-24,AMD
47.80041494906298,16.872423114169617,83.33632667292862,-165.4150553941139,306.5651547109497,0.0,2025-11-25,AMD
59.73368109776991,47.637092610052576,76.31024852670961,-39.7257234758523,75.32846276083151,0.0,2025-11-26,AMD
34.61379805696153,22.93539379080722,47.60246475254263,-43.318202116519906,77.50387840580922,0.0,2025-12-01,AMD
-69.57117569378913,-38.22623108864281,-109.37562721059062,169.25553340704192,-161.76445818261607,0.0,2025-12-02,AMD
24.197199553002896,23.746441471635862,21.618749030824244,39.66790268608666,80.90139798603252,0.0,2025-12-03,AMD
-5.70561232591034,1.4699807056866112,-13.294758698590014,39.82926591016639,-23.479930129420147,0.0,2025-12-04,AMD
-19.849881287927424,-7.249781258571908,-39.20166205441966,96.26080331103378,-52.69985871183329,0.0,2025-12-05,AMD
-4.498074248017855,-11.448905933505785,3.6484666293475585,-53.37731951219229,27.825544837199107,0.0,2025-12-08,AMD
1.0504872406297598,10.262577741684936,-9.982389984095782,67.24775058899581,-17.90370326606984,0.0,2025-12-09,AMD
-3.9655669929279775,-6.8695839394772245,-1.3077483501747518,-19.912478849435736,40.39709858741536,0.0,2025-12-10,AMD
53.20631828443222,24.277180203402025,79.97597133589551,-107.41160002434225,242.00484923097704,0.0,2025-12-11,AMD
-50.42930934603194,-38.31578730433095,-68.49295669778058,57.9525747644759,-109.54666348828637,0.0,2025-12-12,AMD
-23.178719676680085,-20.905300455093215,-20.401332884324,-39.84304043080984,-138.42068186770993,0.0,2025-12-15,AMD
1.4451745054340273,-7.762957564582615,10.550782752692378,-53.18847497809964,70.62237669281895,0.0,2025-12-16,AMD
-76.23512954324971,-37.98244760088789,-124.51154344754767,213.42335388255063,-194.40114840028528,0.0,2025-12-17,AMD
-41.41027106776652,-20.017494462850358,-68.48003336173564,121.00830269605653,-121.40069703707411,0.0,2025-12-18,AMD
69.91654580669392,52.89503506010958,88.98979149393294,-44.52292831672813,93.99893973746752,0.0,2025-12-19,AMD
-23.02870450508924,-25.485738915040464,-20.081392942921667,-40.71257387808544,-4.528732941461594,0.0,2025-12-22,AMD
-7.593642038582782,-12.063822415775139,-0.33792422450392995,-51.1279489230387,3.2295532438999466,0.0,2025-12-23,AMD
-2.9303341218150663,-1.778287139145588,-3.935319845052536,3.0995802176282474,-12.70217490787851,0.0,2025-12-26,AMD
32.315519202134865,25.289975635065986,39.48413072861811,-10.696149956745996,84.07944318879785,0.0,2025-12-29,AMD
-2.9719213910069406,-3.017554995769292,-0.936516985552151,-15.184347823717202,-0.7877108744485041,0.0,2025-12-30,AMD
-6.131022125250402,-1.3964149262596441,-10.197204516619946,18.26607222298135,-73.95951266193784,0.0,2025-12-31,AMD
-15.882919010133167,-20.766272571533758,-11.085874484938655,-44.66518616129513,22.84479500291876,0.0,2026-01-02,AMD
-91.84697682025184,-73.98692066969609,-109.65663632932136,15.010980234196946,-157.49356892494484,0.0,2026-01-05,AMD
-42.215595914306014,-28.36521956038324,-63.65005741223142,86.39117307326225,-7.66114102949573,0.0,2026-01-06,AMD
3.636794258617685,7.438283150378957,-1.9969640650726757,37.43934420076256,6.22949608030074,0.0,2026-01-07,AMD
-33.95274170535758,-17.235226106064005,-56.43710888506359,100.95346137287983,-40.484202310818425,0.0,2026-01-08,AMD
-2.9477089460223542,5.304492913097211,-9.080059088973329,33.84639191168349,-100.17215031744641,0.0,2026-01-09,AMD
47.608211374354276,48.98046158139105,45.44205418599465,60.60515450451477,3.5234816216881004,0.0,2026-01-12,AMD
40.67331720820213,24.43245727410327,58.041337508654905,-63.534804594505445,64.19181448504001,0.0,2026-01-13,AMD
35.61613268657472,35.41938546791343,36.081002842217714,32.82691175272578,91.74361904317142,0.0,2026-01-14,AMD
-8.56129095281055,5.682664045785388,-21.218981864761368,67.38485451892471,-266.60047931091566,0.0,2026-01-15,AMD
11.30035822025906,9.482546773362612,16.160310611429068,-17.85935612675486,-8.807511974897029,0.0,2026-01-16,AMD
-6.40531934623817,16.284971485887198,-27.462292820180046,119.93652149742034,-108.22972769598464,0.0,2026-01-20,AMD
46.0802774957823,43.98025812889335,55.16692006404574,-8.4395779137961,109.39417048927561,0.0,2026-01-21,AMD
50.909005789827766,34.959853587391294,71.70988702959926,-73.89628164877749,63.634323001408355,0.0,2026-01-22,AMD
-49.843816849427,-27.368710051165614,-76.81037889122871,111.95555540138974,-56.765306150531785,0.0,2026-01-23,AMD
-20.022645264694535,-25.646912550515268,-11.89500802957449,-68.7884686754092,-56.1268733431798,0.0,2026-01-26,AMD
0.5789565525632007,11.20616937025867,-12.271171675625071,77.67972592170074,-0.06969402122496772,0.0,2026-01-27,AMD
-21.727839619175136,-18.04712510177849,-25.206340649793216,-0.8568334354644004,-6.985285791772824,0.0,2026-01-28,AMD
-21.292728354729526,-30.89805595714969,-16.70936219850499,-48.79292529206529,134.11902342992536,0.0,2026-01-29,AMD
-39.41299193979282,-29.022414292496922,-48.51292307724587,15.186594884930225,-41.55687100831584,0.0,2026-02-03,AMD
-141.70262687031232,-102.90023808870431,-188.7876777634456,140.80767848850238,-248.83022300303307,0.0,2026-02-04,AMD
-72.7006897296247,-67.69915200403211,-71.88079560804951,-77.62005445907003,-106.91497785416894,0.0,2026-02-05,AMD
94.95171920109199,79.85027513290412,115.16433572078792,-26.323979917078045,143.36511558987962,0.0,2026-02-06,AMD
75.76050537366292,56.66465923949753,100.7121681102079,-73.94947104559633,91.59422347613909,0.0,2026-02-09,AMD
-31.679510479466657,-25.496745475189375,-35.873652802088436,-6.514656543714888,-97.37326217383168,0.0,2026-02-10,AMD
-22.237152754840213,-36.061028209500485,-4.118538743564124,-130.9488368224941,46.10198704164886,0.0,2026-02-11,AMD
-91.41049958656097,-54.22330334413162,-142.03809157673365,212.35505235449259,-173.69194122247177,0.0,2026-02-12,AMD
14.514158997714596,15.253726925399231,12.480561234510311,26.71574557696771,-2.2209443058480134,0.0,2026-02-13,AMD
58.99116408042996,24.969868149843474,102.33536703903869,-201.07405367120688,108.32676358332698,0.0,2026-02-17,AMD
39.075183586676566,37.44071416516513,44.016459890986475,9.4275257608256,4.92796614328484,0.0,2026-02-18,AMD
9.433741557176356,7.926577851627954,9.109157715968035,11.381244604433334,82.53227787789912,0.0,2026-02-19,AMD
-17.78493414658129,-3.1732514896222646,-33.825686122094126,78.45957770650988,-31.12755409426272,0.0,2026-02-20,AMD
-2.76649496102044,7.7480724543705515,-16.343288076227573,78.69426373022814,8.943226908109143,0.0,2026-02-23,AMD
56.36512284372254,46.06673268041016,64.3844043083758,8.249434055808296,68.07418424729474,0.0,2026-02-24,AMD
-18.863685241872638,-9.204247213993007,-31.056022420479568,54.29033782976894,-80.9522973900829,0.0,2026-02-25,AMD
-38.71356048184582,-40.26635227566979,-36.14215168019725,-54.14201329172323,0.8488364168809048,0.0,2026-02-26,AMD
-7.347766647467535,2.3203814374963856,-18.158714444833976,57.51792013675387,24.96800288385369,0.0,2026-02-27,AMD
42.321214047753855,20.66959125281263,66.65632903676254,-103.68947588628374,147.1671151324228,0.0,2026-03-02,AMD
3.907108365340993,-10.165468645466671,22.544462953418368,-107.91701916312027,9.21940136487745,0.0,2026-03-03,AMD
66.32278611362597,37.870694964185795,97.69618693322484,-121.91761880395724,170.0058987749478,0.0,2026-03-04,AMD
-16.88617524407951,1.120947156278077,-34.70372852880643,90.01914446430486,31.92797742378416,0.0,2026-03-05,AMD
18.147264741633638,35.20116281994661,2.059259761658237,114.67529462149767,-178.7625653158126,0.0,2026-03-06,AMD
52.791039864080666,-17.402884372425323,99.82769893840562,-229.42891458184013,315.5285404111421,0.0,2026-03-09,AMD
-3.8251524188977437,-10.384524104836908,4.177913006782474,-51.843544972951214,-48.170504851650506,0.0,2026-03-10,AMD
-27.841772749432952,-7.4624598282415775,-43.326943939393054,65.06925439033317,-46.256778088626696,0.0,2026-03-11,AMD
-25.576874334550126,-26.5872079423419,-26.55301811359863,-19.720011660250513,-47.89287328939417,0.0,2026-03-12,AMD
-43.395644893869246,-9.40863862100787,-68.07108765713562,104.65701168574648,-77.94478675094628,0.0,2026-03-13,AMD
7.017055197498355,10.171596020689076,11.187480966095169,-18.005499414068186,-72.84211481022673,0.0,2026-03-16,AMD
-18.59744201917205,-2.436545933443276,-32.91171468341386,67.28819396630337,-31.98079911643108,0.0,2026-03-17,AMD
16.24271056848232,2.6988458974267444,25.17481488636282,-37.34991533879499,6.299460741203515,0.0,2026-03-18,AMD
70.11580069428689,11.402478653116843,105.85820901244622,-144.33864921465351,255.94424700479328,0.0,2026-03-19,AMD
-25.895098632946333,-24.973399283616477,-19.6549242681858,-63.336144821498245,19.71796023411814,0.0,2026-03-20,AMD
-49.61619127948512,-12.18942661847302,-72.16727412418956,85.69030578876362,-145.8073469176896,0.0,2026-03-23,AMD
11.665796890344618,-13.66852424861996,34.01955448511976,-122.45674867830067,93.03067867533136,0.0,2026-03-24,AMD
51.62669774101106,47.495729141685786,53.1365848845133,42.567374880006724,83.76382849146688,0.0,2026-03-25,AMD
-121.86331326188714,-57.540946341607096,-170.33139372836956,168.94516953702384,-244.64840522839594,0.0,2026-03-26,AMD
8.371834967307397,-15.534464971217533,25.03523829911467,-91.60858502351783,60.568050289431106,0.0,2026-03-27,AMD
-79.62457630768711,-6.209410242069756,-127.45838310400157,207.37826447021104,-150.81891900094504,0.0,2026-03-30,AMD
26.59685582748769,3.197090042527842,30.8244673953572,1.2311864203017397,127.48879259502986,0.0,2026-03-31,AMD
27.40599106862846,27.11566715787624,31.275272398075465,4.190303091963951,-26.888130821296166,0.0,2026-04-01,AMD
95.23977561989372,39.613083265965564,137.56378909640242,-158.70430523915314,239.2210184942534,0.0,2026-04-02,AMD
-34.62020782005464,-32.652297572589745,-35.993996264097284,-26.37747715578847,-35.42822389117813,0.0,2026-04-06,AMD
10.583840842297512,1.3169931945735436,15.05842211935858,-16.263646820054603,125.02841733318589,0.0,2026-04-07,AMD
13.948295726413328,-0.7173684715166074,24.76976517811438,-50.9805209837856,37.75696911386334,0.0,2026-04-08,AMD
17.35686098030982,-8.078394994094474,35.65333376489791,-92.42197572721267,89.20392612580955,0.0,2026-04-09,AMD
12.406795182252335,23.300899401461166,10.780756097814168,22.163029688897545,-24.250926952431236,0.0,2026-04-10,AMD
19.877188249629402,-4.460332825486591,35.74052194244743,-75.3028139072718,71.62115813640564,0.0,2026-04-13,AMD
47.13555295577166,7.313728301084855,72.99261905742733,-108.00684365414877,135.18006573112777,0.0,2026-04-14,AMD
10.790552652398095,13.928762174953818,10.394851881379413,13.164757278512408,91.75223439582689,0.0,2026-04-15,AMD
64.14548460563296,10.106967175383117,111.0066754005072,-217.02166016360206,198.60449361464785,0.0,2026-04-16,AMD
12.199206751902084,11.629644029764497,10.935808210510656,19.77959800026702,12.044392851841328,0.0,2026-04-17,AMD
2.156244564201583,4.150316550507782,1.982154636769103,3.2007841288177277,-48.07380608714242,0.0,2025-05-05,AMZN
2.5571508830396867,13.094699817272378,-3.210213792051457,37.16133893359724,-52.64333079880026,0.0,2025-05-06,AMZN
-0.9494242261376789,20.411437745278224,-21.043868048794018,119.61723870980637,11.426098364224893,0.0,2025-05-07,AMZN
19.024494446364024,-9.06840513673911,38.762117737297196,-99.40124529923499,-2.3574676287327305,0.0,2025-05-08,AMZN
-5.950230992276116,-9.726540214723103,-3.725308262197798,-19.299767372740117,23.789956779606158,0.0,2025-05-09,AMZN
2.2637387634538575,-9.94142989281266,8.99708802248159,-38.13635679069475,46.82261059091415,0.0,2025-05-12,AMZN
-8.1042563262767,11.534548014282265,-21.946332957288604,74.94820345980541,-79.8268893818931,0.0,2025-05-13,AMZN
-2.2917050237636745,8.868759343077045,-6.641512159717261,23.807137791971346,-13.2441235722831,0.0,2025-05-14,AMZN
6.902581519102351,0.4849175490779442,11.509240444613466,-20.737372033950454,24.70918224147115,0.0,2025-05-15,AMZN
-0.2829517698328654,2.0376039352802664,-2.96141569789877,15.787831798562564,17.264591575728225,0.0,2025-05-16,AMZN
24.28124125427878,18.577179448297525,28.01171851310358,1.8983777013382603,44.28938744505049,0.0,2025-05-19,AMZN
-5.760273991891315,-4.306792970371648,-6.137847501007334,-3.49483293718544,10.72745890880887,0.0,2025-05-20,AMZN
3.593560106099565,10.290529778815797,3.609958605613475,3.4951691090316106,-24.41078822131091,0.0,2025-05-21,AMZN
1.4192057585932545,-10.479479692909623,8.150362382201127,-38.9677339830428,-10.930296313677319,0.0,2025-05-22,AMZN
20.739593281074573,15.21639023373712,23.327544336576114,5.211886948079463,2.972395284332975,0.0,2025-05-23,AMZN
20.415788200516076,13.561793608398697,25.219726825007974,-8.407843546410424,39.10806062769033,0.0,2025-05-27,AMZN
-7.892039489013629,-7.132976774182795,-8.505534343894407,-4.211070359713766,-43.83264692337948,0.0,2025-05-28,AMZN
-16.612499364238726,-1.373873224587845,-25.58444470612443,37.21917268709063,-31.36001841880866,0.0,2025-05-29,AMZN
-5.072316586481363,6.1781453448564525,-13.028661621911446,42.665753626108874,22.58709956034276,0.0,2025-05-30,AMZN
16.305215233008052,-0.288900898390693,27.672127207901507,-51.89625661633054,64.20923012700497,0.0,2025-06-02,AMZN
-2.927054212199981,6.731920829066851,-10.009000471974035,39.56462334646633,-52.427934427740986,0.0,2025-06-03,AMZN
7.8972996806176115,-5.143996854368014,14.463044911378123,-31.497171703942712,19.26648447352728,0.0,2025-06-04,AMZN
-0.533911356010356,8.122445780949887,1.129174631901296,-10.512427283474855,-103.82735264111957,0.0,2025-06-05,AMZN
4.396093480042635,-11.113138628087958,14.187407496773737,-54.35179062032791,62.52329282404291,0.0,2025-06-06,AMZN
18.786297298729597,-1.592740603165544,30.778351286827895,-53.16602662985758,51.08876738411293,0.0,2025-06-09,AMZN
-0.007823608639814484,-2.9877685628194652,0.421812968664381,-2.5856430724728687,55.60293658615874,0.0,2025-06-10,AMZN
-11.153503425177945,19.147068373538357,-30.58057562867036,105.40892979579239,-99.93362775799194,0.0,2025-06-11,AMZN
6.834433840715989,4.431256318065692,7.802446149937807,1.0263599853971035,20.29271058056068,0.0,2025-06-12,AMZN
17.841680858342585,-0.6214121630413525,36.216272430512895,-92.4058685746645,10.722639912019158,0.0,2025-06-13,AMZN
25.121974252036345,16.39393101602055,33.310148411034895,-24.007070701954945,45.70311814860283,0.0,2025-06-16,AMZN
-7.229400339456127,-1.6440777209541937,-9.424340679043462,5.940241698078412,-48.26353639686785,0.0,2025-06-17,AMZN
-8.054732103453242,19.165323067609776,-27.284430079025075,107.32345574999225,-134.19464783050014,0.0,2025-06-18,AMZN
-37.256221068961686,-26.707992530738498,-44.69807299540377,7.394890489712372,-44.15981423075715,0.0,2025-06-20,AMZN
2.061722948386452,7.374573657389627,-3.9151558552285954,37.92299577008625,-27.609805075652535,0.0,2025-06-23,AMZN
7.582573551353648,1.802930625808456,12.484370404507958,-21.82820756755887,-17.60519080100178,0.0,2025-06-24,AMZN
-19.79925825295151,-2.5311681310925693,-29.778777569377347,40.07785764562485,-44.89206251766097,0.0,2025-06-25,AMZN
8.636201170042227,-18.512966959029693,30.687313216032198,-123.67047110587389,52.725507241169275,0.0,2025-06-26,AMZN
-19.519074531576184,-16.134801265763027,-20.832365995911747,-11.639325745561518,133.6398746720903,0.0,2025-06-27,AMZN
-30.87531338386148,-12.539968587742322,-42.7496280318955,40.37057450435931,-67.82402521300271,0.0,2025-06-30,AMZN
9.363929502805734,-1.500268490680805,15.437794481875656,-27.079260371599602,16.0835836726291,0.0,2025-07-01,AMZN
1.7826050253548336,3.178142894376663,1.9234213965496163,0.9377067981848474,-18.128909027528618,0.0,2025-07-02,AMZN
-1.1703735353815863,6.87716602743639,-5.7817456223611545,26.497858986520004,7.689860520672093,0.0,2025-07-07,AMZN
-10.606285708021552,-4.81990544190317,-17.0794777085586,28.232866295214908,-52.94391715688932,0.0,2025-07-08,AMZN
5.754026767140094,8.171069953655406,3.081941958927875,21.78653561642747,2.902189050651631,0.0,2025-07-09,AMZN
14.13408535736666,-1.383463116630512,26.37308345129693,-59.29990320619573,31.86625119118456,0.0,2025-07-10,AMZN
19.291196872433922,8.418193553335339,25.642423507658304,-18.81616293890731,8.515433240995835,0.0,2025-07-11,AMZN
4.253654001726084,2.896367361149942,6.586708637817181,-9.744673814791513,4.639599460594913,0.0,2025-07-14,AMZN
0.34460877887862734,4.083463501356642,-2.2707878735421794,16.03698869343484,-8.6873181273467,0.0,2025-07-15,AMZN
-13.33712663820379,3.331625814929953,-25.591039963810655,60.18635331544629,-34.038608779576606,0.0,2025-07-16,AMZN
2.3997142139710173,-6.552180602994517,10.22831091415925,-44.57186598715965,16.675611313889192,0.0,2025-07-17,AMZN
14.92241146054949,-4.671809023293463,28.785418919362634,-68.25563329232054,54.01816178081432,0.0,2025-07-18,AMZN
23.724328538505763,13.030960028237256,29.380844617433386,-10.214767935045037,49.827159076861825,0.0,2025-07-21,AMZN
-13.927292323063194,-15.617546069797061,-13.953011902480776,-13.772974846538967,-1.907962910097547,0.0,2025-07-22,AMZN
-0.11707684983174346,-3.209134513686766,0.2272274678885066,-2.1829027561382857,11.19377169840058,0.0,2025-07-23,AMZN
12.681312016582757,4.203551659022711,20.307806436105096,-33.077654500527984,27.323439685478508,0.0,2025-07-24,AMZN
-0.04260028226342081,-1.7457895015751494,2.611750972268445,-15.968707809442355,-14.735057508045507,0.0,2025-07-25,AMZN
-8.187921535798234,-2.7372353070165136,-11.971307252704582,14.51239276565205,-13.797946116887594,0.0,2025-07-28,AMZN
-15.041653394664557,-14.997563161723834,-17.014350490559632,-3.205470819281848,-25.443092980013017,0.0,2025-07-29,AMZN
-1.9704412205826207,-1.5002002231511595,-2.5236276592912525,1.3486774116864477,-1.25730162909412,0.0,2025-07-30,AMZN
4.947435443132713,-9.56435037000219,15.761089871024561,-59.934491124211085,7.176440770185784,0.0,2025-07-31,AMZN
-47.86658603183407,-15.528822554350278,-75.30323588962288,116.75331311491718,-81.10754520601759,0.0,2025-08-01,AMZN
-26.006014217929536,-21.302053695967498,-32.553805116681055,13.280731174582252,-65.08358080829751,0.0,2025-08-04,AMZN
1.6832605393020275,5.088401013712053,0.6954664644790288,7.610024988242669,-33.410728596575694,0.0,2025-08-05,AMZN
27.487331100833963,-19.15107498244395,59.174333957802915,-162.63468604097193,150.56126548680894,0.0,2025-08-06,AMZN
-16.420975127842354,4.9123344336434895,-31.449843616367684,73.75223580332235,8.501255835923583,0.0,2025-08-07,AMZN
-3.7584572179307045,-1.2626598252304637,-4.439672380319896,0.32883375640955137,3.486665304084473,0.0,2025-08-08,AMZN
0.6484855258362774,2.6826996173974944,0.358176005901085,2.3903426454576984,-4.383086828523077,0.0,2025-08-11,AMZN
5.515951718796543,-3.338960067672346,11.155094928268046,-28.318907538019637,-0.321473508411758,0.0,2025-08-12,AMZN
11.528951170214926,-1.2454256911228008,22.804201046916198,-56.122548089982544,31.209645808065936,0.0,2025-08-13,AMZN
17.477339322277874,-3.945608872109764,27.73701818191771,-44.080733835548806,23.42479775069832,0.0,2025-08-14,AMZN
-25.299685630484625,-11.898951604052582,-35.11929179053578,33.617951329844416,-16.937020694064085,0.0,2025-08-15,AMZN
11.500357395910969,5.834924818727689,14.481071506791265,-6.3839272693683435,42.653526759769036,0.0,2025-08-18,AMZN
-10.996779948186289,-3.7706416203146134,-15.129909971209505,13.802000189956745,-30.63351303598683,0.0,2025-08-19,AMZN
-0.11338680231826637,-10.707917212525334,8.388528141441379,-51.12487646486089,8.574698378071792,0.0,2025-08-20,AMZN
-0.2796549763918071,4.788659720881693,-5.005339459413182,28.07445192174927,11.948057925363848,0.0,2025-08-21,AMZN
39.17513760896882,19.46163605926458,55.72252188989112,-60.109168076556195,93.2699573983162,0.0,2025-08-22,AMZN
-0.033555008475762135,2.741175723349358,0.04249800921973861,-0.48987311462389327,-27.838436533395512,0.0,2025-08-25,AMZN
7.375992111904896,6.006790595913394,8.639184502847153,-0.2031622337349332,33.79530786361477,0.0,2025-08-26,AMZN
-1.1498521122644019,0.9624457890016462,-3.1670557047370433,10.953369442573932,6.152609314912661,0.0,2025-08-27,AMZN
15.837225140220664,3.305485900014264,27.192814598184125,-52.29631160755519,15.305859223263115,0.0,2025-08-28,AMZN
-12.960936806630928,-6.148082807204305,-18.62804164361057,21.041692215276694,-5.792361554942507,0.0,2025-08-29,AMZN
11.790559671539603,7.426004118038223,9.964466498091676,22.74711871223603,39.231682119301475,0.0,2025-09-02,AMZN
-7.066801319031277,1.553541339897889,-13.5162772341239,31.630054171540834,12.579894789089916,0.0,2025-09-03,AMZN
22.77073198101884,9.306244987479758,30.87186232819355,-25.836050102012397,80.66362121006374,0.0,2025-09-04,AMZN
-17.959600403864158,-10.224015604603753,-24.663464456889365,22.26358391430532,-52.933981583788906,0.0,2025-09-05,AMZN
10.809002441251973,7.001351738389191,17.299867996328814,-28.136190889192207,-6.951911947887202,0.0,2025-09-08,AMZN
4.887766275879751,-11.484985609358866,15.045507103454295,-56.05867868955194,43.009366849904644,0.0,2025-09-09,AMZN
-29.877967313373205,-6.248295127237894,-46.412281864886296,69.32791999572738,-81.37184750621911,0.0,2025-09-10,AMZN
2.0771021221862305,-4.941795974414066,8.963972510954694,-39.24412021041715,-24.277555476658303,0.0,2025-09-11,AMZN
-5.0924402166023714,3.4898985940147154,-9.824192390111559,23.29807282447389,-17.836721036535224,0.0,2025-09-12,AMZN
-2.8623804053700876,-2.836274120565482,1.2350566080936864,-27.447002486156414,-11.262347369395446,0.0,2025-09-15,AMZN
9.013987756593375,14.084667361998154,7.077049506047275,20.635617259882082,-29.20944505926902,0.0,2025-09-16,AMZN
-1.2459873747110766,-9.34109206861341,3.1687953482921736,-27.734683712712126,25.50017388013311,0.0,2025-09-17,AMZN
16.5201111826082,16.761624592445237,18.59022273034101,4.099441896228498,-23.730599942881163,0.0,2025-09-18,AMZN
0.30108804275786566,8.77405825359191,-4.774007641782223,30.751662149995955,-46.60579722585432,0.0,2025-09-19,AMZN
-8.253296758162229,8.21986757347086,-20.360620606712327,64.390646333152,-51.86485183455242,0.0,2025-09-22,AMZN
-7.495921967286808,5.094717910331219,-12.188835801445899,20.661561037669024,-51.89643665308076,0.0,2025-09-23,AMZN
-21.66455128226261,-14.237979785855325,-25.77338357074491,2.9884424486466177,-39.078601112343804,0.0,2025-09-24,AMZN
-3.4117762031332326,12.183084645990176,-11.486424523936979,45.036113721703536,-29.465124983354848,0.0,2025-09-25,AMZN
9.405815734288058,-0.9517960052171853,16.543880575235146,-33.422573311388,6.869405872277357,0.0,2025-09-26,AMZN
-1.080756043749764,-5.131435548588547,-0.380047470784116,-5.285007481520561,28.111881484616564,0.0,2025-09-29,AMZN
-7.761192149107505,-12.520180420898686,-5.2856083487187,-22.614694951429975,7.010445255339749,0.0,2025-09-30,AMZN
4.616649566109855,-12.685563782708238,14.097734760418684,-52.26986159973667,0.7720115529613272,0.0,2025-10-01,AMZN
21.5542757559582,7.752054075130109,29.564532748492958,-26.5072661992298,51.21940592197313,0.0,2025-10-02,AMZN
-18.579825463718276,8.82494618098374,-36.237022141694496,87.36335460415704,-93.17918612100665,0.0,2025-10-03,AMZN
19.16807257803824,0.06013760131794387,31.85866780370168,-56.975498775946306,59.15486630985495,0.0,2025-10-06,AMZN
-1.9248182492254666,-0.45058009496689444,-3.1801178944210333,5.606979621962059,20.6518638017426,0.0,2025-10-07,AMZN
21.550345249465682,0.3933958358356109,35.32003196495616,-61.06777504346071,28.664700643158188,0.0,2025-10-08,AMZN
8.762796650858226,-20.040544894577796,28.014351732750523,-106.74653384048798,134.443705026759,0.0,2025-10-09,AMZN
-45.481797526839046,16.19037161915767,-96.3499594560523,259.7271740484496,-209.30535685680104,0.0,2025-10-10,AMZN
17.941779700640982,17.272830059917435,18.33720806254912,15.569209529202517,10.563899806738613,0.0,2025-10-13,AMZN
36.27089052448723,23.99066479395425,43.58116594540358,-7.590762001010942,-6.898235548087434,0.0,2025-10-14,AMZN
-12.09847926229759,-0.9860602651263746,-19.960259649504664,35.07220306095015,8.615627609988929,0.0,2025-10-15,AMZN
-11.366369497989346,16.296838886657195,-28.9741678797191,94.28042079241025,-49.774263885340645,0.0,2025-10-16,AMZN
1.1733410644177886,4.149234177581128,-6.371459504900163,46.442144480336175,3.713135059088398,0.0,2025-10-17,AMZN
12.707261647106352,6.168803545211427,14.70322873225789,0.7314591362116469,53.677298835772696,0.0,2025-10-20,AMZN
24.0947806040708,19.485670115093754,27.57980852488596,3.18461307919396,17.17055386552101,0.0,2025-10-21,AMZN
-1.8149088244395328,-3.8644492973483926,2.939010909594434,-30.338427228632913,-6.49723759612761,0.0,2025-10-22,AMZN
7.3239654942141685,2.4220809901145346,11.062424671314648,-15.10678956837839,39.58401346999032,0.0,2025-10-23,AMZN
12.707568048419535,3.1182980640786693,19.04151442428184,-25.296110206728905,9.517998468000208,0.0,2025-10-24,AMZN
0.8824787317918196,0.8307779585813981,-0.12702409175974838,6.939495673109985,-9.46942663596407,0.0,2025-10-27,AMZN
13.058586875785895,-15.614717437432327,31.678579398476653,-98.66136826034247,20.231677196840042,0.0,2025-10-28,AMZN
2.1969939916805026,-2.261135853135579,8.807133117724087,-37.46384076456617,15.146395200588106,0.0,2025-10-29,AMZN
-0.9708591020219516,18.50011417065191,-9.70087258895946,51.40922181961822,-119.30647754055825,0.0,2025-10-30,AMZN
-12.981565774448988,-8.795801038493465,-13.958955200852953,-7.117229216009075,-101.55419885804022,0.0,2025-10-31,AMZN
-17.289839967583305,-18.541464576712542,-17.350023069244262,-16.928741357609773,-66.97307130185582,0.0,2025-11-03,AMZN
-0.48464931198941374,11.40795301282289,-18.0166880133913,104.70758289644343,-53.20989595560194,0.0,2025-11-04,AMZN
11.80702626891137,8.208134527631257,16.6740157293437,-17.39491049366551,48.86107126138232,0.0,2025-11-05,AMZN
-28.482053397735033,-18.515040796475425,-46.579474381853224,80.10247250699035,-86.27495093635251,0.0,2025-11-06,AMZN
5.244001988147239,4.808734989887052,9.08098895357172,-17.777919804381987,125.5653292275292,0.0,2025-11-07,AMZN
-13.271421903649776,-14.164582724365335,-13.87568196077989,-9.645861560859938,5.056126735440405,0.0,2025-11-10,AMZN
1.4645826335237,-0.6302726954214833,3.147237995543272,-8.631349538584589,18.398922734290483,0.0,2025-11-11,AMZN
-6.014088094441103,-3.3093239518517166,-10.996325940880062,23.879338984214662,-44.39362340227755,0.0,2025-11-12,AMZN
-12.203333209537156,1.6758634955870764,-34.557216620873746,121.91996725849779,-85.03477860802562,0.0,2025-11-13,AMZN
15.186284160011423,16.45306343991866,13.120058796934588,27.5836363384929,-57.565028538297234,0.0,2025-11-14,AMZN
10.353706094401927,4.589590614274399,20.13983043598936,-48.36303995510552,44.58642340423529,0.0,2025-11-17,AMZN
-27.568566320012486,-20.902492892506512,-36.534997807766786,26.230022606519643,-105.58927379652037,0.0,2025-11-18,AMZN
10.51840900597108,8.20262920414029,18.004682031914168,-34.399229149683606,60.47280852844079,0.0,2025-11-19,AMZN
-50.32065083406138,-22.308812013196327,-92.85645127331976,204.89415180149535,-212.47883514424808,0.0,2025-11-20,AMZN
42.35593914547063,26.555009713896975,66.5907503707364,-103.05292820611491,98.07589424603029,0.0,2025-11-21,AMZN
4.958646474304397,7.164629459673776,2.242037224162361,21.258301975175534,31.463285178412974,0.0,2025-11-24,AMZN
33.9467136727291,22.836549564307447,49.82259200314185,-61.30855630973494,65.3855081583604,0.0,2025-11-25,AMZN
2.8923727887243915,4.023018177838957,0.511740486837455,17.176166600057126,-43.4446328594182,0.0,2025-11-26,AMZN
3.2480137697783733,-2.843495491885455,12.020844781000264,-49.388972297539624,-3.669826717924514,0.0,2025-12-01,AMZN
-10.280809367442984,-12.630839804087644,-7.981483321507452,-24.07676564303202,-38.952506960641976,0.0,2025-12-02,AMZN
1.712728005019786,-1.112973996167071,6.960700380299004,-29.775106246635932,12.018889313933443,0.0,2025-12-03,AMZN
-14.398151077410489,-11.794093145328686,-17.69048123259831,5.355829853728863,19.57007033957995,0.0,2025-12-04,AMZN
-6.035067710846491,-0.9848138102210507,-14.57026561628881,45.176119721819774,-15.215285737981672,0.0,2025-12-05,AMZN
-19.342906140940165,-11.80914536682096,-30.609279511390376,48.255334081774826,-41.68005440632778,0.0,2025-12-08,AMZN
14.671180449778165,13.018787782579832,16.737136874065065,2.275441904071748,12.81944782945417,0.0,2025-12-09,AMZN
-4.004857458806065,0.41236694825435477,-7.937382532830507,19.590292985360254,17.64469471328625,0.0,2025-12-10,AMZN
-8.09569672988834,-4.009828998633012,-15.403206889168077,35.74936422580119,9.234234686453313,0.0,2025-12-11,AMZN
-12.900458556737183,-14.242897353709605,-12.047979577162408,-18.0153324341758,-26.39328727121652,0.0,2025-12-12,AMZN
-16.80554328869769,-15.390284150549162,-17.266506774803624,-14.039762372054456,-35.53112351481977,0.0,2025-12-15,AMZN
-8.862812505884468,-7.389768845343032,-9.274827291835626,-6.390723790178804,1.0244647245441485,0.0,2025-12-16,AMZN
-7.475511243316897,-1.2620117268332591,-19.115881713604328,62.366711578419135,-96.00096022357373,0.0,2025-12-17,AMZN
0.12349062792610868,4.18194779472677,-4.29556703402541,26.63783659963898,-9.60831202233553,0.0,2025-12-18,AMZN
28.212540556743342,21.6303688546533,37.169034523050655,-25.52642324107304,-3.1032251495574577,0.0,2025-12-19,AMZN
5.967333100964704,4.459344772522609,8.368994637512268,-8.442636118311945,18.748640238244107,0.0,2025-12-22,AMZN
-0.39583177714738726,-6.565612170412329,8.871201497313292,-55.99803142389918,30.49164165435595,0.0,2025-12-23,AMZN
6.494024657841014,4.426405111532726,9.664109124375267,-12.526482141358388,2.5352992126727916,0.0,2025-12-26,AMZN
-1.8191159848444398,1.305577289866351,-5.761876511955081,21.83744717783535,14.501843236014912,0.0,2025-12-29,AMZN
2.270318028694883,1.5942941480057744,4.78956295303205,-12.845151517314621,38.31604316559535,0.0,2025-12-30,AMZN
-5.547406382173308,-4.336604467563173,-9.08832257848371,15.698090795703845,-28.31137397551695,0.0,2025-12-31,AMZN
-50.274789282464575,-45.32611021498715,-58.1243663615167,-3.177326808143055,-48.212740495134014,0.0,2026-01-02,AMZN
26.49122921835224,27.845116163509438,23.697320066280817,43.254684130788135,35.93397879840987,0.0,2026-01-05,AMZN
34.5073963327425,18.673119607777753,56.07091303352029,-94.87370387191594,60.591279418323616,0.0,2026-01-06,AMZN
8.653383821554822,3.1676882078363073,14.137991319015054,-24.254261163193696,-60.05366860160776,0.0,2026-01-07,AMZN
17.409814653813147,14.313952601566182,21.635528793757704,-7.944470185847258,49.961578594138054,0.0,2026-01-08,AMZN
22.214070440116696,20.155998798681136,27.083428650130404,-7.002078819962102,61.744117679287896,0.0,2026-01-09,AMZN
14.379268192310033,13.562528307913789,13.697874187229406,18.467632222804138,-32.0959589786462,0.0,2026-01-12,AMZN
-15.133555299818646,-11.839963856989899,-19.086648201753768,8.585002111799103,-30.010897421381486,0.0,2026-01-13,AMZN
-11.374527503241517,-5.685373615442769,-19.565147503941986,37.76919250097803,-52.80309821149766,0.0,2026-01-14,AMZN
3.1353910553433337,0.21011861244183033,7.324929189835743,-22.00183775159681,-4.375167055975264,0.0,2026-01-15,AMZN
3.0546148606924604,2.124710309714244,4.771339826564099,-7.245734934527826,40.63478730300291,0.0,2026-01-16,AMZN
-8.077823185074946,4.443824314513066,-26.10983660987294,100.11425736373137,-58.906224896925984,0.0,2026-01-20,AMZN
-5.6771079157022,4.051544737431057,-14.911567090396149,49.729647132481254,53.641228180758276,0.0,2026-01-21,AMZN
24.256503111322214,15.830049563771526,36.27725283329642,-47.86799522051211,17.98041066592355,0.0,2026-01-22,AMZN
25.938411494865782,20.321708181262625,34.257856092504134,-23.978256090964308,25.90195496270623,0.0,2026-01-23,AMZN
-0.6524607145764774,-1.8210840243435125,1.2011088692390766,-11.773878217457922,-34.55363688841473,0.0,2026-01-26,AMZN
0.01858494662163522,-4.567154478116837,7.349268384428423,-43.965515680209734,64.21668574737087,0.0,2026-01-27,AMZN
-21.78304143218955,-13.53361772921354,-34.05496013306055,51.84847077303994,-25.315152331404942,0.0,2026-01-28,AMZN
3.9938411205592415,0.0701894087363517,9.97964554133045,-31.920985404053777,88.93031929304922,0.0,2026-01-29,AMZN
-42.823983336265265,-34.35409550879427,-54.096070637495274,24.808540471118402,0.4185732773304435,0.0,2026-02-03,AMZN
-16.954704872145175,-0.8742279605957339,-38.779881512754415,113.99635497150543,-80.40950200260427,0.0,2026-02-04,AMZN
2.966153427344846,-2.2188243137185277,10.438988092741841,-41.87085456502821,-31.566597968511697,0.0,2026-02-05,AMZN
67.31947935895195,54.845488777812385,86.41062937205353,-47.227420719649274,217.29603748352102,0.0,2026-02-06,AMZN
26.27320471096049,14.87711348115931,42.659525020337725,-72.04471714529072,-0.1551039999301494,0.0,2026-02-09,AMZN
12.364117362267695,26.84346498388338,-10.482374565716336,149.44306893018688,-81.28538402185563,0.0,2026-02-10,AMZN
-13.7484401477227,-10.786664202799606,-19.16398859839023,18.74485055629499,-27.785193945645133,0.0,2026-02-11,AMZN
-27.964991577089037,-14.571655294538438,-52.18310566352738,117.34369294155236,-25.929148452902407,0.0,2026-02-12,AMZN
14.704168256305925,9.455900557410986,20.644439401122778,-20.937458612572364,-19.9836311392732,0.0,2026-02-13,AMZN
36.792286903327344,29.51439589938237,49.723813861947015,-40.7968748483793,72.0831807895733,0.0,2026-02-17,AMZN
11.730693513772785,13.529308814987688,7.755262176436754,35.58328153779451,-23.16002067779271,0.0,2026-02-18,AMZN
2.335398589595023,-0.2330356921357032,7.990098873927089,-31.59280311639181,25.408337694056456,0.0,2026-02-19,AMZN
20.454568257113497,17.45029577424661,24.983469785258713,-6.718840911741435,76.7018625161679,0.0,2026-02-20,AMZN
-13.061012738701615,-11.366049813337035,-14.345611180814483,-5.353422086002195,26.926192855328882,0.0,2026-02-23,AMZN
32.45626955639995,26.229264701979364,40.89280201434318,-18.162925191226684,20.032792978771177,0.0,2026-02-24,AMZN
-8.618687147723415,-4.87098667878471,-12.658262231601075,15.618763355550668,25.613285637991652,0.0,2026-02-25,AMZN
-16.49466622580366,-13.281125487674784,-17.829500827087358,-8.485658618069992,10.77460506752786,0.0,2026-02-26,AMZN
14.934278774676875,13.288371600643996,18.95640870947948,-9.198500834112847,78.38313309865639,0.0,2026-02-27,AMZN
13.301212940668293,10.552143750865433,14.11068008114449,8.44441009783301,23.850522871068797,0.0,2026-03-02,AMZN
45.63621961234988,24.59920926814762,79.50447740407,-157.57332713795566,136.6796699324483,0.0,2026-03-03,AMZN
19.951050326742006,24.04968857051663,13.93228722667879,56.06362892713315,44.94267999258943,0.0,2026-03-04,AMZN
-6.192525844806155,-11.763409265221716,3.890317053331249,-66.68958323362014,52.72834635074729,0.0,2026-03-05,AMZN
-8.80712110769056,-7.0219971453659324,-13.572424704121099,19.784700470905925,-74.69722693537928,0.0,2026-03-06,AMZN
7.201358565495581,-7.478585951311355,20.110984129627244,-70.25639481928359,137.31562353089103,0.0,2026-03-09,AMZN
5.968615180369657,1.6912262478750966,9.51054267685321,-15.282949798522381,-1.7557324791462658,0.0,2026-03-10,AMZN
-21.72470212326331,-14.891145351047394,-29.10300296692805,22.54510293873045,-23.43397956503674,0.0,2026-03-11,AMZN
-6.6864260839241485,-5.429096163163527,-11.465188307398785,21.986147256939923,-13.760699453079098,0.0,2026-03-12,AMZN
-8.649326802389671,8.929076907944127,-23.848864043659397,82.54789664522733,-26.449500349211476,0.0,2026-03-13,AMZN
-15.065815838073046,-28.20792859319209,-8.653001274089975,-53.54270322195663,49.1983599852518,0.0,2026-03-16,AMZN
-2.513406069994192,-7.349360887455871,0.9159429098006229,-23.089499948747157,47.645523524344846,0.0,2026-03-17,AMZN
-14.250355633013598,-2.0011074971447447,-21.638912601268167,30.080986176521897,-65.54298011709662,0.0,2026-03-18,AMZN
-4.503671179311856,-10.48828742794767,0.6452716527113225,-35.39732817143176,57.077025062752035,0.0,2026-03-19,AMZN
-0.012966235237401542,4.695709197176158,-3.8623509994086156,23.08334234980504,-44.30277483646654,0.0,2026-03-20,AMZN
-13.455206631146819,1.4694990409101214,-22.840628365236704,42.85732377340594,-51.36870482754633,0.0,2026-03-23,AMZN
-7.747181275275931,-5.368848846256689,-8.367043231809381,-4.028009536056078,-25.20195549304397,0.0,2026-03-24,AMZN
0.013574293920256652,-1.5805776099208977,-0.610484641197739,3.7579279046429956,-2.145247897552362,0.0,2026-03-25,AMZN
-14.790798473169955,17.216465427707657,-33.38618134995936,96.78149878756648,-116.10824472542008,0.0,2026-03-26,AMZN
-26.78634151343419,-17.971809394443408,-32.52999080654928,7.675554245273313,-87.31825108840917,0.0,2026-03-27,AMZN
0.5591082618334983,6.755776183334215,1.8777036260153397,-7.352463923237805,-30.675484501745473,0.0,2026-03-30,AMZN
7.853246453566339,-14.866507713527218,19.6596437281255,-62.98513719377903,37.49055880757304,0.0,2026-03-31,AMZN
12.848560542207252,7.729945533193199,19.41976322936876,-26.578655580757758,-35.096533609112925,0.0,2026-04-01,AMZN
15.727378563906004,15.288704397272298,19.7919998563751,-8.66034919089632,31.029658026302045,0.0,2026-04-02,AMZN
10.726120801479782,11.37019308680735,10.978686516342883,9.21072651230922,31.83979928330834,0.0,2026-04-06,AMZN
9.368426940261351,-9.476796141045059,19.602757568950523,-52.03755683187232,98.64835598704947,0.0,2026-04-07,AMZN
-15.842992677462567,-17.392878449475475,-15.594402570681105,-17.334533318132102,-19.138679951463725,0.0,2026-04-08,AMZN
39.36544850658393,-16.76865269355915,83.63674942296694,-226.26235699170184,168.46434239787226,0.0,2026-04-09,AMZN
6.730994900228707,13.924151650301713,2.9870243813168607,29.19481801371648,0.9241402973003782,0.0,2026-04-10,AMZN
18.36371707163981,4.798815001695601,28.33861729133865,-41.48568424654485,74.01308973104844,0.0,2026-04-13,AMZN
27.427247723896155,-0.3154625751793024,46.95352711384596,-89.73042861579692,40.49791954085879,0.0,2026-04-14,AMZN
-1.900459180330302,-7.516421423472676,1.205262946899335,-20.534791943703546,-1.2138018293266337,0.0,2026-04-15,AMZN
18.55976997782196,-4.531375339042261,36.639222501999434,-89.91694516722913,77.77068261314025,0.0,2026-04-16,AMZN
-24.399162188956556,-5.523145963075111,-36.153745141317444,46.12833552521663,-110.23130567476097,0.0,2026-04-17,AMZN
3.3417391065175472,0.8908522351364044,3.4927823862677196,2.4354794280348178,-43.736356167125386,0.0,2025-05-05,AVGO
36.238316211652744,27.804810864228788,51.19155908026756,-53.48114100002899,29.004742969439945,0.0,2025-05-06,AVGO
-8.176427994283484,-9.075660643398159,-2.889265308223304,-39.89940411063332,124.71819527949343,0.0,2025-05-07,AVGO
21.92604907261184,-7.999156609043912,40.25837187539444,-88.06788774406733,-11.778719627399596,0.0,2025-05-08,AVGO
-2.860269584445282,-3.8490355985727045,0.8843044939723296,-25.3277140549318,17.02986205401609,0.0,2025-05-09,AVGO
10.559206669791548,-5.007488169888413,22.905546428260614,-63.51883188100726,126.19156828819882,0.0,2025-05-12,AVGO
56.53338030236707,37.622056847929436,79.23244071128912,-79.66098215114302,67.02589186312274,0.0,2025-05-13,AVGO
4.655976014134199,9.803036698462275,6.557244355310257,-6.751634032900065,18.49884665622533,0.0,2025-05-14,AVGO
27.784110287065484,12.97653444878807,44.22501478414742,-70.86131669541507,43.6196650048054,0.0,2025-05-15,AVGO
-10.206448298041503,-8.495884527608158,-8.666157416471117,-19.448193587451392,-11.142980980292263,0.0,2025-05-16,AVGO
44.65228040878073,34.665576538323535,51.5827556863136,3.069428743603454,94.11394298283761,0.0,2025-05-19,AVGO
10.804526222350292,7.5100466194949504,14.250941011421256,-9.873962512053218,89.19379183159637,0.0,2025-05-20,AVGO
1.8313230562676015,15.094358942854576,0.8258008537777842,7.864456271211414,-79.13789699780362,0.0,2025-05-21,AVGO
13.303890851195353,12.914662724565103,17.27145934675543,-10.501520122167564,-35.355725987849176,0.0,2025-05-22,AVGO
6.330211224559348,5.999476231157813,2.9420369475558803,26.659256886599994,-25.9095094499896,0.0,2025-05-23,AVGO
21.602371156586674,10.413923246201366,31.04591155829801,-35.058871253660755,45.50290798132602,0.0,2025-05-27,AVGO
-0.7813267540296712,-23.54619191656148,17.845961869895643,-112.54505849756244,63.596356815917346,0.0,2025-05-28,AVGO
-2.5156248690598013,-9.628845804299388,9.691072109130895,-75.75580673820635,36.23776127385119,0.0,2025-05-29,AVGO
-7.625571727485767,6.562287491487931,-18.055356444747936,54.95313657610738,78.6987592626443,0.0,2025-05-30,AVGO
18.478914995995286,16.300872110753502,12.559953860298375,53.99268181017791,21.140305688578216,0.0,2025-06-02,AVGO
26.740310013282897,27.163210193934884,33.04423300881506,-11.083227959907871,92.22816059987052,0.0,2025-06-03,AVGO
-4.397451961422624,-7.3978423540185165,-3.211474000899323,-11.513319724562432,17.451235797003683,0.0,2025-06-04,AVGO
12.240278646071985,16.573678510356185,13.37194586381241,5.4502753396294406,-75.67757296626212,0.0,2025-06-05,AVGO
-38.88591107443525,-26.570342095542447,-48.31030985798995,17.660481626911153,-125.38222313459372,0.0,2025-06-06,AVGO
-2.6006011442188206,8.487833051199047,-19.98569549064652,101.70996493436131,-25.76452141994618,0.0,2025-06-09,AVGO
12.083514101382391,-0.10287516940782407,19.60854272937772,-33.066657666568645,18.953429592894654,0.0,2025-06-10,AVGO
45.7126130662351,35.677559365331625,57.24347809522396,-23.472577107692356,88.24870518454635,0.0,2025-06-11,AVGO
13.24328789010131,24.037484963470142,4.900609812126085,63.29935635797159,33.1373083634935,0.0,2025-06-12,AVGO
-8.332601528757612,-2.8318107369771224,-3.906639032447957,-34.88837650661554,-79.3659062450238,0.0,2025-06-13,AVGO
17.29744315600978,6.504752633901282,31.982750316114075,-70.81439980460244,-6.995506730863436,0.0,2025-06-16,AVGO
-13.01659344133785,-8.627039515133852,-19.42331072456194,25.42371025802145,-38.30087646670159,0.0,2025-06-17,AVGO
-2.086154522406525,14.94565957228374,-22.240680103774245,118.8409989658235,-17.4837581220351,0.0,2025-06-18,AVGO
-16.325965723073352,-20.702197308420175,-12.856543190369566,-37.14250091929151,63.086057324390175,0.0,2025-06-20,AVGO
8.483420189811113,-15.479827494380979,25.741368661209965,-95.06427063857181,108.8495786980071,0.0,2025-06-23,AVGO
-7.648616662667659,-2.9678525567172236,-5.047543217755556,-23.255057332129457,36.89346254345073,0.0,2025-06-24,AVGO
-22.177967845042282,-15.953613464627253,-33.17391001889927,43.79768519811887,-42.362200438943596,0.0,2025-06-25,AVGO
13.306614445312944,4.617621900666111,15.153484928357061,2.225391547084195,51.89043221130521,0.0,2025-06-26,AVGO
2.6250724238170458,12.460375323828568,-2.141652166827327,31.225419967702255,-12.159035103726929,0.0,2025-06-27,AVGO
-1.383794079532203,-2.5262756062804113,5.3037265232327435,-41.508917696107396,40.41052452083334,0.0,2025-06-30,AVGO
-24.24808436711133,-12.542143170608485,-38.56908510004225,61.67792003049552,-66.6282476918719,0.0,2025-07-01,AVGO
37.31938113041844,21.774106749077415,50.59115064559585,-42.31123596064394,44.02523172814152,0.0,2025-07-02,AVGO
-3.37365647741047,4.609777445413325,-6.768051278953608,16.992712331854555,-36.96913511986773,0.0,2025-07-07,AVGO
1.2887165182318359,1.6835513799110167,1.610001849581157,-0.6389954698474742,-68.42114672747607,0.0,2025-07-08,AVGO
11.264898648248588,1.9729854471250499,16.447077574260817,-19.828174907822735,29.630266276217075,0.0,2025-07-09,AVGO
-11.087926020944469,-16.5891519203387,-3.557072839805144,-56.273045107763885,15.193779341632858,0.0,2025-07-10,AVGO
11.308410709670744,7.358658271323961,15.768103949472227,-15.44974872912986,0.5944641457194751,0.0,2025-07-11,AVGO
24.68732588722658,17.308469559969428,34.319548361890305,-33.10600896074952,21.25836090505272,0.0,2025-07-14,AVGO
0.4012347492103272,6.913952254008949,-8.138814034552528,51.641527451797565,-24.11406629122694,0.0,2025-07-15,AVGO
7.666662495775502,1.9356070170426638,10.839666860862183,-11.37136369473438,72.03056706898192,0.0,2025-07-16,AVGO
29.723346211064573,23.992654140547632,39.99882964553924,-31.929554395775448,27.722003135761987,0.0,2025-07-17,AVGO
-15.049265977600268,-19.233225949731132,-13.294407421709328,-25.578417312935876,-7.592603414664061,0.0,2025-07-18,AVGO
12.197566921742535,15.592761310572731,11.187337454412287,18.258943725726,-4.630283557769126,0.0,2025-07-21,AVGO
-28.371166984319313,-28.066375364752485,-22.20575624234845,-65.36363143613028,-51.794476406092876,0.0,2025-07-22,AVGO
34.82806985168051,18.491269972669066,57.39250522538011,-100.55854239049268,169.17873061173586,0.0,2025-07-23,AVGO
14.72394344093052,-4.402761327448239,34.916552730245606,-106.43171229494025,41.04625340235274,0.0,2025-07-24,AVGO
10.899834759172073,2.15429172972192,13.611899481192534,-5.37255357293114,-10.362004526351313,0.0,2025-07-25,AVGO
4.395879645168595,-4.772405979249133,12.404971151558303,-43.658669393158014,39.79358502448652,0.0,2025-07-28,AVGO
-24.1749740579231,-22.01969477304894,-34.19299682082929,35.93316251952166,-23.487677979619345,0.0,2025-07-29,AVGO
9.156766970861849,2.994703677101394,9.782632823238652,5.4015718566048125,72.61631490900814,0.0,2025-07-30,AVGO
-45.042109157767015,-16.7612897214599,-69.62463972670434,102.45307425586839,-130.4950595163226,0.0,2025-07-31,AVGO
28.616400443518273,30.62534046914854,23.721450023977876,57.98610296077641,1.2184609397000883,0.0,2025-08-01,AVGO
21.212670153893793,19.754940422588383,25.56183713179762,-4.8823317135214905,43.86203641888526,0.0,2025-08-04,AVGO
-16.269804754814817,-15.730984486573425,-26.468092579858457,44.91992219545473,-76.24856765369941,0.0,2025-08-05,AVGO
26.12090147665333,4.711728290293187,47.643061630550314,-103.01205944672095,95.07843482320034,0.0,2025-08-06,AVGO
-46.233948958713505,-25.39777296779079,-70.34255648956432,98.41769622639893,-36.35080986246905,0.0,2025-08-07,AVGO
-4.439091951736592,6.202938992704342,-16.150446733936217,65.82903674148167,0.5574159242487035,0.0,2025-08-08,AVGO
17.48404352240653,17.97864724319034,12.093935233288999,49.82469325711172,-52.6178281113772,0.0,2025-08-11,AVGO
16.777274257001356,-3.901985079317622,36.28557687495481,-100.27254145071937,110.70362592985161,0.0,2025-08-12,AVGO
-34.87437120319715,-20.920293219019214,-47.226040807435,39.23564642224831,-6.031090259826774,0.0,2025-08-13,AVGO
-4.716138271511944,-0.9427106068005305,-10.281578518501304,28.67650321042787,13.069766792141614,0.0,2025-08-14,AVGO
-9.383320795149238,5.335203290681878,-21.183922405795524,61.420288868737806,40.434923871888486,0.0,2025-08-15,AVGO
8.872654243831569,-2.421127666226105,14.150054855881885,-22.79174942847033,87.7035053386833,0.0,2025-08-18,AVGO
-15.829953595235573,2.5989575373498712,-24.827897417297468,38.15770933714346,-56.91642531117345,0.0,2025-08-19,AVGO
19.30113068642317,7.268173250800203,40.74730288013003,-109.375902475816,97.24680908274942,0.0,2025-08-20,AVGO
-4.7614115533748995,13.196446162339443,-23.738363442907108,109.10029978382425,14.170410006348362,0.0,2025-08-21,AVGO
11.820829187623017,17.57983368268854,9.436954724965473,26.12407596357596,-69.88695578965442,0.0,2025-08-22,AVGO
18.824456682228096,13.26906357002581,26.837277447695982,-29.252467910556152,-57.312041999004016,0.0,2025-08-25,AVGO
1.958954558688439,1.2718899631069283,0.7760082445235614,9.05663244368152,4.021256172789345,0.0,2025-08-26,AVGO
15.15044072452503,6.492514958283773,22.808603203099274,-30.798534146914733,54.25874376753972,0.0,2025-08-27,AVGO
22.928884250070386,12.99035903448614,29.41581207058339,-15.992682673002102,22.00086903413422,0.0,2025-08-28,AVGO
-37.23230242183367,-27.94785539039049,-44.6188830891098,7.087181581834582,14.830890599898545,0.0,2025-08-29,AVGO
47.208261491651946,41.44693765248593,52.16185781751102,17.48668353650522,111.38965496797873,0.0,2025-09-02,AVGO
8.788235818492787,11.38687608797951,10.148786938627905,0.6249290976952757,34.47313202983758,0.0,2025-09-03,AVGO
-1.0918904345841611,-10.768893960789994,8.887474913694737,-60.968082524248246,19.22539685448042,0.0,2025-09-04,AVGO
-86.72433919407644,-86.5768079501611,-90.23193329584169,-65.67877458346148,-126.5568729961884,0.0,2025-09-05,AVGO
-23.721209439368476,-2.583033126947487,-42.78479089635767,90.6602793025863,-37.22700967757963,0.0,2025-09-08,AVGO
-49.55999170554854,-30.55617788171097,-71.30021321544936,80.88133735386808,-108.91351058765439,0.0,2025-09-09,AVGO
26.415101545671963,39.86960956280609,23.423513341187668,44.364630772577705,107.81731834375847,0.0,2025-09-10,AVGO
-46.52687439707801,-34.96387576544284,-50.03778542554404,-25.461408226266286,-106.34503578911223,0.0,2025-09-11,AVGO
5.67801021595783,-2.5667415560256264,10.012211089816478,-20.327195027190914,-28.640863192283064,0.0,2025-09-12,AVGO
11.8677042089448,6.392130209079663,10.05657618229471,22.734472368856334,58.21219122914701,0.0,2025-09-15,AVGO
-13.060611638898909,-14.03352427770873,-16.312077884520747,6.448185834860511,-13.806962826065355,0.0,2025-09-16,AVGO
-25.12890495902215,-15.132196400930471,-35.19630095618169,35.275471023961195,-58.32385082939475,0.0,2025-09-17,AVGO
-5.577066983591421,4.1635383885472725,-11.531445242361396,30.14920256903663,-42.5210618193616,0.0,2025-09-18,AVGO
42.10222354656991,29.748205100210793,49.25449170184372,-0.8113853850547111,55.9854884889039,0.0,2025-09-19,AVGO
-2.237664288540432,10.911049046450149,-14.634315018015908,72.14224008831408,-84.17374682099371,0.0,2025-09-22,AVGO
13.600878965439211,35.04005832864035,-1.2629172572797627,102.7836563017564,-37.70419764766618,0.0,2025-09-23,AVGO
17.025607446247054,16.72158941090553,20.807945392832966,-5.668420233254978,36.78127253546368,0.0,2025-09-24,AVGO
22.024069286407407,9.936761965648232,35.42119851687276,-58.358706096376174,74.12006713924498,0.0,2025-09-25,AVGO
-2.8532119024342175,-13.015837800125874,3.1375990384784234,-38.79807754790666,5.795467231479273,0.0,2025-09-26,AVGO
-43.405723911915885,-15.011416831332546,-71.98809574388495,128.08850707992246,-158.59286016278932,0.0,2025-09-29,AVGO
-2.310402975607963,-10.318138252606149,6.490046863018768,-55.11310200736487,76.37973107999527,0.0,2025-09-30,AVGO
24.64733581467262,0.747051249266542,50.5187997382051,-130.58144772650175,12.409440071832442,0.0,2025-10-01,AVGO
-9.429870794751366,-10.283076177099911,-11.03106058945036,0.17726797346262085,-71.36054645603035,0.0,2025-10-02,AVGO
-10.903197000473577,2.3539076140795094,-19.525334138554207,40.829625828026934,-41.94083785869199,0.0,2025-10-03,AVGO
-18.558866497245532,-8.156714046895335,-32.29002010460028,63.828055146908156,-91.69249672923041,0.0,2025-10-06,AVGO
-11.469307776248492,-0.20237899999492698,-34.171138683654945,124.7416776682073,95.03392554081307,0.0,2025-10-07,AVGO
15.653936058677418,12.604781863601648,18.814664759115857,-3.31043614392825,121.76502905600648,0.0,2025-10-08,AVGO
-3.400538025887546,2.4565382466981145,-8.137843798441889,25.023296609466588,25.996133359903943,0.0,2025-10-09,AVGO
-70.62059145508702,-13.16650284407504,-140.42751501720002,348.2209499175926,-323.6678263634959,0.0,2025-10-10,AVGO
45.38014169602105,36.03494003743344,54.97552426524202,-12.192153719293612,73.09617307508037,0.0,2025-10-13,AVGO
25.77145298435892,11.606554932496687,29.047564699462928,6.114782693754589,-57.59044282704024,0.0,2025-10-14,AVGO
-12.22449123306753,11.08596036864975,-33.372859356161335,114.66571750550334,-65.70521905210173,0.0,2025-10-15,AVGO
-28.39110130223181,-1.9023762555821022,-51.20543371902515,108.49489319854578,-32.60673092053381,0.0,2025-10-16,AVGO
13.52558386113958,-2.42499086047141,16.02303208305179,-1.459105470322205,64.79126172159445,0.0,2025-10-17,AVGO
-23.016239521227615,-6.723596214573475,-34.86922314668529,48.10166223152167,-61.37520501337623,0.0,2025-10-20,AVGO
-20.062796427396357,-19.2396844564236,-15.652362200576539,-46.52540178830865,-21.88449430139717,0.0,2025-10-21,AVGO
-23.583534706311983,-20.88570096262268,-27.68528064674104,1.0269409362740722,29.00590922778716,0.0,2025-10-22,AVGO
2.7178552473039956,5.950063598210031,-0.10158129457584955,19.634474498594614,-5.761079155353135,0.0,2025-10-23,AVGO
13.76969017104044,10.48278988186135,25.09091951671388,-54.15768590298578,-20.735444225880247,0.0,2025-10-24,AVGO
8.295574641835628,-6.417787496161659,23.725697041618087,-84.28515975684964,66.44969099785688,0.0,2025-10-27,AVGO
13.102173000266891,-16.43365081893486,33.84519867038068,-111.35598102040198,118.27172157727605,0.0,2025-10-28,AVGO
13.622017563471463,22.925536783404226,15.773045763885799,0.7158483609914249,149.23076391785025,0.0,2025-10-29,AVGO
-16.954192752769572,-18.009942546261716,-17.061799563261964,-16.308551889794085,2.558457394168189,0.0,2025-10-30,AVGO
-17.10445382008807,5.743321387597569,-33.179501163232,79.34583023878314,-51.22975648734208,0.0,2025-10-31,AVGO
-32.921547453185205,-31.563220011699013,-42.25729019856756,23.09290901913067,-77.83831316815278,0.0,2025-11-03,AVGO
-29.36522645702768,-15.350314036994343,-72.42126650191237,228.97101381228683,-196.0476051698234,0.0,2025-11-04,AVGO
31.818308161845568,27.190463110536346,30.11961653353485,42.010457931709894,-58.01110940913634,0.0,2025-11-05,AVGO
1.0236813082266703,4.775508813309767,-10.195092914714529,68.33632664587704,-52.732743705421335,0.0,2025-11-06,AVGO
-11.868549467463165,11.708803253458774,-29.99227455923819,96.8738010832101,142.43778502317375,0.0,2025-11-07,AVGO
-3.7566205631771874,-1.1997017465711128,-4.641166250602401,1.5506535613883958,15.556041526871862,0.0,2025-11-10,AVGO
-12.794912218210554,-24.22931184847597,-4.209053674106359,-64.31006348281969,-66.14419654048137,0.0,2025-11-11,AVGO
-3.2159616140163996,-0.9871711669618473,-5.682823421433133,11.585209230496819,17.64615534190678,0.0,2025-11-12,AVGO
-23.631614074323235,-1.8070075978239277,-53.005112162536406,152.60937445496583,15.218675647162287,0.0,2025-11-13,AVGO
67.29998311844194,51.14839691059063,92.31285439437728,-82.77724453715506,75.45052019362149,0.0,2025-11-14,AVGO
-2.145531206296737,1.5806312895629573,-17.71982738754898,91.30024588122993,-43.93990486516719,0.0,2025-11-17,AVGO
6.145591609046766,-10.603077833665562,22.055817321892647,-89.31576266801856,-59.83068755042676,0.0,2025-11-18,AVGO
23.44765702023173,51.68296231913791,-4.993960772707754,194.0973637778913,97.00147283744879,0.0,2025-11-19,AVGO
-109.41243493232878,-87.6820992418841,-178.16377956297018,303.0956328515259,-392.1208007807096,0.0,2025-11-20,AVGO
9.740578413758808,-9.495833108452738,36.51604918812056,-150.91224623239503,-8.707866187733838,0.0,2025-11-21,AVGO
88.90175590302397,78.58265765464319,119.65322951792373,-95.60708578635781,184.74829117918935,0.0,2025-11-24,AVGO
22.152628639630997,24.87550288700112,31.34145634292904,-32.98033758013628,127.27333425105542,0.0,2025-11-25,AVGO
56.02338351241578,39.95818808729929,87.60448482210798,-133.46322434571866,94.44306664904435,0.0,2025-11-26,AVGO
-6.951738438995738,-11.513997014741284,-14.443811531103684,38.000700113673815,-89.3027949557028,0.0,2025-12-01,AVGO
-29.469236550320524,-18.595206937646157,-53.043759492980726,111.97790110565543,-74.96048064729861,0.0,2025-12-02,AVGO
11.040653684938578,13.237762055905192,20.76978716745074,-47.334147210125366,86.22334449919795,0.0,2025-12-03,AVGO
7.632471545474849,8.084220249512795,5.6622837082451,19.453598568862294,6.4600290617674485,0.0,2025-12-04,AVGO
-14.721782140769575,-12.850802478107454,-13.31748792748517,-23.14754742047016,21.661909068476124,0.0,2025-12-05,AVGO
-21.228985123032018,-20.450052477238724,-21.984673803618477,-16.694853039503343,-2.7520845397830813,0.0,2025-12-08,AVGO
34.00463833220768,32.93202699716213,41.034282696765835,-8.173227855136966,88.65867865111805,0.0,2025-12-09,AVGO
7.174814578687711,11.044186103342469,23.13530922891707,-88.58815332266184,164.38258043410627,0.0,2025-12-10,AVGO
19.537273792963415,18.777889605215133,31.195129449594884,-50.409860146809855,103.63512218728252,0.0,2025-12-11,AVGO
-15.694509981177545,-16.188743256613044,-26.503341847505304,49.15848121681884,-61.84891567409223,0.0,2025-12-12,AVGO
-80.80791525713019,-76.07622735524993,-94.31880740684417,0.2574376411569336,-138.01590897809703,0.0,2025-12-15,AVGO
-16.97959877668916,-16.19399542401714,-9.944341012672092,-59.19114536078823,10.965887588006899,0.0,2025-12-16,AVGO
-59.630531785377315,-33.83808504392525,-91.95438504476995,134.31258777098884,-55.50298782869653,0.0,2025-12-17,AVGO
-5.681703874203334,-3.762392749746836,-2.058356140178234,-27.42179027832626,30.687549252168218,0.0,2025-12-18,AVGO
-4.547424514754054,4.771424026677624,-6.385928628691982,6.483600168887004,102.7624043038041,0.0,2025-12-19,AVGO
12.046290562594441,8.515835183562839,19.29992890781654,-31.47553950871815,10.750373257489617,0.0,2025-12-22,AVGO
17.721035601646722,5.857235656505445,42.203397420455396,-129.17313531119055,79.9648955105311,0.0,2025-12-23,AVGO
10.992823566219965,11.916688035408704,10.806617970538342,12.110057140332318,13.531359721131219,0.0,2025-12-26,AVGO
13.111032184203609,13.71847353346472,14.124714874072941,7.028936044999026,13.192648409983255,0.0,2025-12-29,AVGO
-0.05978360315591628,-2.4923549500529543,0.9719489145008179,-6.2501787090801155,-24.06841431092379,0.0,2025-12-30,AVGO
0.5636913026108302,-4.57759919831551,2.9416065096906463,-13.70379993986316,-39.651856264764554,0.0,2025-12-31,AVGO
-58.04942579535926,-43.480501924450344,-84.58811854923276,101.18273072789302,-103.54574624728563,0.0,2026-01-02,AVGO
-19.62389293287539,-8.304343282333301,-30.695167977811014,46.80375733676153,6.875760770321444,0.0,2026-01-05,AVGO
28.646262724140232,18.07558962727282,33.727651444656544,-1.8420695989560139,-39.512450016792634,0.0,2026-01-06,AVGO
20.543793926828766,18.998628988633733,12.259244728525168,70.25108911665694,-55.68150519974602,0.0,2026-01-07,AVGO
-26.60733019031891,-23.279575287581636,-30.920220295850278,-0.7299895571187476,-24.437998146033877,0.0,2026-01-08,AVGO
46.63129693137085,39.467346781646874,61.15223169162083,-40.494311630097506,56.82057184946102,0.0,2026-01-09,AVGO
36.632349610132145,32.75044434828118,48.74547310159217,-36.04639133861013,64.96627519193109,0.0,2026-01-12,AVGO
14.491627006131255,3.03140957807547,24.095574916086484,-43.13206045357613,-29.774326261612313,0.0,2026-01-13,AVGO
-22.50259222296897,-15.231274554307058,-26.262760406246688,0.05841687670236192,29.566687951761047,0.0,2026-01-14,AVGO
-9.395066416407225,-12.40447048097233,-15.611716766133185,27.90483568196332,-86.09973908402277,0.0,2026-01-15,AVGO
-16.62446569420305,-11.43826009623291,-5.610216629339425,-82.70996008337175,88.50529652275665,0.0,2026-01-16,AVGO
-41.398939491798224,-29.39197014748935,-69.10621493417749,124.84471316247401,-126.30200697620725,0.0,2026-01-20,AVGO
-22.554959697158907,-10.599803468013102,-38.00088820591493,70.12061135538414,-17.176340857734377,0.0,2026-01-21,AVGO
-32.08514242761436,-35.51082706478125,-40.03664723305021,15.623886405024914,-116.1645281064128,0.0,2026-01-22,AVGO
17.020293036251523,10.375251863218006,27.588373687921806,-46.388190873763065,39.09044304901438,0.0,2026-01-23,AVGO
26.508310293521877,12.0949438982228,42.61825728387778,-70.15137164860656,-6.4735755272341,0.0,2026-01-26,AVGO
20.842153499095826,13.105977257621813,34.38847855127606,-60.43579681395122,44.57918184151866,0.0,2026-01-27,AVGO
-21.056150812157778,-13.382055469722676,-22.706845265427283,-11.151984092520166,55.67647884026242,0.0,2026-01-28,AVGO
5.953237611559636,4.636363510925143,11.681487915226333,-28.416264210419744,81.65426991057309,0.0,2026-01-29,AVGO
-53.75601635224947,-24.679130906939886,-75.3663371134896,75.90590821520387,104.92438169709246,0.0,2026-02-03,AVGO
-21.655948153668916,17.236488283342645,-60.864812012596595,213.5972349999194,46.66978072812966,0.0,2026-02-04,AVGO
-23.332096166270237,-45.76663491173947,-15.353545230366976,-71.20340178167719,-152.24227056950093,0.0,2026-02-05,AVGO
30.203416825692294,13.466206441104802,60.34849542667095,-150.66705478017965,77.88089124753954,0.0,2026-02-06,AVGO
27.07267699239627,1.0953631166683842,58.082322236127546,-158.98519446998475,-23.898532936315135,0.0,2026-02-09,AVGO
-29.77117621293725,-21.69799280689349,-50.544574614650514,94.86921419737219,-85.695697036404,0.0,2026-02-10,AVGO
11.709157739040817,-4.594091292985126,41.674700508546536,-168.08409887796844,69.25925836601989,0.0,2026-02-11,AVGO
-49.67662750632982,-38.27570380020196,-80.44066561131642,134.9076011236033,-128.17729667459201,0.0,2026-02-12,AVGO
-13.865169423685469,-19.127882584391788,-18.68742778072685,15.068380718583597,-98.23049141305148,0.0,2026-02-13,AVGO
69.43160385655257,51.09256663528181,104.3533310404846,-140.09875924701038,114.03234637366523,0.0,2026-02-17,AVGO
13.307030872249516,12.062066973759475,7.9347138912220405,45.54093275843308,-20.295597850842338,0.0,2026-02-18,AVGO
2.459160011384689,-2.7855395439148856,3.3617949240633958,-2.956649464658659,-16.260830691440038,0.0,2026-02-19,AVGO
-17.680572133103002,-14.065181448334544,-26.080720343525574,32.72031712945795,-43.319413610948395,0.0,2026-02-20,AVGO
-33.678073196360906,-21.829292484351363,-57.09457653422466,106.82094683084047,-46.37406685903588,0.0,2026-02-23,AVGO
35.341253142369624,35.4606859240028,35.09480277175609,36.81995536605788,53.03733245884688,0.0,2026-02-24,AVGO
0.9254744388347301,1.0580132117288699,0.037355015582724645,6.254190978365565,-7.730592913906499,0.0,2026-02-25,AVGO
-16.007369884025437,-11.778592151746228,8.013481750545518,-160.13247969144393,199.8920200028766,0.0,2026-02-26,AVGO
24.522338404572093,29.803204418097017,22.62136269918024,35.9281926369429,66.32041617125999,0.0,2026-02-27,AVGO
8.813445394992819,4.6014146237127145,25.850947600982014,-93.41156784094234,99.02612871673381,0.0,2026-03-02,AVGO
25.93140544972795,13.929051890352799,46.07991173063737,-94.95963223571948,46.90768199685528,0.0,2026-03-03,AVGO
22.956631607472005,22.043127483661415,13.905181600472204,77.26533164947791,-64.93146228950492,0.0,2026-03-04,AVGO
-0.6925383205872365,-2.3010230010190686,9.7832033204143,-63.546988166582665,86.09557336761473,0.0,2026-03-05,AVGO
9.726247246773541,-7.527200416112019,5.006142389695341,38.04687638925967,-156.77923850214066,0.0,2026-03-06,AVGO
63.13748929356228,38.517637973978566,92.1287390750464,-110.8100093953191,139.9324850862364,0.0,2026-03-09,AVGO
-28.50506028144714,-13.925064080382851,-44.07181770255592,64.89548424523176,-115.00182378430948,0.0,2026-03-10,AVGO
-14.82893906049447,-3.0154390021969717,-26.374912991010536,54.446904522620244,2.3061993840910113,0.0,2026-03-11,AVGO
7.666555442561265,-2.9729386140776812,16.12438808820355,-43.080440431290754,-6.33746855604867,0.0,2026-03-12,AVGO
-42.02120138264523,-7.8270893262382835,-84.02714145082798,210.01443902648433,-138.47622986769318,0.0,2026-03-13,AVGO
31.60368258977994,27.8512305901554,41.449227000077606,-27.46958387198163,-18.09958454053911,0.0,2026-03-16,AVGO
-27.00383498161704,-21.998494254863413,-41.96900558897479,62.78718866254538,-3.793540965518487,0.0,2026-03-17,AVGO
-28.37579492062553,-22.981097142620587,-29.361311377372985,-22.462696180137225,-96.15223193589767,0.0,2026-03-18,AVGO
30.540248669409706,5.298667503148654,59.359847339996946,-142.377343354094,83.56161237110022,0.0,2026-03-19,AVGO
-17.183429291802646,-10.665426215456593,-23.60015421907683,21.31692027184426,-135.02121680057482,0.0,2026-03-20,AVGO
5.899565623594554,20.48377419617966,-10.057825392908317,101.64391172263643,-2.538791729166175,0.0,2026-03-23,AVGO
-4.286774863495827,-12.263376920797903,9.92417572040367,-89.55247836687852,-4.914674901818834,0.0,2026-03-24,AVGO
-10.561516555191993,3.18001294320395,-25.291394820624127,77.81775303741503,-34.25325287332173,0.0,2026-03-25,AVGO
-15.50996478206944,-3.7207371774583025,-27.69435739115206,57.59639087243539,-87.99819529783103,0.0,2026-03-26,AVGO
-9.009738939512909,1.7775082453759934,-14.599188587861523,24.52695895059005,-54.82789327527177,0.0,2026-03-27,AVGO
-33.039058286302094,-14.756597418288328,-44.943898727784024,38.38998436260879,-29.579342053681213,0.0,2026-03-30,AVGO
27.39192654414016,1.295586581806975,43.336458057720854,-68.27526253733848,137.4752692752045,0.0,2026-03-31,AVGO
0.07998650341352584,-1.3364771190649403,0.1065834038948835,-0.07959489947280612,3.430361187742535,0.0,2026-04-01,AVGO
43.2695886330232,29.269175404356428,65.47955038365288,-89.99018187075123,116.48119687717939,0.0,2026-04-02,AVGO
4.436566829905961,-2.2985654572499232,11.801199324521404,-39.75122813777761,46.91101267995098,0.0,2026-04-06,AVGO
24.14455228803386,-3.172641352519512,49.38821388456762,-127.31741729115656,153.708416966153,0.0,2026-04-07,AVGO
10.357601870340915,-3.01433648056543,23.453903502845435,-68.22020792468457,47.83591152260089,0.0,2026-04-08,AVGO
1.3331822250206453,-7.747309816315355,11.703411260455184,-60.88819198758018,-9.373676415319585,0.0,2026-04-09,AVGO
27.706181014682432,34.36791662528353,26.92224715925538,32.40978414725697,-12.613229723424265,0.0,2026-04-10,AVGO
20.47802228261255,4.7604952205686395,34.72398875060862,-64.99777652535633,110.49643899525668,0.0,2026-04-13,AVGO
9.87573405724083,3.5320336877573935,15.032010522188333,-21.06192473242023,32.41969392544313,0.0,2026-04-14,AVGO
18.109501344270264,20.390191183175194,11.968828442707682,54.953538753657334,93.88486090041513,0.0,2026-04-15,AVGO
6.698597714422735,5.440472262805516,7.229077085653551,3.51572148705071,27.681020331692213,0.0,2026-04-16,AVGO
5.793573061070525,1.3139656000961275,12.703606533259993,-35.666627772055,82.66155801781503,0.0,2026-04-17,AVGO
14.489603218902348,11.687714560157008,15.730619114749114,7.043507843835529,-30.536568342363704,0.0,2025-05-05,BAC
8.225539284237287,10.023124310452463,7.122021299930856,14.846647190088008,-44.91773506085964,0.0,2025-05-06,BAC
0.11678009138842017,1.6020530125232177,-1.8250182364656011,11.767570058509088,-36.922062826212525,0.0,2025-05-07,BAC
16.160079440485948,1.075848144389883,31.02614944954438,-73.03634061384935,-31.135445652880552,0.0,2025-05-08,BAC
-0.9277217041135568,-2.0489227366483687,-0.4414457694161536,-3.845377312282683,-6.236400514135614,0.0,2025-05-09,BAC
-11.546986160217429,-15.470198529928968,-9.460383957015837,-24.066599379425337,2.455444357712162,0.0,2025-05-12,BAC
17.205798614872165,10.596440741537961,22.699788091663972,-15.758138245860968,25.772224071436927,0.0,2025-05-13,BAC
3.8865247903806535,-6.140733597206773,15.432162372930234,-65.38730070489456,16.365609848228694,0.0,2025-05-14,BAC
-10.402077986983437,-16.0506157184747,-5.8070618511086005,-37.97217480220359,26.35719005723366,0.0,2025-05-15,BAC
31.132098175690718,12.088708538562251,51.15703277859986,-89.01750944174971,71.8207604612862,0.0,2025-05-16,BAC
9.03433588589075,11.507108255367674,4.640515525393321,35.39725804888962,5.017017315810107,0.0,2025-05-19,BAC
1.4484004731446105,4.045551247916854,1.1028044328634652,3.521976714856911,-4.306346476060383,0.0,2025-05-20,BAC
-14.552678622364576,8.429046455966365,-38.175606345914886,127.18488771893894,-95.09368723889699,0.0,2025-05-21,BAC
13.425365648277301,4.857834278465051,21.14814540395587,-32.91131288577606,-5.212378471663188,0.0,2025-05-22,BAC
22.750002787312454,12.678372515984705,32.004976922098486,-32.77984202140206,24.075996143615384,0.0,2025-05-23,BAC
21.096201991651398,13.05865829836924,29.09757462761648,-26.912033824135886,72.17000286325299,0.0,2025-05-27,BAC
-3.76939440286389,-3.241131556225987,-7.330040759823203,17.594483738906483,-17.53170258035506,0.0,2025-05-28,BAC
-2.255618356846423,0.9406770144324795,-3.1740564978770665,3.2550104893519287,33.85342098063138,0.0,2025-05-29,BAC
2.3689354419562467,3.204845862313227,1.6429488348526566,6.724855084587458,9.015563918620073,0.0,2025-05-30,BAC
10.251521783172105,2.619450929659244,17.38441289047435,-32.54582486063166,41.47291743713567,0.0,2025-06-02,BAC
18.12496553351702,11.654046142174368,25.023441542912213,-23.2658905228318,32.88412366408938,0.0,2025-06-03,BAC
-17.759287382709246,-9.257113675788135,-29.0302681518737,49.86659723229343,-52.213312429751525,0.0,2025-06-04,BAC
7.421390087002561,4.738945856857203,11.429836805811725,-16.629290225839608,-4.238712481590398,0.0,2025-06-05,BAC
-3.871715323028633,-3.6462044491162855,-4.302682007088644,-1.2859152186464164,13.187770208408914,0.0,2025-06-06,BAC
-1.568217865561519,-0.14610001873691564,-6.815068262351485,29.912884515184576,-49.315585629915844,0.0,2025-06-09,BAC
4.631120948754807,3.8303249763097256,7.677838281157793,-13.649183045656804,14.09684508389434,0.0,2025-06-10,BAC
-7.097518778450926,7.700445366627115,-23.08754124276456,88.84261600744037,-36.97533310922866,0.0,2025-06-11,BAC
10.603133072755403,8.269162977263342,12.503264985688146,-0.7976584048139065,29.551120610667745,0.0,2025-06-12,BAC
10.17846530586144,-1.4558384578496326,26.463051080948173,-87.52904934464769,-1.3629842465722386,0.0,2025-06-13,BAC
-1.2486092538207725,2.2380451987537255,-4.7707658927799415,19.88433057993583,-41.75269810094674,0.0,2025-06-16,BAC
-1.7360106226429892,8.376859826905946,-12.71399367169457,64.13188767168091,-28.313339021429353,0.0,2025-06-17,BAC
13.914698876767211,12.413506886223875,14.10339582566791,12.782517183369347,26.158270590593055,0.0,2025-06-18,BAC
4.94197687944745,3.2273017937433606,7.331590329912823,-9.395703823319794,5.683093648108647,0.0,2025-06-20,BAC
-6.5653314928075535,-8.206177616782707,-4.3839992338222435,-19.653325046707003,104.77349925502243,0.0,2025-06-23,BAC
-6.6272820784475845,2.7842180343099505,-15.60808875396123,47.25755797463733,-28.591672122559427,0.0,2025-06-24,BAC
9.635844422860727,-0.2451334455051736,19.74451754656941,-51.01619431937163,19.50565938324162,0.0,2025-06-25,BAC
7.4607688124576645,4.9260654163813795,10.09679688733614,-8.355399636786219,18.004996034160627,0.0,2025-06-26,BAC
-7.1210336997681924,-0.6497365773559196,-11.89472799050191,21.521132044646144,-31.379633384473298,0.0,2025-06-27,BAC
-6.902806020776864,2.800869437051934,-15.156576008502569,42.619813905595386,-5.997278109852739,0.0,2025-06-30,BAC
8.517601322113885,-9.923444652928607,25.36323045263415,-92.55617346100178,38.03994827403056,0.0,2025-07-01,BAC
0.4059517917084744,-4.618320092987015,8.10769070346484,-45.80448167882971,32.49332104155591,0.0,2025-07-02,BAC
-13.481552320029854,-0.3994417700625669,-24.727491842475203,53.994084814642235,-24.952905675450115,0.0,2025-07-07,BAC
-6.251642146985693,-2.984622581480684,-12.177545887479337,29.303780295989686,-34.11245959631416,0.0,2025-07-08,BAC
-9.879707519149612,-7.284974987741049,-14.672879918802519,18.87932687877843,-23.726357624546885,0.0,2025-07-09,BAC
2.252186224311724,7.195066361384146,-1.59791969485077,25.352821739304826,-11.876442877505342,0.0,2025-07-10,BAC
-1.082677839270263,-6.5145478303210425,4.078091964815504,-32.04729666378791,29.123846820921408,0.0,2025-07-11,BAC
6.636376646685194,-0.9172180505966645,14.843383342463646,-42.60566352798098,37.411968592852126,0.0,2025-07-14,BAC
-0.38662241774857725,6.053292308106827,-7.954461567352611,45.02041247988175,-61.64723773168107,0.0,2025-07-15,BAC
-2.0977233311980203,-5.535579739958271,-2.2545167223065086,-1.1569629845393206,60.804137992488585,0.0,2025-07-16,BAC
19.25897090152809,-4.931428051709019,42.57093104793541,-120.61278997690971,90.59193522032649,0.0,2025-07-17,BAC
1.2903303181607484,-5.655399679969517,8.65788949875144,-42.91502476538038,24.906690527514666,0.0,2025-07-18,BAC
2.5944252632145455,0.5589724897579977,5.81799234221941,-16.74697721080273,-40.8763464663764,0.0,2025-07-21,BAC
3.742098368589179,0.44329856549620406,7.422294259964446,-18.339076979647583,-29.824720685966277,0.0,2025-07-22,BAC
6.232370310658225,2.552015076867833,8.237467792395734,-5.798214579757962,11.872050387779527,0.0,2025-07-23,BAC
4.1380919811120345,4.739394368337128,2.598331569020604,13.37665445367812,-61.557208624862746,0.0,2025-07-24,BAC
4.14993090976117,-0.8843244127928899,8.531391327270166,-22.138831595266343,28.552790356473043,0.0,2025-07-25,BAC
-5.625708975103073,1.914752207636409,-13.064971509630407,39.00986623206829,-8.632095316879836,0.0,2025-07-28,BAC
-4.774939355438675,1.0825808924725755,-12.900976085765405,43.98128102653648,-25.6745416077067,0.0,2025-07-29,BAC
8.845612779911727,10.320163352679293,5.730305606423542,27.537455820849694,-31.661851367077382,0.0,2025-07-30,BAC
-11.438263185112541,-5.313950152429543,-20.55161205849794,43.24183005520882,-56.6547828592801,0.0,2025-07-31,BAC
-11.08390885198055,-6.29203574479599,-18.93929255313459,36.04839335495769,-12.096893783903539,0.0,2025-08-01,BAC
-3.629438503070986,-0.5917100957636615,-6.672690175032484,14.630071528694895,3.7186775500539917,0.0,2025-08-04,BAC
5.829913233900749,-5.471835524267314,13.192698703658321,-38.346799584643115,34.34228626131816,0.0,2025-08-05,BAC
-3.520366398236583,-0.5547532928147141,-6.077894304159072,11.824801037299908,-40.78778186220263,0.0,2025-08-06,BAC
-9.834256284235094,-7.893913651391805,-13.68745008361651,13.284906512045534,-47.65206089926582,0.0,2025-08-07,BAC
18.225414794925193,3.35320033706334,32.79514404312323,-69.1929606942491,29.95125056348888,0.0,2025-08-08,BAC
7.8702851045852515,7.6525610127958945,9.13274751447561,0.29551064526309023,-2.9516805920022215,0.0,2025-08-11,BAC
26.26102059778439,21.354146209755307,31.796038203396183,-6.949085035868326,35.31839542379398,0.0,2025-08-12,BAC
-7.381275922468245,3.8786273723330007,-16.45903712509182,47.08529129329273,-21.563340109500047,0.0,2025-08-13,BAC
7.681619431103432,6.617832914804331,8.433845951208164,3.168260310491496,46.34849990149118,0.0,2025-08-14,BAC
-15.054162572808995,-11.143407609488687,-20.075070567579033,15.07128539583082,-48.516307085137214,0.0,2025-08-15,BAC
16.57352858459901,5.432885211306752,26.330219843081945,-41.966618966291115,59.84879456797009,0.0,2025-08-18,BAC
2.2442754917818006,1.5810069641562048,4.928588678318407,-13.861603627433386,43.553514445226746,0.0,2025-08-19,BAC
5.428471656821407,0.5764860845663622,11.991002761902406,-33.946714973651325,23.043924487289633,0.0,2025-08-20,BAC
5.557222764731968,6.2320704725021665,6.173859608780934,1.8574017004425885,-0.4016052034268479,0.0,2025-08-21,BAC
17.391556078266763,2.4520666545100074,33.61251697061605,-79.93420927580878,38.56544584472964,0.0,2025-08-22,BAC
2.4426075738155304,2.0794169436824435,3.292568571754363,-2.6571584138117195,13.40131802589684,0.0,2025-08-25,BAC
5.978820028368178,-8.57244387963755,19.81216035504808,-77.02122193170553,72.36967429129355,0.0,2025-08-26,BAC
0.8977208109270831,-2.8585422255656723,6.569766207804886,-33.13455157031576,1.6068842577262985,0.0,2025-08-27,BAC
-0.807574895851621,0.6734643450760593,-2.9810304765225717,12.233158588188159,5.93301979950763,0.0,2025-08-28,BAC
4.190056096931888,-0.9310059297854254,8.81169608403091,-23.539783825646847,2.0757089568141964,0.0,2025-08-29,BAC
7.104796598575716,10.951541656909624,5.121072489556067,19.00714125269928,46.91234172401525,0.0,2025-09-02,BAC
-3.0263112964254564,7.636101507564682,-11.988295586621817,50.745594444766894,4.806268135632199,0.0,2025-09-03,BAC
9.276912968794871,1.6206009181306344,13.787728923889429,-17.787982761757007,24.756910088962957,0.0,2025-09-04,BAC
-17.26993814325275,-14.853352835732368,-19.86122604406687,-1.7222107383565957,12.362643625875313,0.0,2025-09-05,BAC
8.072873068663906,4.94758700108445,13.738306249398688,-25.919726015736167,-3.696615998102153,0.0,2025-09-08,BAC
10.518278227298856,8.844332342322446,15.401110219537452,-18.778713726103017,11.086842145405068,0.0,2025-09-09,BAC
-6.36100673480696,-1.990649810655301,-13.798923795972557,38.266495632213505,-13.50760569425873,0.0,2025-09-10,BAC
8.67311432111545,8.764248814768742,10.576547961547869,-2.747487521465036,13.971625555939822,0.0,2025-09-11,BAC
-2.2099571389076185,-1.2477100798119323,-5.582445026493962,18.024970186624465,-15.539950207049191,0.0,2025-09-12,BAC
-7.195562360616144,2.4915967976474427,-17.58597882141432,55.14693640419812,-25.68852849054815,0.0,2025-09-15,BAC
0.7845736643708008,-8.34680506445401,9.325730504932848,-50.46236737898744,18.71369497842862,0.0,2025-09-16,BAC
7.91232728043435,10.399265004507129,6.82234259429395,14.45223539728644,13.478696697727534,0.0,2025-09-17,BAC
11.775611177136664,10.17972161229341,12.968561949609885,4.617906542301452,47.9777008876643,0.0,2025-09-18,BAC
11.318197096860654,0.06957401871356873,20.2823873944889,-42.46694468888847,-13.798130945482471,0.0,2025-09-19,BAC
1.2232863848804478,9.14638386290702,-6.050393882613865,44.86536798985179,-24.251876488349737,0.0,2025-09-22,BAC
-10.492557884857447,11.804313293656644,-32.43448954938067,121.1590321022983,-61.44604654317935,0.0,2025-09-23,BAC
-6.197652678344751,4.637444222467586,-17.301806873930083,60.427272495180965,-18.758245541695526,0.0,2025-09-24,BAC
-4.215258035151811,2.5828708695919356,-10.540515599470162,33.73628735076924,-16.34131717854229,0.0,2025-09-25,BAC
-1.7481115572605228,-4.806029705006391,0.7983037724755622,-17.026603535655273,-9.370773844093213,0.0,2025-09-26,BAC
-1.5185685124114194,-0.15645673744295802,-2.4338432926392417,3.9730801689636683,26.92215401160308,0.0,2025-09-29,BAC
-15.583265408229531,-5.132352616449481,-26.613735668755737,50.59955615495806,15.640889733557787,0.0,2025-09-30,BAC
-9.794743734465001,-1.3524003120876815,-17.58355270650211,36.938110097775805,-47.54630857150613,0.0,2025-10-01,BAC
-2.1730810611010143,-8.531715872372596,3.062862785849209,-33.58874414280376,15.037365684729108,0.0,2025-10-02,BAC
-6.207936460095914,-9.070716875583248,-5.340028952447911,-11.415381505972732,-18.31150419291944,0.0,2025-10-03,BAC
-5.216802133165686,-0.04454116911773898,-8.825246505726314,16.433864102217793,-19.225967846755747,0.0,2025-10-06,BAC
-16.538751379436555,-7.4507665832471375,-25.55918165015453,37.583830244885384,-29.835768844583317,0.0,2025-10-07,BAC
3.6202579806578767,7.645018249889643,-0.6216932891325535,29.071965599416032,-68.57854651397857,0.0,2025-10-08,BAC
-5.242392316009323,-7.110800952136366,-2.995368972548261,-18.724532376755732,-5.678700802826627,0.0,2025-10-09,BAC
-19.371057553595474,5.003806638516122,-47.92775983380279,151.9691561276686,-127.09836610201094,0.0,2025-10-10,BAC
-1.093911712781147,-2.321278061976513,2.687958213538746,-23.78513127069616,-46.20751989169003,0.0,2025-10-13,BAC
36.37941926089513,14.882720179283789,57.9317329689847,-92.93446298762088,34.374448694409125,0.0,2025-10-14,BAC
10.530390359238057,25.770177878197057,-0.7863061024427849,78.4305691293367,5.730979930243617,0.0,2025-10-15,BAC
-9.276642986326117,23.4580650111384,-41.55587780469071,184.39876592387114,-162.81858111891887,0.0,2025-10-16,BAC
18.96850584109383,8.01344001483093,30.748913174867813,-51.7139381615334,12.694823618708028,0.0,2025-10-17,BAC
12.954580013856981,6.955856872765476,19.248719753009652,-24.810258421053565,1.1446797688263064,0.0,2025-10-20,BAC
-11.923358797246038,-4.721737629560918,-18.932211610945902,30.129758084981944,-58.67571983171351,0.0,2025-10-21,BAC
-12.410306086652366,-9.002002434774843,-14.275706772608762,-1.217901970905606,34.127421944070754,0.0,2025-10-22,BAC
7.049783150087869,-0.4605953827008956,15.11125948990332,-41.31907488877728,41.09611025440972,0.0,2025-10-23,BAC
9.8341230450694,8.15734020059818,13.981493825220799,-15.05010163581735,10.647189943996691,0.0,2025-10-24,BAC
6.129463050758897,4.728971031147115,7.887310503187949,-4.417621663801972,31.85371286020547,0.0,2025-10-27,BAC
-10.060228852703665,-0.31107571251609234,-19.766152117900663,48.17531073849044,15.019413344523288,0.0,2025-10-28,BAC
11.475642103730827,10.392350295678098,13.890919989606967,-3.0160252115098283,-9.67858609531182,0.0,2025-10-29,BAC
4.335998464658297,1.63174769204565,7.161237442576629,-12.615435402835638,-11.674190891458432,0.0,2025-10-30,BAC
-10.768991414294659,-14.98350634759633,-5.737087371099831,-40.960415673451614,46.559686117879096,0.0,2025-10-31,BAC
1.5616413690566175,2.0649111069849804,14.068020921134101,-73.47663594341095,69.35144064902254,0.0,2025-11-03,BAC
6.643095625173665,8.963953794309038,2.528965641039869,31.32787552998307,6.109054800292867,0.0,2025-11-04,BAC
14.984463054419184,6.248459658883844,32.86686971303727,-92.30997689727442,-2.7163926372376053,0.0,2025-11-05,BAC
-4.585449186005504,0.49184992749446604,-9.474843844370264,24.750918764196385,0.3710051473678809,0.0,2025-11-06,BAC
2.788535827122315,5.545586508531475,-2.687199986768445,35.642950710481564,5.565187457121727,0.0,2025-11-07,BAC
-0.2224696538338803,-2.1497785056683676,-2.0980208704239547,11.030837645722475,-34.681433682015204,0.0,2025-11-10,BAC
7.547486536906321,4.429971646416522,8.812726359723928,-0.043952399983450706,-19.58048283534802,0.0,2025-11-11,BAC
1.3023654130647024,4.5076855821092545,-11.137632696015782,75.94235406754237,-24.530983340077228,0.0,2025-11-12,BAC
3.0448451337447717,3.271978096277617,-13.934858519123246,104.92306705096352,-87.18601922808818,0.0,2025-11-13,BAC
9.406998411191928,5.229403531664696,16.671424008453798,-34.179555172357674,-2.8134221955690926,0.0,2025-11-14,BAC
11.875144224381604,9.030208206451224,-3.0450057092266403,101.39604382604747,-86.30900732430462,0.0,2025-11-17,BAC
4.9447405371836055,-0.009335091413820232,15.837869286877313,-60.41403196096764,-9.153504230325918,0.0,2025-11-18,BAC
-2.1648594358141113,-0.4248700044486619,-9.086382135165692,39.36427676030356,-22.038504652752682,0.0,2025-11-19,BAC
-14.727139326633658,-8.34582384522825,-50.56674742857791,200.3105092850428,-160.33554814314522,0.0,2025-11-20,BAC
13.12065906310495,7.123726528975871,32.48553658257395,-103.06860605369383,50.87084504284319,0.0,2025-11-21,BAC
6.532327769296696,7.231968692325641,7.059424445143385,3.369747714224772,-7.217924513138062,0.0,2025-11-24,BAC
15.990289791327763,11.370733269204147,24.673529480994667,-36.10914834665202,-7.542656753443332,0.0,2025-11-25,BAC
11.861992783986716,8.839001675251728,20.869043646758517,-42.18031239264142,1.2499320998942909,0.0,2025-11-26,BAC
-7.482506687532996,-10.182212615952038,-7.794286678706984,-5.611826740478432,-38.344088101415736,0.0,2025-12-01,BAC
-2.880218370659797,-0.9620109876000753,-8.694531160658663,32.00565836934541,-13.077385959191353,0.0,2025-12-02,BAC
6.7062494277824936,4.524317890824859,18.7922527526926,-65.80977052166892,37.19776711229108,0.0,2025-12-03,BAC
2.184916957394437,1.099129268071273,-5.633617807775596,49.09612554841986,-38.287038313029925,0.0,2025-12-04,BAC
1.3695359516522172,0.3637733892320033,-4.210797444461619,34.85153632833917,-41.911985888206296,0.0,2025-12-05,BAC
0.4079895218031789,1.2194893267152696,2.7077321317769374,-13.390466138019576,11.685580287650232,0.0,2025-12-08,BAC
-14.308407006197642,-12.618154516827753,-24.263090824138885,45.419695901459065,-49.34880898379128,0.0,2025-12-09,BAC
-13.08747414863604,-12.112234723918444,-8.544113853898631,-40.34763591704997,22.6412671565239,0.0,2025-12-10,BAC
7.420146696154603,9.031456433494258,15.515132247495552,-41.149766611887166,58.346207158868516,0.0,2025-12-11,BAC
13.15547028901046,10.42977791763722,22.75832666208104,-44.461667949398795,42.93940948603306,0.0,2025-12-12,BAC
-11.803516790891841,-8.297921350851581,-17.533840014404774,22.5784225502024,-18.88552921882486,0.0,2025-12-15,BAC
-7.501059595618465,-8.494368028775758,-8.222961212532793,-3.1696498941247415,-35.910416702433274,0.0,2025-12-16,BAC
-11.768240829290232,-8.344529829440201,-25.66213578094558,71.59512888065092,-56.055139681134186,0.0,2025-12-17,BAC
-8.145656444630166,-2.544605093379633,-21.70603626675795,73.21662248815218,-35.19635411534838,0.0,2025-12-18,BAC
17.253788330963545,16.419134955204473,23.18607973045827,-18.339960065994482,46.22272427968837,0.0,2025-12-19,BAC
4.985048369167404,2.020436137458163,12.249516531457825,-38.60176060455604,-0.10616959040421506,0.0,2025-12-22,BAC
-1.3608244762662554,-2.295354833600734,-1.4352397913081636,-0.9143325860033887,-8.94894879998082,0.0,2025-12-23,BAC
-8.973739552411292,-6.9752071086190535,-13.366327418900296,17.381787646535372,-2.1904703587611274,0.0,2025-12-26,BAC
-13.960246265077473,-12.415928704952492,-20.349521378909458,24.37540441792341,-31.455895443259067,0.0,2025-12-29,BAC
-6.765575643514517,-5.666759341773755,-8.445162803718999,3.311947317734227,-1.2102127246775385,0.0,2025-12-30,BAC
-2.7875299413992476,-2.824349182558467,-5.034672444130807,10.695325075008164,-17.437130543538405,0.0,2025-12-31,BAC
15.943106256103531,15.038686095328325,29.333019979861028,-64.39637608643379,71.47378281262765,0.0,2026-01-02,BAC
6.18018317400875,7.368376822693346,-5.216817454494031,74.56218694503787,-39.245263348364496,0.0,2026-01-05,BAC
5.14662216771534,3.7858325988800385,12.280936609068233,-37.65926448039083,19.233519711979852,0.0,2026-01-06,BAC
-17.877008386071417,-21.260002324239014,-19.848575990100237,-6.047602761881965,-51.641457581048556,0.0,2026-01-07,BAC
11.140351820648906,7.824528541484223,16.082298736018636,-18.511329671554307,-16.73282762383609,0.0,2026-01-08,BAC
-9.488733472773118,-10.708556253645165,-12.629546061022417,9.35614205673407,-51.25262950380349,0.0,2026-01-09,BAC
-11.827939229871903,-7.856452124315025,-15.159738517992894,8.162856498866944,26.336109085598927,0.0,2026-01-12,BAC
-15.868042919736965,-15.900052918748425,-21.57491850060798,18.37321056550209,-48.41015106413675,0.0,2026-01-13,BAC
-20.189264724253835,-17.46486131141873,-12.691180646519179,-65.1777691906468,52.55793550118618,0.0,2026-01-14,BAC
4.566372585119182,3.38665162796217,-0.01707524018287449,32.06705953695308,-25.77930568136072,0.0,2026-01-15,BAC
9.904608007566633,2.7172750870100844,25.072744718307842,-81.10421225686316,11.524673465918777,0.0,2026-01-16,BAC
-3.7809500956544557,1.9311674779179164,-30.937174552038833,159.156396642664,-89.06869670733245,0.0,2026-01-20,BAC
-1.3439207785925407,0.17930298606408404,-13.405244951441235,71.02402425850912,-59.66964453008917,0.0,2026-01-21,BAC
-6.69544330339778,-12.669424940877638,-4.0298902383331265,-22.688761693766825,-52.101258254597326,0.0,2026-01-22,BAC
-7.432437937201088,-5.5818879041634215,-8.573992122028798,-0.5831128282196939,10.508104075881528,0.0,2026-01-23,BAC
3.669440612442942,3.6388017950010947,3.6466054127077276,3.806451810867887,0.9233507210921167,0.0,2026-01-26,BAC
0.3393035701339182,1.0725695909274844,4.91403818947968,-27.109104145933827,21.886135049675943,0.0,2026-01-27,BAC
-4.070868906720793,-1.3264648767760352,-9.943872075896024,31.16715010834984,19.559714109046705,0.0,2026-01-28,BAC
23.470842366629896,21.85858467716619,33.72201362022344,-38.03618515492463,82.67497696376147,0.0,2026-01-29,BAC
-5.218316193085024,2.322623141706917,-19.72992190227962,81.85131806209823,7.383847940655212,0.0,2026-02-03,BAC
7.295195551713807,7.100635584457587,6.373366623190665,12.826169122862897,-17.799959962079274,0.0,2026-02-04,BAC
6.5636628632422775,4.627618045743914,14.97259009521398,-43.889900528572355,28.242674926619465,0.0,2026-02-05,BAC
12.124481066128185,8.786922680675717,20.01549695945423,-35.22161429381045,20.606391126491133,0.0,2026-02-06,BAC
3.0601074864478437,2.811940472370493,0.9526805814731895,15.704668916315896,-21.46972043740996,0.0,2026-02-09,BAC
-0.5837931591729338,13.731063360688777,-35.08860114311423,206.44505474449275,-28.338532944108664,0.0,2026-02-10,BAC
-17.80259979147786,-9.511183658231218,-46.16969979250985,152.4000002147272,-79.80197699298812,0.0,2026-02-11,BAC
-12.879429062117621,-2.569088180308755,-33.1610787584208,108.81046911571497,-17.63302004241305,0.0,2026-02-12,BAC
23.04315169520713,18.638869161409083,30.413183929718752,-21.177041711843604,36.14564719011621,0.0,2026-02-13,BAC
-14.649050699722904,-13.596143149092955,-17.79801371104548,4.2447273682313496,-33.5429317304835,0.0,2026-02-17,BAC
5.384135832533287,5.500967196470132,3.866152188137344,14.492037698928932,6.053992292801947,0.0,2026-02-18,BAC
8.654113033599057,10.418348736344443,11.698517763585777,-9.612315346302294,60.93702600576678,0.0,2026-02-19,BAC
16.2019709664487,20.933521688770984,15.453426571609002,20.69323733549499,77.1544282927482,0.0,2026-02-20,BAC
-26.758548110423103,-24.09662029102549,-36.64396520921052,32.55395448231244,-66.6239028998147,0.0,2026-02-23,BAC
22.38836977985229,16.168054386207938,34.70431215120439,-51.50728444825605,28.07224221763371,0.0,2026-02-24,BAC
20.619280555655816,17.322608374941723,32.12714094236362,-48.42788176457025,56.602079314794906,0.0,2026-02-25,BAC
-5.509053010597339,-3.462576254059759,-4.522934462486588,-11.425764299261843,15.383942383005182,0.0,2026-02-26,BAC
-33.1720432916079,-28.363536231412635,-37.41360131361112,-7.722695159572934,-29.743261766285986,0.0,2026-02-27,BAC
23.14799535725405,16.24972106909167,30.28732721360274,-19.687995780818135,-12.668112158319008,0.0,2026-03-02,BAC
28.738597403619565,20.826569971765817,60.53170324171997,-162.02003762497137,73.8008642035214,0.0,2026-03-03,BAC
14.271857200852555,15.482837635085913,19.69893896926433,-18.290633409602457,57.7218320760678,0.0,2026-03-04,BAC
-14.144839239757884,-10.587918491152358,-15.918592537388049,-3.5023194539611495,23.678151172628308,0.0,2026-03-05,BAC
6.006033825532429,8.389134500323962,10.34691958975291,-20.039280759771316,73.212171731776,0.0,2026-03-06,BAC
-5.885063850974811,-11.048846558054533,5.563752361775331,-74.57796112746064,115.56454774903453,0.0,2026-03-09,BAC
14.550830904982494,6.111441203931927,23.49390848297308,-39.10763456293906,-3.0884477067465492,0.0,2026-03-10,BAC
-0.977169428463593,-10.43105136007395,7.733758603516628,-53.24273762033312,57.74930850523778,0.0,2026-03-11,BAC
-12.261188082009793,-12.428229648027157,-9.862093891903173,-26.655753222628412,-8.624802651280357,0.0,2026-03-12,BAC
-15.516447671007333,-3.3753543576866667,-27.9089567847733,58.8386070115945,-92.74894036180847,0.0,2026-03-13,BAC
-7.116157027171398,0.7552405913205282,-14.12932206115862,34.96283317676247,-26.491045759685242,0.0,2026-03-16,BAC
-11.102321455923017,-7.372117709273213,-16.694488833906185,22.450682811986464,-38.6363235349971,0.0,2026-03-17,BAC
5.964444005899548,14.566358675583079,-1.0370027720205395,47.973124673420074,-61.37077269558027,0.0,2026-03-18,BAC
12.364857083025047,-2.1204621872714595,31.530443216383336,-102.62865971711553,75.29719388598062,0.0,2026-03-19,BAC
2.389975850498399,-1.153784678147684,4.589430183497969,-10.806750147479411,14.670243259751548,0.0,2026-03-20,BAC
-13.579568301479025,-8.656989523786985,-18.706584896885172,17.182531270966766,-65.39686160705884,0.0,2026-03-23,BAC
20.9005753921061,6.475032413268991,38.751791936743146,-86.20672387569843,19.890346284487826,0.0,2026-03-24,BAC
1.1290683602462115,3.359378760552859,-1.8539920183219079,19.027430631663684,18.001034151028747,0.0,2026-03-25,BAC
-16.276690292563433,-5.1973142430162085,-27.770542012079318,52.686420024546585,-25.88193277268697,0.0,2026-03-26,BAC
-12.93001551590176,-0.2059934973248258,-24.215527666445386,54.783057387373475,-90.84638405551502,0.0,2026-03-27,BAC
-7.599232174713484,-6.366379309623712,-6.243077275252024,-15.736161571464208,-9.388337392778865,0.0,2026-03-30,BAC
10.767120429428733,-6.0788216981448375,24.77724654142361,-73.2936362425184,112.35899827077242,0.0,2026-03-31,BAC
-11.990788710443283,-13.792423440310037,-7.469902218937605,-39.11610765948168,5.560888256580543,0.0,2026-04-01,BAC
15.975977473418366,0.9380978012729314,33.130820391918434,-86.95308003755892,47.37828652842432,0.0,2026-04-02,BAC
10.171617220991331,10.61371789669184,8.931243359345517,17.61386039087903,31.63986155250741,0.0,2026-04-06,BAC
4.112877554586461,4.507129407800223,3.9703582278020444,4.967993515300053,37.895667476002224,0.0,2026-04-07,BAC
-10.140918837645607,-14.349803742104145,-7.936328988886416,-23.3684579301884,22.98539691689007,0.0,2026-04-08,BAC
26.090970946209833,9.090702573776783,41.222094649926724,-64.6957712760698,57.44384598519827,0.0,2026-04-09,BAC
6.773956784991588,6.303320302494581,5.740085383552038,12.977185193641054,-2.9232000160374914,0.0,2026-04-10,BAC
10.584064454564727,-3.324267917999138,24.920240352550906,-75.43299093332409,97.8187068801227,0.0,2026-04-13,BAC
7.947979473662603,0.520297292663671,16.95408565003716,-46.088657584575415,14.920125371884625,0.0,2026-04-14,BAC
-6.629041107946944,-8.542901505806244,-7.578140920167145,-0.9344422346257414,-8.200421205083142,0.0,2026-04-15,BAC
-29.3703722572454,-17.82091107166856,-42.66203112850895,50.37958097034116,-79.44575975013879,0.0,2026-04-16,BAC
-1.943412576344307,2.732960499954471,-10.012099997557312,46.468711950938975,-45.870152296810005,0.0,2026-04-17,BAC
20.45281294350274,9.108545615655984,30.673750896060447,-40.87281477183678,34.18432416705741,0.0,2025-05-05,COST
7.895388397966308,7.840616965070534,7.885928215922547,7.952149490245743,-6.047309694651456,0.0,2025-05-06,COST
-5.862804601739706,-0.6455427262507567,-12.134595733013132,31.767942185915505,-5.119340525139411,0.0,2025-05-07,COST
4.116563997336251,-6.185430818017877,10.945650114043056,-36.85795270289893,17.343730706760848,0.0,2025-05-08,COST
6.3057381028015795,-0.18227856822018465,12.707647408228057,-32.10571772974484,33.284027022641865,0.0,2025-05-09,COST
19.356181689730917,7.330932060503027,30.313010657740804,-46.38479211830363,82.23642999786976,0.0,2025-05-12,COST
-3.940719332846786,29.387787890012696,-30.835912823808574,157.4304416129296,-37.303982890884754,0.0,2025-05-13,COST
0.09343877805744526,4.937211082428919,-5.333782718289266,32.65676775614685,-39.075803581394396,0.0,2025-05-14,COST
26.026620663070627,15.99216894471125,37.845984435323345,-44.88956197043776,49.620119187527266,0.0,2025-05-15,COST
21.523992551451517,12.904954334690268,28.863281103750943,-22.511738762340585,38.50218827900524,0.0,2025-05-16,COST
21.82689750948192,14.740561999903646,27.508096580982915,-12.26029691951962,59.483489361808914,0.0,2025-05-19,COST
-2.940795318638507,-5.892670893468972,1.9630776242672872,-32.364032976055704,17.960805414328593,0.0,2025-05-20,COST
0.17063103645883448,12.50768010002566,-8.498505735788287,52.185451669963626,-52.88314607561315,0.0,2025-05-21,COST
4.3388775448480725,-2.726944789143328,8.783842800098345,-22.330913986643527,-20.58158201292598,0.0,2025-05-22,COST
3.745815039621392,0.07807850546543661,5.99621497795589,-9.756584590367597,-27.911732642197727,0.0,2025-05-23,COST
-0.657770662449222,-2.5016314620613036,0.9611748342853729,-10.371443642835507,29.53906922309583,0.0,2025-05-27,COST
-5.6160198101293775,-5.381038655384749,-7.441288359797938,5.3355914878965125,-39.87462957275543,0.0,2025-05-28,COST
-4.386101594552605,-3.5307088050244766,-4.621998465758213,-2.970720367307697,-21.22366186714592,0.0,2025-05-29,COST
48.94796916141148,36.85164083227113,58.181855565338076,-6.455349262124055,-5.684730620938862,0.0,2025-05-30,COST
9.406501922344615,3.6699971275964636,13.046678246059438,-12.434556019944317,63.41570384923497,0.0,2025-06-02,COST
-6.488789324969352,-12.882599366874668,-3.1399649294324097,-26.581735698182356,36.43773628705285,0.0,2025-06-03,COST
2.9716386489357585,1.9867502506382395,3.3465990017032268,0.7218765323244746,-23.945264462799543,0.0,2025-06-04,COST
-33.36646428470923,-16.430384309742067,-44.965723045614986,36.22908828073752,-86.10862696922507,0.0,2025-06-05,COST
-3.9712996421430615,4.424638802638499,-10.404928248658962,34.63047199696691,2.103746515214178,0.0,2025-06-06,COST
11.010220549167393,3.950496469279546,16.948038532577524,-24.616687351284362,-15.729980745808435,0.0,2025-06-09,COST
-1.9271519007405509,-3.199912179945634,-1.112394386747653,-6.815696984697938,32.534689785209544,0.0,2025-06-10,COST
-1.2381648065914534,2.5963703189056764,-4.411831901082286,17.803837760362647,-20.429835033514877,0.0,2025-06-11,COST
4.479773115674133,1.4017891143468937,7.142556464625972,-11.496926978020992,22.83329698966721,0.0,2025-06-12,COST
-8.638010026200313,-1.0765064376053959,-13.897504627350267,22.918957580715436,-23.002737114837505,0.0,2025-06-13,COST
-0.21975227039864098,14.384404849141422,-14.219697121399413,83.77991683561058,-56.079982318809,0.0,2025-06-16,COST
2.2576645623594813,0.675651592064686,5.044984539389974,-14.466255299814197,-25.229037512056866,0.0,2025-06-17,COST
-2.2816288410934287,-4.104893255623988,0.7392202952246008,-20.406723658983005,-34.51726407889427,0.0,2025-06-18,COST
-19.72547827837647,-13.647966095530371,-22.622740795242645,-2.341903177165506,-1.8314402432516492,0.0,2025-06-20,COST
13.961923522453343,11.476858481262266,16.150364318329242,0.831278747213924,86.96712852844416,0.0,2025-06-23,COST
3.970518453577216,-5.185823776946437,11.946570989128197,-43.885796759722986,28.383584212846177,0.0,2025-06-24,COST
-5.1408114371922276,12.432573802928365,-20.205679957189027,85.24839968280347,-52.98186895161152,0.0,2025-06-25,COST
-0.9259444383807763,-3.8035111327248465,2.8454442771744635,-23.554276731704103,19.620151414354496,0.0,2025-06-26,COST
8.536218791115601,4.566348923251662,10.976137271725081,-6.103292092527471,-24.95542701656568,0.0,2025-06-27,COST
-6.744036335852649,-0.780574122895623,-12.47795637991876,27.659483928563613,35.7713689322252,0.0,2025-06-30,COST
-6.842950719175742,-0.2050828523672591,-10.144880866950126,12.968630167487866,6.3705522250600986,0.0,2025-07-01,COST
-1.174982219713192,-3.005563325983769,-3.36656928572653,11.974540176379577,3.926225160042406,0.0,2025-07-02,COST
15.42509317617163,4.057666490085439,25.22361547690382,-43.366040628211145,64.25452863826109,0.0,2025-07-07,COST
-0.9713884326513652,0.6448330713616529,-1.4506483129432142,1.9041708491204297,-25.813606241790467,0.0,2025-07-08,COST
-9.630232510688705,-5.672530980648928,-10.796759931130731,-2.6310679880226107,37.375208230125516,0.0,2025-07-09,COST
-7.879137144909969,-6.640895730266358,-11.514100377816588,13.930642252532063,-56.07480035043088,0.0,2025-07-10,COST
-6.861728990664818,-6.429806930383436,-7.518537999202863,-2.92087493943186,4.710146362477777,0.0,2025-07-11,COST
4.482493197425721,2.3418902642367088,6.3243780551733195,-6.5688159490389,53.18142363893185,0.0,2025-07-14,COST
-12.07143768096946,-11.164341743591892,-14.190792530752256,0.6446914177484209,-27.29513964897263,0.0,2025-07-15,COST
-17.13184554020319,-13.375228011676079,-20.58747715733578,3.601944162611376,-50.183265596942675,0.0,2025-07-16,COST
6.557092463826761,3.51635028708409,9.822871462651257,-13.037581529109454,28.018261975461296,0.0,2025-07-17,COST
-11.59784626645962,0.7338054381053232,-22.187538636671622,51.94030795483266,-42.89961825460152,0.0,2025-07-18,COST
-1.1593037397967736,2.84436935259147,-4.194736178887415,17.053290894756643,-31.03285081372925,0.0,2025-07-21,COST
-6.626159906581052,2.705245967557684,-17.547979727871812,58.90475902118032,-55.83348687997327,0.0,2025-07-22,COST
2.384206881195605,5.674069144797045,-0.048906395554371464,16.98288654170992,-27.835386133097995,0.0,2025-07-23,COST
-6.47414937669688,-3.5534754016501005,-11.37320729370256,22.920198125337194,-35.66333824487602,0.0,2025-07-24,COST
-3.4285085305893164,-4.71140981119061,-4.299080088279865,1.7949208155588325,-12.884634976686955,0.0,2025-07-25,COST
3.009353936389474,12.28990085716447,-2.9757287372642227,38.919849978317735,-9.322692972911753,0.0,2025-07-28,COST
13.247725020560651,8.852286752040913,20.62125635630095,-30.993462993872644,-10.310126952735127,0.0,2025-07-29,COST
-4.427859728167156,-2.468860265355071,-6.952535458942488,10.72019465648973,-22.77907319927545,0.0,2025-07-30,COST
7.817556320149638,6.274392426124027,8.933707521884644,1.1206491097637918,-2.284210440958255,0.0,2025-07-31,COST
12.762183364404988,6.498614884510832,18.99579471443518,-24.639484735759428,17.286386397621005,0.0,2025-08-01,COST
-2.3166075263450994,1.2385217414196648,-4.178598742224275,8.855339768944267,23.619560428041606,0.0,2025-08-04,COST
6.452232192067182,2.079477242945022,14.51841924349321,-41.94489011647814,-5.620639411275835,0.0,2025-08-05,COST
23.986817365245134,6.539897015959186,40.90875256393392,-77.54479382687816,53.27987598941589,0.0,2025-08-06,COST
-1.5866384436269427,0.2999451463573485,-4.367770935699562,15.100156508830908,18.788658454494424,0.0,2025-08-07,COST
-5.4703152778747395,0.6300728861495697,-12.4256767692976,36.26185367067167,-23.34324080521197,0.0,2025-08-08,COST
7.627531267904136,-3.6697265508933055,18.507652363692348,-57.653195306802054,37.767118429116394,0.0,2025-08-11,COST
1.2414143831915343,-9.599260900919699,10.604005232734817,-54.9341307140555,37.673455079477115,0.0,2025-08-12,COST
5.172700881997867,-4.042256078435212,14.176147617710653,-48.847979532276526,9.438080373772664,0.0,2025-08-13,COST
5.581530773062941,7.7722925267092595,1.7164701399510482,28.771894571734297,-72.69774952704023,0.0,2025-08-14,COST
-9.468255848755147,-10.031843605086827,-11.272694181227504,1.3583741461047303,1.7703080003614724,0.0,2025-08-15,COST
3.9068707784493717,1.0169281927051588,7.755323501023457,-19.183845556968357,28.292977925776835,0.0,2025-08-18,COST
-10.911611968440848,-10.224674744520382,-9.991718393369897,-16.43097341886307,12.45704630460347,0.0,2025-08-19,COST
9.187715272536279,8.565033415909111,10.753188625917758,-0.20512484774572304,22.979760379110783,0.0,2025-08-20,COST
-10.194650444170481,7.5769443935558565,-22.56014212007243,63.99829961124939,-55.783208111463196,0.0,2025-08-21,COST
-15.664791905236877,0.7558769768572379,-27.31687627068199,54.24771428743735,-30.930726377283804,0.0,2025-08-22,COST
-13.594628020047399,-5.2285225324989515,-23.400526408471155,45.24076231049996,-47.984154714184434,0.0,2025-08-25,COST
3.759729930405365,2.697982235908993,7.642969311876162,-19.53970635841457,31.274688530384754,0.0,2025-08-26,COST
14.316057574694405,5.367622809891083,21.926319117451595,-31.345511681837927,25.44035218500059,0.0,2025-08-27,COST
-0.18316177890855764,-1.6610206683130815,-1.3872865534749157,7.0415868684955925,-24.31521414981784,0.0,2025-08-28,COST
-3.913767643159933,-4.392618468555584,-4.621053710269193,0.3299487595221356,1.3896532757825384,0.0,2025-08-29,COST
-2.2982843843385234,4.304812418999029,-7.819508246402056,30.829058788065666,-4.7767769458230145,0.0,2025-09-02,COST
10.098879426437765,1.0769159956505656,21.3314201623708,-57.29636498913275,59.3816115160001,0.0,2025-09-03,COST
3.1987357812146637,3.130640429598412,4.788385043257198,-6.339159791033404,0.14739372204819862,0.0,2025-09-04,COST
-12.162445509482911,-4.595737260688258,-19.164562228333452,29.85025480363094,10.060875778550063,0.0,2025-09-05,COST
4.199609054607977,2.267520986843509,6.0546331405700675,-6.93053546115986,60.731853083820006,0.0,2025-09-08,COST
0.8255967053189505,-15.108904177379017,13.789673704451559,-76.95886528947786,63.40260174318242,0.0,2025-09-09,COST
-17.98292429102494,-7.434237251898678,-30.456109440273192,56.85618660447757,-49.03819431466122,0.0,2025-09-10,COST
2.8609731636417983,4.856437056307651,2.71603571031232,3.7305978836423295,36.82306686909908,0.0,2025-09-11,COST
-1.9867162124769358,-8.236641274375783,4.485873796228001,-40.82225626468535,30.800871163471868,0.0,2025-09-12,COST
-3.967420380409628,-4.983358480602789,-3.7552705930280577,-5.240319104686066,-31.301336150872167,0.0,2025-09-15,COST
-6.035819581182924,-6.159758973312222,-6.399593890120127,-3.8531737275549345,-15.39242043858081,0.0,2025-09-16,COST
-0.058808786234099866,-1.5502080667696982,1.9063851936043412,-11.849972665243433,25.695393858150766,0.0,2025-09-17,COST
6.026542947003635,10.877194504363693,3.2211974956670373,22.858615655025602,-31.4576881228397,0.0,2025-09-18,COST
18.468630343400733,3.0897980707667814,29.14205362867405,-45.571909368218826,6.276958447100167,0.0,2025-09-19,COST
-4.7678438272540795,-1.2927962041926664,-7.971273011598863,14.452731278826677,0.4559173794168596,0.0,2025-09-22,COST
-7.142993653703206,-17.73299745027594,0.9111762521972434,-55.46801308909986,32.319535257178444,0.0,2025-09-23,COST
-6.127169812170263,2.7157175872259782,-13.960173031366255,40.87084950302969,-25.7284056538017,0.0,2025-09-24,COST
-16.76497301196135,-15.234969719079263,-20.184943329574214,3.7548488937339473,13.524477474729634,0.0,2025-09-25,COST
15.269926802877475,16.598068654655844,18.935523576177303,-6.723653836916542,-32.518459358705584,0.0,2025-09-26,COST
-3.28789385569347,-0.9426269374425216,-4.09839389693005,1.5751063917447456,71.98899758974365,0.0,2025-09-29,COST
9.661099679436779,-3.067496833732709,20.963383359281362,-58.15260239961594,18.868041966550457,0.0,2025-09-30,COST
-4.072281509590127,-7.450153465032171,0.45148039913454907,-31.214852961924525,16.732112538497734,0.0,2025-10-01,COST
3.3772174677711213,-2.9353722041340164,10.084861204712343,-36.868644953863786,22.16263602772145,0.0,2025-10-02,COST
-2.8593696113252225,-8.79866506769339,1.6882122601718093,-30.1448608403012,7.525178505361217,0.0,2025-10-03,COST
-3.62217104510546,0.32928456082614177,-8.116098328335907,23.341392654294737,28.18526214338262,0.0,2025-10-06,COST
13.772259148176609,7.871239277158882,22.277583661196008,-37.25968792992482,33.92848953113283,0.0,2025-10-07,COST
0.15204441881760958,1.8860905275860926,0.3678727149495856,-1.1429253579655374,11.33309840117278,0.0,2025-10-08,COST
14.937358337987272,17.106202036004145,15.517056953377466,11.459166645654596,47.3164566328857,0.0,2025-10-09,COST
-7.178323194932865,-0.3955831866536687,-13.071330472743803,28.179720471952184,-66.35760989239103,0.0,2025-10-10,COST
6.756975918951024,-0.9795080685676808,14.639065003829415,-40.53555859031199,42.33710606568168,0.0,2025-10-13,COST
0.670293865720991,-7.572039054594311,7.060562109279916,-37.67131559562291,42.00489300668542,0.0,2025-10-14,COST
3.867539868443062,10.998294997129307,-1.0121176866379564,33.145485198946986,-21.590157031668422,0.0,2025-10-15,COST
-25.48372180802394,1.021386452566293,-44.80968722990462,90.47207072328573,-69.8167941055792,0.0,2025-10-16,COST
3.8130330945087914,7.534423460724169,1.8920842510522147,15.33872615525555,15.33872615525555,0.0,2025-10-17,COST
-3.32504858193406,-0.37368148442882104,-6.450242116707589,15.426112626718059,13.60714552618528,0.0,2025-10-20,COST
-1.6692187926111577,6.418821452582964,-8.98201609114175,42.20756499858935,-17.272942869703122,0.0,2025-10-21,COST
4.505333626928638,1.0322882992432703,8.740994470097291,-20.908631432077282,-22.28200576619749,0.0,2025-10-22,COST
-1.5516640597211289,-2.0906176628046653,-0.3893976757778073,-8.525262363373804,21.572276401138897,0.0,2025-10-23,COST
-4.304964387025302,4.131752516767426,-12.000085118387924,41.86576000116502,-34.549590109582326,0.0,2025-10-24,COST
0.20565103479404956,-1.077277957569696,1.8593282880598774,-9.716412484797244,16.617677391677656,0.0,2025-10-27,COST
-5.045105266059215,-0.7825147652233534,-8.17016541932602,13.705255653560037,-15.417781672456819,0.0,2025-10-28,COST
-1.3530031422109199,1.877344890378506,-5.28636095169712,22.24714371472121,-10.592225411201916,0.0,2025-10-29,COST
1.8605429144091445,-8.163546001915298,10.260685854735906,-48.540314727536554,26.095637899707576,0.0,2025-10-30,COST
1.5845200899786573,8.824785968501951,-2.5435165754414304,26.352740082507886,-30.741051589236598,0.0,2025-10-31,COST
14.378323819799899,18.503553845839416,24.79875615836841,-48.14427021161361,100.63227447163595,0.0,2025-11-03,COST
4.7807866184746715,5.687245220796191,12.259544323319513,-40.091759610578585,54.370295521150304,0.0,2025-11-04,COST
10.944383356472612,4.433269529824709,18.334024941145156,-33.39346615154082,-22.936095253554345,0.0,2025-11-05,COST
6.114589668441974,3.9310514660183413,18.071283575710872,-65.62557377515162,61.56495024330831,0.0,2025-11-06,COST
-16.27660351994121,-13.056293670113183,-24.427716616420206,32.63007505894136,-46.455742936887965,0.0,2025-11-07,COST
-9.119788458512126,-7.391589870094242,-5.90110968370648,-28.43186110734227,20.222830379388466,0.0,2025-11-10,COST
3.698986417883859,3.039551116906838,1.9243738878030143,14.34666159838631,-15.794771970169485,0.0,2025-11-11,COST
-2.71179828945971,-4.111385402179926,-0.23592907191803195,-17.56701359469237,-5.098245665706162,0.0,2025-11-12,COST
3.972786559469521,6.762792932073973,7.979856575485655,-20.06963353661988,42.322564493761796,0.0,2025-11-13,COST
5.044024217328353,2.8075064202944255,8.754040724580566,-17.216074826183696,5.874206634958741,0.0,2025-11-14,COST
-4.697016841008055,-2.266296875432436,-13.323062934816386,47.059259721853124,-16.933089788327937,0.0,2025-11-17,COST
-12.829382929389837,-11.26845596386492,-28.501276131281134,81.2019762819617,-92.23446554451526,0.0,2025-11-18,COST
-2.9140045473123486,3.8541072249563757,-2.4019694070881648,-5.986215388653591,80.8294750491664,0.0,2025-11-19,COST
-1.7368270792047313,2.6869716158129595,-10.832735741817727,52.83862489649605,-44.02051321854867,0.0,2025-11-20,COST
0.31082295752401606,4.006502669709561,-4.174953397518291,27.22548108778924,2.194130236690364,0.0,2025-11-21,COST
-6.009040397133649,-3.1042271320411245,-13.957187896024974,41.67984459622712,-16.991951798491865,0.0,2025-11-24,COST
10.913490457522387,7.185014064693214,19.655846066591373,-41.54064319688133,29.038206585830473,0.0,2025-11-25,COST
9.198328592676438,3.1523475012717634,19.218416118529188,-50.92219656242253,7.756522099883709,0.0,2025-11-26,COST
5.3563771584382565,0.07117842786323687,12.779496610949185,-39.1823395566298,-3.4536647662059594,0.0,2025-12-01,COST
-13.476295440601227,-10.674608326116758,-5.962305259623993,-58.56023652646215,55.10090828836343,0.0,2025-12-02,COST
1.298486593317413,1.129397731647551,5.66136392979628,-24.87877742553603,17.312632344534958,0.0,2025-12-03,COST
-14.623992216506268,-11.190127547322692,-15.231950751385092,-10.97624100722315,21.451584509113765,0.0,2025-12-04,COST
-5.740808786359608,-3.4277654096480923,-15.484540356203198,52.721580632698135,-42.15858313761685,0.0,2025-12-05,COST
-7.300872768446184,-5.8631536915810765,-7.039040143298632,-8.871868519325087,8.609294263929602,0.0,2025-12-08,COST
1.7180680811580393,3.5448022511353687,3.949456608625467,-11.67026308364139,35.9989997496681,0.0,2025-12-09,COST
-1.0773079959037595,3.7972316377600457,-16.4996289343872,91.45661763501371,-37.43010971789016,0.0,2025-12-10,COST
6.71266194467874,4.515877761303342,17.25655795091212,-56.55071409271768,47.45738653319166,0.0,2025-12-11,COST
1.712359541585908,10.61537828760498,2.3318820929783146,-2.0047757667568633,83.63151530900878,0.0,2025-12-12,COST
-19.680536441648336,-10.828253959419266,-36.896214032006476,83.61352910049655,-34.62101835374531,0.0,2025-12-15,COST
-8.707338269324858,-9.311732469089,4.431850469547552,-87.54247070255136,39.21393172815328,0.0,2025-12-16,COST
0.29876889733220136,-0.2389986847077711,-0.5253708734487318,5.2436075220415095,-5.415354399415252,0.0,2025-12-17,COST
0.5756971525062932,1.0253443302207725,-4.593596544264988,31.591459333151196,-11.89360378889271,0.0,2025-12-18,COST
-6.238653984857174,-3.144260250656216,-5.162499707805767,-12.695579647161619,28.707995365677746,0.0,2025-12-19,COST
-6.071480731851479,-4.991184416742427,-8.439269544102409,8.135252141664798,-6.684759365654078,0.0,2025-12-22,COST
5.095046472529401,2.6506789739442604,12.686508433529095,-40.45372529346343,30.190853887988073,0.0,2025-12-23,COST
-1.34136169446021,1.3714193127621712,-5.93187075758045,26.201692684274253,2.6966950533053837,0.0,2025-12-26,COST
-6.727725500077822,-2.934056636540261,-14.505004561576316,39.935948868926225,-13.343065009186619,0.0,2025-12-29,COST
2.0616015449920226,1.794168444374155,6.513206763898703,-24.648029768433595,13.444319828112919,0.0,2025-12-30,COST
1.9559534929512212,1.7598746757196522,0.4813139120493623,10.803790978375547,-10.74682556325115,0.0,2025-12-31,COST
-1.6044526414441351,-1.373447383399807,-6.76344552932121,29.349504685828933,-20.446275157775748,0.0,2026-01-02,COST
14.779355831485187,9.872165906500681,25.15746484324889,-47.48929823907878,24.57415359985051,0.0,2026-01-05,COST
21.975453971203784,19.15318486353317,28.77274640301456,-18.80830061963779,24.37639525270432,0.0,2026-01-06,COST
1.8444055379838398,0.8423712786936532,-2.0750804740081246,25.361321609945893,-35.09361722405204,0.0,2026-01-07,COST
18.075534192286614,11.569125826326225,11.492880407952104,57.571456898306025,-66.42044255327578,0.0,2026-01-08,COST
17.525394771846237,14.27947601233489,21.145323077154504,-4.19417505998859,14.245886066441587,0.0,2026-01-09,COST
29.073558776073494,27.117485993864452,38.04801250717245,-24.773163610503293,56.05009989727039,0.0,2026-01-12,COST
5.3074256461795555,2.605179356166474,14.688748591693372,-50.98051202688275,35.22840069269945,0.0,2026-01-13,COST
-1.8525935314344755,1.2033087522844994,1.0130495240670359,-19.04645186443155,32.85179401420603,0.0,2026-01-14,COST
0.028939309956958332,2.0192879793266996,-0.8870022412418166,5.524588617167464,13.482702952947252,0.0,2026-01-15,COST
-7.312493958371406,-5.562571017928623,0.34174560480088195,-53.23793133739088,65.72314158585604,0.0,2026-01-16,COST
9.359153713796895,1.1925451788652353,23.122527094120066,-73.22108656812915,15.640328140123273,0.0,2026-01-20,COST
10.00509584794376,10.446501312096611,19.772939436008283,-48.60196568043175,43.677164450215415,0.0,2026-01-21,COST
-7.397097833285887,-5.60560044207961,-7.019733801441489,-9.661282024340613,12.186896965076201,0.0,2026-01-22,COST
9.82152109533404,7.933180729260315,16.175702222723245,-28.30356566899192,22.564014791569925,0.0,2026-01-23,COST
-16.432015455010827,-13.55956604510588,-24.869826722697418,34.194852151120315,-40.726911258271656,0.0,2026-01-26,COST
-5.246740876860305,-5.875216680585624,2.5137977784987546,-51.80997280899586,27.673041427903684,0.0,2026-01-27,COST
-6.494883445984066,-1.3917348221102106,-14.070486737401682,38.958736302537005,-4.421421356462393,0.0,2026-01-28,COST
-0.8721793751713072,-0.7659861739083152,-3.7797222823592063,16.57307806796324,-10.770689414644444,0.0,2026-01-29,COST
11.826569976475508,5.208923010119922,14.652383034985537,-5.128308374571906,-20.12919545523761,0.0,2026-02-03,COST
21.581223019919136,16.27934783568494,18.247571646724403,41.58313125909447,-68.37694651706602,0.0,2026-02-04,COST
-2.456260361026799,0.5001426833315845,-11.456149790100545,51.54307621343512,-45.040116494747515,0.0,2026-02-05,COST
8.072618546786774,8.92328970021395,12.012168196484321,-15.564679351390515,45.17571261110082,0.0,2026-02-06,COST
-12.753096437096724,-10.42713440141585,-16.94785009281529,12.415425497213544,-22.40025489951155,0.0,2026-02-09,COST
-13.938111529496478,-10.928668605544297,-30.162319976571805,83.40713915296128,-87.35326308303958,0.0,2026-02-10,COST
4.829821969242851,-2.915816023671867,11.83901717603499,-37.225349271492576,-26.66810864755453,0.0,2026-02-11,COST
7.6522888089761105,1.1193756804508033,23.956760100488587,-90.17453894009648,-6.634104148827396,0.0,2026-02-12,COST
31.800119395362742,25.459161375601063,39.43059462066585,-13.982731956433492,36.777394374602295,0.0,2026-02-13,COST
-13.777652965212518,-14.706216408230116,-17.954912716507263,11.285905542567143,-39.16998649357494,0.0,2026-02-17,COST
1.2135708924096487,-0.11539408902933636,-12.174053568403048,81.53931765730736,-77.10564399768536,0.0,2026-02-18,COST
-15.668047114868397,-8.55918772254,-32.82956143523948,87.30103880736728,-40.61094398709326,0.0,2026-02-19,COST
-2.1036478373912235,2.4621706157368792,-4.759746806322199,13.83294597620619,18.104538071048875,0.0,2026-02-20,COST
0.5739276113847477,3.3212906591159377,-0.12142309722760207,4.746031863068086,19.32359547882071,0.0,2026-02-23,COST
4.0539153305065705,4.424573813005841,8.062310527358376,-19.99645585058597,39.529652862233156,0.0,2026-02-24,COST
-3.840412920396482,-3.382531785817683,-3.2835615171735633,-7.181521339715696,8.863026504863932,0.0,2026-02-25,COST
-22.519406789459186,-18.186658344678154,-33.17139558045745,41.392525956536126,-38.96790994542383,0.0,2026-02-26,COST
-10.214703791527786,-10.952960370227512,1.4569918916754938,-80.24487789074065,93.64038862352483,0.0,2026-02-27,COST
-10.312485727066047,-10.492456343030117,-17.208383497800007,31.062900897351252,-52.977981971517146,0.0,2026-03-02,COST
-3.117204041191269,-2.855128427999505,-3.229397507605214,-2.4440432427053467,-4.03130467052017,0.0,2026-03-03,COST
7.485882392672387,1.447842141491243,14.97059259499247,-37.42237882124021,-10.32445665212758,0.0,2026-03-04,COST
-18.662096263725463,-16.255055100994657,-22.409179066487006,3.820400552841485,-17.064963992022182,0.0,2026-03-05,COST
45.184808532954676,44.40277869417298,47.26255388175698,32.71833644015229,54.16334768354055,0.0,2026-03-06,COST
4.021711935303192,-8.307481059400702,19.252035640258924,-87.36023029442438,43.2323349831615,0.0,2026-03-09,COST
7.11386775391279,6.142313899730982,6.2896630932553945,12.059095717866233,-53.13242830337178,0.0,2026-03-10,COST
-0.002860691626976419,-3.3524690887109965,2.0457596738234463,-12.294582884318055,-0.5037279628333664,0.0,2026-03-11,COST
4.5709589120726974,-16.042279129691178,25.105910877291695,-118.6387528792413,39.21941630890555,0.0,2026-03-12,COST
-1.452336406360133,-0.01296356311399472,-4.0182369255164,13.943066708584242,5.9051034582486714,0.0,2026-03-13,COST
-4.67421082578479,-5.128179640671159,-6.863658248900404,8.46247371292251,0.17665636703663945,0.0,2026-03-16,COST
2.3212405906385074,11.813652783653515,-4.343830309287618,42.31166599020435,-50.046806728740314,0.0,2026-03-17,COST
-1.5247431034904373,2.2314659167666058,-6.991331912827202,31.27478975254053,-55.79502221407107,0.0,2026-03-18,COST
-12.107332600957315,-10.51701299422662,-18.354248898887608,25.374165186631423,-25.58754466535593,0.0,2026-03-19,COST
2.8323179671876724,-0.4187116597792575,5.441052129041799,-12.82008700393126,-34.03048505937719,0.0,2026-03-20,COST
-14.867755945970638,-7.488867455329421,-20.836375920128877,20.94396389900456,-51.07493525053893,0.0,2026-03-23,COST
12.348535975989709,10.374837052309191,15.362131471818792,-5.733036998973128,-13.6272202936806,0.0,2026-03-24,COST
5.050669890669215,-1.5782827200975014,12.7898957268504,-41.38468512640158,-3.858819901572817,0.0,2026-03-25,COST
6.444955011745455,6.136952842151164,4.46150384579573,18.34566200746233,-20.672870340731208,0.0,2026-03-26,COST
0.6281738264077548,-0.39763259555717007,3.311880873938333,-15.474068458761838,3.7527198488914437,0.0,2026-03-27,COST
9.71288564044398,4.229277212186606,17.58263386420124,-37.505603702089346,-16.654028262488573,0.0,2026-03-30,COST
-10.24729573832804,-4.370338079995534,-14.29325239550288,14.028444204739287,24.994494432120792,0.0,2026-03-31,COST
-7.2295526124598375,-8.591158069949511,-3.3802439935790347,-30.325404325740088,8.231007979326035,0.0,2026-04-01,COST
1.839638748364915,-0.16212895381166478,5.685980107880304,-21.238409408713895,59.35143814132424,0.0,2026-04-02,COST
11.607034251909521,6.407278426512016,16.2898827329408,-16.490056634277046,26.664578919836543,0.0,2026-04-06,COST
-4.463889090230147,-1.2380563753726996,-4.618115278231697,-3.5385319622073528,19.50270532212566,0.0,2026-04-07,COST
24.997353945740944,14.282488128404694,37.85285181184385,-52.13563325086981,89.26052802075982,0.0,2026-04-08,COST
4.884635713191337,0.7188717723552108,5.602019356024088,0.5803338562080539,-0.24278341219975022,0.0,2026-04-09,COST
-22.38176183443964,-7.643795075744223,-36.51600663895588,62.42370699267481,-41.56789126807142,0.0,2026-04-10,COST
-6.824444256588871,3.0874485821821325,-19.974151958109385,72.07380195254115,-43.165907474799624,0.0,2026-04-13,COST
6.186840117332972,-0.5174526758648492,10.331589392743508,-18.681655535125568,18.22174395984022,0.0,2026-04-14,COST
9.540663870376168,-3.7014364097644963,20.530032746672653,-56.395549387394624,52.57470039694671,0.0,2026-04-15,COST
-5.863038245335559,2.5273111163741686,-12.134161976856305,31.763704143809644,0.6638261947204185,0.0,2026-04-16,COST
9.43591373277821,-5.65362654235748,22.981837317213234,-71.83962777382277,85.55236153101839,0.0,2026-04-17,COST
-4.503863158650382,-0.8217747502268773,-10.263416217008093,30.05345519150843,-30.283749682677524,0.0,2025-05-05,CVX
0.8205758060570317,4.806504882970724,-3.4146171248954658,26.231733391782463,-32.203338202365316,0.0,2025-05-06,CVX
-3.212467083773949,-5.462672547875055,1.9442170210584089,-34.152571712755496,27.799620113373326,0.0,2025-05-07,CVX
5.272312131902791,1.2157387129767796,9.528300962240477,-20.263620850119203,-39.14746371299198,0.0,2025-05-08,CVX
-0.9333660210931551,-5.307809408909233,5.163145683175187,-37.51243624670116,2.213503390252671,0.0,2025-05-09,CVX
-23.09884177499391,-18.66229461354727,-32.49447463871692,33.27495540736021,-3.694713739880943,0.0,2025-05-12,CVX
14.29025471476489,7.97743469129737,19.217079589350128,-15.27069453273655,0.18889229397723095,0.0,2025-05-13,CVX
-6.492663187099893,-2.8558360491926917,-8.420923783907833,5.076900393763829,20.990446569121627,0.0,2025-05-14,CVX
10.52966565593829,1.241754852865833,24.42375650353309,-72.83487942961443,72.9861068162029,0.0,2025-05-15,CVX
-4.701850962567189,-10.963104734959616,2.214399435784316,-46.19935335266217,31.80431181129368,0.0,2025-05-16,CVX
0.5714776104734081,-0.14758297136125934,1.6621062106534568,-5.972293990586333,14.274543589959253,0.0,2025-05-19,CVX
-3.170673485849468,-0.8264309251107139,-5.3425695104963635,9.860702662042225,-28.635879932315508,0.0,2025-05-20,CVX
-4.670536558371423,-2.9059812235570845,-8.16464660082439,16.294123696352642,-54.14435815280033,0.0,2025-05-21,CVX
13.098978636421855,3.3962354275650815,23.107965185296194,-46.95494065682417,33.120345761484494,0.0,2025-05-22,CVX
12.787978693488947,6.492916210088876,21.443045183406777,-39.14242024600128,61.05560263765645,0.0,2025-05-23,CVX
10.104562157248171,6.958530458820059,14.98180500517831,-19.15889493032439,33.96625979511306,0.0,2025-05-27,CVX
-10.790153904536629,-8.5259930730941,-18.454558459758804,35.196273426813036,-65.20315263698188,0.0,2025-05-28,CVX
10.448925550663947,7.0413573115101205,16.633952810992024,-26.66123801130245,63.820145605594696,0.0,2025-05-29,CVX
-5.6616732711975075,-2.0622078853065626,-10.328615917362388,22.339982605808434,11.71575117749642,0.0,2025-05-30,CVX
-2.596580399850421,0.6254907154059218,-7.204487220608154,25.05086052471665,26.505763703595836,0.0,2025-06-02,CVX
18.13068813486103,16.014719009584937,21.94282231006214,-4.742116916331397,-9.037283020560338,0.0,2025-06-03,CVX
-23.522937553791945,-6.449288380070598,-49.63218904223151,133.13257137684747,-69.96356561513522,0.0,2025-06-04,CVX
-0.8205030509801121,-1.33938451539585,-1.0442064008749787,0.5217170483911575,-25.625537026047727,0.0,2025-06-05,CVX
8.761723891288451,7.293582272627284,11.024914983895982,-4.817422664362827,18.410347753846,0.0,2025-06-06,CVX
11.102863360418826,5.268758375494967,14.339619956720743,-8.317676217370538,-34.161979035383716,0.0,2025-06-09,CVX
9.901801103390806,9.152574396877997,12.188062662306008,-3.8157682500925025,-42.02503822519058,0.0,2025-06-10,CVX
-0.011085555243445594,-7.988126480683385,9.730970310876987,-58.46342075195814,60.3269798082157,0.0,2025-06-11,CVX
6.4074566391454235,6.263196421109827,8.55555437540441,-6.4811297784006445,22.90161617783901,0.0,2025-06-12,CVX
-9.690546343220296,-3.984235929291928,-18.623248475178926,43.90566644853927,8.238652434041255,0.0,2025-06-13,CVX
2.515066959702704,-2.5197336548518185,7.401882930384052,-26.805828864369726,62.38598787043375,0.0,2025-06-16,CVX
18.572778663572528,13.911938773384712,22.330370062376485,-3.972769729226406,-3.3015882822086553,0.0,2025-06-17,CVX
-4.697629989729144,-4.4623163351986195,-8.23679079879493,16.537334864665567,-30.880338576328043,0.0,2025-06-18,CVX
-2.350713267562096,1.6658380222445843,-4.838752574392532,12.57752257342816,47.19400404847193,0.0,2025-06-20,CVX
-27.20955268545142,-12.565888358736597,-43.905370302947254,72.96535301953507,-113.53392477195602,0.0,2025-06-23,CVX
-19.041215082656095,-11.334393592564616,-27.92641405284438,34.26997873848739,-52.28734175511728,0.0,2025-06-24,CVX
2.5480048886082316,3.253709708759628,0.8319829250978521,12.844136669682387,-13.277235752293297,0.0,2025-06-25,CVX
-0.39963024707065464,-2.5896588677447006,4.220725439610387,-28.121764367154935,8.956399290271353,0.0,2025-06-26,CVX
-0.5661436138664669,2.9790040493776715,-4.399985670284794,22.436908724649438,21.740224101979763,0.0,2025-06-27,CVX
3.9848427220960296,7.99797760343271,0.3127824843317278,26.01720414867391,-11.318285959390023,0.0,2025-06-30,CVX
24.052339088435374,9.945362288678968,46.02999366772176,-107.81358838727704,36.30067626097306,0.0,2025-07-01,CVX
4.705765113280451,-3.5496885103633766,18.71741492247418,-79.36413374186644,77.6311261486449,0.0,2025-07-02,CVX
-9.377150891847363,0.3720431352008951,-19.164094123358833,49.34450849724083,46.61824126506418,0.0,2025-07-07,CVX
18.98666648433747,2.899864527183168,40.92575113791212,-112.64784143709174,97.60933261687923,0.0,2025-07-08,CVX
-3.583287099812215,-4.117048858179872,-3.1145098105221742,-6.395950835541317,-2.148754532144848,0.0,2025-07-09,CVX
5.8305627126753645,12.77132818856072,-2.420527774463589,55.33710563551647,15.713322361574683,0.0,2025-07-10,CVX
2.8185308988520306,0.23691119531405574,6.781072166206549,-20.956716705258586,14.835417664385476,0.0,2025-07-11,CVX
-14.07801018537582,-11.116130290066204,-18.981482418238834,15.34282321183214,-37.86822034078933,0.0,2025-07-14,CVX
-8.801217262591592,-7.953704011092991,-10.976487224874889,4.25040251112888,-23.222446112338393,0.0,2025-07-15,CVX
2.2712070172118923,-1.1422666278128537,2.350370493651994,1.7962261585788386,-36.0812882725047,0.0,2025-07-16,CVX
4.198537519826805,-6.098271614960319,20.24190892378438,-92.06169090391677,67.28684687305135,0.0,2025-07-17,CVX
-34.74335086963322,-14.677408751755541,-56.06318221020821,93.1756371738224,-19.003887158346352,0.0,2025-07-18,CVX
-0.7628248185970462,-6.419266033613214,6.005289612226429,-41.37151140351896,-22.37706247683139,0.0,2025-07-21,CVX
6.948730845730044,3.369535176040727,6.935569980220468,7.027696038821631,10.029682191533471,0.0,2025-07-22,CVX
7.69138592609813,-0.17241004915371075,18.637302315344485,-57.98411240935757,72.6335636679237,0.0,2025-07-23,CVX
18.567603491716536,10.537407706113282,29.562464153511513,-47.401560479049685,70.87412442495462,0.0,2025-07-24,CVX
-1.5717314598426682,-5.456607697753102,2.987314822144194,-28.92600915176751,0.13555296268330114,0.0,2025-07-25,CVX
3.616094813764736,3.0944109281399226,6.531167019981634,-13.874338423527542,16.894326028533882,0.0,2025-07-28,CVX
-1.8985500789248801,-0.06503121988515663,-3.063240105556802,5.089590080877554,42.81545556540015,0.0,2025-07-29,CVX
5.286344647257883,7.082933095174841,1.3937318843685198,28.642021224590376,-52.61724937006243,0.0,2025-07-30,CVX
-2.0526069211022913,6.596119115230038,-18.379207913214167,95.90699903158948,-38.740318997644835,0.0,2025-07-31,CVX
-23.287341308050603,-20.52956368190056,-28.083579258989566,5.49008639760378,-17.58628435683561,0.0,2025-08-01,CVX
-0.5835583541663668,3.9590376935916662,-5.25178259141074,27.42578706931496,18.136873917864648,0.0,2025-08-04,CVX
2.1206305520207995,-12.195423982293661,22.6462470103703,-121.03306819805935,60.595269751027494,0.0,2025-08-05,CVX
-13.280245846705213,-9.305885906072948,-16.269641574131434,4.656128517863232,-34.803610740900865,0.0,2025-08-06,CVX
-6.842475795182229,-9.440817106358654,-4.399109775495296,-21.502671913283454,-19.87413998387033,0.0,2025-08-07,CVX
4.784718899222301,-2.407701710267222,14.941596359295055,-56.15654586118854,9.02535410094198,0.0,2025-08-08,CVX
-5.1136179733380756,-2.36341968113166,-7.635969323026256,10.020490124794698,-21.176235465016706,0.0,2025-08-11,CVX
10.557697394594761,10.737929043634365,8.623168150503066,22.164872859144936,-48.068658584156665,0.0,2025-08-12,CVX
-1.6048937222621267,1.6696188270018308,-2.482627417676412,3.6615084502180912,45.230921943708005,0.0,2025-08-13,CVX
-4.850377345785229,-4.051485541253032,-4.320353200026314,-8.030522220320384,15.523397264452209,0.0,2025-08-14,CVX
2.197269138893607,-7.852648787946956,14.980628227903892,-74.50288539516629,-21.609268834973484,0.0,2025-08-15,CVX
0.5080467760231895,-2.5202741732719938,5.754105395529371,-30.96830494100295,-20.690055351464398,0.0,2025-08-18,CVX
0.19295139246442627,9.975620382069472,-12.577075301705666,76.81311155749802,-39.82569179896214,0.0,2025-08-19,CVX
4.067337185892566,3.0997686854728275,7.557134227683144,-16.8714450648286,16.803387159216392,0.0,2025-08-20,CVX
-1.4530542013874275,-10.844173127067277,10.553331684935282,-73.49136951932368,58.77571740726757,0.0,2025-08-21,CVX
9.394601564400904,4.383668782392029,15.145675425283585,-25.11184160088798,11.6107041078187,0.0,2025-08-22,CVX
0.6598839474745112,-0.31121893536782014,3.186667223311967,-14.500815707530414,19.0797818393303,0.0,2025-08-25,CVX
-17.639691095971212,-16.393057013532292,-20.33064556603425,-1.493964275589375,-2.4465876314256607,0.0,2025-08-26,CVX
4.631031870697938,-4.659592735681925,11.896099520744745,-38.9593740295829,7.5487497129497,0.0,2025-08-27,CVX
-0.1545625270100606,-0.10824070538712012,0.190090651217465,-2.22248159636269,29.88185903966849,0.0,2025-08-28,CVX
3.665521271559557,-0.3780713278221144,9.014846523920538,-28.430430242576204,14.572115681079369,0.0,2025-08-29,CVX
14.741169003942595,10.556412356670396,19.908634366238317,-16.26362316982114,49.24980549804599,0.0,2025-09-02,CVX
-19.194877236554557,-17.154679319885066,-19.640777598267956,-16.51947506626519,-14.940345997773013,0.0,2025-09-03,CVX
7.87805995463574,1.9860345702634052,15.241735038039984,-36.3039905457951,-45.14037312892485,0.0,2025-09-04,CVX
-6.749107191053955,0.8108919217976889,-18.17091528702994,61.781741384812975,-48.317371559535495,0.0,2025-09-05,CVX
-3.332995321857119,-3.3371609418674053,1.0708853827850673,-29.756279549712087,23.592319960990917,0.0,2025-09-08,CVX
4.4637009742067395,5.520867326594106,2.310776277318236,17.38124915555599,-68.89262013006218,0.0,2025-09-09,CVX
15.730092993150928,10.990264977493938,22.461380390008323,-24.657631387989824,52.99241558762767,0.0,2025-09-10,CVX
4.83882175469233,11.281454654735114,-2.778228845376467,50.541125355112314,23.937426368085564,0.0,2025-09-11,CVX
-12.538750276152182,-11.230700332918552,-13.828118150777826,-4.802543028394725,-36.19079956464127,0.0,2025-09-12,CVX
5.761132413450206,8.468728619697208,1.4090689796672424,31.87351301615159,-10.008158245686356,0.0,2025-09-15,CVX
10.641470613760077,7.814027705425869,14.02613922922647,-9.666541079025794,14.183035940666263,0.0,2025-09-16,CVX
3.3464256807412593,5.69871995728684,-0.6436652563013402,27.286971302986192,11.342010416753245,0.0,2025-09-17,CVX
-6.0556717071381225,-0.9756149133942716,-13.600610877380817,39.21396331433234,-12.342846903441925,0.0,2025-09-18,CVX
-24.642122882111956,-23.08837688351216,-26.88542422388978,-11.182314831432281,-21.407172068543733,0.0,2025-09-19,CVX
2.726969329390012,-0.8719523887866071,8.30172066858045,-30.721538705748973,-16.96751510227439,0.0,2025-09-22,CVX
3.6711730019186732,12.179720456584583,-8.343682321304179,75.7603049412558,-53.74837060264915,0.0,2025-09-23,CVX
3.367869583687726,4.554946271375223,2.226625553936404,10.21533376219922,-28.00598367208645,0.0,2025-09-24,CVX
4.3151927092132745,2.762988714398519,5.723852570676382,-4.136766459547659,13.930630590556433,0.0,2025-09-25,CVX
-3.663767350665681,-0.59410064518411,-8.309065635427789,24.20802235791938,-8.547389516123504,0.0,2025-09-26,CVX
-18.245943896914753,-14.321167518983211,-22.43329019932176,6.8781339175236536,-17.424687856182278,0.0,2025-09-29,CVX
-0.8151891635518815,-1.5050389744475774,2.561703396528496,-21.076544524015773,37.10265320727493,0.0,2025-09-30,CVX
3.481065233028639,-1.7015376669230684,10.71893081547574,-39.94612826165028,17.11268912058627,0.0,2025-10-01,CVX
-4.2498684202057655,4.363462687412377,-18.340840131866017,80.29596184977602,-52.96190098701604,0.0,2025-10-02,CVX
11.222201012506595,10.906502274763605,9.905048076713845,19.12511862726865,-1.057507523477117,0.0,2025-10-03,CVX
2.339002609023624,2.381661102936593,3.9664175118406995,-7.425486807867754,3.6159126260022876,0.0,2025-10-06,CVX
7.5307230863578996,-3.958528234349698,28.203590151694264,-116.50647930564364,96.6439040387562,0.0,2025-10-07,CVX
-0.9450769506652442,2.312219571324351,-1.4332278849138504,1.9838286548263926,8.490915835992233,0.0,2025-10-08,CVX
-10.159063965964348,-8.732615408790311,-13.42253337934833,9.421752514352594,-55.1763574643065,0.0,2025-10-09,CVX
-13.03841429159125,-8.053126136607569,-22.287029521593727,42.4532770884388,-58.34572765195609,0.0,2025-10-10,CVX
16.6552433926667,11.075357929914858,25.74141226174093,-37.86176982176927,50.11155222631715,0.0,2025-10-13,CVX
12.792199499764791,5.684074004941398,18.80599973831746,-23.290601931528837,6.231911163760302,0.0,2025-10-14,CVX
-10.09496997004153,0.7767835823221644,-22.982769321801392,67.23182614051204,-6.014422544011172,0.0,2025-10-15,CVX
-4.235440820636155,3.3818592255426436,-11.262477824984938,37.926781205469666,6.270000226906011,0.0,2025-10-16,CVX
0.681644043494627,2.9372159690192086,-0.4144458569976876,7.258183446454083,-3.842733795626774,0.0,2025-10-17,CVX
1.2670233204738393,2.048884406395192,-0.5137955888734359,11.951936776559336,34.035931892168406,0.0,2025-10-20,CVX
1.130234273850517,-1.3074134482159998,0.6049875531783185,4.281714597907682,-21.024187256484385,0.0,2025-10-21,CVX
-2.5262343048073888,2.055639710349258,-4.946737889567458,11.996787203760364,42.65537369082414,0.0,2025-10-22,CVX
0.9883634236397897,-5.617140496765474,9.168001694733983,-48.089466202910906,-40.45453312890962,0.0,2025-10-23,CVX
-7.113254501823587,-3.776689460564009,-10.647234921391899,14.090628015613609,-30.7665594636277,0.0,2025-10-24,CVX
-3.5989107738953185,-2.8554735401598412,-3.3996971692814313,-4.7941924015494,-15.082192170923017,0.0,2025-10-27,CVX
-1.1285573971484986,6.196509080114551,-13.568499145306646,73.51109309180406,-41.467026817284214,0.0,2025-10-28,CVX
4.720932903002601,1.051950437163277,9.521701207492663,-24.083676923926788,-4.594146437025282,0.0,2025-10-29,CVX
4.4285608605314435,2.7797729110699763,5.539599284353637,-2.2376696823869753,-49.87542004592205,0.0,2025-10-30,CVX
21.482004833758438,16.550151926169306,27.01054427060142,-11.689231787281471,-9.155276636719393,0.0,2025-10-31,CVX
-2.292445496412356,-8.793530223052292,5.514857541214917,-49.13626372216498,-51.07265291486482,0.0,2025-11-03,CVX
1.5177627800267655,1.8108626373052783,5.210309432562713,-20.63751713517408,13.308393071391064,0.0,2025-11-04,CVX
3.294239170007064,1.2548319150807492,-2.162164771521072,36.03266281918514,-50.93183378013139,0.0,2025-11-05,CVX
8.01054573420294,5.260109658847174,3.136777769541056,37.25315352218903,-51.506276619438594,0.0,2025-11-06,CVX
-1.2005529160110833,1.349814996402461,-7.547955536045708,36.88386280420583,-2.1222186845700977,0.0,2025-11-07,CVX
6.847612546381082,5.048893465587869,23.784952633162877,-94.776427974306,62.31546956019117,0.0,2025-11-10,CVX
1.6994327430613043,-0.2959140784236087,-3.6135550034145454,33.57735922192366,-39.10427423639803,0.0,2025-11-11,CVX
-17.516383357792993,-16.191672259450076,-21.340704946287644,5.429546173199001,-5.6498223457210335,0.0,2025-11-12,CVX
6.772576962392804,6.7804179566009894,2.8427712994281804,30.351410940202484,7.834034686116556,0.0,2025-11-13,CVX
9.242844664951976,7.362356918689283,22.6824126019718,-71.39456295715974,48.127343953387374,0.0,2025-11-14,CVX
0.3385365715630511,-1.609371609326117,-11.106665401735713,69.00974841136293,-63.83983006419728,0.0,2025-11-17,CVX
10.727862715532321,9.666846733990031,22.904030711779082,-62.32914526193338,44.921272059943675,0.0,2025-11-18,CVX
7.619675829029469,5.311755467436159,17.052777145575746,-48.97893207022188,33.037159901313444,0.0,2025-11-19,CVX
-11.806218826606644,-8.873485831964532,-28.80126908023031,90.16408269515036,-71.02502369824768,0.0,2025-11-20,CVX
8.068110295659073,4.7495916078155975,11.22296536223096,-10.861020103755216,-12.52519284689047,0.0,2025-11-21,CVX
3.3608285366196147,3.611353494146187,3.977431170854434,-0.338787268774088,17.389881336454305,0.0,2025-11-24,CVX
-2.437445247185556,-3.809305138165769,-0.8836557008074167,-11.76018252543338,-17.808527533366163,0.0,2025-11-25,CVX
22.96175126388803,20.426929864250813,25.549544240730626,7.4349934028419336,-5.927648303156616,0.0,2025-11-26,CVX
-0.02841512638309501,0.18351032843780266,-4.342719542491392,25.857411370268547,-18.634592795033907,0.0,2025-12-01,CVX
-11.251885262372381,-11.608949838907971,-7.920810940604277,-31.23833119296397,6.736104869039438,0.0,2025-12-02,CVX
2.913564743689687,-0.05690498008982683,5.704400988351041,-13.83145272426346,-14.489592083495477,0.0,2025-12-03,CVX
-1.7983491251568968,-1.759009859329342,0.844863722253898,-17.657626209614175,31.09392912633834,0.0,2025-12-04,CVX
-1.1545581327354735,-3.2545728293900145,-4.200530301080073,17.121274877334006,-85.35655668279385,0.0,2025-12-05,CVX
-7.057406086708752,-4.307404019977657,-13.430349399659478,31.1802537910071,13.67302588139,0.0,2025-12-08,CVX
-12.453075384402352,-12.642168643274283,-15.36492046333438,5.017995089201261,-28.880581473675157,0.0,2025-12-09,CVX
15.042768969183525,15.540522179536326,22.653336214188272,-30.620634500835532,50.69878996713929,0.0,2025-12-10,CVX
-3.323477557315749,-4.863486672070546,-6.070587853545463,13.159184220071943,-25.2232806216232,0.0,2025-12-11,CVX
-7.945545489941296,-7.949646983226907,-7.945400312651028,-7.946416553665862,-11.276638353073414,0.0,2025-12-12,CVX
-6.696528384942839,-1.6312473338350475,-8.38048658963813,3.407220843238429,45.643280560717656,0.0,2025-12-15,CVX
-8.409638904646364,-9.34613200731128,-7.827028619581687,-11.905300615020908,-26.51945433213978,0.0,2025-12-16,CVX
4.417515525764877,5.988165631872077,11.319134242862841,-36.992196776817174,53.06712240818127,0.0,2025-12-17,CVX
-4.495865638870758,-0.6906043978031893,-14.816234386054415,57.42634684424272,-12.22427614841085,0.0,2025-12-18,CVX
-14.792029204974375,-14.276435574637132,-18.107134312846124,5.0986014422637975,-16.868138273360273,0.0,2025-12-19,CVX
1.4013934943504802,1.740617310867664,1.7909643948147507,-0.9360319084123756,-3.272584268821331,0.0,2025-12-22,CVX
3.9710043898517013,2.575846210887146,6.612890829021568,-11.880314245152396,-3.0186982287379798,0.0,2025-12-23,CVX
-6.42757053538763,-4.440239056495065,-14.175691948593839,40.06115794384962,-5.239460883385523,0.0,2025-12-26,CVX
0.6377184963641842,1.3624377372039147,0.3224671397512849,2.529226636050987,-4.090546835040538,0.0,2025-12-29,CVX
-0.17269150265316197,1.191093808262244,1.0644681770403477,-7.595649580806742,18.712870237867367,0.0,2025-12-30,CVX
-0.4810437572372067,0.6109329138180025,0.2315606589304125,-4.756670254227977,16.93265654583966,0.0,2025-12-31,CVX
23.888022034036606,21.539755751744615,42.58026094948856,-88.26541145866409,79.87198312087936,0.0,2026-01-02,CVX
45.44861836648383,38.71629329361674,64.5588819890463,-69.21296336888747,46.23603918657727,0.0,2026-01-05,CVX
-69.7030567365698,-64.43659792883426,-98.66940614812866,104.09503973279935,-143.13353463026925,0.0,2026-01-06,CVX
-10.359720486842418,-11.309057772828401,-15.020006031201934,17.60199277931832,-51.439207263951786,0.0,2026-01-07,CVX
21.759052161855525,20.471044643329463,39.3685555126485,-83.89796794289153,68.45344170979192,0.0,2026-01-08,CVX
11.056790044047286,10.42835758710835,23.07096795309939,-61.02827741025302,38.65247174141343,0.0,2026-01-09,CVX
3.6545966484463905,1.359746156746657,4.364260467130427,-0.6033862636508281,-6.046035836572305,0.0,2026-01-12,CVX
0.29641368497291987,-4.049786849328237,0.8898077349549696,-3.2639506149124773,-53.64532837044479,0.0,2026-01-13,CVX
17.780848171234346,14.491873190173047,25.877468479731963,-30.798873679739447,-0.31874656315498473,0.0,2026-01-14,CVX
7.922158624326071,4.396973196654297,13.349796146036338,-24.643666505921875,-17.13504323578572,0.0,2026-01-15,CVX
2.6204643265466068,0.5871046971942995,2.8577461351556166,1.1967734749010788,-19.21116301023353,0.0,2026-01-16,CVX
0.4391210010742738,-2.878368017906849,0.6684122415002087,-0.9366264414796244,-48.49439414802389,0.0,2026-01-20,CVX
-1.4951711826118055,-3.147060834612905,-1.328771217611798,-2.493570972596543,-24.616852861933815,0.0,2026-01-21,CVX
4.206210628451953,0.5866435931590223,9.388456982844387,-26.88726749789242,-23.289826212837063,0.0,2026-01-22,CVX
-5.099596019841501,-5.303693099735572,-8.231424900474737,13.691377263959613,-32.94504051591741,0.0,2026-01-23,CVX
-2.2756843889144966,-1.0537481965404245,-5.012684299245827,14.146315073075186,2.198224380962659,0.0,2026-01-26,CVX
3.545589516306158,3.7470543204124303,11.748973627117149,-45.67471514855811,44.046389184436514,0.0,2026-01-27,CVX
0.900131707825829,2.7153743504844448,0.11129893792696124,5.633128327234118,18.487306550954624,0.0,2026-01-28,CVX
-9.528392043145924,-13.71330786741018,-11.954075236437818,5.025707116618616,-80.3281255434247,0.0,2026-01-29,CVX
5.82591128231463,10.213996750854566,14.673971306836748,-47.26244886480201,70.04716911162117,0.0,2026-02-03,CVX
10.843580928772825,6.928545186123771,23.22071668807823,-63.41923362703448,10.607195570393015,0.0,2026-02-04,CVX
3.0745413082658914,5.427541897762459,4.29083925329884,-4.223246361930211,4.43055408628839,0.0,2026-02-05,CVX
-2.175986493388713,-0.699456507425367,-11.736039954002234,55.18433427031284,-7.294536053953818,0.0,2026-02-06,CVX
10.779008703708078,10.556071636120965,17.02619156152259,-26.70408844316025,30.442802954277447,0.0,2026-02-09,CVX
1.8537126208787826,-0.051004366191124875,9.166227701864463,-42.021377865019694,4.636416578129065,0.0,2026-02-10,CVX
12.16179734529723,10.551124286606228,19.13887734639457,-29.70068266127146,25.345314098673718,0.0,2026-02-11,CVX
-19.882793137399723,-17.31232485789174,-32.412043225902515,55.29270739363718,-71.56833829396129,0.0,2026-02-12,CVX
-0.23533264614904306,-0.03033201049274465,5.067654866680985,-32.05325772311061,15.654613680835299,0.0,2026-02-13,CVX
-9.76039642980922,-9.908622990699005,-1.1841272008070096,-61.21801180380042,15.869764435720315,0.0,2026-02-17,CVX
0.2961476516705555,0.4341273290234504,6.148992989097863,-34.82092437288552,41.658310797901194,0.0,2026-02-18,CVX
-11.243473596884762,-11.209340798280689,-16.314228214731234,19.181054110215474,-55.038530377329415,0.0,2026-02-19,CVX
-5.8687134305387545,-4.030928102726482,-6.043990001597535,-4.8170540041767715,26.52845731162436,0.0,2026-02-20,CVX
-7.998367516558426,-6.0749825089953475,-9.060846925313795,-1.623491064001609,5.949364575789241,0.0,2026-02-23,CVX
1.7243369139653775,1.0030228040518374,7.146124950517487,-30.806391305345745,13.763891889883723,0.0,2026-02-24,CVX
-1.551996959976142,-1.1134867985251662,0.837437956107454,-15.888606456463805,20.555611691186833,0.0,2026-02-25,CVX
8.875021107600277,4.903257707917387,13.220468129189863,-17.197661021921842,-27.487666976678497,0.0,2026-02-26,CVX
-6.62132939835019,-5.559387322254378,6.147252293094296,-83.23281954698957,50.23187719312198,0.0,2026-02-27,CVX
-0.7644631717608118,0.006686751241615634,3.039045980917187,-23.585518087821285,25.07981997670179,0.0,2026-03-02,CVX
5.346602507208859,-3.174843239110707,14.78578226642695,-51.28847604809067,-37.03659426838467,0.0,2026-03-03,CVX
-5.212304818024696,-4.571290677840209,-3.675681525951268,-14.43204457044692,3.3158723892674726,0.0,2026-03-04,CVX
1.5586132847356589,0.4399764089052805,9.966116499457065,-48.886406003573214,55.4385662995451,0.0,2026-03-05,CVX
-2.8601771145657082,-2.137056784464081,-2.54676382302649,-4.740656863787543,2.1074723566866016,0.0,2026-03-06,CVX
-1.790693851091974,-0.655932953690507,-6.899201438341521,28.860351672402324,-38.4517010999744,0.0,2026-03-09,CVX
-3.7508248581373578,3.4857606237054477,-11.47202734174018,42.57639004349626,-55.111021349141055,0.0,2026-03-10,CVX
6.5953592372112855,1.4880780089751757,15.495657785654233,-46.806432053438925,90.51168980424018,0.0,2026-03-11,CVX
23.936119559473717,12.898042184633999,37.6684567275998,-58.45790344926547,1.4472946039030168,0.0,2026-03-12,CVX
-1.1789285150564797,-3.8113924499753966,1.830187241813139,-19.233623056264054,30.96198689765449,0.0,2026-03-13,CVX
5.409636232377289,7.706490396527433,3.597217096271083,16.284151049020295,-11.119843111052331,0.0,2026-03-16,CVX
-0.2783885362421209,3.3082056258707917,-5.1434663748136416,28.91207849519986,-48.24711662575501,0.0,2026-03-17,CVX
0.776149493139013,-4.464990622737064,6.052669350300061,-30.88296964982015,-41.66264894263396,0.0,2026-03-18,CVX
10.878943214738419,8.201845881429465,11.655257664184784,6.221056518057401,13.678638501339107,0.0,2026-03-19,CVX
13.996104461851479,9.153156534981383,20.217429780490782,-23.33184744997875,-70.81735122774693,0.0,2026-03-20,CVX
30.250355153587137,32.24664477661073,26.62654148957535,51.99323713766487,91.33390110659599,0.0,2026-03-23,CVX
0.27924690230529203,6.3838099369752745,-8.782174332598911,54.647774311733244,-57.85026068555532,0.0,2026-03-24,CVX
-2.462402483748553,-2.832522571290588,0.17554273296414766,-18.290073784021995,-31.410682705179475,0.0,2026-03-25,CVX
6.2742200880063335,-5.257934257227344,21.798648847237974,-86.87235246738214,-8.975485471881548,0.0,2026-03-26,CVX
16.470301870611483,13.941020565776071,18.934782919418566,1.683415577777057,1.4463347140496998,0.0,2026-03-27,CVX
-23.510936888242007,-15.983025066485604,-32.51160781068688,30.493088646437958,-81.29415972005715,0.0,2026-03-30,CVX
45.73521921087511,80.79048447669099,10.843260470232169,255.08697165473004,-16.143174221922806,0.0,2026-03-31,CVX
-39.5083571134828,-32.13296165483657,-49.73325989373706,21.841059568048507,-39.472166401647776,0.0,2026-04-01,CVX
-57.18424713516407,-46.53803097354241,-70.99282745548608,25.667234786786356,-76.10648209325491,0.0,2026-04-02,CVX
2.874959176549359,-6.791633646250265,15.871279264767542,-75.10296135273678,43.538291292714696,0.0,2026-04-06,CVX
-1.0149626500629747,11.017866148327595,-13.718152923006615,75.2041789876045,-17.43391670742349,0.0,2026-04-07,CVX
9.532909512046324,5.412881105753375,17.382566731921095,-37.5650338071889,110.2435970890086,0.0,2026-04-08,CVX
-29.798754757066458,-2.9496794238612973,-63.386536176173024,171.72793375759952,-109.3194845974576,0.0,2026-04-09,CVX
-8.472333227341926,-11.072798053609654,-3.839971808884254,-36.26650173808644,36.12736603221506,0.0,2026-04-10,CVX
-1.2790223118671264,-1.8950186327696816,3.476398800805351,-29.811548987890085,37.20078499158361,0.0,2026-04-13,CVX
-5.013581912356822,0.850657167962084,-8.8768959381188,18.166302242218087,31.04328790141398,0.0,2026-04-14,CVX
-3.6943035592836764,-4.400592691148671,-4.85604034180379,3.2761171358538643,-33.39120373574061,0.0,2026-04-15,CVX
8.269307886193431,4.665581525807242,12.05361768994654,-14.436550936322194,35.16552582165648,0.0,2026-04-16,CVX
57.23482519199939,38.53685406890665,81.66607371756372,-89.35266596137407,161.96248454555516,0.0,2026-04-17,CVX
8.224746254002142,4.594141451435581,10.678245662514014,-6.4962501970525715,-15.69560618447677,0.0,2025-05-05,DIA
0.31306173850884766,5.228783077206697,-3.306020712167847,22.027556442569015,-32.18123386579026,0.0,2025-05-06,DIA
-1.023509227567736,-0.015931111116287987,-1.729854902832719,3.2145648240360094,12.714600862176615,0.0,2025-05-07,DIA
11.470724921888003,-0.9637514765364209,20.174740274567508,-40.753367194187646,-26.896687936509785,0.0,2025-05-08,DIA
-6.249988850110389,-3.56353786977357,-8.45399165106999,6.974027955655464,-11.310192898483924,0.0,2025-05-09,DIA
-0.5403214018508075,-5.2613489058329375,3.2761121635593273,-23.43892279429011,29.05189969626432,0.0,2025-05-12,DIA
-3.9394845823455733,-2.2813603928026183,-5.928171560625338,7.992637287350501,-28.681988277459507,0.0,2025-05-13,DIA
-3.460477289676918,3.3880181192105985,-8.628567558953113,27.548064325997803,-12.349168749346891,0.0,2025-05-14,DIA
13.807653762294066,2.3549807261236246,24.50567534588225,-50.3804757392202,48.07878643685849,0.0,2025-05-15,DIA
9.083007562920617,1.0817902043673364,14.836162189983456,-25.43592019944036,40.945220144119745,0.0,2025-05-16,DIA
13.063061148838155,6.7204286760270895,16.990496516810378,-10.501551058973863,31.682555136859825,0.0,2025-05-19,DIA
-3.001720255266449,0.4468836464105699,-4.72253742375697,7.323182755688662,2.871990544401544,0.0,2025-05-20,DIA
-5.4003768245481005,8.061836170271453,-14.597581184579614,49.78284933565718,-58.36381122311319,0.0,2025-05-21,DIA
7.884021973991013,-1.557747447630393,13.884279589850447,-28.117523721143883,-7.701492325588198,0.0,2025-05-22,DIA
9.021150552513424,3.4425057510951698,12.73337915787769,-13.2522210796394,2.3631864532192854,0.0,2025-05-23,DIA
8.389465054587287,1.000379853018992,14.786892625518306,-29.99510037097595,33.44913682655902,0.0,2025-05-27,DIA
-0.4014934176397829,2.3030510712831074,-4.250354885507509,22.69167538957599,-26.774376129983136,0.0,2025-05-28,DIA
2.656587995900127,5.2281851352033435,1.5100528297183975,9.535798992991852,22.346537636810197,0.0,2025-05-29,DIA
1.6683609718158288,5.2679776660654865,-0.9252469231436904,17.23000834158102,7.286812585725341,0.0,2025-05-30,DIA
12.20526022542578,8.669190650825733,15.15895372153304,-5.516900751204293,51.41067727716152,0.0,2025-06-02,DIA
11.486211189531126,4.180813899376354,17.391255473759774,-23.9440545158354,23.823144747531835,0.0,2025-06-03,DIA
0.6496397522393033,2.681374148858735,-1.5807047900394653,14.031707005938607,-23.767379587040647,0.0,2025-06-04,DIA
5.6757621251668455,4.722141489717022,7.407299561409564,-4.713462492290805,-20.717422083446724,0.0,2025-06-05,DIA
-5.6447061103570375,-2.2903413055233277,-9.174190160721048,15.532198191850908,-0.1089949130316756,0.0,2025-06-06,DIA
6.933794354750007,-0.46057220724100995,11.393460545632891,-19.824202790520747,3.2962087348515356,0.0,2025-06-09,DIA
2.9145950587877394,1.0746838021475253,4.912925506566001,-9.075387627875203,16.101512858577216,0.0,2025-06-10,DIA
2.9005619406244447,5.853185612832717,0.4763671769605674,17.445730522612994,-14.16787842472995,0.0,2025-06-11,DIA
11.884362848524788,9.341467408510306,13.836365927631059,0.17234437390437735,27.42291052089488,0.0,2025-06-12,DIA
-2.6887445874166835,-1.762363180754538,-1.2119290852862759,-11.54963760017902,-27.586454610574133,0.0,2025-06-13,DIA
-3.792933002167264,0.8639460506734297,-8.034357542439906,21.655614239481906,-13.251390414855768,0.0,2025-06-16,DIA
-5.886835982089572,1.521957342892795,-11.671587347641442,28.821672211232354,-34.067821437898424,0.0,2025-06-17,DIA
-3.4611349129873883,3.378595120726359,-9.561493297402858,33.14101539351346,-32.85761805502877,0.0,2025-06-18,DIA
-8.638404770594311,-4.574622165543087,-11.372513135869507,7.766245421082436,-13.305850013079363,0.0,2025-06-20,DIA
3.6732077457042096,1.5793366157741826,5.055677901499831,-4.621613189056107,47.18765170537487,0.0,2025-06-23,DIA
2.5974596574316955,-4.327750020579961,8.421981137759133,-32.349669224527645,13.676946557022942,0.0,2025-06-24,DIA
-1.3883276793031842,0.9533839578987074,-2.850886857996888,7.387027392872264,2.500806622264341,0.0,2025-06-25,DIA
6.774621072621124,1.525270416947881,11.23251227594055,-19.97272614727047,25.08359163690742,0.0,2025-06-26,DIA
5.847473458162549,3.7895811940306414,8.35753815416862,-9.212914717845278,15.713658285933146,0.0,2025-06-27,DIA
0.33059994445382745,0.08104933038712271,1.2243959638932878,-5.032176172186811,16.565121851066078,0.0,2025-06-30,DIA
8.767539987599184,1.391985937618358,15.859747966174321,-33.78570788383245,9.410284362437508,0.0,2025-07-01,DIA
2.2636941177238024,1.5478000265366918,3.581547174089371,-5.64342422046705,5.381636491267104,0.0,2025-07-02,DIA
-2.602815160794918,10.168972708635748,-11.85606243990838,52.91666851390505,0.8872990780570533,0.0,2025-07-07,DIA
-2.941127871023826,-3.5395334867660457,-2.868519393381064,-3.3767787368739786,-13.084922636290752,0.0,2025-07-08,DIA
-6.155358036648091,-5.922343211351912,-6.783584670328527,-2.3859982345513946,13.157540909234374,0.0,2025-07-09,DIA
11.586908077943269,6.32485300326478,16.323215979244686,-16.830939329847407,1.762578104554989,0.0,2025-07-10,DIA
0.29834340573481394,1.821947148485177,-1.625645390259097,11.842276181705968,-1.681590722383584,0.0,2025-07-11,DIA
5.067290331101433,1.5428172807646343,8.41490443591878,-15.018394297793684,17.20196170045094,0.0,2025-07-14,DIA
-11.378081906802391,-6.98603970251807,-15.270323114054117,11.975365336723385,-39.8386962305995,0.0,2025-07-15,DIA
9.089463386403082,5.34965767948619,11.258280768052947,-3.9234409034754747,36.459913356641856,0.0,2025-07-16,DIA
4.442185032568625,-0.4867685568905637,8.746855485337,-21.385837684016032,22.1809753963156,0.0,2025-07-17,DIA
-6.452265760536779,-4.50588016925049,-7.260877330582338,-1.600596340257013,3.8160009045565744,0.0,2025-07-18,DIA
4.183945387551169,3.5761640215100066,3.994658263323999,5.319668132921858,-31.112843490397054,0.0,2025-07-21,DIA
4.01548144896947,1.7165985494487404,5.608412979473002,-5.542107734028682,21.034810101066665,0.0,2025-07-22,DIA
6.294968842461672,-1.668525196018227,12.383770518479539,-30.237841213621447,37.534647769502186,0.0,2025-07-23,DIA
-1.212005484925809,-0.01515612436132328,-2.2803059211117063,5.1977971322009955,-20.69530640913241,0.0,2025-07-24,DIA
5.744715436541382,0.8089293602923044,9.597628255329552,-17.372761476173675,19.891967303937633,0.0,2025-07-25,DIA
-3.6997006195727895,0.2921598996399597,-6.533736174798833,13.304512711803747,-6.53384954723521,0.0,2025-07-28,DIA
-6.712418006549784,-1.6125554406703297,-12.145726941900914,25.887435605570985,-12.145613150902369,0.0,2025-07-29,DIA
5.5456877355250835,9.170926122404348,0.9288516459342139,33.24670427307285,-18.821074017521074,0.0,2025-07-30,DIA
-4.393778553957744,2.0293808816345287,-11.49056454317734,38.18693738137521,-51.9953570149153,0.0,2025-07-31,DIA
-1.2527504134494107,-1.0463246413974516,-2.1929302292347823,4.388328481265427,2.092972228212261,0.0,2025-08-01,DIA
7.165058114088356,4.124127599116241,9.841299352893005,-8.892389318726641,26.97707994725849,0.0,2025-08-04,DIA
2.7628401023937577,-1.24124222800754,5.029504675562083,-10.837147336607169,1.6321516895032455,0.0,2025-08-05,DIA
5.971583894129274,-0.059052800453012935,11.889497366447095,-29.535896939775082,4.193002444982553,0.0,2025-08-06,DIA
-15.967988690724086,-9.368571732096107,-21.605133583498365,17.854880665942268,-3.2863824295056996,0.0,2025-08-07,DIA
1.2795049314755615,0.8161534600575767,0.2825187775760982,7.261421854892928,2.2818689985177807,0.0,2025-08-08,DIA
-5.115993290003284,-3.2727181128236236,-7.112262219535179,6.861620287211299,-15.148465135213602,0.0,2025-08-11,DIA
10.396365953897625,9.26794726988402,11.25436548207729,5.248368784822195,15.834530819050924,0.0,2025-08-12,DIA
6.828703501771523,4.9639180942564245,8.805263588509163,-5.03065701864036,29.782524197944582,0.0,2025-08-13,DIA
2.3920438955858923,1.0293651819368244,3.321691667494033,-3.1858427358566095,21.357850637453865,0.0,2025-08-14,DIA
-1.9906374304783423,-4.555545442888842,-0.7631726159783945,-9.355426317462873,-10.688613530220502,0.0,2025-08-15,DIA
-1.5394793272201033,-2.2260055717386096,-0.781495419542585,-6.087382773259905,-3.416096079942805,0.0,2025-08-18,DIA
-7.523692069402431,2.5115981197563215,-15.849553368902189,42.43147572760875,-13.138763132205924,0.0,2025-08-19,DIA
0.5951010087408064,-2.5642377889297614,4.7467585503847936,-24.31484424111299,6.194452737481849,0.0,2025-08-20,DIA
1.966214841189755,6.024780900827784,-0.6202200020036625,17.484823900359146,2.5243898664085864,0.0,2025-08-21,DIA
17.244868800587128,13.062127004719793,22.06587995732507,-11.68119813982057,17.276334191523762,0.0,2025-08-22,DIA
-7.396011090874472,-3.8932989589468145,-10.42491135277779,10.777390480547945,-29.27380211826548,0.0,2025-08-25,DIA
-1.0695804535342688,-3.2529344460885445,0.36856444716914083,-9.698449857752221,19.400929948490266,0.0,2025-08-26,DIA
2.881053468720882,1.0565192595518027,4.563219900086577,-7.211945119454578,5.733705453348431,0.0,2025-08-27,DIA
2.518498584580264,-1.6754352028859998,5.3587103999963555,-14.522772307897585,18.373247196188572,0.0,2025-08-28,DIA
-1.3754140100981798,-3.6248287562923815,0.4119021404560468,-12.099310913414806,11.82570891498356,0.0,2025-08-29,DIA
3.9149183802231176,6.928700746238491,1.116064656965912,20.70804071978018,32.651335785833446,0.0,2025-09-02,DIA
-2.0561081359715474,-0.3215546974856728,-2.335197771933414,-0.38157032019657544,26.383069516733666,0.0,2025-09-03,DIA
6.166308804219411,-1.081603072084339,12.741806884183312,-33.28667967554653,28.81638404577095,0.0,2025-09-04,DIA
-6.524504899365158,-5.5713499194588545,-6.770418282546855,-5.049024600254988,0.44548428162907105,0.0,2025-09-05,DIA
4.592955650455692,4.080208752456929,6.60203379375925,-7.4615132093431775,24.841267382692266,0.0,2025-09-08,DIA
9.213590887537151,3.047476966523173,15.168827395323534,-26.517828159164978,22.827658894006856,0.0,2025-09-09,DIA
-6.947575134243357,-2.421805245495172,-11.434465881016774,19.9737693464121,-4.363263710513515,0.0,2025-09-10,DIA
13.308584981771842,10.644226752433383,15.880491956091339,-2.1228568641377423,19.35115261221007,0.0,2025-09-11,DIA
-3.8152930693572076,-2.6661618829806812,-5.62059499797874,7.016518502399159,-21.227688756818655,0.0,2025-09-12,DIA
-0.2946417596070865,2.2735194482202647,-2.8089382372608482,14.791137106330321,7.178170794012634,0.0,2025-09-15,DIA
-2.0727366677874537,-3.837809531125104,-1.0113578152452152,-8.441009783030973,1.3683659631300074,0.0,2025-09-16,DIA
4.88359712007479,3.5135113040582606,5.816910472148039,-0.7162829923548474,-1.9082052328454793,0.0,2025-09-17,DIA
1.8421504162313436,4.982632586026763,-1.7739844956387523,23.538959887458056,-5.627000591668551,0.0,2025-09-18,DIA
1.3286198061226293,-2.7261429494380294,3.470750933195826,-11.524166956293195,9.886647292029936,0.0,2025-09-19,DIA
8.753174358076127,3.456462248025438,13.286644405255455,-18.44764592499248,14.924627609280579,0.0,2025-09-22,DIA
-5.255027764231697,5.061472443882335,-12.91723785146049,40.71823275914107,-20.82067158035367,0.0,2025-09-23,DIA
-7.1719722923875,-0.6941162075604459,-12.81631755003091,26.694099253486485,-24.80817893869139,0.0,2025-09-24,DIA
-2.2942796392830545,1.2426999888895722,-5.4218053370747805,16.470874547479667,-5.285144147862816,0.0,2025-09-25,DIA
4.723114881422813,-1.1492733245965343,9.106775516335034,-21.57884892803329,6.1818553119199935,0.0,2025-09-26,DIA
-2.5414692084590182,-3.4531666811610457,-1.738039841508635,-7.362045410149021,15.349383505577107,0.0,2025-09-29,DIA
1.0394014454108738,0.8253390432906677,0.7629295808582331,2.698232632736551,27.13207979019999,0.0,2025-09-30,DIA
4.77202573887345,3.361019002627143,6.485767202601906,-5.5104230434874895,5.048898840080611,0.0,2025-10-01,DIA
2.2129583048259507,-1.9928119363399714,4.725690435369395,-12.863434478421249,17.07395392776672,0.0,2025-10-02,DIA
-0.2746395756861877,-0.5733074719559664,-1.4710078597912946,6.903570128949305,-24.887876770463187,0.0,2025-10-03,DIA
2.690361114404695,-0.6573970872363089,6.219874088506864,-18.48671673020466,6.916393392585713,0.0,2025-10-06,DIA
-7.110565371454072,-4.328630169972662,-8.799605399579558,3.023674797308604,1.9506970532088692,0.0,2025-10-07,DIA
4.45542405094604,4.438392317865021,4.496283139225446,4.210269521298842,-12.505177263411767,0.0,2025-10-08,DIA
-9.005181714828852,-5.722858198685035,-11.224391088778672,4.310074528876191,-10.129247489835858,0.0,2025-10-09,DIA
-26.119205462983288,-1.8568270313394548,-49.84665468981604,116.24548989802929,-105.24713067681672,0.0,2025-10-10,DIA
8.20056532360545,2.3405445170108523,14.172630904935723,-27.631828164363846,13.882654583315492,0.0,2025-10-13,DIA
36.40689639395933,18.11030449582889,48.843087495712126,-38.210250216558705,39.019597879491215,0.0,2025-10-14,DIA
-10.648427053322813,2.4362448462680195,-20.340000162171535,47.50101159978421,-29.42626877984155,0.0,2025-10-15,DIA
-14.037709518096161,-2.093282396239861,-23.080604606687604,40.21966101347591,-39.5332635960888,0.0,2025-10-16,DIA
5.9886478797134775,1.7919453329624127,7.915136656352281,-5.5702847801082465,16.556106957764978,0.0,2025-10-17,DIA
11.798759659659725,5.693374683239701,16.606495025402268,-17.04765253477722,24.906834548914762,0.0,2025-10-20,DIA
4.568579254653731,0.6064891057634063,8.866751530019735,-21.220454397535036,-6.950164026296093,0.0,2025-10-21,DIA
-3.625883497189713,2.92225634469625,-8.232423704511255,24.01335774675172,-17.552550414025003,0.0,2025-10-22,DIA
5.219296456597406,0.16541399613798258,9.520844162312702,-20.58998977767001,14.128351682388343,0.0,2025-10-23,DIA
6.938360388232556,1.705329008767165,11.639413726779765,-21.267959643035034,3.0945670979432367,0.0,2025-10-24,DIA
-0.9598135842251161,-0.4829176437786517,-0.7628201737762574,-2.1417740469158724,15.980547933001537,0.0,2025-10-27,DIA
0.8901472429860932,-1.4314168359617108,1.0669736449141822,-0.17081116857054843,-17.744759066341555,0.0,2025-10-28,DIA
7.095085193602574,12.815778927643601,1.8242450882437302,38.720125825763965,-29.91065665836754,0.0,2025-10-29,DIA
0.4924274739714382,5.051608308613091,-3.053181355139989,21.76608044866738,-50.70194544704569,0.0,2025-10-30,DIA
-1.5770200560525955,-0.33297248642198224,-1.712251762754411,-0.7656298158345313,3.4399387388542624,0.0,2025-10-31,DIA
-0.7585785756957161,-3.035545653215076,4.744757149641618,-33.778592927710115,3.618127224145605,0.0,2025-11-03,DIA
1.8060697400899894,3.687863269446782,-2.684354184500987,28.748613287655154,-3.728153875103131,0.0,2025-11-04,DIA
9.126077528083098,7.049452654841532,13.733373339784965,-18.5176973421245,10.682875624315745,0.0,2025-11-05,DIA
-5.612260443287171,-2.552693403072161,-10.559811089092138,24.07304343156319,-14.44338298929784,0.0,2025-11-06,DIA
0.8595754558450664,5.852763233449297,-0.5457043733850547,9.291254431242812,47.57074880432838,0.0,2025-11-07,DIA
1.0687997125414392,3.1881215781686585,3.33279482412626,-12.515170956957855,32.80514024901678,0.0,2025-11-10,DIA
8.643487328241278,7.030722475200059,17.555498123538325,-44.82857744352076,39.350719246964225,0.0,2025-11-11,DIA
2.439739812019299,2.958141543446384,0.975742349621715,11.22372458641422,-2.4413751806013027,0.0,2025-11-12,DIA
-15.70915600012826,-14.879366285306263,-29.661539582368075,68.00514549331776,-70.65197165635621,0.0,2025-11-13,DIA
14.741347704892855,10.87108582073628,19.550699871397647,-14.114765294122645,1.357611988083079,0.0,2025-11-14,DIA
2.623152756651923,0.08559260566557625,-7.410485174637741,62.82498034439234,-55.643836574016134,0.0,2025-11-17,DIA
0.36598677683448017,-1.0690841800073025,3.6606162684579107,-19.40179017289256,-9.873719794993882,0.0,2025-11-18,DIA
-5.341393286714726,-1.6165212630177381,-9.257954217130736,18.15797229580475,10.13696136330331,0.0,2025-11-19,DIA
-13.415028394582968,-6.264956570446896,-38.978888873661816,139.96813447990488,-92.22309873981695,0.0,2025-11-20,DIA
19.947272063831463,13.912264206345434,30.583059168008862,-43.867450561208315,19.80818703555511,0.0,2025-11-21,DIA
14.83421822098277,12.719774442421249,17.83819547264853,-3.1896452889983364,7.261638410744732,0.0,2025-11-24,DIA
29.45419413711857,27.11636656919609,40.320039534467874,-35.74087824696269,64.01242031896241,0.0,2025-11-25,DIA
7.938027730646792,4.938981116509054,13.052252432553313,-22.74732048077556,-2.300377337364577,0.0,2025-11-26,DIA
-2.3749771040172925,-5.119819912606286,-1.0634019083241333,-10.244428278167863,-25.83708288798753,0.0,2025-12-01,DIA
1.7546566949580338,1.475188992301611,4.883634244873101,-17.019208604531176,8.674325495371606,0.0,2025-12-02,DIA
17.243552407155743,16.07348045131656,23.521890079901297,-20.426473629305676,33.35781912581758,0.0,2025-12-03,DIA
-4.249695112241627,-4.005014837497023,-6.542390381028723,9.506476500490445,-3.0128367734966877,0.0,2025-12-04,DIA
-0.7240400157690895,0.20463253986681712,-3.6230863786938423,16.67023816178889,-9.346545995697868,0.0,2025-12-05,DIA
-8.509669204101666,-6.7694130708519875,-12.12215317292141,13.165234608832233,-7.52421438501766,0.0,2025-12-08,DIA
-6.309575589790303,-6.425799517413583,-11.051534740283655,22.142179313191207,-32.6692507944705,0.0,2025-12-09,DIA
0.2586259510845606,2.7622952335893425,6.333437872435188,-36.190245577010906,42.2503715132773,0.0,2025-12-10,DIA
20.081633356902675,18.68474201328426,25.708572179175924,-13.679999576716922,35.067394832433514,0.0,2025-12-11,DIA
-13.7175627949051,-12.156629381575023,-19.32081364905795,19.90194233001432,-24.287988893918513,0.0,2025-12-12,DIA
-6.49214374281111,-5.9422347616232525,-5.303877681796957,-13.621740108891343,0.8075750933739794,0.0,2025-12-15,DIA
-10.129382566435996,-8.325463511332558,-12.665744066280382,5.088786432632677,-11.076841822518656,0.0,2025-12-16,DIA
-14.38549881878855,-11.776141365955965,-23.959246346666152,43.05698634849359,-39.77748731540565,0.0,2025-12-17,DIA
-6.76991172768065,-5.713275798585193,-11.857374024274359,23.75486205190637,-32.67144089941825,0.0,2025-12-18,DIA
1.321136702835989,-0.3768676141147065,0.8815133116037185,3.958877050241407,-16.78847669526525,0.0,2025-12-19,DIA
5.305420966049809,4.451719834420086,6.835004179316701,-3.8720783135480152,2.334773513399438,0.0,2025-12-22,DIA
5.381704676019902,3.9642602429466107,7.653753270400142,-8.250586890242745,3.5259533784260375,0.0,2025-12-23,DIA
-2.7319347728725027,-1.3268888704821389,-4.265138578264269,6.46728805948043,6.042175241081889,0.0,2025-12-26,DIA
-7.0957555893368305,-6.046519271551259,-8.065332652163862,-1.2782932123676056,-9.113413126859962,0.0,2025-12-29,DIA
0.7592112724570163,0.2269538986734545,1.8690827174735583,-5.900017397630485,-2.592979315910566,0.0,2025-12-30,DIA
-2.129759721217571,-3.686161911044007,-3.7948952460508623,7.861053427803413,-26.692284272049566,0.0,2025-12-31,DIA
17.834257042848566,16.561206549580568,26.698745778867494,-35.35267537324849,47.751844255396676,0.0,2026-01-02,DIA
16.920730918701544,14.832802566868132,17.840676419267098,11.401057915319825,-2.682882341424376,0.0,2026-01-05,DIA
21.462777763368027,20.72818015300561,27.626235506260148,-15.517968693974302,42.64563850593099,0.0,2026-01-06,DIA
-12.385651911247786,-15.526512318605926,-14.126158922627997,-1.9426098429607461,-50.474576722508445,0.0,2026-01-07,DIA
15.653330764748357,14.07817815501865,19.207545819212754,-5.671959562019528,16.29242891944004,0.0,2026-01-08,DIA
13.483263793734588,12.984919473207272,15.204088159913876,3.158317596663459,15.297214157126025,0.0,2026-01-09,DIA
21.626100907298383,20.1510347039859,28.890762950451755,-21.961871351599992,46.314148491355965,0.0,2026-01-12,DIA
-7.7074242234523025,-8.98962875200539,-8.49708627016985,-2.9694519431377815,-15.939081433144231,0.0,2026-01-13,DIA
0.958479714903065,2.447898632966416,2.7100482784932294,-9.550931666620535,23.073731091503785,0.0,2026-01-14,DIA
8.500856976377303,6.658555882700928,9.536130925963327,2.289213278870351,-0.13739738778968402,0.0,2026-01-15,DIA
-2.3131129325487247,-3.730831096409058,-1.3973198848171047,-7.807871218933841,-11.046971170244404,0.0,2026-01-16,DIA
-4.312879819833645,-4.592821381351118,-10.960274899619463,35.57149065890579,-37.35820491387685,0.0,2026-01-20,DIA
3.591062317912425,7.083626208256862,4.754517302080684,-3.389667587076208,34.64017016329566,0.0,2026-01-21,DIA
3.020148046170767,-0.11786284230495732,5.168337750179925,-9.868990177871527,-12.296430138449113,0.0,2026-01-22,DIA
-0.8001132665825048,-1.0980970095433897,-0.6760092700479445,-1.5447372457852355,-0.7503887938477648,0.0,2026-01-23,DIA
4.965832065490087,4.728780681327689,7.948229040127514,-12.92854978230913,13.420794722583407,0.0,2026-01-26,DIA
-1.4106596014904447,-2.2235256859558348,1.1849046636974951,-16.98404519260648,4.655095900258834,0.0,2026-01-27,DIA
-0.7948844222339261,-1.0266369116740146,-0.6981904993772322,-1.3750479593682898,1.6854436835483135,0.0,2026-01-28,DIA
0.6174141764931871,-0.42455240804911815,4.349996398282966,-21.778079154233865,18.895765208838405,0.0,2026-01-29,DIA
-6.69346061992907,-1.1218648336188222,-16.591137410325043,52.692600122459474,2.3045776873265824,0.0,2026-02-03,DIA
2.645856906978278,6.789455836298527,-2.2244792939358335,31.867874112476738,6.993748452051839,0.0,2026-02-04,DIA
-2.8773216857173805,-7.347241370680405,0.9842650807899599,-26.046842284760263,-26.65884151411395,0.0,2026-02-05,DIA
17.00141964134033,16.525362240590557,24.39828016591789,-27.379743506117034,54.201060037272605,0.0,2026-02-06,DIA
7.111940953085909,7.054458650566893,8.012928904541727,1.7060132443680265,8.944736233210401,0.0,2026-02-09,DIA
-4.008146957563738,-3.5876604699821564,-8.247970603972304,21.430794920889916,-24.08097877291812,0.0,2026-02-10,DIA
-1.828780654818431,-3.6196109812733677,1.6953136072141526,-22.973346227004864,-1.4331455581857941,0.0,2026-02-11,DIA
-27.381567714832453,-19.077036658119553,-48.321545943951875,98.25830165988978,-70.16948019376852,0.0,2026-02-12,DIA
15.778438474290143,12.248101288388392,17.499966308448318,5.449271469350271,3.0250998784561416,0.0,2026-02-13,DIA
8.043569353075474,4.839978421807691,16.035598844099177,-39.90860759306215,15.0258164163581,0.0,2026-02-17,DIA
3.689880013955858,2.1862585237135703,0.9667735063665893,20.028519059493753,-10.523804442310254,0.0,2026-02-18,DIA
-5.481131716425319,-3.7973682648138842,-8.676562666207191,13.691453982267062,0.1392828739394472,0.0,2026-02-19,DIA
2.80661356893698,7.191314894418416,1.1307340312242342,12.861890795222655,34.30222609803586,0.0,2026-02-20,DIA
-13.276495969672508,-13.115030645290656,-16.580753550625605,6.549049516053039,-25.74437253260134,0.0,2026-02-23,DIA
11.199877220374528,11.359334444024968,9.55460750572384,21.071495508287907,9.469821743388,0.0,2026-02-24,DIA
7.856919592469367,6.629993656527191,13.075679827256735,-23.455641816238714,23.44113374981431,0.0,2026-02-25,DIA
-5.096907279482724,-4.822715969377775,-0.6895895087894789,-31.54081390363759,12.763498535955698,0.0,2026-02-26,DIA
-1.9479795207538335,-0.38260671272099167,-0.645729626723959,-9.761478884923777,18.7261090086208,0.0,2026-02-27,DIA
11.814882762604846,9.927177194525076,14.639703949154905,-5.134044356696669,15.748508372561243,0.0,2026-03-02,DIA
42.401794759332624,36.236025902361796,64.62275729980395,-90.92398048346705,85.65655137319617,0.0,2026-03-03,DIA
7.084125260900716,7.228248235704654,6.079345299398716,13.112805029913888,-3.285082408454608,0.0,2026-03-04,DIA
-18.089966931872713,-12.066691785922236,-27.42385188879953,37.913342809698854,0.6075747872267759,0.0,2026-03-05,DIA
11.46331611400953,11.423679276606407,13.853983927897959,-2.8806907693042594,24.752508417187933,0.0,2026-03-06,DIA
17.663920602453995,1.8636157231684605,35.4113141693793,-88.8204407990882,123.20957185258867,0.0,2026-03-09,DIA
12.76534654103865,5.280153515169872,19.15680021381779,-25.583375495621958,-24.173727622905908,0.0,2026-03-10,DIA
-7.582924113200264,-8.703973017361479,-7.251756445749376,-9.56993011790439,6.656964020564996,0.0,2026-03-11,DIA
-8.5769398597156,-11.779106469784738,-6.772176777757927,-19.405518351445874,-33.47808764250519,0.0,2026-03-12,DIA
-16.734170638703752,-9.798299351142175,-23.698487616252933,25.051731226608332,-39.75494784966857,0.0,2026-03-13,DIA
-1.5492758345891169,3.312063327293369,-5.350956373398207,21.260807398275087,-8.378230512337938,0.0,2026-03-16,DIA
-8.93581844950111,-6.322641121581782,-10.93771089539551,3.075536225874935,-21.67373153778459,0.0,2026-03-17,DIA
-11.34505943055597,-8.52407085204551,-14.634667995127815,8.392591956893396,-65.62313309123547,0.0,2026-03-18,DIA
-3.2934622038033643,-7.6914555685215955,1.61802458547661,-32.76238293947951,22.013833691765086,0.0,2026-03-19,DIA
-11.181216295129994,-10.281601164006943,-12.36315540543936,-4.08958163326883,-29.457217731896495,0.0,2026-03-20,DIA
-16.031160679455308,-5.953732874340953,-22.433844109310495,22.384939899683147,-42.49902716895208,0.0,2026-03-23,DIA
11.809726560739328,7.18910525302396,17.411900111502742,-21.803314743831294,-8.805487444701878,0.0,2026-03-24,DIA
-1.3783414243682242,-1.6554108248245276,-1.0477276848916501,-3.3620238612264446,-6.806695217514117,0.0,2026-03-25,DIA
-19.782796231802095,-4.425550314684158,-32.2847333889538,55.22882671112664,-54.44258275554541,0.0,2026-03-26,DIA
-10.962465133659187,-2.318658507452452,-16.546209248136968,22.539999553213754,-58.92572075291102,0.0,2026-03-27,DIA
-9.393404584095748,-3.335741327603098,-12.95857458675173,11.997615431851418,-31.666323351964802,0.0,2026-03-30,DIA
16.242898271433962,3.6350930109829975,24.82182801347493,-35.23068018080443,83.6409691243464,0.0,2026-03-31,DIA
3.162179726147967,1.0740149496874738,5.424406517599927,-10.41118102255526,-15.344440918400856,0.0,2026-04-01,DIA
12.900784861339465,7.230118789024345,20.30941073794568,-31.550970398288015,34.91657433885053,0.0,2026-04-02,DIA
6.0053549179929115,7.357975062324262,4.742972457495892,13.579649680975031,20.01898871382516,0.0,2026-04-06,DIA
3.4678546561563577,2.8376796937051574,3.1242914954708985,5.5292336202764565,32.87768737731572,0.0,2026-04-07,DIA
-7.892437836569843,-8.851976121953857,-7.743022061008368,-8.788932489924427,21.119722995318533,0.0,2026-04-08,DIA
12.048235038603755,-2.90097908638255,22.517968449456788,-50.77016542651444,30.202167715566286,0.0,2026-04-09,DIA
-6.910682449586119,-0.3380080551845945,-12.064624885069572,24.012972163334727,-15.988355766956273,0.0,2026-04-10,DIA
19.214668840581634,9.691453394039705,26.28410487439065,-23.20194736226414,80.50939851298018,0.0,2026-04-13,DIA
10.336694701634665,7.524298209681443,13.726928207265509,-10.004706332133983,19.711504019333315,0.0,2026-04-14,DIA
-7.380468594074774,-6.272065915915339,-8.602203136114648,-0.0500613418155872,1.7512956552041226,0.0,2026-04-15,DIA
3.544307181192615,-1.9479225900058899,8.277298289028119,-24.85363946580165,16.388129095450353,0.0,2026-04-16,DIA
8.263191733871277,8.536691414931738,7.983932771016036,9.938745511011916,-5.2290542884484905,0.0,2026-04-17,DIA
9.35547310971148,7.63281658753917,7.933091235701565,17.889764353770968,-20.38153106110121,0.0,2025-05-05,GOOGL
20.298175415825707,20.7887209887053,20.58621071500308,18.569963620782325,-10.190970153300674,0.0,2025-05-06,GOOGL
7.92347981421429,143.46096092172903,-111.943063371115,727.12273892619,-72.86002559790457,0.0,2025-05-07,GOOGL
15.634163119902354,3.4130868552940843,22.9782381871926,-28.430287283817016,-3.806600607019032,0.0,2025-05-08,GOOGL
-14.105243517095783,-11.647417114056907,-12.035002942438044,-26.52668696503663,-16.72418308113604,0.0,2025-05-09,GOOGL
8.177834786573301,-8.028363117877548,16.95080351173053,-44.45997756437728,51.31480647897094,0.0,2025-05-12,GOOGL
22.95078016047325,22.525413481101868,24.684863222174936,12.546281790264928,11.290285663623674,0.0,2025-05-13,GOOGL
37.11682578014978,15.006510459650945,55.67215284785196,-74.21513662602878,65.1565763090197,0.0,2025-05-14,GOOGL
-9.393011418119148,-1.6237481977015462,-10.262385155433787,-4.176768994217481,-24.86427397350469,0.0,2025-05-15,GOOGL
-33.024240262712965,-24.99702533922617,-42.781224226302356,25.517663518826815,-57.66423545294661,0.0,2025-05-16,GOOGL
10.47427117603801,1.2102139822631666,18.384209067636032,-36.98535617353464,72.49152609893325,0.0,2025-05-19,GOOGL
5.5167517408322055,18.481187041039995,-2.134490019145688,51.42420230072876,-90.5710327925159,0.0,2025-05-20,GOOGL
2.2384436925769156,11.573370165350747,7.631124397665346,-30.117640537931912,-75.45694883372515,0.0,2025-05-21,GOOGL
-31.192085314114713,-9.782737522332486,-55.19329060203031,112.81514641339528,-145.03835126921305,0.0,2025-05-22,GOOGL
7.719165480427762,3.3357780354591333,10.240354807569583,-7.4079704824130825,-35.501499247597025,0.0,2025-05-23,GOOGL
12.594774585293022,10.639422048668724,12.528372606044389,12.993186460811227,37.37819539191246,0.0,2025-05-27,GOOGL
-15.078263525146603,-9.388338436379938,-18.309798377317673,4.310945587889673,-45.3583388984338,0.0,2025-05-28,GOOGL
-23.30106301967282,-12.708349494283587,-29.055880988182068,11.227844791381006,-13.178339289762553,0.0,2025-05-29,GOOGL
-5.5014014257667965,3.5258169320315575,-10.385369042578779,23.802404275123468,86.10205766846465,0.0,2025-05-30,GOOGL
9.403842138531873,8.499820854383954,9.643520735642923,7.9657705558773575,5.5979791777049055,0.0,2025-06-02,GOOGL
8.935217640225714,6.491224425787924,7.813654380349527,15.664597199496443,-53.58962355806837,0.0,2025-06-03,GOOGL
-1.2225359796324262,-5.193566559992531,-0.08007800590091967,-8.077283822009575,44.59629541403666,0.0,2025-06-04,GOOGL
2.1891193869897783,5.109985331099733,0.30029448356742655,13.522068807528925,-67.36994508686927,0.0,2025-06-05,GOOGL
2.9047480086588506,-5.292249302849118,6.985318725457138,-21.57867629211938,33.311132470519055,0.0,2025-06-06,GOOGL
4.9849714525771205,0.8004402275008505,6.98363798011194,-7.007027712623708,18.602724751187786,0.0,2025-06-09,GOOGL
21.232106015666933,28.464082134415104,16.44612461059674,49.94799444610082,-6.0000527690763645,0.0,2025-06-10,GOOGL
-21.858662621556388,-7.048653614055357,-32.020514701267345,39.11244985672686,-55.33427341719984,0.0,2025-06-11,GOOGL
0.403309831305272,-0.7258018250387851,-0.278508303307245,4.494218638993292,-16.470698225685794,0.0,2025-06-12,GOOGL
26.938052743421,10.695736019520096,42.82188328341702,-68.36493049654052,-24.97072565131285,0.0,2025-06-13,GOOGL
6.450770448237448,5.820251689755889,6.653796770148027,5.232612516786906,53.29511119314883,0.0,2025-06-16,GOOGL
6.002072622577721,1.1866260374153552,10.378308013155078,-20.25533972088158,-19.688362530873412,0.0,2025-06-17,GOOGL
-1.0341399271904894,-1.2724981118732084,-4.073739893997905,17.203459873671857,-102.15753941688115,0.0,2025-06-18,GOOGL
-29.22854152060281,3.1117639379624404,-61.34113119324781,163.4469965152823,-158.9017442490131,0.0,2025-06-20,GOOGL
4.527355200844177,31.144967327402195,-13.17297810673795,110.7293550463404,42.92483327593529,0.0,2025-06-23,GOOGL
4.385942547000133,3.2801469945753206,6.6468377216614165,-9.17942850095227,-28.911244615582675,0.0,2025-06-24,GOOGL
16.753798254227437,24.51858793876694,14.15127046652391,32.368964980463616,13.220132253824673,0.0,2025-06-25,GOOGL
22.896684704639195,8.84274580129075,36.58307419909595,-59.22165226209141,69.02723748654763,0.0,2025-06-26,GOOGL
-53.98197233956431,-49.419525622636215,-52.19953890989779,-64.67657291755043,202.77950552847417,0.0,2025-06-27,GOOGL
-18.112682801254174,-15.659144052040963,-22.85907341649731,10.36566089021587,-49.77629553053897,0.0,2025-06-30,GOOGL
11.0601325509057,9.160470373700544,11.181941271682252,10.329280226262616,45.261655723411806,0.0,2025-07-01,GOOGL
21.02635454661771,7.626485736096841,31.37801942333308,-41.08363471366489,60.00628505145051,0.0,2025-07-02,GOOGL
-16.726339359952032,-1.605099378945022,-25.581135768039967,36.40243908859965,-12.74635118211585,0.0,2025-07-07,GOOGL
-20.993458366527506,-16.02090300277999,-29.485252634518393,29.957307241437338,-10.721226302791191,0.0,2025-07-08,GOOGL
16.48688581981718,35.237338158939814,2.735295107771499,98.99643009210409,-9.281439535677396,0.0,2025-07-09,GOOGL
25.87674841680686,2.4482278159048145,43.86925836150523,-82.0783112513657,58.639613032784695,0.0,2025-07-10,GOOGL
14.890847140866008,-13.15199740295257,36.39846170588877,-114.15484024926108,36.824645243951835,0.0,2025-07-11,GOOGL
-5.716770856376049,-16.00538982118616,2.614921933562408,-55.7069275959911,23.220852510305207,0.0,2025-07-14,GOOGL
6.330649814526197,1.5378687025718547,12.154622667646244,-28.61318730418321,-59.77274997445818,0.0,2025-07-15,GOOGL
5.638492015984531,9.23941170597209,2.841009505889806,22.42338707656218,-28.00509640760511,0.0,2025-07-16,GOOGL
23.912273741638018,13.852022937539605,29.88755067260012,-11.939387844115926,51.55352731777706,0.0,2025-07-17,GOOGL
-1.7395866731736336,-9.38031831558895,4.713220582231835,-40.456430205589534,9.852094824703007,0.0,2025-07-18,GOOGL
19.10287815038201,13.36905856905797,23.601117958946443,-7.886560700988057,61.15553007602767,0.0,2025-07-21,GOOGL
10.325418575969827,-8.032376634854954,22.32317776436605,-61.66113655441348,65.63952734909901,0.0,2025-07-22,GOOGL
-5.787859249687839,-8.342930977440764,-5.474824777683829,-7.666066081705919,8.634458568491146,0.0,2025-07-23,GOOGL
-21.862502250310797,-18.267863176300292,-21.86375950391199,-21.85495872868454,-73.74380406183374,0.0,2025-07-24,GOOGL
6.847524719253194,8.200591386995029,7.291187319613495,4.1855491171105115,-0.4736980234153641,0.0,2025-07-25,GOOGL
-7.022757329631884,-10.248716745042184,-6.399246477109683,-10.763822444757686,31.433084548911722,0.0,2025-07-28,GOOGL
10.766043974918954,-9.233078911647096,24.026412075870674,-68.79616463077089,70.3735226154394,0.0,2025-07-29,GOOGL
10.323675756782263,2.2932965852832776,18.73808390467837,-40.16277313056396,12.286842789203517,0.0,2025-07-30,GOOGL
-14.47327056005961,-2.8236778174033716,-25.96517268294381,54.47814217726033,-47.91480745924631,0.0,2025-07-31,GOOGL
-7.481434659180346,-3.985927872564303,-11.643661953677045,17.491929107813377,2.7061174555919427,0.0,2025-08-01,GOOGL
21.474886037116693,19.14163966737757,19.350630487833254,34.220419332826125,62.08410264669996,0.0,2025-08-04,GOOGL
-9.955114919485588,4.722268316343303,-23.686264145200887,72.43178043481493,-45.94121289135385,0.0,2025-08-05,GOOGL
11.2542626400108,-8.28625387005021,27.042907295962053,-83.477605295688,35.77051605239911,0.0,2025-08-06,GOOGL
-5.148872007326196,6.757853962749847,-12.619226386464458,39.673254267510615,19.792743975027378,0.0,2025-08-07,GOOGL
22.04526079675524,25.766819885494982,23.760136287376984,11.756007853047409,25.941025096960562,0.0,2025-08-08,GOOGL
12.607484386195571,2.764726372974456,22.38894709187283,-46.08129184784388,21.2257525834778,0.0,2025-08-11,GOOGL
12.983875037387783,1.19741401684163,20.897321125013914,-34.496801488360624,12.280201598917564,0.0,2025-08-12,GOOGL
24.89761635997968,34.40143231567196,19.11800340874058,59.575294067422725,-9.685256130024836,0.0,2025-08-13,GOOGL
3.038100377320557,-4.092961456924028,9.702485923739978,-36.948212901194566,-13.07014077142421,0.0,2025-08-14,GOOGL
15.184773380119536,17.01894498491699,9.417544189221005,49.78814852552458,-52.419763987064776,0.0,2025-08-15,GOOGL
-14.660569257928627,-6.084887846248393,-23.306879524806575,37.21729234335026,-8.161971483518206,0.0,2025-08-18,GOOGL
-6.330141411371196,-6.670546188983241,-7.583754969132029,1.1915399351909788,19.83610184135872,0.0,2025-08-19,GOOGL
10.719524849263516,-6.65009567149681,23.609359855916587,-66.61948519062919,14.282726890729078,0.0,2025-08-20,GOOGL
-13.689354826410547,1.0013656024169992,-27.79230759213132,70.9283617679226,-32.61768467974565,0.0,2025-08-21,GOOGL
11.35373127967139,-14.356247123073608,27.57213862370619,-85.95671278453187,36.01158472106492,0.0,2025-08-22,GOOGL
18.392689008153635,12.319346091771175,23.39081153042136,-11.596046125441818,-8.242040105055874,0.0,2025-08-25,GOOGL
7.598717466907508,5.565025192751295,7.81740289956621,6.286604870971786,18.87436886573653,0.0,2025-08-26,GOOGL
1.1478304949167368,12.657566690589992,-7.4314440040778225,52.623477488888206,-2.801821830999456,0.0,2025-08-27,GOOGL
32.23789562637675,21.18002485502866,41.25464608340638,-21.862607115806448,37.420969942461845,0.0,2025-08-28,GOOGL
4.012485684173732,-1.390471230531409,6.103065491285323,-8.530993158481092,30.074818077361197,0.0,2025-08-29,GOOGL
16.887085377897698,10.327010058192442,14.692950807765351,30.051892798704024,116.2208678281681,0.0,2025-09-02,GOOGL
30.42417174163714,15.37715936631044,43.84279660038687,-50.08757741083888,88.57945516535834,0.0,2025-09-03,GOOGL
17.33871017649915,-9.836662565653345,39.11802812250289,-113.33719749951217,144.75818448002465,0.0,2025-09-04,GOOGL
5.661109097604737,-4.362126723709177,15.999633030865292,-56.37003450194765,51.38309242984874,0.0,2025-09-05,GOOGL
-21.771660324256576,-10.82852437340234,-30.189234273603898,28.7337833718358,-53.27707718393192,0.0,2025-09-08,GOOGL
16.760778897552342,-2.789043348635683,28.279899334300644,-52.353943722920725,87.82497348041515,0.0,2025-09-09,GOOGL
-3.8465088787954387,-0.17054000380047676,-6.555248344902675,12.405927917862192,-35.10150947373403,0.0,2025-09-10,GOOGL
11.421893424611138,-8.071670616754878,26.01727119630531,-76.1503732055468,22.67989407482319,0.0,2025-09-11,GOOGL
11.060598315446931,-3.379831199068451,21.878001940717226,-53.84382343616066,21.0802682136611,0.0,2025-09-12,GOOGL
15.4970281496107,18.747459710278722,8.596602590365919,56.89958150509759,79.33182585876438,0.0,2025-09-15,GOOGL
5.015867595304278,-2.2795706636856874,8.727330906020033,-17.25291226897894,-7.706523405424075,0.0,2025-09-16,GOOGL
-6.229313601465835,-8.78811515874821,-6.514479817111194,-4.518316307579979,21.700749526170075,0.0,2025-09-17,GOOGL
-13.879725183445819,-12.038223312971962,-18.119563291010362,11.55930346195612,20.706722802297183,0.0,2025-09-18,GOOGL
8.879290824268791,-3.2949966838172218,16.064458008848508,-34.231712283189346,32.54523950863233,0.0,2025-09-19,GOOGL
0.4666778067765568,16.612709058570974,-11.506222154536491,72.30407757465709,-7.846458876199015,0.0,2025-09-22,GOOGL
2.4576678433426586,5.569793449674693,1.3181685342906504,9.294663697659221,-4.423566682961594,0.0,2025-09-23,GOOGL
-14.21110817513037,-2.075207129495688,-21.367224838857453,28.72559180724127,-61.37347469140276,0.0,2025-09-24,GOOGL
24.388542159158277,25.329588582551143,24.033756785880474,26.517254398836744,39.58771494125061,0.0,2025-09-25,GOOGL
-3.8763156123651186,-6.52892360556191,-2.3019175942213193,-13.322703721223311,-22.67091064892655,0.0,2025-09-26,GOOGL
-10.786750719311128,17.32193739312569,-31.626737168815588,114.2531679777387,-101.55446473934519,0.0,2025-09-29,GOOGL
1.9637023976840433,-11.009223628194984,10.170024244322093,-47.274228682132474,75.40924543104092,0.0,2025-09-30,GOOGL
10.653186273070355,-19.74873902693812,29.29343066826178,-101.18828009807117,67.80782060072761,0.0,2025-10-01,GOOGL
-2.3302464704968466,1.452121949707867,-7.1439999722804455,26.552274540219855,46.79724301464811,0.0,2025-10-02,GOOGL
18.30372590974452,-0.5024229506070417,36.078651725747584,-88.34582898627033,52.125622180141455,0.0,2025-10-03,GOOGL
13.752067095549156,-20.020978929121256,37.16733667656323,-126.73955039052157,93.52592837906764,0.0,2025-10-06,GOOGL
-16.718149302031588,-5.828417826625956,-26.02271692380577,39.10925642863191,-55.55337473296531,0.0,2025-10-07,GOOGL
2.624461884413768,8.34967408466536,-1.8103143419530097,29.2331192426214,-10.006435559059737,0.0,2025-10-08,GOOGL
-12.351176499729421,-13.122030977233134,-14.078492343094197,-1.9872814395113036,16.259639097215945,0.0,2025-10-09,GOOGL
-15.215648415359732,10.06701417519107,-42.76126289276435,150.05803844907985,-107.52957293149717,0.0,2025-10-10,GOOGL
14.587376574473906,-0.5093502888476855,28.238597996024353,-67.31995195482173,77.15238924422565,0.0,2025-10-13,GOOGL
36.58898026888995,23.00122265401986,46.51960382532579,-22.994761069713523,22.743019878346452,0.0,2025-10-14,GOOGL
3.77776308414899,16.433556759804013,-5.3807741883098075,58.728986718899506,49.92304708926771,0.0,2025-10-15,GOOGL
-20.685580990194243,1.0010320880175623,-35.87184398555652,70.43199698198616,-68.62870344423654,0.0,2025-10-16,GOOGL
18.561583483941682,5.875779779091181,24.1113838588669,-14.737218765601723,57.1225642001149,0.0,2025-10-17,GOOGL
8.210335834570287,7.8560250621930985,9.311924149912192,1.6008059425388363,20.93322966198422,0.0,2025-10-20,GOOGL
26.40951958572469,19.473175277026986,16.66910364473304,84.85201523168828,29.384237734083005,0.0,2025-10-21,GOOGL
-34.48680284718866,-21.643552081598575,-42.62417856944569,14.337451486358026,-33.185681398118675,0.0,2025-10-22,GOOGL
6.442181259342587,5.4846551491568585,7.077766045145739,2.628672544533754,-23.783177184165293,0.0,2025-10-23,GOOGL
23.617888586957495,20.232736184470603,25.18454465788626,14.2179521613849,-0.9437117336789771,0.0,2025-10-24,GOOGL
13.599363560741784,-5.876724870116113,28.995845920760463,-78.77953059936178,79.56097445165001,0.0,2025-10-27,GOOGL
-4.658508923869034,-8.66553131324804,-2.78220473747426,-15.916334042218569,-9.940611042180937,0.0,2025-10-28,GOOGL
9.615145362280744,-13.023097459573105,27.244464187851282,-96.16076759111948,116.43737768676088,0.0,2025-10-29,GOOGL
-31.55147282751107,-0.33608074931001786,-53.411001805009946,99.60570103748815,-167.87446443173624,0.0,2025-10-30,GOOGL
-12.795968260325376,-19.703229607364374,-3.2744627532162105,-69.92500130297631,31.110022734779125,0.0,2025-10-31,GOOGL
9.360493296152539,11.717921158201106,11.58770960381087,-4.00280454979745,40.560949707821734,0.0,2025-11-03,GOOGL
-7.692134275277815,-1.617202113301769,-17.901993358809083,53.56702022592002,-22.991370596536797,0.0,2025-11-04,GOOGL
13.768984910055392,13.703757651672785,16.389831871288145,-1.9560968573391166,38.48939411985353,0.0,2025-11-05,GOOGL
0.40995568731528176,-2.388224481773248,2.7609373855989237,-13.695934502368624,-9.616063385533128,0.0,2025-11-06,GOOGL
-11.994139366231138,-7.310098272485509,-15.111473265776588,6.709864031049744,30.985996594390652,0.0,2025-11-07,GOOGL
20.30465959754381,21.996281485735427,23.82343899617631,-0.8080167942492152,76.30873519959646,0.0,2025-11-10,GOOGL
0.61679028875298,0.34353759596233135,6.064020324480883,-32.06658992559679,53.689105133439654,0.0,2025-11-11,GOOGL
-15.431999619977248,-11.718589154695687,-19.27502399690243,7.626146641587719,2.045007103074617,0.0,2025-11-12,GOOGL
-0.6741964288062057,-0.6426682008609178,-1.4447196785260001,3.9489430695227314,-30.40153251397267,0.0,2025-11-13,GOOGL
35.887916322169275,31.45518218587776,39.736436066258285,12.796797857645474,7.366889233682711,0.0,2025-11-14,GOOGL
-48.975827103337465,-39.4547222316081,-70.23240091779954,78.56361578344678,-108.32100530423872,0.0,2025-11-17,GOOGL
25.48071944679364,9.122671583428268,48.28438747336417,-111.3412887126056,-17.05725172314475,0.0,2025-11-18,GOOGL
-32.47668994727065,-11.368160564778572,-66.52904876439803,171.83746295550128,-109.02942596548709,0.0,2025-11-19,GOOGL
-91.29565784268388,-68.83245300176398,-141.64047915753906,210.77327004645863,-285.05489596201716,0.0,2025-11-20,GOOGL
4.423132056020603,-0.6368285847825251,18.415896772863512,-79.53345624502352,37.33517281201876,0.0,2025-11-21,GOOGL
24.77785497604927,28.475458878865055,23.865840084490497,30.249944325418095,77.41133715745616,0.0,2025-11-24,GOOGL
-15.755422744015457,-2.37241990572203,-38.445478311218345,120.38491065920891,-2.222460215101095,0.0,2025-11-25,GOOGL
-8.65377453721837,-11.03504463332126,-2.584373776501313,-45.070179101499356,19.11333128186375,0.0,2025-11-26,GOOGL
-3.492464589665207,-5.077159606049395,-5.416692559507132,8.052903229393516,-50.98311924645738,0.0,2025-12-01,GOOGL
-3.6880731286140125,-3.0099512751183153,-6.300197932990685,11.984675697651422,-7.954292969702585,0.0,2025-12-02,GOOGL
28.935703226589336,21.294931229999477,40.53119625677782,-40.63725495453801,16.73156355311133,0.0,2025-12-03,GOOGL
-14.28174145435705,-13.041149489286104,-13.902762791982067,-16.555613428606943,12.132503211696266,0.0,2025-12-04,GOOGL
-6.015820337541005,-3.076711376703258,-10.685710422143583,22.003520170088628,9.242673452148207,0.0,2025-12-05,GOOGL
-36.102043597079025,-23.884063049273557,-53.86788892773855,70.49302838688898,-35.59563627355236,0.0,2025-12-08,GOOGL
42.85908267350278,32.92169466185618,58.26574664243088,-49.58090114005495,66.62658785576528,0.0,2025-12-09,GOOGL
5.086783798711784,11.811851005200285,4.675400351393238,7.555084482637365,70.25828665109634,0.0,2025-12-10,GOOGL
-17.259107489300213,-10.711884327745066,-30.7815805105626,63.87573063828495,-49.79563721014115,0.0,2025-12-11,GOOGL
-4.670414349787611,-6.601340246724375,-1.938381200408541,-21.062613246032594,9.525028662665376,0.0,2025-12-12,GOOGL
-10.448781769234865,-8.31793797101101,-7.961834628163591,-25.370464615662502,22.26700043006419,0.0,2025-12-15,GOOGL
-13.149009842676692,-1.341295806557121,-26.146873303247553,64.8381709207559,19.05640451527807,0.0,2025-12-16,GOOGL
-35.78616673633338,-36.37639101944995,-42.800332788988946,6.298829579613307,-93.87434472425448,0.0,2025-12-17,GOOGL
13.630475807466158,9.92006714041106,18.548542832899656,-15.877926345125413,14.091454358844844,0.0,2025-12-18,GOOGL
15.45787580214377,17.49979734355211,16.94300736083532,6.547086449990734,84.02358035923406,0.0,2025-12-19,GOOGL
17.2959636901613,13.288951713431135,26.20465586410381,-36.15618935348823,43.6035673373108,0.0,2025-12-22,GOOGL
16.583034917947067,11.738751529414245,25.858936762712368,-39.072376150646555,31.140572471100107,0.0,2025-12-23,GOOGL
0.856194974511987,-0.3095506871440735,2.8116755009790553,-10.876688184283172,1.88265536939055,0.0,2025-12-26,GOOGL
5.807186785798318,7.898554120907272,5.513821580787467,7.567378015859785,32.84477310776755,0.0,2025-12-29,GOOGL
-3.333349210944372,-4.860596402453958,-0.32308075006956766,-21.394959976182346,-11.211499848549519,0.0,2025-12-30,GOOGL
4.197996380748621,3.502321152661813,2.2157446553709974,16.091506733017987,-16.125142165355495,0.0,2025-12-31,GOOGL
-29.338915159300253,-26.161100512793247,-31.495370393822125,-16.400183752160004,4.963616812393554,0.0,2026-01-02,GOOGL
-5.1156357414694265,-1.380150096374411,-10.63035781653889,27.97269670894017,6.17130551657682,0.0,2026-01-05,GOOGL
-21.69869475940662,-18.75938608299517,-25.686174464900986,2.2261834735523305,-2.3894790590925545,0.0,2026-01-06,GOOGL
12.907769694777294,7.749678097096042,22.24306982100064,-43.10403106256101,38.88308702250855,0.0,2026-01-07,GOOGL
13.723720747948612,11.799562804531488,13.416467330457706,15.567241252914997,-4.24913085915746,0.0,2026-01-08,GOOGL
7.3211434062499805,6.938723244664088,6.369680165617178,13.02992285006578,-23.415881658255504,0.0,2026-01-09,GOOGL
15.30336422364642,18.61100182593983,13.736379311759018,24.705273694974274,58.04343650702948,0.0,2026-01-12,GOOGL
3.531280884311712,-4.984245633774249,10.531257434178174,-38.46857841487525,-27.040939633865474,0.0,2026-01-13,GOOGL
12.721627813818532,12.425153352943985,18.34675878172467,-21.029157993601267,61.66730795536476,0.0,2026-01-14,GOOGL
-5.763998136713305,-6.067808886172504,-6.5260267194361905,-1.191826640364034,-0.2902846147921795,0.0,2026-01-15,GOOGL
-13.43269403746094,-13.282019405416857,-12.784821803803478,-17.31992743938161,-2.3231051337650253,0.0,2026-01-16,GOOGL
9.255892706507245,4.9466173208507005,8.285724712868529,15.076900668365855,-59.31704528556069,0.0,2026-01-20,GOOGL
18.834425743154576,16.129164001427007,27.094036092360824,-30.723236352069033,24.8331399315176,0.0,2026-01-21,GOOGL
5.488580237203814,3.004226750430759,5.260150466110199,6.859158863780956,-15.19535577049325,0.0,2026-01-22,GOOGL
-13.98305171011209,-6.8556492868840255,-28.106352183457698,70.75675112995812,-55.39983560758869,0.0,2026-01-23,GOOGL
30.662359426525786,23.498623794287848,38.423232730236975,-15.902880395731092,2.7060998564572976,0.0,2026-01-26,GOOGL
-3.623683343687037,-1.5559342048039215,-8.23126195051213,24.021788297285536,-30.503152023240816,0.0,2026-01-27,GOOGL
-9.592885004209919,-1.7985917644786888,-14.564118021638448,20.23451310036126,25.526418397691483,0.0,2026-01-28,GOOGL
16.616628685029248,3.5226030099534444,43.6867131145066,-145.80387789182802,141.88131049533453,0.0,2026-01-29,GOOGL
-34.11993561572892,-27.056918854308137,-47.381042789451136,45.44670742661432,-66.97017868062852,0.0,2026-02-03,GOOGL
-23.30987237393499,-12.886185328935323,-37.176498360092936,59.889883543031374,-25.449883982907348,0.0,2026-02-04,GOOGL
17.90009220298121,-0.029833911644990444,65.02735695071664,-264.8634962834139,205.8210032879958,0.0,2026-02-05,GOOGL
-10.276206692244674,-12.788388519909246,-9.473793557507541,-15.090685500644623,-18.80078754511742,0.0,2026-02-06,GOOGL
32.393377242550834,22.68710272697172,43.92232201036308,-36.78029136430334,18.8590529106259,0.0,2026-02-09,GOOGL
9.087728583523294,9.401783747318827,8.389242224012891,13.278646740591057,-6.173335550458734,0.0,2026-02-10,GOOGL
-20.812247520889034,-23.538009018198853,-21.60610070739275,-16.04912840185947,-43.599523336731494,0.0,2026-02-11,GOOGL
-15.39556448602455,-16.42103149603723,-25.094297016886692,42.79683069915195,-78.54102501324118,0.0,2026-02-12,GOOGL
6.224500040952584,4.510472151687135,2.4187014731203207,29.059291447949878,-16.983133921232984,0.0,2026-02-13,GOOGL
6.081104839954493,-5.973941428479061,25.59690254455075,-111.01368138760415,33.5040580275227,0.0,2026-02-17,GOOGL
-0.393110416636876,-3.9708058120215,2.1560248522193275,-15.687922029762847,3.11206141625844,0.0,2026-02-18,GOOGL
7.580322154214174,2.1332162830045225,12.438559593455492,-21.56910248121501,-18.603081173763687,0.0,2026-02-19,GOOGL
31.22939884907064,20.860609176641283,50.834798912291994,-86.40300153026116,62.6842002083163,0.0,2026-02-20,GOOGL
-25.370207721029423,-22.27488255873121,-37.94237777690504,50.06281261423516,-85.20690372924462,0.0,2026-02-23,GOOGL
26.13254866190733,21.901431290830622,33.10213546041296,-15.684972129124628,32.40241221601808,0.0,2026-02-24,GOOGL
-0.28487368040842104,5.560011444078595,-3.414045336426681,18.490156255706616,49.63442994473712,0.0,2026-02-25,GOOGL
-4.128526815467476,-10.478054741984588,11.337759524641307,-96.92624485609976,35.60211766399692,0.0,2026-02-26,GOOGL
-1.7879760478177058,4.59274806234874,-2.2033147812544644,0.7040563528157517,107.25410241091676,0.0,2026-02-27,GOOGL
10.412055492433996,2.7934562806193144,18.32434527895227,-37.06168322667008,12.303810301294575,0.0,2026-03-02,GOOGL
20.826246274589927,12.495161223542478,42.01496686208927,-106.30607725039476,102.03158700160901,0.0,2026-03-03,GOOGL
2.427830541697567,6.4336390745704515,-5.907837818949817,52.44184070559685,-19.19505664203577,0.0,2026-03-04,GOOGL
-16.03441460103369,-11.455936557536932,-17.705956747451104,-6.005161722512116,32.349696610926685,0.0,2026-03-05,GOOGL
10.465975267390315,11.151109627463363,6.633037055848162,33.46360453665084,-11.715833105159604,0.0,2026-03-06,GOOGL
31.345148568912627,2.710430240878676,55.85352610085183,-115.70511662272074,192.4502600503299,0.0,2026-03-09,GOOGL
1.983730446299509,-2.8447599748136927,8.068117205596126,-34.52259010946172,-17.615885564517352,0.0,2026-03-10,GOOGL
0.9570535544813749,11.26858785497424,-9.079399215113716,61.17577017205927,-9.21437679016472,0.0,2026-03-11,GOOGL
-9.76336080963506,-18.724838401571855,-5.8809863816169,-33.05760737774215,-11.72205170731773,0.0,2026-03-12,GOOGL
-12.31207716074588,13.207201326276548,-32.59464709868447,109.38334246690063,-38.60998591437519,0.0,2026-03-13,GOOGL
0.37867224174682845,0.4222499407381518,-1.9602660463333759,14.412301970239241,22.44794273792555,0.0,2026-03-16,GOOGL
6.092356040205916,-7.523626693442012,14.012915553354592,-41.43100103868245,78.69685274797814,0.0,2026-03-17,GOOGL
-14.468441247115644,-8.952499448055976,-15.374021311355095,-9.03496086166425,-56.854997505069356,0.0,2026-03-18,GOOGL
8.713261927906746,-3.8789040412335916,17.997506876088753,-46.992207761164806,58.148380249479324,0.0,2026-03-19,GOOGL
-13.629057912740107,-3.956989067244363,-20.786709318331592,29.316850520822012,-12.990939440642855,0.0,2026-03-20,GOOGL
-15.173062806271327,2.1697576702416743,-24.761343778270035,42.356623025735914,-38.77979663566056,0.0,2026-03-23,GOOGL
-21.835718777941,-2.8413737410910818,-33.6706900067891,49.17410859515336,-119.57633502877955,0.0,2026-03-24,GOOGL
-14.945918258950456,-13.238924903577539,-14.847830496907994,-15.534444831189619,-12.10102391546416,0.0,2026-03-25,GOOGL
-10.29098671338412,17.93275915307564,-28.957642560159073,101.70894836726961,-87.05772489256955,0.0,2026-03-26,GOOGL
-13.550971569519186,6.407087528806913,-25.43624998358265,57.76069891486364,-76.84941237966191,0.0,2026-03-27,GOOGL
-13.443669911863266,-8.644091467034945,-15.885100950423764,1.2049163195080208,-18.865654606403076,0.0,2026-03-30,GOOGL
29.645939169410614,1.0694276828291613,45.58282377764583,-65.97536847998266,125.3952715969128,0.0,2026-03-31,GOOGL
31.153370370711773,19.562266554492975,38.581287901251976,-13.414134812517958,27.710710068922292,0.0,2026-04-01,GOOGL
18.103426915006036,13.29145482241724,24.93606361756337,-22.89239330033604,35.42573363364825,0.0,2026-04-02,GOOGL
17.44805297240231,7.0859195775918105,22.070621598851385,-10.287358786280738,44.920443933334965,0.0,2026-04-06,GOOGL
14.928053296330114,-1.7845878136534556,27.053601216107538,-57.82523422231937,110.994978720209,0.0,2026-04-07,GOOGL
-5.227489540850856,-11.449326966872654,-2.106395277389052,-23.954055121609155,-15.141610170925778,0.0,2026-04-08,GOOGL
44.35838854684067,8.787417735543828,72.80168814576042,-126.30140904667967,86.87098840163345,0.0,2026-04-09,GOOGL
-18.587427484371286,-5.916522359672882,-28.012761579808664,37.96457708825654,-30.540853708953467,0.0,2026-04-10,GOOGL
11.89228159615354,1.899529098877825,20.625793510737044,-40.50878989134569,71.52274536798564,0.0,2026-04-13,GOOGL
42.427886683778326,20.892845782389923,61.48056726580583,-71.88819680837292,83.63780570330783,0.0,2026-04-14,GOOGL
9.647416073040322,1.8703135588399729,12.317662248362302,-6.3740609788728815,69.78739654398154,0.0,2026-04-15,GOOGL
-11.072471846553363,-5.988231662484168,-13.98798902396443,6.420631217940057,-16.96348107434111,0.0,2026-04-16,GOOGL
11.31855586652003,-5.488628906535642,23.71799147015432,-63.07805775528235,68.07368092137551,0.0,2026-04-17,GOOGL
6.048290565296355,8.57780933640419,1.711196059061232,32.0708576027192,-64.28652202899092,0.0,2025-05-05,GS
10.362063215057749,12.526646275907826,7.857978443512636,25.386571844340757,-63.236471540798384,0.0,2025-05-06,GS
0.004915926521580592,5.863438373673384,-6.935894923655735,41.649781027595765,-12.924174403720633,0.0,2025-05-07,GS
21.017388417196237,2.7921150564419195,38.35556801117769,-83.01168914668445,-19.681636949602115,0.0,2025-05-08,GS
-6.7459186717423645,-5.672570198652182,-7.861547688034378,-0.05214457398027381,-13.8800564762107,0.0,2025-05-09,GS
-30.339179039923014,-23.77081492750381,-39.04972494435526,21.924096386689584,-48.837561620724536,0.0,2025-05-12,GS
10.402359805419291,1.695589479127407,17.900442257833127,-34.58613490906183,21.456298037277374,0.0,2025-05-13,GS
-3.57475470182395,-4.5704854074556005,-1.006365585500788,-18.985089399749864,43.70613773825824,0.0,2025-05-14,GS
6.878645244894578,-0.2704514107000939,15.879398398961458,-47.1258736795067,11.832306075432845,0.0,2025-05-15,GS
9.958194041472098,2.0148276569786487,18.13529795251633,-39.10442942480064,17.359957717506422,0.0,2025-05-16,GS
24.560906336992055,23.264754455878037,10.188545711184956,110.79507009183277,38.09115600446982,0.0,2025-05-19,GS
-2.5052139913755926,1.7845192437343789,-5.5374054009882725,15.687934466315474,-7.212022806624332,0.0,2025-05-20,GS
-2.872394433426866,16.167106204813518,-20.332994607269388,101.89120660963016,-103.75275435254288,0.0,2025-05-21,GS
16.174620876947856,6.573518205303955,25.549641750941802,-40.07550436700445,-2.1543122059692252,0.0,2025-05-22,GS
30.36463748070368,20.74897738874095,39.201539737539726,-22.656776060295428,36.93810412173154,0.0,2025-05-23,GS
11.984826755227084,5.901987154778987,15.843909942782965,-11.169672370093389,31.346146800430695,0.0,2025-05-27,GS
-6.96122192218744,-4.608033447887953,-13.17816752628281,30.340451702388485,-57.8952300950316,0.0,2025-05-28,GS
-3.4349220911484823,-1.3220930321154736,-4.0913208706288495,0.5034705857356,17.972706671214272,0.0,2025-05-29,GS
-2.251623644761596,5.06885500661913,-8.955476413327231,37.97149296664737,3.7242718157893773,0.0,2025-05-30,GS
1.1948946298969132,0.3048576316506686,2.339875955743904,-5.674993325179317,34.45543210781292,0.0,2025-06-02,GS
20.44812319917221,10.16615984163984,32.556886175560976,-52.20445465915662,31.676400279978015,0.0,2025-06-03,GS
-6.311449820609183,-0.6654768145040382,-14.14994201944381,40.719503372408035,-30.82257762775186,0.0,2025-06-04,GS
14.590133938535883,-1.778906804799704,36.67821356751418,-117.93834383533577,27.604629604536925,0.0,2025-06-05,GS
-20.679420641923233,-18.51865073730155,-26.048726320957538,11.536413432280735,-10.92090787515037,0.0,2025-06-06,GS
2.252360903520409,-4.964954012997384,6.307385685946741,-22.07778779103019,-25.331329439893178,0.0,2025-06-09,GS
5.170688397441403,1.0292327626063418,8.827348005242367,-16.769269249340308,22.501630935114054,0.0,2025-06-10,GS
11.408994815406572,8.27988482242941,14.199489123774496,-5.333971034782761,1.0752087437308833,0.0,2025-06-11,GS
12.544292333504034,9.822734293977417,12.803982442044992,10.98615168227469,27.823270792280823,0.0,2025-06-12,GS
5.187709302182165,3.4153173683481026,14.21120692122669,-48.95327641207387,-12.454523597941764,0.0,2025-06-13,GS
19.32196810072035,16.71011476978132,23.30586091917958,-4.581388810018733,-5.64702601751938,0.0,2025-06-16,GS
-8.742588283435257,-0.2966410763497541,-19.22362271014518,54.14361827682972,-38.854339725620676,0.0,2025-06-17,GS
12.25700143444873,10.900607667527808,10.39254533993997,23.44373800151203,4.634072847230148,0.0,2025-06-18,GS
-2.242376774083064,-1.5188629697051497,-2.272197576149817,-2.0634519616665563,13.487062923293504,0.0,2025-06-20,GS
10.355413432542894,11.900502186432442,5.100246228243744,41.88641665834844,97.12567356531912,0.0,2025-06-23,GS
10.441635713785969,9.27125049584396,12.37814477722971,-1.1774186668678857,16.675349347351865,0.0,2025-06-24,GS
6.380543524099288,1.2337841085571346,12.62132138872604,-31.06412366364587,53.58012830755649,0.0,2025-06-25,GS
22.992044784407387,13.122171476885805,33.8178875568801,-41.96301185042058,53.433445351858644,0.0,2025-06-26,GS
5.686874961619448,1.0366536495078618,12.908469978320595,-37.64269513857425,19.27576981268485,0.0,2025-06-27,GS
-6.786542152004939,-6.898952520839773,-5.488150930605944,-14.576889480387655,5.081304019442659,0.0,2025-06-30,GS
2.2492145664514918,1.0054638336319803,0.7574460067654962,11.199825924577118,1.6473414142774687,0.0,2025-07-01,GS
8.975490339978146,7.300322508648938,13.802155016441628,-19.984497718775696,19.90192968353063,0.0,2025-07-02,GS
-11.713122004050236,6.1938752957832675,-27.776658934068163,84.66809957607165,-38.13884907798635,0.0,2025-07-07,GS
-18.46776464696721,-14.047492814187331,-23.64716257401576,12.608622915340312,-47.95252227978089,0.0,2025-07-08,GS
-9.132880945383901,-9.716795111900957,-9.099545261917457,-9.332895046169527,-19.936390863969965,0.0,2025-07-09,GS
12.41878639528417,-1.600110140808067,30.46267274420389,-95.84453169822768,45.255146145136074,0.0,2025-07-10,GS
0.6407637222367325,2.3900155424999032,-1.0728842157190586,10.922651349994094,13.19580006372563,0.0,2025-07-11,GS
15.224900824369376,8.415254211808177,24.9750358570818,-43.27590937188274,42.891983188717674,0.0,2025-07-14,GS
-11.380034648551362,-1.6644659905670276,-23.450271955478293,61.04138919302472,-49.70802403672608,0.0,2025-07-15,GS
19.074001442927617,4.604727929493713,34.87302792760325,-75.72015746512622,95.60377369997,0.0,2025-07-16,GS
-6.348917798384457,-6.327482964867391,-6.714816821228947,-4.153523661299887,-42.07856093248912,0.0,2025-07-17,GS
8.895692002176549,-1.0021983435375228,22.209079007083936,-70.9846300272549,28.76987394872133,0.0,2025-07-18,GS
1.576692311025531,-2.054023778574399,6.456560763228822,-27.702518402187803,-40.252525559102224,0.0,2025-07-21,GS
5.523076478019475,-3.468519841781048,14.178008045302107,-46.40651292566334,-4.304477453916271,0.0,2025-07-22,GS
-8.317656358341013,-24.77040194205249,8.537975105446614,-109.45144514105719,91.6709916144803,0.0,2025-07-23,GS
8.650585840470734,3.9777911598818245,15.334811788747036,-31.45476984918708,-26.185255350425667,0.0,2025-07-24,GS
3.559303097431023,-1.4508112508844482,7.625893691440972,-20.8402404666271,29.737473800029576,0.0,2025-07-25,GS
-13.574187729719227,-10.279801935323453,-18.94455388919103,18.64800922711944,-22.988362009338996,0.0,2025-07-28,GS
-0.025898704768736472,-8.793317224356866,3.1150447391910694,-18.871559368524455,37.488582016696924,0.0,2025-07-29,GS
9.206741781416275,12.414951786236742,3.6697615491592983,42.42862317496901,-14.281572196006532,0.0,2025-07-30,GS
-7.766095574268985,-4.850731149452441,-15.05414419523354,35.962196151532446,-36.1218782367482,0.0,2025-07-31,GS
22.345737201219382,17.12885109068875,24.931833278981426,6.829160734669621,26.42582901361308,0.0,2025-08-01,GS
9.413262918619068,7.95028874581803,11.500531248532488,-3.1103470608473085,34.969555077192666,0.0,2025-08-04,GS
-6.097667408251869,-8.091581311490911,-9.33517774533386,13.327394614244813,11.245567335300915,0.0,2025-08-05,GS
3.0411492381326464,-0.08812614522852179,7.6622326479048715,-24.685351220485025,-9.724297352725555,0.0,2025-08-06,GS
-14.759826763331342,-10.9089582426879,-20.11461142675067,17.368881217200375,-24.259463394611803,0.0,2025-08-07,GS
6.01217049991129,6.729194909664837,2.1995831842521425,28.887694393866177,-32.49676156016459,0.0,2025-08-08,GS
3.765139630639235,2.2043144288447283,5.496543535879472,-6.623283800794287,-1.63831427804229,0.0,2025-08-11,GS
22.919369354026564,23.598650940900413,22.219835281765423,27.116573787602608,19.29950527328498,0.0,2025-08-12,GS
6.079355787148034,3.978314897317956,8.461121732678494,-8.211239886024018,28.408873746025932,0.0,2025-08-13,GS
-3.339638824685321,-4.659884936421626,-2.1670104126377336,-10.375409296952485,49.776714581925404,0.0,2025-08-14,GS
-23.064638990337727,-18.298549552805433,-29.072611841410165,12.983198116107763,-52.90824443473104,0.0,2025-08-15,GS
2.2008898979464826,-1.4520800259991982,6.817064781408095,-25.496159402801347,30.636287844995675,0.0,2025-08-18,GS
-4.248006423920572,3.621308178123908,-11.009466791030937,36.32075577876365,-14.884423665740318,0.0,2025-08-19,GS
12.597985020519447,4.227623319154443,26.289907201640215,-69.55354806619249,39.508080773560344,0.0,2025-08-20,GS
-1.6348202240776384,2.141297980300581,-6.644689767062675,28.424397033846873,-2.582299846263341,0.0,2025-08-21,GS
33.06299513808032,21.15225402025754,50.9408013408833,-74.20384207874062,47.994251600545134,0.0,2025-08-22,GS
-11.152458811410833,-4.9463800154351905,-15.659858301971918,15.891938131964865,-50.387390188308565,0.0,2025-08-25,GS
-7.959869605248549,-14.120525827584585,-0.6977625935534807,-51.53251167540366,81.69458367617372,0.0,2025-08-26,GS
4.088050932592937,5.08529616261282,5.1203861451249795,-2.105960342581119,-2.773671663773046,0.0,2025-08-27,GS
0.019673538388831187,-2.4542370037990957,0.7426265167042212,-4.318044331483804,17.013999559012472,0.0,2025-08-28,GS
4.148211999270382,-2.2843446922290607,9.896584856918745,-30.342025146598413,6.338529504974989,0.0,2025-08-29,GS
-0.47473944100784243,8.634790750332112,-9.258665704113646,52.228818137636345,32.72882752187733,0.0,2025-09-02,GS
1.775746798090569,7.6787293215297625,-0.6894412178121943,16.566874893513397,35.11700934659585,0.0,2025-09-03,GS
5.598983421109354,-7.5323677457228255,20.719670932427555,-85.12514164679067,75.23978977057735,0.0,2025-09-04,GS
-9.612624648469739,-20.56379388231391,0.558618717301781,-70.64008484308962,6.927398926437758,0.0,2025-09-05,GS
-4.564560127283356,-4.066820500735016,-3.3025773915688816,-12.136456541574816,44.185462470621864,0.0,2025-09-08,GS
18.97863686041217,-4.314897660886627,52.687245372440174,-183.27301421173183,84.66991989901352,0.0,2025-09-09,GS
-0.03345741548688233,2.7997188609764643,-6.035932884122643,35.981395396349875,14.967370535485104,0.0,2025-09-10,GS
18.497096940377478,24.377344494356684,11.348095880010632,61.391103302593045,4.399014790823082,0.0,2025-09-11,GS
-3.80100052986624,-7.156500076913477,-4.84869679242194,2.4851770454839808,-8.46774205696354,0.0,2025-09-12,GS
-0.006531581542820698,4.172039185239228,-6.722969805648814,40.29209776312204,6.6415481570889146,0.0,2025-09-15,GS
-6.427055789296895,-12.026594362434002,-3.210045965124105,-25.72911473431624,12.893675038619689,0.0,2025-09-16,GS
1.5507715576118204,-3.5833906298732603,6.488393614825231,-28.074960785655747,16.804974478671625,0.0,2025-09-17,GS
9.399293351779752,12.660085796336075,2.165959430017284,52.799296882370136,25.63807794276778,0.0,2025-09-18,GS
15.58276518759414,5.476821803589868,20.752257824368442,-15.434190633047436,5.326630832578195,0.0,2025-09-19,GS
5.7928983277586665,3.804622275016044,9.654069058739134,-17.374126058119895,29.8027053060786,0.0,2025-09-22,GS
-4.754242469409679,19.233304459071338,-28.82781686482096,139.6872039030622,-57.641609019725124,0.0,2025-09-23,GS
-17.093215620126937,-1.4607143950504362,-34.405566916082634,86.78089215562001,-95.21737656263684,0.0,2025-09-24,GS
9.946399538376134,14.09162558725534,6.71738575277393,29.320482251990793,23.394748758034343,0.0,2025-09-25,GS
8.262738703107413,4.1274788799763,11.058319734340197,-8.510747484275145,-9.257390766236231,0.0,2025-09-26,GS
-0.7024580810796316,-5.45471015852088,3.1429395146834347,-23.774843655638204,15.465156045525593,0.0,2025-09-29,GS
-7.8189798331663365,-6.50089265596294,-8.804344077976099,-1.9067943643163705,43.000231036052405,0.0,2025-09-30,GS
6.515465682501376,4.895469491203394,6.569113002250267,6.193581764026748,-45.157448657957005,0.0,2025-10-01,GS
-10.620829506477595,-18.678483170577742,-5.153798859573902,-43.423013387892446,13.84541972191714,0.0,2025-10-02,GS
12.588292962644227,1.8699200214472351,25.760859859083116,-66.44710841598624,19.863138763272755,0.0,2025-10-03,GS
12.491808890702389,9.26328912147227,22.66949226648944,-48.57429136401133,22.75331194521333,0.0,2025-10-06,GS
-18.18608730846781,-10.751476195728348,-26.738569352846522,33.12880495781887,1.295208403736247,0.0,2025-10-07,GS
16.289480091288073,13.492342752993338,17.922463769317755,6.491578023137617,-61.37692289793498,0.0,2025-10-08,GS
0.7010223778275525,-3.87206833375698,8.876047287231822,-48.3491270785849,45.11669765815511,0.0,2025-10-09,GS
-33.53542183669404,-5.628606635270689,-73.8578423260746,208.3991010996129,-110.82545842717727,0.0,2025-10-10,GS
9.253771029207929,5.2525830059241025,18.122403383178582,-43.95802309460153,15.031890202640758,0.0,2025-10-13,GS
81.32669911970626,47.74423991521097,106.21372689990474,-67.99546756148457,44.53883982105987,0.0,2025-10-14,GS
-3.532524570601578,7.47965465998531,-9.805546619756166,34.10560772436134,-31.005695560620605,0.0,2025-10-15,GS
-10.898252248930275,1.2508270698664283,-15.956825338339774,19.45318628755342,-104.47886856816051,0.0,2025-10-16,GS
8.322341890999231,7.10882562591445,4.122515449982191,33.521300537116616,3.279134897446034,0.0,2025-10-17,GS
9.172811316681628,2.511019658482218,16.330838556371145,-33.77535212145548,19.65485221326396,0.0,2025-10-20,GS
1.4072096834763488,0.7895046762413471,0.9423985617491858,4.196076413852764,-28.768754330165212,0.0,2025-10-21,GS
-7.790352540935886,-2.2931712511469207,-12.554575940631013,20.794987857233355,-48.44382348287505,0.0,2025-10-22,GS
-0.14856775472764605,-7.503643856809342,7.123910244797162,-43.78343575184468,3.6486577609220228,0.0,2025-10-23,GS
33.52615653234141,21.013799248478193,51.13146923391765,-72.10571967709551,84.16466813264306,0.0,2025-10-24,GS
-3.0334172819299154,0.9007031184542336,-8.36221789423442,28.939386391912908,-21.72279347729979,0.0,2025-10-27,GS
-2.945256151565675,5.752477569405981,-12.86200018127849,56.55520802672556,1.2570326573738702,0.0,2025-10-28,GS
16.44870832095317,24.174752533376978,13.221021828487071,35.81482727577138,-65.22167710205477,0.0,2025-10-29,GS
4.333201569448574,12.632062451702978,-0.6990285828599434,34.52658248331253,-78.87382181798093,0.0,2025-10-30,GS
1.4785955870736192,1.4735163644842764,2.6340385248538585,-5.454062039580413,16.30435849333016,0.0,2025-10-31,GS
1.9335257189063941,-5.658481019768022,11.275600679192905,-54.11892404279682,-38.77592588015654,0.0,2025-11-03,GS
9.20360475706336,13.491436374070368,-6.639992788431643,104.26519003003769,-37.700906921047796,0.0,2025-11-04,GS
28.065611724012655,20.73910575878576,42.85771374749286,-60.687000416855575,35.885428833639544,0.0,2025-11-05,GS
-7.167129198369941,-0.8521514153331611,-12.106130012599433,22.46687568702147,16.87246034082076,0.0,2025-11-06,GS
5.155010068491736,19.42993812629594,-5.142562035914089,66.940442694934,119.59672915485594,0.0,2025-11-07,GS
-12.55586567189607,-11.147922298476193,-14.89866919303189,1.5009554549416595,-6.270045600702469,0.0,2025-11-10,GS
1.6263233344589831,-1.1867516975762529,18.070885875702476,-97.04105191299351,54.98776842017097,0.0,2025-11-11,GS
14.061677950905048,20.1411346042756,12.166902412795803,25.430331179572793,65.01088090314427,0.0,2025-11-12,GS
-21.079844137115547,-22.723557175978403,-50.422326358992386,154.9750491941621,-173.36989280140043,0.0,2025-11-13,GS
26.661244507287496,19.373839978003033,29.81554161578867,7.7354618562861805,-35.733854045698756,0.0,2025-11-14,GS
21.13162870408695,18.36911552897383,-0.08599628415592633,148.43737863355582,-87.00186124357414,0.0,2025-11-17,GS
9.594155205768818,0.22658243232712105,25.32262075934767,-84.77663811569407,-16.36376406285385,0.0,2025-11-18,GS
-0.4818735063659507,4.02984493849942,1.9782786014493745,-15.242786153247724,47.0355983509331,0.0,2025-11-19,GS
-74.94054232278144,-62.10380144656032,-128.17747719266703,244.48106689655492,-243.2251012931189,0.0,2025-11-20,GS
26.59761602038771,18.364570172310657,50.627194959986966,-117.57985761719453,69.6540001630896,0.0,2025-11-21,GS
13.310419475687848,13.88011458324098,16.967043500241832,-8.62932467162019,25.865724934818296,0.0,2025-11-24,GS
19.186925982398492,15.599714142923693,37.44438201138859,-90.35781019153067,72.73532594981751,0.0,2025-11-25,GS
13.2541294193735,8.5883172834026,23.88911386860661,-50.555777276007035,9.065627885574902,0.0,2025-11-26,GS
-11.669214839915453,-11.382702871033588,-14.860522462577663,7.47863089607598,-29.28888261727905,0.0,2025-12-01,GS
3.963675456304691,2.2816720398850947,7.068209856181729,-14.66353094294638,0.42408055640548287,0.0,2025-12-02,GS
6.823221105199127,5.274701038868048,21.118999420893612,-78.95144878895412,61.85051456581347,0.0,2025-12-03,GS
-3.16039849784906,-0.07982891460602705,-10.976037247909986,43.733434002528696,-5.239494848122368,0.0,2025-12-04,GS
13.186968269712073,11.017099839831985,21.098125844146608,-34.2799771768791,39.270487060947495,0.0,2025-12-05,GS
1.496816729224197,8.30253225418467,-2.19388263674949,23.641012925074218,36.14615725193931,0.0,2025-12-08,GS
8.170459099381643,6.596205927516109,10.892428100328827,-8.161354906285876,5.8791180857343575,0.0,2025-12-09,GS
-5.6752999545285965,0.1786430885894178,1.4886997234923383,-48.65929802264393,46.23330630351685,0.0,2025-12-10,GS
16.2117356245037,17.085368428492483,23.590009495275662,-28.057907600115573,38.15007798248203,0.0,2025-12-11,GS
-17.43110084080548,-15.348181312872402,-38.029771844471625,106.16092518120402,-99.56429423430478,0.0,2025-12-12,GS
-12.427419475584909,-13.07414762641166,-17.700446823294033,19.210744610682553,-54.21102647988153,0.0,2025-12-15,GS
-11.505521130016447,-9.581190664195793,-16.238402138713834,16.89176492217303,-33.56930572806052,0.0,2025-12-16,GS
-35.020620418622634,-26.062856993316142,-61.57342441332829,124.29620354963589,-72.0301937597572,0.0,2025-12-17,GS
-15.875983655606792,-12.816082542598956,-33.03338445498621,87.0684211406826,-76.84855222446402,0.0,2025-12-18,GS
23.953131655156213,19.666694884176188,27.409973066999868,3.2120831841133666,-5.462934976303258,0.0,2025-12-19,GS
3.5765826932133877,-0.653456929648547,8.625046992027018,-26.71420309965956,-19.88698169341111,0.0,2025-12-22,GS
4.0508363407675905,0.06784362143762086,10.878671425281688,-36.916174166299335,4.352046578364813,0.0,2025-12-23,GS
-5.220532482692266,-4.128998123401322,-7.901861363400418,10.867440801581683,-9.893303716563278,0.0,2025-12-26,GS
-6.45911795605799,-8.858452767218544,-4.741806495396682,-16.76298672002076,-37.194325145498546,0.0,2025-12-29,GS
-9.178711344138284,-7.485658825309716,-11.787340572553596,6.473064026367737,1.27171094360498,0.0,2025-12-30,GS
1.059945087400353,-1.0408468497001815,0.8490432487729284,2.3253561191752286,-15.048697741094472,0.0,2025-12-31,GS
12.68928804350759,13.330339120609494,40.99038288094894,-157.11728098113042,144.88414843212493,0.0,2026-01-02,GS
36.81874030550065,37.718477551966934,26.24535655644354,100.25904279985889,-11.154414195928341,0.0,2026-01-05,GS
16.558761736070686,14.555215644956464,22.957015971596352,-21.830763677066617,22.336441247088448,0.0,2026-01-06,GS
-5.188712795404577,-11.004497373667029,-5.785424636137334,-1.6084417509899667,-44.620373407808586,0.0,2026-01-07,GS
-0.0642473249982929,-3.861562826132391,-1.2097800794754807,6.808949201864834,-43.80745014853852,0.0,2026-01-08,GS
0.8211789374235638,0.19319721309347143,1.7648479125732188,-4.84083491345622,-9.94877357274295,0.0,2026-01-09,GS
6.6943089219739,6.803596576241461,21.08336558865849,-79.64003107812641,73.81213941845456,0.0,2026-01-12,GS
-4.995651893100445,-6.947295962409223,-4.321649577328347,-9.039665787716093,-14.148504359724392,0.0,2026-01-13,GS
4.782245625591171,4.502734697054336,10.8932225337209,-31.883615823174978,29.45931935819975,0.0,2026-01-14,GS
75.69776305239465,72.16630840697827,85.75162032786952,15.374619399561858,112.26191224717395,0.0,2026-01-15,GS
-23.88246910720027,-23.6568342523968,-26.689827809079993,-7.038316895906617,-41.40692598596971,0.0,2026-01-16,GS
4.067998094159138,5.292782345072246,-14.75247382337525,116.99082959938224,-67.99012917379966,0.0,2026-01-20,GS
14.76641134102686,10.298745887463282,14.459772801570193,16.606242577781096,-53.53086681800787,0.0,2026-01-21,GS
-0.590588639953322,-7.794952449277429,-2.7365848621203175,12.285388693060488,-71.29162915647159,0.0,2026-01-22,GS
-24.62400232707931,-24.521602224806724,-30.86167713333972,12.80204651049544,-56.39982683175687,0.0,2026-01-23,GS
11.00400003205141,9.941769305715887,15.844553548944182,-18.03932106929665,29.232983984993606,0.0,2026-01-26,GS
0.5494005334472696,2.0851734677276474,5.898467751150061,-31.54500277275231,29.52944730451694,0.0,2026-01-27,GS
2.4500673976485348,5.601023420829913,7.885463511964735,-30.162309288242557,63.891297239879435,0.0,2026-01-28,GS
-25.800346565982117,-19.106866680038138,-34.71379202335316,27.68032617825382,12.958027056266033,0.0,2026-01-29,GS
-31.13436452001888,-20.201882815451672,-39.57161870438573,19.4891605861907,27.929426667263712,0.0,2026-02-03,GS
-9.0028658569824,1.5398459902549495,-24.015666067381446,81.07393540543427,-8.022920430260966,0.0,2026-02-04,GS
9.210607744014773,-7.088247816881451,33.385675903323246,-135.83980121181696,-26.571739294381935,0.0,2026-02-05,GS
16.596840606676576,20.090179306768093,13.636709314121033,34.357628362015966,39.981212980089765,0.0,2026-02-06,GS
19.214375544021504,16.39626227373609,23.073738268957552,-3.941800805568266,6.662858973700072,0.0,2026-02-09,GS
-11.525141209342072,1.854911663782613,-34.10764139682005,123.9698599155462,8.393272319106028,0.0,2026-02-10,GS
-14.088799608255249,-15.43323427940911,-9.66080517208749,-40.65676622524616,-10.303927578258044,0.0,2026-02-11,GS
-70.50137141366449,-47.788558174084564,-138.50196594322222,337.50219576369534,-205.41945537805498,0.0,2026-02-12,GS
71.72461198488546,69.96705559608135,81.72847603696934,11.70142767238211,120.25648803998506,0.0,2026-02-13,GS
8.554884933874392,3.0092146788096215,20.809533241855185,-64.9730049139967,14.597596888747141,0.0,2026-02-17,GS
10.316117833424531,10.13343436128673,2.0357832227240578,59.998125497641965,-10.187631542257918,0.0,2026-02-18,GS
-21.35535795753337,-15.095876366547884,-30.28269686035037,32.20867545938595,-3.126648675462941,0.0,2026-02-19,GS
17.275867783644834,19.272191222167912,26.42765099983181,-37.63483151346954,77.90166622845524,0.0,2026-02-20,GS
-32.223088810107015,-25.810507396611392,-41.9403201029362,26.080298946869362,-23.26551871402408,0.0,2026-02-23,GS
28.959483960009646,22.740049075817645,37.12818125004302,-20.052699780175473,17.808711884637837,0.0,2026-02-24,GS
7.0918367945024405,7.962772287846332,11.39772498416396,-18.743492343450562,42.28368449892869,0.0,2026-02-25,GS
-5.712291599993177,-7.500399051121267,2.443184805669705,-54.64515003395456,1.4474261979117435,0.0,2026-02-26,GS
-65.23779394808282,-51.79050034736452,-99.31198240271978,139.2073367797467,-120.25431343878124,0.0,2026-02-27,GS
42.98387920670646,36.27079512963002,45.88919198190612,25.552002555526975,9.783777144359659,0.0,2026-03-02,GS
77.86514587648327,64.11397862476102,129.05968515397242,-229.3020897884355,183.92009996421936,0.0,2026-03-03,GS
-1.01958456545932,0.45694500357963097,-11.705484012860927,63.095812118975125,-43.4350972706882,0.0,2026-03-04,GS
-22.785123441301046,-9.367694215704272,-57.223428014876404,183.8447040001525,-37.839074148894404,0.0,2026-03-05,GS
24.261600799351264,20.988173170102822,27.78163819949612,3.1413763985015866,31.426997418447147,0.0,2026-03-06,GS
39.73639817966574,22.2014465430499,67.25026010540883,-125.34677337476477,237.61452515953033,0.0,2026-03-09,GS
11.236797720321956,5.555553220320964,18.81442113868861,-34.228942789857584,-33.27246816280204,0.0,2026-03-10,GS
-1.4474834621683104,-2.775723816733459,-2.447758882999034,4.554169062846524,39.665627507322434,0.0,2026-03-11,GS
-13.062951884611946,-12.585478441024271,-12.524364502119075,-16.294476179551932,-53.247379489667516,0.0,2026-03-12,GS
-23.88698837491679,-8.175032993491177,-42.68556248930141,88.90445631141114,-74.9146072877372,0.0,2026-03-13,GS
-6.632659007118666,6.1167565466686495,-18.120819198602586,62.29630214180625,-29.788486166077355,0.0,2026-03-16,GS
-19.60387720931776,-17.91107692507786,-23.041475420436967,1.021712057405929,-13.206202392545698,0.0,2026-03-17,GS
3.9923833377458773,-1.4380032819146271,8.978427799108783,-25.923883430421718,-39.711469357462164,0.0,2026-03-18,GS
1.9508148146617588,-13.043068978446767,22.759302971776304,-122.90011412799578,81.99490610262909,0.0,2026-03-19,GS
0.9122094270295229,-10.1190515575487,9.264769594869101,-49.20315157999677,-0.42374309765125895,0.0,2026-03-20,GS
-9.119182911575825,3.269863593100931,-19.249559639177775,51.66307745404945,-76.57318981733988,0.0,2026-03-23,GS
16.580237790097346,11.46780216787011,30.701075808490287,-68.14479032025622,9.98575595528269,0.0,2026-03-24,GS
-14.451908084200554,-4.687223038815416,-25.156603411192297,49.77626387775529,-19.337434266377578,0.0,2026-03-25,GS
-20.916747984888506,0.6367864573720035,-42.486764786614934,108.50335282547971,-38.9411448683687,0.0,2026-03-26,GS
-3.672926101666405,7.525478665164659,-9.101750250207965,28.90001878959847,-39.08134845793553,0.0,2026-03-27,GS
6.541853904544276,13.064700042866743,3.458358470823553,25.042826506886872,-17.282593079966883,0.0,2026-03-30,GS
9.860833220074044,-19.759251970867503,35.81700901358515,-145.87622154099122,140.50921235776062,0.0,2026-03-31,GS
6.144382387632468,4.958064417634636,13.679415069148071,-39.06581370144532,-13.529874156020835,0.0,2026-04-01,GS
40.40919003273141,28.27031512943895,58.293091191437675,-66.89421691949823,80.15966452514236,0.0,2026-04-02,GS
-0.5025111482748814,6.893849272154109,-9.905798535549337,55.91721317537448,6.362149676665022,0.0,2026-04-06,GS
15.090866528918458,12.850842929385514,17.317646755361114,1.7301851702836544,49.625345600705415,0.0,2026-04-07,GS
-35.077259055172476,-32.75038498044794,-40.48395277432991,-2.637096740201482,20.26911185241992,0.0,2026-04-08,GS
-1.1872831794810768,-14.493884752432015,9.329216313073866,-64.28628013480319,-5.618832121563259,0.0,2026-04-09,GS
7.252720339404659,6.92966013279868,7.879880502070144,3.489759363421811,46.91066937284743,0.0,2026-04-10,GS
52.31464911493425,30.634150261681455,70.1804802570475,-54.88033773773761,106.82430767459685,0.0,2026-04-13,GS
22.36397476869531,1.7366717778156853,46.566637202519395,-122.85199983425676,60.762195574772726,0.0,2026-04-14,GS
-26.18487503490948,-15.945145448319543,-38.447831287284956,47.39286247936466,-73.56058526134349,0.0,2026-04-15,GS
1.7225220884533812,-3.2481316108368965,4.918827703663652,-17.455311602794403,-37.71260241721442,0.0,2026-04-16,GS
11.414817350589157,9.25963407093606,14.784924498573478,-8.80582553732169,31.279328292561477,0.0,2026-04-17,GS
12.138138015654958,7.596335802083591,17.40078106895477,-19.43772030411883,-12.26294731721594,0.0,2025-05-05,HD
5.244090659512519,8.467086878870616,1.4663475812584772,27.91054912904309,-13.909016473439676,0.0,2025-05-06,HD
1.729340538467375,4.077723956257626,-0.910624362098422,17.569129941879424,14.531731551240403,0.0,2025-05-07,HD
-6.64928181728323,-16.74285788630945,3.317260932383279,-66.44853831526676,-41.327734095106,0.0,2025-05-08,HD
0.02532643185969225,3.80341877023807,-4.023063196531839,24.31566420223547,-19.639051616436507,0.0,2025-05-09,HD
-5.895397747462541,-4.699661034923494,-5.521510562155099,-8.138720859296606,24.86468951470001,0.0,2025-05-12,HD
-15.489807760409345,-8.084651571746443,-23.19044165719808,30.71399562033971,-53.692189219447684,0.0,2025-05-13,HD
2.9728944646716333,9.122602614634799,-3.637047451890648,42.632545964081864,-17.899383326615908,0.0,2025-05-14,HD
13.662153356644353,4.798304562146094,26.370317912401173,-62.58683397786942,46.97420240624464,0.0,2025-05-15,HD
0.06461343961488852,1.5566189619706192,-1.5239967094683116,9.596274334129056,24.867295422590946,0.0,2025-05-16,HD
12.08999915645679,9.233461561604582,15.30165408984421,-7.179930443854238,2.5800995471294303,0.0,2025-05-19,HD
-54.565285937697304,-38.00211520877267,-70.96338624593848,43.823315911767715,-66.75120710813925,0.0,2025-05-20,HD
-17.163761377722608,-2.3657900685477853,-29.564784640665255,57.24237819994395,-39.736103854566586,0.0,2025-05-21,HD
-0.8410567265126171,-6.738061836740643,3.4352970243221783,-26.499179231496598,-19.41275087283695,0.0,2025-05-22,HD
3.5950919126701883,1.0587616125204993,5.432817804250243,-7.43126343678196,-5.778847042505551,0.0,2025-05-23,HD
25.491412264010645,16.999789362100643,37.69328026429598,-47.719795737679796,51.73675438762774,0.0,2025-05-27,HD
1.4816777531875864,3.8511611022653094,-3.332664711790181,30.367732543085005,-22.21972780750747,0.0,2025-05-28,HD
-11.071703195018868,-3.8564279877606404,-16.781593427939093,23.187638202511753,17.202962615257746,0.0,2025-05-29,HD
0.8769863545404589,5.469723086573607,-3.631729184523226,27.929279588934932,9.98560835630702,0.0,2025-05-30,HD
12.44557339114555,2.8609740292313304,23.903566587019164,-56.302385784093026,82.34486276251108,0.0,2025-06-02,HD
9.879407896850092,2.3696726306268894,17.56421272642731,-36.22942108059792,53.75587628202515,0.0,2025-06-03,HD
-1.8689162670502395,-7.333636194365821,1.7250641760732852,-23.432798925780734,-33.0682813215262,0.0,2025-06-04,HD
8.519199298208388,3.6517116434748043,13.795301891831688,-23.13741626350681,-9.613134823022646,0.0,2025-06-05,HD
-11.348269166931289,-1.7900476350162133,-24.02812720626223,64.7308790690636,-41.69569016108364,0.0,2025-06-06,HD
2.2958736554120507,-4.566396560113019,6.683658898563533,-24.030837803478196,-14.459428230860501,0.0,2025-06-09,HD
14.106580904118857,8.293694719947174,22.67871895709643,-37.32624741373572,44.82520695248913,0.0,2025-06-10,HD
-7.310287227471494,0.7031832327435286,-17.47033277493889,53.64998605733757,-69.48969391807915,0.0,2025-06-11,HD
19.7733930811134,11.896229432440531,27.277845867756298,-25.253323638734553,22.494168575339216,0.0,2025-06-12,HD
-7.918707036327347,2.441669435004683,-16.32380800009442,42.51189874629423,-48.26666607476444,0.0,2025-06-13,HD
-2.634804420103169,6.767849289972541,-14.581857564890244,69.0475144486257,-7.469742933206787,0.0,2025-06-16,HD
-9.163552531630566,4.3332992357562405,-22.19212433384317,69.00787828165804,-51.38091352462681,0.0,2025-06-17,HD
-3.6660229071923336,0.1332110019471844,-9.222573704388347,29.673281875988643,-33.37411840513231,0.0,2025-06-18,HD
11.999096436500201,8.62560717639898,15.835564810500228,-11.019713807498334,7.72714919680801,0.0,2025-06-20,HD
15.10894835525451,10.890709832268747,22.589533825667694,-29.774564467222994,84.945827276279,0.0,2025-06-23,HD
7.623411273284796,-1.9030634100495616,20.74894680065526,-71.12980189091742,36.228460084538014,0.0,2025-06-24,HD
7.602718576425357,-0.11627015563579646,17.536120700897325,-51.99769417040487,9.4012246558052,0.0,2025-06-25,HD
-4.852590969634071,-3.343449311374832,-5.922634929726158,1.5676727909153128,24.999754662429535,0.0,2025-06-26,HD
7.370545188127271,-0.8068834116729412,17.121678808493677,-51.13625653404639,42.84721096172192,0.0,2025-06-27,HD
-5.9493143367567765,-4.778292325262703,-9.353257378599396,14.47434391432219,-6.105343494671453,0.0,2025-06-30,HD
9.717929991195659,-3.589809343559628,27.886695500719174,-99.29466306593179,-38.70671839961635,0.0,2025-07-01,HD
2.659730362482793,0.18304045436180538,6.107994793732004,-18.02985622500637,-7.550409182373729,0.0,2025-07-02,HD
-17.567761875396307,-2.70798469945877,-32.17132713834735,70.05362970230838,-8.234405573874353,0.0,2025-07-07,HD
2.322853637639257,-1.5170131267489695,7.253535200201287,-27.26123573770667,-16.66541372239483,0.0,2025-07-08,HD
-10.876805511025841,-12.316816129791642,-6.977307174241564,-34.273795531708345,79.96454521592666,0.0,2025-07-09,HD
12.453651051552143,7.1729365457850305,12.935757903498665,9.561009939879078,-52.792947735885406,0.0,2025-07-10,HD
-3.7487220682620013,-10.260511506787468,3.907778526869177,-49.6877256390383,17.323834159399652,0.0,2025-07-11,HD
-3.4879129533073283,-1.3703207637673713,-3.775152405020759,-1.764476243023664,34.023104873927664,0.0,2025-07-14,HD
-11.15662384453395,0.5311000850608254,-25.92486668280546,77.45283318511082,-102.76284749151478,0.0,2025-07-15,HD
-3.795525907219994,-2.8728251432599343,-9.04530292975222,27.703136227979734,18.031293591072547,0.0,2025-07-16,HD
-5.266268525039146,-13.646800404842283,2.997260420277914,-54.847442196927204,34.71376235163603,0.0,2025-07-17,HD
-9.894115103576665,-7.699123746897064,-9.332660106351645,-13.262845086923608,28.039867456654832,0.0,2025-07-18,HD
1.6781165643544533,-7.85885841867895,9.745322492403282,-46.72511900391977,5.680709784146972,0.0,2025-07-21,HD
-1.1899055096478377,0.27782131170778335,-2.541445726452838,6.919335791175987,73.73594120882497,0.0,2025-07-22,HD
6.5435967553957495,1.7024949227313149,10.696636184238042,-18.37463981763831,36.12561537231525,0.0,2025-07-23,HD
-5.663963964811979,2.4128875815755273,-16.70868901177229,60.60438631695596,-35.72524774212429,0.0,2025-07-24,HD
-0.28132201547641533,-4.154519053082067,4.824682742387289,-30.91735056263438,15.227458821017084,0.0,2025-07-25,HD
10.91554779722009,10.117232697192595,13.48023349308645,-4.472566377966048,-13.999794526198796,0.0,2025-07-28,HD
-4.22502181055957,5.763407215842301,-14.798853616891545,59.21796902744285,17.80787543316686,0.0,2025-07-29,HD
18.614499516710186,20.584443850525016,10.820850705451702,65.37639238427172,-61.096495899999844,0.0,2025-07-30,HD
-1.336892855396977,6.376511569857003,-14.119513403043127,75.35883043050302,-44.62763962626717,0.0,2025-07-31,HD
19.32048870179802,11.881086117541743,27.839331469379893,-31.792567903685576,39.71238800571561,0.0,2025-08-01,HD
14.709043375332389,9.778737889501283,20.648835665812157,-20.92971036753277,24.332844592555638,0.0,2025-08-04,HD
7.534757002599775,-1.3520170914067622,17.168792280969612,-50.26945466760151,16.020966304788498,0.0,2025-08-05,HD
5.689803537207715,1.1139018213670622,11.951575218421246,-31.88082655006759,-10.948528281672493,0.0,2025-08-06,HD
-16.044955292006414,-8.261601127849291,-24.240318983115525,33.127226854664436,6.180009345470331,0.0,2025-08-07,HD
4.649741096730639,2.9215868269674194,5.312451792508227,0.6734769220782941,-9.634744426858882,0.0,2025-08-08,HD
-3.040042028922058,-5.890717504076651,-1.187712922619082,-14.154016666716407,27.976117809030736,0.0,2025-08-11,HD
11.04954104645032,10.21713172365272,12.901640344631184,-0.06305474261758481,33.88991429767677,0.0,2025-08-12,HD
21.173972950789583,16.279309341737545,29.616375104095678,-29.480439969028694,69.72542117395653,0.0,2025-08-13,HD
-3.056429316043132,2.2194843724706868,-7.184650034814414,21.71289499661007,-20.791796339386156,0.0,2025-08-14,HD
-2.448347445621936,-1.8139969766077155,-3.9275981442775767,6.42715674632047,27.765117334832187,0.0,2025-08-15,HD
6.073524910973213,4.105127550986414,7.741681406262972,-3.935414060740899,-21.009330744568036,0.0,2025-08-18,HD
-11.89609025968469,-2.088616715641922,-24.26090241630001,62.29278268001557,-27.634023842068697,0.0,2025-08-19,HD
-17.795084423275757,-14.460058539696552,-22.517364388900003,10.538595370479575,-65.25859633598284,0.0,2025-08-20,HD
-13.871105722924275,-1.4712547796298259,-26.178140242846588,59.97110139663528,-26.909407417319297,0.0,2025-08-21,HD
31.610416407315125,20.48395931156181,46.296259235286556,-56.50464056050796,37.581614913348766,0.0,2025-08-22,HD
-0.2995960265894142,0.11554407618148539,-0.09282513900633861,-1.54022135205033,0.9057351877690137,0.0,2025-08-25,HD
-7.622954124436848,-8.026830327125719,-4.308801674900657,-27.50786882164141,27.781224198692666,0.0,2025-08-26,HD
-4.0293309441870315,1.8518095749507888,-11.567426577336791,41.19924285471987,-22.36517874745547,0.0,2025-08-27,HD
-12.938874503567174,-9.6641769556559,-14.871067836491465,-1.3457145060060591,21.708950316117413,0.0,2025-08-28,HD
-4.51764925771338,-0.3612804040129904,-10.563118316217247,31.755165093307024,-0.21394600619845394,0.0,2025-08-29,HD
4.812911438756584,7.358698373716485,-0.12152054383032611,34.41950333430181,-7.170382311210973,0.0,2025-09-02,HD
4.550622443592715,6.118695022519409,3.050937268531411,13.54873349398148,9.005304573068399,0.0,2025-09-03,HD
-0.08930768349514126,-7.7224363216922205,7.159412851623693,-43.58163089419156,17.346367781902558,0.0,2025-09-04,HD
1.4742144899980607,-2.6571968448412204,7.724387308303253,-36.02682241981948,35.86492709616033,0.0,2025-09-05,HD
4.8828206850709925,2.2359487442752792,8.625158123887399,-17.57120394781114,40.160569978444,0.0,2025-09-08,HD
-5.308645789794976,-6.700643277577986,-2.970937394556158,-19.33489616120871,8.132525352314229,0.0,2025-09-09,HD
-7.68165400871457,-1.4191452924901107,-14.622817031832163,33.96532412999786,-8.901422339511019,0.0,2025-09-10,HD
13.440317211652905,4.597477222732363,23.82843030172367,-48.8883613287488,24.297165193026633,0.0,2025-09-11,HD
1.7878616741745297,-4.648532753376633,8.736771977055113,-39.90560014310898,31.990419418398684,0.0,2025-09-12,HD
-1.3093237859455749,-3.5001748430743786,3.942614452230324,-32.82095321496854,50.85668665368577,0.0,2025-09-15,HD
-8.17475514409764,-4.140719295947608,-11.826216471820256,13.734012822264992,-13.711618511961497,0.0,2025-09-16,HD
-6.575484972659585,-3.008680076985303,-17.801888821063017,60.7829381177691,-104.96911676061194,0.0,2025-09-17,HD
2.7244202564294064,6.514232768083641,-2.8148191270860967,35.959856557534636,-37.65217000276363,0.0,2025-09-18,HD
-5.73179922093333,-5.007725552563603,-7.545726984442006,5.151767360141918,-23.642400610895145,0.0,2025-09-19,HD
-0.5912720444347348,-3.272008997681745,1.807821212735731,-14.985831587445137,-19.346344137308588,0.0,2025-09-22,HD
-5.61088969971961,-8.07765060908359,-3.149061875555196,-20.38185664468391,21.07419132242291,0.0,2025-09-23,HD
13.036238850483002,13.207692001585684,13.782869051662722,8.556457643418582,13.691343430729932,0.0,2025-09-24,HD
2.1152797475715004,2.5289553738458337,-0.4210740756781354,17.33340268706653,-15.24336058582675,0.0,2025-09-25,HD
10.918357258381509,7.647871804769599,13.308538411397054,-3.4227296597076022,7.71630707368879,0.0,2025-09-26,HD
-6.353335764370541,-10.666638402433097,-1.910345758281156,-33.011275800892854,15.73393874666723,0.0,2025-09-29,HD
1.6545415798908805,0.7433943575525073,1.8691142289435188,0.3671056855848729,2.959520698639821,0.0,2025-09-30,HD
-5.694044949755138,-6.723744843780679,-4.637423181124187,-12.033775561520867,-31.57172934029969,0.0,2025-10-01,HD
3.696560580753512,0.0490991603484453,7.874408799887897,-21.37052873403556,-14.797910342439408,0.0,2025-10-02,HD
6.6986678575835645,1.3495313673405358,8.177135456264766,-2.1721377345036497,-6.472509496802334,0.0,2025-10-03,HD
-6.2737381852139915,-7.546120108266393,-3.5911237177044524,-22.369424990252234,6.630241740635263,0.0,2025-10-06,HD
-3.3268889520195337,-4.468925442766855,-3.1946211045041486,-4.1204960371030355,-7.477449502989732,0.0,2025-10-07,HD
-3.6518070354580985,0.41476118975357096,-9.24819734389099,29.926534815151086,-10.66564402063811,0.0,2025-10-08,HD
-10.175456244795148,-3.630023031739688,-17.325427411268326,32.7243707540514,-52.062216963914345,0.0,2025-10-09,HD
-10.09640309529707,1.3755340190827032,-25.206272248993645,80.56281182689142,-29.031726183042203,0.0,2025-10-10,HD
6.477662481061871,9.977602874953615,2.5536092277037787,30.02198200122388,-16.277159559500728,0.0,2025-10-13,HD
8.373702109560176,-6.976471462962344,24.514883580648565,-88.47338671696576,50.48255710254463,0.0,2025-10-14,HD
-10.318075100840558,1.8576496049430862,-24.314856706643997,73.66261453397861,-32.76179762956491,0.0,2025-10-15,HD
-10.87910661534791,-12.851622315831603,-7.971051476383373,-28.327437449118953,26.530882713029616,0.0,2025-10-16,HD
8.851782112394636,4.112178896444709,14.95779489912246,-27.784294607960682,20.540494611775337,0.0,2025-10-17,HD
-5.016736036999732,1.0464940439697554,-12.906741041137366,42.323293987839186,-23.978108597594005,0.0,2025-10-20,HD
14.122185022380684,9.516997626133003,19.43768628338993,-17.770822543663183,-16.238261918071263,0.0,2025-10-21,HD
2.604634014765828,6.206313137649373,-3.3288560681686152,38.20557451237104,-52.85312398774321,0.0,2025-10-22,HD
-6.175832896258176,-7.556504404265044,-4.623667593494875,-15.488824712818772,9.469630651569547,0.0,2025-10-23,HD
0.049686821475867234,-2.958532717786724,3.8843930203868884,-22.95855037197266,-21.927098540340925,0.0,2025-10-24,HD
-7.999480482215581,-9.658073876335441,-7.320271779550198,-12.074732698194621,-8.96295214022325,0.0,2025-10-27,HD
5.24083257016589,0.2309276613679669,7.708922695433694,-9.567708181424772,-26.7570381929948,0.0,2025-10-28,HD
36.656092262479014,38.48019152378492,27.25200356000806,93.08062447731221,-60.96446146491892,0.0,2025-10-29,HD
10.80799391015012,9.366957027367382,10.729533222078283,11.278758038596047,-47.72063089626781,0.0,2025-10-30,HD
8.57289830248713,8.565993138962925,9.582630556625302,2.5145047776625953,0.539480890603415,0.0,2025-10-31,HD
-5.077296557097851,1.2202597556343648,1.3164073646209802,-43.43952008739875,61.71387295758339,0.0,2025-11-03,HD
4.722435207732244,8.203658375852962,15.718801013143818,-61.25575962471185,51.31796372051074,0.0,2025-11-04,HD
-18.0274177675408,-19.69819322617269,-14.055970596733179,-41.85610079238349,-15.814416658816441,0.0,2025-11-05,HD
-6.960686146204741,-4.800469627746241,-15.85957887207467,46.432670209020976,-15.115412924008428,0.0,2025-11-06,HD
2.43905758681056,3.1099280733380676,0.9437997437603408,11.41060464512107,1.977155456071569,0.0,2025-11-07,HD
5.03901954650457,14.414613468395192,10.21797495295916,-26.034712892196648,91.10061038908414,0.0,2025-11-10,HD
6.076047246345957,4.33668345003017,12.141234956529294,-30.31507901472366,8.731154265290272,0.0,2025-11-11,HD
1.7851373674518878,-1.04718698066894,6.180597606355026,-24.587624065948546,9.798976144340761,0.0,2025-11-12,HD
0.9449485713944725,-2.8851945558866032,-9.323085456745988,62.55315274024185,-47.28897673971403,0.0,2025-11-13,HD
2.0352596392107665,-2.2030033209659874,0.19651909233252568,13.0677029204896,-25.476533464549455,0.0,2025-11-14,HD
7.64112582070406,0.23677063231021744,5.571816593095396,20.056981186370272,-40.987711754418186,0.0,2025-11-17,HD
-19.207030081814708,-30.955890518839613,-39.18745008338501,100.67548992760875,-179.65099979978328,0.0,2025-11-18,HD
-22.70918643632605,-19.818650510389546,-23.9920440749335,-15.012040604667748,-5.1731358003168975,0.0,2025-11-19,HD
-17.14613490371505,-14.585811018446133,-36.2750714300253,97.62748425415663,-68.0123969979549,0.0,2025-11-20,HD
40.30589333635255,33.055437356466186,53.72345578423272,-40.1994813509135,53.66961317007988,0.0,2025-11-21,HD
-16.047901983347405,-21.437406465525264,-20.963527990786435,13.445854061300171,-79.38833775551426,0.0,2025-11-24,HD
3.187991451453586,3.75775140935531,24.305725227641307,-123.51841120567113,60.28875464627572,0.0,2025-11-25,HD
19.83842774780894,16.296024196555635,30.08088438394391,-41.616312068988044,7.933762792804759,0.0,2025-11-26,HD
15.227257774581945,5.042494433172937,22.84354665013701,-30.470475478737388,-48.15240194403999,0.0,2025-12-01,HD
-11.934416210479684,-6.995291507729254,-12.153834894144527,-10.617904108479372,16.857871231650453,0.0,2025-12-02,HD
10.35751477496447,5.262034620309531,14.537549670979296,-14.722694601105466,-18.208833247908824,0.0,2025-12-03,HD
-7.355547242344641,-11.176051635502217,-13.831502568031636,31.50018471179023,-35.185583753776854,0.0,2025-12-04,HD
6.110999799918414,7.53765479678462,8.104737027726292,-5.8514235669127705,30.924706401870523,0.0,2025-12-05,HD
6.250393471548053,4.7755904333098815,13.697990739255284,-38.43519013468556,19.400664942067127,0.0,2025-12-08,HD
-34.521074019794774,-36.95678408949375,-47.775878723416426,45.00775420195637,-100.18784029379282,0.0,2025-12-09,HD
-7.839000355948199,5.8249370637022455,-7.563232644442876,-9.49360662495729,82.10057956796194,0.0,2025-12-10,HD
8.150058698171316,0.08467239625911621,11.624360443793641,-12.695751775556305,-42.21920126098197,0.0,2025-12-11,HD
-3.6220009449963677,1.903379008817761,-5.591222979317878,8.19333126094379,31.62443454404427,0.0,2025-12-12,HD
-14.007764785854791,-10.150615317811747,-23.418350305027715,42.45574832918911,-29.046582558975764,0.0,2025-12-15,HD
-8.561266472295667,-8.945841038402069,-12.630759205722077,15.855689928269221,-36.690906779412195,0.0,2025-12-16,HD
6.809306299728796,8.281238639061488,12.490522954868728,-27.277993631099616,25.98006621640252,0.0,2025-12-17,HD
-48.74797295513514,-47.88384635248864,-70.21145888557506,80.03294262751693,-115.14197643636045,0.0,2025-12-18,HD
-23.90448440404042,-26.059404736184323,-31.56365524192997,22.050540623303405,-82.02283658729023,0.0,2025-12-19,HD
6.844496115554685,6.341702200577847,4.853234644155947,18.792064943966786,-7.883714402614261,0.0,2025-12-22,HD
-1.6818811209381368,-1.2954973726416488,1.623578452650041,-21.51463856245236,9.240100064614436,0.0,2025-12-23,HD
1.91533315583535,5.558793616525678,-0.9435463756414247,19.06861034470577,25.230816540966675,0.0,2025-12-26,HD
-9.692191594802184,-4.511957895304652,-13.987829881209358,16.081638123652336,20.841077249614656,0.0,2025-12-29,HD
8.199736918515914,8.355486309143766,13.258318738671912,-22.15175400240857,20.53842830352167,0.0,2025-12-30,HD
0.4538593387143062,-2.8892830434744594,-1.682475745726363,13.27186984537642,-39.26281776525053,0.0,2025-12-31,HD
11.505939924317554,7.0114017614262485,21.316226544860363,-47.3557797989064,10.54209439295907,0.0,2026-01-02,HD
6.151020737238021,4.119692861026588,2.6615852745288624,27.087633513504514,-20.87363651642273,0.0,2026-01-05,HD
40.135347938906904,39.10956385769254,61.7318477496517,-89.44365092553556,86.7108226562271,0.0,2026-01-06,HD
-17.01485979918077,-22.783170738749437,-22.679205688893042,16.971215539099333,-92.54687961992897,0.0,2026-01-07,HD
37.84514545442156,28.27947722838028,51.26160577264013,-42.65361645488508,16.690214299797226,0.0,2026-01-08,HD
23.021880893380764,22.721593976712914,44.93999831579126,-108.48682364106843,87.82405590541413,0.0,2026-01-09,HD
6.747105410047213,2.1309391530644013,7.948549101851873,-0.4615567407640452,9.283150280905033,0.0,2026-01-12,HD
4.171858776962183,7.5701575278552005,21.24399697245184,-98.26097039597727,91.31345188176314,0.0,2026-01-13,HD
5.869765812728988,1.7293947415382547,4.558371756132527,13.738130152304734,-20.237303901138976,0.0,2026-01-14,HD
3.920385068520732,7.849705318852248,0.10690030999055121,26.801293619710822,13.33347681957163,0.0,2026-01-15,HD
1.7762326816679586,0.9017517856630518,6.899498005391901,-28.963359260669712,7.096698938471783,0.0,2026-01-16,HD
6.810271530037574,8.76367511814536,6.485424862265721,8.75935153667324,12.442949938235984,0.0,2026-01-20,HD
4.213664012831937,9.16401139601746,17.82040617709516,-77.426788972731,78.59020267657078,0.0,2026-01-21,HD
-18.49809502136809,-24.1439834095953,-23.175868629817995,9.568546629331337,-85.73597501086326,0.0,2026-01-22,HD
3.8194314134650367,2.9622806190516475,11.39836808615603,-41.654188622655674,25.613800098216426,0.0,2026-01-23,HD
8.596557489470394,8.020282965186267,11.729818034264456,-10.203005779291033,11.297907686667946,0.0,2026-01-26,HD
-20.610638808649544,-17.720820111373595,-25.66438041612005,9.711810836191384,-20.19885415003381,0.0,2026-01-27,HD
-7.84575258418676,-8.641311187813598,-21.555355160668718,74.41186287473212,-44.95634682785159,0.0,2026-01-28,HD
-7.010397340549168,-8.323506889034729,-7.486495217681951,-4.153810077744834,-22.40596450520283,0.0,2026-01-29,HD
-18.317707999191185,-11.925239543164995,-52.37710045842582,186.0386467562329,-65.91122282630151,0.0,2026-02-03,HD
7.476518204828938,7.578256052482079,4.031167952125836,28.148619721068076,-13.122037523882742,0.0,2026-02-04,HD
-3.0006360602218307,-1.3752186725146218,-9.02658791238803,33.1550750527887,-26.0596097841159,0.0,2026-02-05,HD
11.228872270213282,10.890276524257875,14.755440049193899,-9.930534403661555,18.675836965075877,0.0,2026-02-06,HD
-11.593779320191693,-8.676630225449047,-9.553764774031833,-23.833866597143388,12.436538625061369,0.0,2026-02-09,HD
15.425718360120696,10.300615722682323,32.65863312260387,-87.9717702147564,24.8537576772489,0.0,2026-02-10,HD
17.05943317178858,15.60344902059762,31.262291805199606,-68.15771862867464,63.77198161832502,0.0,2026-02-11,HD
-16.52014351328326,-12.345823463345878,-30.62020690910188,68.08023686164297,-49.977911641960134,0.0,2026-02-12,HD
6.831874513972549,0.9523534447305532,13.293090166652563,-31.93541940209011,-7.276949577986853,0.0,2026-02-13,HD
-13.610120963973747,-12.971515280277647,-13.771579227959554,-12.64137138004556,-8.468357473974542,0.0,2026-02-17,HD
3.7229653448914934,3.518272611304204,-0.19385048350733672,27.223860315311192,10.721599528971334,0.0,2026-02-18,HD
-2.93332813810991,-6.356374157793265,-0.5069902043115261,-17.491355740880728,-19.732228281295306,0.0,2026-02-19,HD
-4.53109681798943,2.9182139394079725,-10.453441427471265,31.00297083892098,34.15262377344998,0.0,2026-02-20,HD
-3.283114574980794,-7.507824282194531,17.96260376114774,-130.75742459171872,29.934593039490917,0.0,2026-02-23,HD
-30.10495461539388,-33.45286412263906,-39.7999145400931,28.064804932820497,-75.70021525822077,0.0,2026-02-24,HD
-13.686045356604955,-11.28035179471149,-5.177145303382014,-64.73944567592591,26.294718503133755,0.0,2026-02-25,HD
-9.951411570789164,-10.320280434283333,-15.600503640492386,23.943140847443743,-49.26524392859173,0.0,2026-02-26,HD
10.272023407088373,12.453622458726501,24.643282328347325,-75.95553012044726,75.43944156628426,0.0,2026-02-27,HD
-2.3425754227191775,-3.367304888365208,-9.759848929278817,42.161065616655506,-18.1778385023387,0.0,2026-03-02,HD
14.793875857674639,12.964846891795286,29.085192312465317,-70.95402287105387,47.88848161896607,0.0,2026-03-03,HD
8.309854520550207,9.376574211318125,21.644419593074527,-71.69753591457713,50.98854415130315,0.0,2026-03-04,HD
-15.863988391555418,-11.054395148617772,-23.512473575598065,30.026922712720864,-12.090928618814685,0.0,2026-03-05,HD
8.929686052766623,9.452400521200838,15.129184917697346,-28.267307136806583,15.24503565866274,0.0,2026-03-06,HD
-17.81821339691717,-25.518729794622356,-0.726969525490249,-120.36567662547381,95.92613430772742,0.0,2026-03-09,HD
16.832693564040202,4.545375084714749,28.051843129224387,-50.48220382704426,-17.782570621975484,0.0,2026-03-10,HD
-8.668409770851842,-4.256832581226472,-15.151446867985308,30.229812811961903,-12.750250013936434,0.0,2026-03-11,HD
-18.762615740567874,-13.119219528580484,-27.389844435845593,33.000756431111746,-96.74016991608242,0.0,2026-03-12,HD
-9.266397710843444,-5.99684313807631,-14.42965902733885,21.713170188149036,-36.46831947791295,0.0,2026-03-13,HD
3.5357548313099887,7.141592721614186,-1.6293184738148379,34.526194662087114,-13.789982415154546,0.0,2026-03-16,HD
-4.966258427141329,-2.2305607469439344,-5.658073153305185,-0.8153700701465727,-25.929874226668407,0.0,2026-03-17,HD
0.5390897747206173,1.2808505682165165,-2.7009753158428524,19.979480318123585,-80.73334148853868,0.0,2026-03-18,HD
-6.780546548525298,-4.99773509927632,-5.454702806224833,-14.735609002307253,28.062339331883344,0.0,2026-03-19,HD
-40.04596179334704,-28.07844567327212,-56.04424226762959,55.94372105236227,-86.01131183628067,0.0,2026-03-20,HD
3.1478398930733067,4.785044525275781,2.5024455398600582,7.020206012352797,-34.39147495509958,0.0,2026-03-23,HD
16.78244641845065,5.41069020591887,30.529900411977536,-65.70227754270032,26.490579834938874,0.0,2026-03-24,HD
0.7589868207223386,-9.696380376210673,14.890658217777712,-84.0310415615962,24.64023670063461,0.0,2026-03-25,HD
-14.947400880087383,4.9268574606761115,-34.61285132500343,103.04530178942618,-31.57690560503176,0.0,2026-03-26,HD
6.988337069325035,14.676443478535084,-1.6641963140473053,58.90353736957313,-60.120467900487625,0.0,2026-03-27,HD
-1.9504525365811363,5.050351410937979,-8.889767402159793,39.68543665689255,-45.87390851808276,0.0,2026-03-30,HD
-10.323510618347374,-14.244927459146012,-6.686093701588624,-32.14801211886514,44.23867558764138,0.0,2026-03-31,HD
10.959070202156754,13.521481550365062,8.167982472850785,27.70559657799429,-30.074522214172056,0.0,2026-04-01,HD
-8.33681823392802,-7.591407473361292,-4.438091937382776,-31.72917601318534,1.5431905456563286,0.0,2026-04-02,HD
18.04062315632273,12.525619507080973,28.593015349793504,-45.27373000448439,66.9134910845512,0.0,2026-04-06,HD
-7.495402775594462,2.4748596289139795,-17.011542915355033,49.601438062979675,11.911295438786983,0.0,2026-04-07,HD
-6.8049498943085425,-0.7843945410694324,-13.631781195295414,34.15603791163468,3.2072804852090595,0.0,2026-04-08,HD
28.982093150016816,7.873654462809487,50.25219549255981,-98.63852090522424,102.53496193992665,0.0,2026-04-09,HD
-8.8239210110673,3.6581761633081453,-22.204200805845765,71.45775775763045,-4.844891443371132,0.0,2026-04-10,HD
21.893952858762074,7.1186460637471685,40.93921416123316,-92.37761495603745,120.6510369149848,0.0,2026-04-13,HD
7.004815816350026,8.692647515705264,8.088811225051366,0.5008433641619503,34.024370408864236,0.0,2026-04-14,HD
-3.43589327403712,0.40137989162441506,-5.33177423439616,7.939392488142308,11.928497093422754,0.0,2026-04-15,HD
-4.852594103476426,-7.439827188070414,-1.695399895254625,-23.79575935280555,-20.98381571594061,0.0,2026-04-16,HD
8.395801666565543,14.223959205246015,-0.34056736520892056,60.814015857228604,7.966469675954123,0.0,2026-04-17,HD
-12.969745301417406,-3.2563197187467554,-21.09828320906405,35.80148214447815,-52.55495495181965,0.0,2025-05-05,INTC
-2.1887160633978002,-3.10934692637259,0.4598980799522024,-18.080400923488913,-20.985834655663542,0.0,2025-05-06,INTC
-9.477570794671932,-7.316796552332459,-8.118057440885499,-17.63465091738166,136.094057248284,0.0,2025-05-07,INTC
23.219089301763685,5.279646404609792,37.98152917841502,-65.35554995814434,13.339862221382027,0.0,2025-05-08,INTC
-18.842343787962502,-28.52699030553756,-12.023925451042675,-59.75285380946634,139.05212522770967,0.0,2025-05-09,INTC
-0.9756073720192684,-24.106899187032468,14.849722181851671,-95.9275846952449,7.897942485553849,0.0,2025-05-12,INTC
-1.0706239087991694,5.8900854862861785,-0.8514511330952258,-2.3856605630086793,-26.727043298050777,0.0,2025-05-13,INTC
-42.44028614001816,-42.42841420827861,-41.28691846512422,-49.360492189367136,-77.03454121948467,0.0,2025-05-14,INTC
14.019336610457989,3.12406087208631,25.839714489712314,-56.90293066504147,43.320575886748074,0.0,2025-05-15,INTC
9.466408117761079,2.9848487662048497,13.773308937146128,-16.374996798534415,32.714158015403875,0.0,2025-05-16,INTC
9.703579349036373,2.6075744977329984,12.253104510904697,-5.593571622148631,12.939549463950712,0.0,2025-05-19,INTC
11.942151955963746,11.02357647940007,15.804408395427844,-11.231386680810834,-1.1806943366209528,0.0,2025-05-20,INTC
-4.583713626089391,41.33834817524052,-27.09193144955482,130.46559331474026,-183.11489657488423,0.0,2025-05-21,INTC
0.3051228914345297,-4.829655459133751,2.3738504945905032,-12.107242727492732,-72.4789340347986,0.0,2025-05-22,INTC
0.3069389850009803,-4.928285154943978,3.152862087173971,-16.768599628024578,-9.298288969268972,0.0,2025-05-23,INTC
34.50549549210446,24.68292726586387,43.406322184004644,-18.899464659289734,42.18438422790082,0.0,2025-05-27,INTC
-6.139518424444874,-9.309214260694755,-5.424682262911405,-10.428535393624871,-50.65614379600367,0.0,2025-05-28,INTC
-16.876174479828236,-2.7658781578514704,-23.397059242912853,22.249134098702264,-2.441913373674391,0.0,2025-05-29,INTC
-25.73628125634004,1.3040612921905173,-45.338854994499705,91.8791611726324,-78.3014251888085,0.0,2025-05-30,INTC
17.145178519552204,4.782952991477437,22.846881307008815,-17.065038205172964,67.03981169762841,0.0,2025-06-02,INTC
56.60812837471804,28.950664353499096,83.78371887122924,-106.44541460432079,89.98376359236312,0.0,2025-06-03,INTC
4.321366873655203,-0.694239074006564,10.279330438566024,-31.426414515799216,-11.251966612703091,0.0,2025-06-04,INTC
-11.34137347301519,-6.755958341159179,-5.00028753830587,-49.38788908126234,-122.61640493942154,0.0,2025-06-05,INTC
-6.206161254165405,0.5524468240820314,-9.853599057574458,15.678465566299458,-96.13857950483965,0.0,2025-06-06,INTC
-11.85641289213782,9.665482813682038,-30.13327659177519,97.80476930570013,-93.49678624864943,0.0,2025-06-09,INTC
-33.86137411937481,-122.03449681055565,23.898637955013278,-380.42144656567865,237.88034827358555,0.0,2025-06-10,INTC
-60.021271910200895,-24.60476843996078,-86.66489717860516,99.84047970024845,-92.65716431609947,0.0,2025-06-11,INTC
12.307841331632313,-6.427559090375199,24.220966172056237,-59.170907710904366,35.08917441677734,0.0,2025-06-12,INTC
-10.571405597580375,-4.790325943148766,-14.011778302212113,10.070830630218792,-93.12775773457808,0.0,2025-06-13,INTC
21.06655483099913,21.946750149415905,21.468231235943367,18.656496401345688,-7.854409001523715,0.0,2025-06-16,INTC
-8.338535850342938,-13.937223977266664,-8.582603179930361,-6.87413187280824,-88.39790270445236,0.0,2025-06-17,INTC
24.214544363102476,11.067544134951849,36.12012349430847,-47.218930424110184,77.17991362177604,0.0,2025-06-18,INTC
-37.193343158055214,-23.885379460408313,-53.87637054396142,62.90482115739707,-92.27078082568823,0.0,2025-06-20,INTC
-16.051560578912323,12.185541935146324,-41.734900084469686,138.04847645444866,3.4413370038702076,0.0,2025-06-23,INTC
57.18123527823751,18.289570214524,91.75194286152643,-150.24301022146898,109.71427479118508,0.0,2025-06-24,INTC
-28.665240867116918,-13.599389225049839,-39.54674761021847,36.623799591498724,-75.1177260563782,0.0,2025-06-25,INTC
0.3778796813076275,-10.089765247278182,8.572488922497005,-48.78977576580484,51.637498909061456,0.0,2025-06-26,INTC
-36.378513000953994,-3.316704956379003,-63.5205096571249,126.47346693609016,-44.56674290789024,0.0,2025-06-27,INTC
-18.656527818849348,-18.367862327304017,-18.597113914952786,-19.01301124221606,-26.27400931939361,0.0,2025-06-30,INTC
28.500000548331773,-2.5276073606001668,58.692852976047064,-152.65711401794596,7.9523981516850775,0.0,2025-07-01,INTC
-17.884379572353357,-30.07946392163397,7.604225918817863,-170.81601251936775,-54.93038821794426,0.0,2025-07-02,INTC
-23.10879820352958,-10.564303175576304,-31.960560828559352,30.00177754667,-26.67770593551889,0.0,2025-07-07,INTC
69.3533682665188,32.132423426686344,95.8730808141873,-89.76490701948006,131.36876026945643,0.0,2025-07-08,INTC
4.073958908379161,-2.5757218892817733,11.370574092828983,-39.705732198306066,56.745782894576436,0.0,2025-07-09,INTC
2.799888185668772,1.3339980273775267,4.57387597159138,-7.8440385298609,11.497578050977362,0.0,2025-07-10,INTC
2.5226645713404303,-5.034297669245938,2.179286571006646,4.582932573374975,-5.999675470922998,0.0,2025-07-11,INTC
18.1785785503219,4.868217965810758,29.516660389652547,-49.84991248564819,62.410503726005594,0.0,2025-07-14,INTC
-24.220681104385896,-1.625033280898654,-41.9171567164738,81.9581725681446,-160.69621121384725,0.0,2025-07-15,INTC
-14.363368928390143,-6.55269227258502,-25.924932564619073,55.0060128889803,28.464217773685252,0.0,2025-07-16,INTC
3.294434691058151,-7.291683102377765,14.315253697814349,-62.830479349465016,-8.050050159808237,0.0,2025-07-17,INTC
-5.437317501485058,-8.734629483078766,4.763231557010356,-66.64061185245141,-53.7230736520549,0.0,2025-07-18,INTC
-25.501809092135865,-23.225686453773857,-27.7980547118547,-11.724335373807598,-29.855454814305265,0.0,2025-07-21,INTC
-10.685492803624616,-0.6347315803710718,-15.0305502729285,15.384852012198687,-21.096766863407325,0.0,2025-07-22,INTC
27.054518701328295,16.142077249287432,30.87485589827522,4.132495519651313,64.15775465825178,0.0,2025-07-23,INTC
-49.25443776245959,-34.81833199735202,-59.37260031323149,11.454537542185824,-123.95320895055987,0.0,2025-07-24,INTC
-21.867448389611706,-17.21555744844425,-25.096131526444466,-2.495349568603082,39.60382578488244,0.0,2025-07-25,INTC
-39.53762583371732,-20.742577316153405,-51.09880623583464,29.829456579008713,-96.988468341223,0.0,2025-07-28,INTC
-33.3882886671869,-18.947857903785117,-48.82179735814558,59.212763478582474,-55.34604984117828,0.0,2025-07-29,INTC
-19.153929145722298,-11.370330492254263,-27.042920632846577,28.18001977704439,12.526553822155435,0.0,2025-07-30,INTC
-16.87047930633152,-3.7754095676488193,-27.809424253285997,48.763190375406,-54.15940518722882,0.0,2025-07-31,INTC
1.9116192707578823,-1.754403178411923,8.276556613477563,-36.2780047855602,20.82100632525573,0.0,2025-08-01,INTC
3.09600967491364,1.4908004349685773,5.599434474875089,-11.92453912484958,0.9101089015019878,0.0,2025-08-04,INTC
25.818135153628237,23.55390760303455,27.210540715089245,17.463701784874473,-19.60998862639782,0.0,2025-08-05,INTC
28.996015430341682,14.122536750588024,38.926781131970515,-30.588578779403267,80.4845287571209,0.0,2025-08-06,INTC
-56.48830844426488,-52.7431594243153,-58.090933694663455,-46.872556941866264,-39.32689922691244,0.0,2025-08-07,INTC
-10.154432461155004,-13.8911445688379,-10.335897110840232,-9.06564456304363,69.16631701080316,0.0,2025-08-08,INTC
-35.152075223204015,-26.257833167759642,-36.63369441902332,-26.262360048277976,-105.24757198683486,0.0,2025-08-11,INTC
63.44513379594818,22.144285036187835,95.93166901542858,-131.47407752091596,198.17814580729015,0.0,2025-08-12,INTC
48.266067805817734,20.476644027195064,72.6092336281661,-97.79292712825617,111.68079151889594,0.0,2025-08-13,INTC
-192.44052574295182,-230.3719811493126,-162.24570846127665,-373.6094294329998,348.0669369054561,0.0,2025-08-14,INTC
37.169472188947395,21.69217500006236,45.03269173419658,-10.009845082520629,-128.53177892542982,0.0,2025-08-15,INTC
3.4078612618106807,24.781509364566897,-0.15501733165343876,24.78513282261027,-107.06507887084506,0.0,2025-08-18,INTC
-57.437202983152545,-45.558598151567814,-69.85048578755725,17.04249384328124,-83.97011872850818,0.0,2025-08-19,INTC
-80.7944880047271,-72.3116390834364,-79.41680567162858,-89.0605820033077,-91.16580315562744,0.0,2025-08-20,INTC
24.15778443916808,12.34288709116753,35.20465405052857,-42.12343322897652,108.46030097134951,0.0,2025-08-21,INTC
30.3955868446211,3.03834458371859,45.2358393072168,-58.64592793093865,63.034961873995414,0.0,2025-08-22,INTC
-59.9101462191603,-32.412957097868386,-76.56406218309424,40.013349564448994,-197.74987626881597,0.0,2025-08-25,INTC
-14.967327668208974,-14.39570102035624,-14.078003889379945,-20.303270341178767,16.719574670210775,0.0,2025-08-26,INTC
28.141005648936957,-5.3118383626531775,53.86736986758439,-126.21717966294474,80.7981369020496,0.0,2025-08-27,INTC
-9.808162380968499,-12.250611269805347,-9.95387071893989,-8.933912353130152,30.875557864439,0.0,2025-08-28,INTC
-19.378836385519136,-12.317560730163343,-23.21892477075802,3.6616939259315595,-45.336175407868936,0.0,2025-08-29,INTC
20.386787274409116,17.545954801864458,18.941605418469155,29.05787841007109,93.62658783433908,0.0,2025-09-02,INTC
4.084551764457803,-5.133466098822736,14.52135754496115,-58.5362829185504,31.365557267120288,0.0,2025-09-03,INTC
29.067149564887984,5.7631423284590495,47.39830019194063,-80.91975419740598,126.8855232959248,0.0,2025-09-04,INTC
-6.419197518674539,-8.555150768202948,-1.3516088328585727,-36.82472963357034,45.209999762024964,0.0,2025-09-05,INTC
4.258657884293979,2.280521283800427,9.220529412600229,-25.5125712855261,11.263561290544851,0.0,2025-09-08,INTC
-3.5563790933402384,-1.8881269615708345,-0.8406183825066499,-19.850943358327253,-13.43724274652804,0.0,2025-09-09,INTC
-7.091954066147097,-6.635145787158733,-6.476983963075054,-10.78177468456486,107.51318943583964,0.0,2025-09-10,INTC
-5.938510825432799,-2.48195627345482,-10.521756669148111,21.560964236877766,-41.215148438046256,0.0,2025-09-11,INTC
-20.658569781762314,-15.90562319314029,-21.725248354642407,-14.25849834446271,-76.18131124175736,0.0,2025-09-12,INTC
-11.749056238713214,5.268239447626662,-26.22691206254308,75.11807870428592,-51.54615382668076,0.0,2025-09-15,INTC
4.895534028834591,3.1209867450159012,0.7400810461241801,29.828251925106954,49.728400546613514,0.0,2025-09-16,INTC
24.88349243350019,26.205780976127645,25.10134398164537,23.57638314464195,-12.537444737303327,0.0,2025-09-17,INTC
-34.125956889202826,14.74570709856433,-58.47245948108612,111.95305866211746,-220.74040023437587,0.0,2025-09-18,INTC
-41.901089135832564,-16.12005040039342,-60.49523198708364,69.66376797169886,-114.30259887944831,0.0,2025-09-19,INTC
-50.7918589027126,-24.047230651137586,-72.85924103937106,81.61243391725148,-179.6929199064628,0.0,2025-09-22,INTC
12.869399894051092,24.198256620486696,2.514569186138434,74.99838414152343,-86.65485092553632,0.0,2025-09-23,INTC
34.32151407558605,15.404177287860788,48.591312917947555,-51.297278978581815,168.55430817670708,0.0,2025-09-24,INTC
68.92513938937316,38.20474310088708,84.31210269551937,-23.396640447499834,252.76736268561606,0.0,2025-09-25,INTC
-6.856874100914067,-50.77232740769656,25.97969778102154,-203.8763053925257,-23.898887558633717,0.0,2025-09-26,INTC
30.16113908326971,29.05320261172931,32.50113906011906,16.121139222175678,-24.10539075367056,0.0,2025-09-29,INTC
-16.437966925231436,-10.025463653230938,-22.090526000857327,17.477387528530272,15.268532775149932,0.0,2025-09-30,INTC
-39.05709797684969,-83.5061271590034,-5.380835051583906,-241.11467552842,282.52638157580407,0.0,2025-10-01,INTC
72.76949561860312,29.652354175681513,106.34042025810416,-128.65605221838572,159.9912141041308,0.0,2025-10-02,INTC
-5.58964881081675,-14.021355171485974,3.927619238753169,-62.69325710822863,-105.6944099997651,0.0,2025-10-03,INTC
-74.1182775581882,-31.339009473344632,-103.86830249840673,104.38187208312502,-218.02671547574283,0.0,2025-10-06,INTC
4.995536137058492,21.457763875143215,-17.017959306338597,137.07650879744483,-25.239337109683238,0.0,2025-10-07,INTC
59.310986366057435,32.90934314712281,84.07030971201027,-89.24495370965377,119.00407964000772,0.0,2025-10-08,INTC
-7.15974893494889,-24.58212756057219,5.6765300148093045,-84.17742263348475,111.06247931565174,0.0,2025-10-09,INTC
-96.9739087374101,-52.44054378738333,-151.96245372536828,232.95736119034845,-387.2534073885784,0.0,2025-10-10,INTC
20.998081345725694,23.46184955094945,18.459869907444222,36.22734997541837,34.87865035452867,0.0,2025-10-13,INTC
49.92603264824477,7.68549396506738,69.15274813001311,-65.43426024234132,-17.270494850849616,0.0,2025-10-14,INTC
27.864884986552035,19.08282439361963,39.18037484054069,-40.028054137370205,135.8417290138157,0.0,2025-10-15,INTC
-28.796327376880583,6.693212250474412,-49.88886739593623,97.75891273745715,-89.2614490850783,0.0,2025-10-16,INTC
-16.381543178609185,11.4202904927263,-52.99577228420205,203.3038314549632,-87.45322944838408,0.0,2025-10-17,INTC
3.2424720139927348,-0.7226590108484913,7.180405446109302,-20.385128578682405,6.252273549718871,0.0,2025-10-20,INTC
9.544406165540252,-7.539649886744766,24.784222203286042,-81.89449006093821,25.994530174110363,0.0,2025-10-21,INTC
-29.95182922761497,-17.564495254837787,-43.12987273400737,49.116431810737474,57.28389935917278,0.0,2025-10-22,INTC
15.301779818410575,-6.546367535201352,33.951565103045716,-96.59693188938321,182.02141021062613,0.0,2025-10-23,INTC
-117.2357097173144,-107.67571487146562,-130.34646359149272,-38.57118647223532,-149.3295424593991,0.0,2025-10-24,INTC
-2.1654744294017463,24.310517176975843,-37.802439473481506,211.656315835084,-34.27151250783877,0.0,2025-10-27,INTC
49.49464788261338,20.66295212251792,71.71256107125637,-83.81283124924285,-18.875283236654827,0.0,2025-10-28,INTC
6.249450435290529,8.652713388267454,13.831443524657882,-39.2425081009016,-40.44735573001171,0.0,2025-10-29,INTC
17.98279001889805,14.683894537433677,23.059481436187824,-12.477358484819712,-174.11942853734513,0.0,2025-10-30,INTC
-12.234154979728833,10.139014275551164,-22.698067436629138,50.549319761685375,-56.27498510344844,0.0,2025-10-31,INTC
-5.4354910757182395,-15.22679773800499,8.281529825321435,-87.73761648193475,-20.754866670389394,0.0,2025-11-03,INTC
-27.699237953862134,-23.820953042425067,-44.37640954513609,72.363791593791,-168.9016532387658,0.0,2025-11-04,INTC
31.598237149436176,28.385574778617595,43.19992165765559,-38.01186989988213,87.01699476878544,0.0,2025-11-05,INTC
-30.252188914036488,-14.905931856248689,-53.39182578720714,108.58563232499876,-67.42074451361093,0.0,2025-11-06,INTC
8.77974116121433,18.2324506089953,5.038179501113666,31.229111121829686,165.76055660976257,0.0,2025-11-07,INTC
-46.782373606345764,-26.531393692093452,-72.60092687940194,108.12894603200237,-25.50521010853383,0.0,2025-11-10,INTC
4.277284508326567,2.118147607312904,5.564362958114727,-3.4451861903874006,-3.4451861903874006,0.0,2025-11-11,INTC
9.039924949494607,13.752432807408598,1.810545896999295,52.41619926447959,-13.719751827924876,0.0,2025-11-12,INTC
-24.712912274410954,-7.429436765661256,-55.25689405569191,158.5509784132787,-74.80468321350921,0.0,2025-11-13,INTC
57.2144653537522,38.65212362367942,77.87302435544456,-66.7368886563819,6.4597799177003,0.0,2025-11-14,INTC
-3.2804808621893056,4.155617070746925,-26.745903266007847,137.5120535607341,-99.17191481705495,0.0,2025-11-17,INTC
31.173330006049923,20.915605158672175,46.13013226916109,-58.567483572598384,27.625147067224006,0.0,2025-11-18,INTC
10.810450075501995,37.68566296713792,-18.738261373701246,188.10271877072347,53.48307425136104,0.0,2025-11-19,INTC
-72.79922401844374,-33.58114276978461,-150.8746632864218,395.65341158944284,-379.7723632877756,0.0,2025-11-20,INTC
39.906031571537035,16.506221110036464,86.32985825201281,-238.63692851129045,148.22801771395473,0.0,2025-11-21,INTC
31.6895397217108,19.37505165074376,45.27890622667921,-49.84665930810166,4.040392166471316,0.0,2025-11-24,INTC
36.09755515368915,28.996183436104936,46.35229020570866,-25.430855158407994,43.25359605872905,0.0,2025-11-25,INTC
23.985206337459402,12.289540521527194,42.1667132377351,-85.103835064189,-4.937296349396809,0.0,2025-11-26,INTC
-6.258843006034459,-8.839518267229636,-1.9694323244367316,-31.995307095606606,10.492140420145093,0.0,2025-12-01,INTC
95.71401715582434,84.4079266047131,121.85767104974067,-61.147906207663624,219.73007089635598,0.0,2025-12-02,INTC
19.04257141485736,19.178488706975475,22.740140660082957,-3.142844056484784,67.03886856359172,0.0,2025-12-03,INTC
1.6129832468232526,28.012367237594198,-49.27648785703883,306.94980987002685,-158.26544278780756,0.0,2025-12-04,INTC
-16.187848859208938,-11.067128813685452,-32.999867597760684,84.68426357210829,-147.29762054608688,0.0,2025-12-05,INTC
-35.41288525367049,-28.176800308463214,-45.27131026988761,23.737664843641006,-7.226556171574365,0.0,2025-12-08,INTC
-24.919050903734423,-22.232259734778783,-27.685673747545533,-8.319313840844908,30.08220101390546,0.0,2025-12-09,INTC
38.050801754637966,29.953412395815327,62.32921850653496,-107.61969875672273,170.4947914690724,0.0,2025-12-10,INTC
-16.796470521428127,-8.83689053263387,-30.039054341753662,62.65903240053228,-1.1309427222112336,0.0,2025-12-11,INTC
-77.51621940524134,-61.500548012010924,-113.00821044827445,135.43572685297016,-212.41474000468344,0.0,2025-12-12,INTC
-18.63340056398468,-22.788276899320792,-10.010147164724732,-70.37292095953305,-40.10332709074948,0.0,2025-12-15,INTC
-16.095225820125673,-19.99672645002345,-9.967355335039557,-52.86244873064617,-8.95731922821979,0.0,2025-12-16,INTC
-41.75564923030389,-21.684024466392234,-82.436119172924,202.32717042542066,-145.94443124630536,0.0,2025-12-17,INTC
-18.00807148822807,-22.24755444166297,-12.396357651774844,-51.678354506947414,-42.03684797935992,0.0,2025-12-18,INTC
49.358453233117466,40.495639498312514,54.51203653160947,18.436953442182652,-89.1439879886494,0.0,2025-12-19,INTC
-56.33926482343223,-49.58306867191893,-68.70733014480226,17.869127104793776,-113.18447159261801,0.0,2025-12-22,INTC
-11.189375485648952,-12.14544357826735,-9.583252335080969,-20.826114389045113,9.472401539498595,0.0,2025-12-23,INTC
12.423124263961542,9.16113348875179,16.644119759298267,-12.902848708039187,-8.45858988609452,0.0,2025-12-26,INTC
6.965906454270609,13.458256046897661,2.415616629427732,34.26764540332982,57.58694944766781,0.0,2025-12-29,INTC
8.338645020368686,-2.4016963327470893,18.286754394349746,-51.35001122352333,-75.68622826050634,0.0,2025-12-30,INTC
-3.242309704160976,0.6018306903382092,-15.066743007224634,67.70429011423052,-84.08328372529311,0.0,2025-12-31,INTC
41.89969993043599,33.8395201867532,56.63378672482396,-46.50482083588814,28.6212093754509,0.0,2026-01-02,INTC
-99.08050432049411,-88.52485248478699,-115.9546696899156,2.1644878960490597,-172.29229031553697,0.0,2026-01-05,INTC
34.76340295370957,37.88712379139118,38.64610786523598,11.467173484560044,113.81490678022364,0.0,2026-01-06,INTC
-15.42376933851112,16.628360262374038,-69.46424242486951,308.81906917965244,-123.46707363368014,0.0,2026-01-07,INTC
-85.75027027742546,-74.69101857858212,-104.25507783657054,25.278575077446753,-86.76940277229768,0.0,2026-01-08,INTC
102.31732777873367,100.42794888165749,110.36815298848505,54.012376520244594,223.61915897904163,0.0,2026-01-09,INTC
-19.308114996729685,-5.701194443449179,-44.51929160594489,131.95894465858063,-137.82403605791913,0.0,2026-01-12,INTC
53.93679419353221,44.57567535654021,63.11605067953361,-1.1387447224580267,58.908201595311155,0.0,2026-01-13,INTC
16.482425203587827,16.51674178799111,23.744683172956044,-27.091122612609702,101.47920956594267,0.0,2026-01-14,INTC
-7.686061914802229,-26.384619078625565,15.042641601780328,-144.05828301428593,-90.73892741040807,0.0,2026-01-15,INTC
-98.5755087928256,-87.38581809089693,-120.391248977803,32.31893231705819,-161.59914732844769,0.0,2026-01-16,INTC
2.256141833148119,10.652114561700518,-15.045263793531825,106.06457559325828,-65.64044102005825,0.0,2026-01-20,INTC
83.67834396056949,92.51028546906205,83.67477776683914,83.69974112295286,193.60109558037564,0.0,2026-01-21,INTC
37.614198905631945,27.876781563216085,51.57286917393034,-46.137822704145215,72.64659640630202,0.0,2026-01-22,INTC
-97.15496617399326,-76.15788344476658,-127.42477225347957,84.46387030293866,-146.19439442776573,0.0,2026-01-23,INTC
-56.399004594661356,-62.192657822192274,-50.746750472715696,-90.31252932630872,-73.91267283920574,0.0,2026-01-26,INTC
8.69875974737456,9.002619882447465,9.962313255842316,1.1174386965874317,4.96486142443239,0.0,2026-01-27,INTC
62.3092542884412,47.081954771562465,88.18422200181632,-92.94055199179924,98.80334249465078,0.0,2026-01-28,INTC
24.632780826127437,30.721494817617216,19.852861728278345,53.31229541322789,125.08397899164333,0.0,2026-01-29,INTC
-69.14031530104866,-52.82768813018452,-95.74000528178173,90.45782458335401,-85.50676175105751,0.0,2026-02-03,INTC
-18.16559386951916,-5.459109207993359,-23.4123980542765,13.315231239039573,57.81888607370712,0.0,2026-02-04,INTC
-21.4404595068278,-33.147175977569766,-5.075403326470518,-119.63079658895973,-8.871316542741484,0.0,2026-02-05,INTC
50.45012750634357,31.920379652660365,72.30441428892301,-80.67559318911056,22.26248678904853,0.0,2026-02-06,INTC
113.04950035480114,93.61725594264678,134.555272630971,-15.985133302203744,46.02765630101472,0.0,2026-02-09,INTC
-84.97408397937802,-66.35407769290505,-119.29021900596837,120.92272618017888,-182.11175738068167,0.0,2026-02-10,INTC
-16.826273790316108,-31.65394294132202,12.487500528853404,-192.70891970532728,66.09124106385546,0.0,2026-02-11,INTC
-50.3499805284742,-24.91362030359863,-95.70274010291661,221.76657691819534,-116.78895172120227,0.0,2026-02-12,INTC
41.149211427192235,41.28127454871627,34.101077637072784,83.43801416793772,-23.21906523249147,0.0,2026-02-13,INTC
25.47638472272797,14.05803672786535,38.898654186637266,-55.05723206070938,-0.9557068094424688,0.0,2026-02-17,INTC
-0.8713516170435367,7.28983475571927,-22.58401139975308,129.40460707921062,-105.65717435469239,0.0,2026-02-18,INTC
1.4557904920967928,2.9218028763623005,-2.389905627316725,24.529967208589063,11.067891100237324,0.0,2026-02-19,INTC
0.8469702378606403,-9.51560129996996,22.57840727797688,-129.54165200283353,90.00494231836477,0.0,2026-02-20,INTC
-31.728084869592166,-17.263578855017226,-53.44315847273806,98.56235674930433,-36.13083301423629,0.0,2026-02-23,INTC
82.36397428866654,67.13808111394547,109.59291728907813,-81.00968371379831,138.4034418867305,0.0,2026-02-24,INTC
37.585697588589575,19.546824141032364,66.38821358588557,-135.22939839517565,126.0181697019351,0.0,2026-02-25,INTC
-15.75538552171186,-27.615758611819988,5.089293765149966,-140.82346124287182,45.82415886823419,0.0,2026-02-26,INTC
-6.796859345987602,-1.5893946715593985,-8.007697784588533,0.4681712856492747,40.976820738517404,0.0,2026-02-27,INTC
4.9399598908789075,0.6767839188809976,15.763782263860364,-60.00297434699092,93.09127413678323,0.0,2026-03-02,INTC
37.5481424144044,15.44891886624811,70.14153203540025,-158.01219531156895,33.96434563247394,0.0,2026-03-03,INTC
69.74105353215657,42.578743090285656,107.21475744328306,-155.10116993460073,99.89006277495506,0.0,2026-03-04,INTC
-1.3638774555353017,12.775214396803582,-16.429269149747867,89.02847270975879,75.87428849608568,0.0,2026-03-05,INTC
-12.698803247727025,-20.339008896020896,-22.343958428009472,45.17212783398527,-217.27762963427426,0.0,2026-03-06,INTC
94.54223917684443,42.35509481706708,140.24636496212807,-179.6825155348444,352.15902362747477,0.0,2026-03-09,INTC
22.348647577645718,8.99828547392355,43.57452261206919,-105.0066026288815,-25.663837749501326,0.0,2026-03-10,INTC
7.945073416990345,24.02986938819113,-3.4367311257389517,76.23590067338388,-10.20641713227903,0.0,2026-03-11,INTC
-56.221794986535855,-38.37824026498322,-71.07152201248287,32.87656716914317,-130.6673950103823,0.0,2026-03-12,INTC
-31.818770570234218,-14.313338535805,-45.25573727628824,48.80302966610382,-24.164130569230633,0.0,2026-03-13,INTC
-54.16432495657284,-32.65986638423002,-64.20440925074443,6.076180808470106,-404.0686815495986,0.0,2026-03-16,INTC
-59.30239279107787,-30.69828552918997,-87.87916873922666,112.15826289782918,-136.44642070012307,0.0,2026-03-17,INTC
18.67523968819042,-14.852086609468731,40.08199497733564,-109.76529204666822,35.12242051197404,0.0,2026-03-18,INTC
66.59731430882877,55.43011909603407,74.74429549690585,17.715427180375674,164.0471458565144,0.0,2026-03-19,INTC
-99.33978193213555,-67.38670990101926,-114.8736265334747,-6.1367143240769515,-234.98658292045783,0.0,2026-03-20,INTC
-52.91993622130185,-10.399684558599201,-90.66269193891011,173.53659808436842,-120.60038074549828,0.0,2026-03-23,INTC
12.216083505201674,8.496712441614108,21.37180289350073,-42.71823282458779,64.57304938432245,0.0,2026-03-24,INTC
55.13718531925848,49.613228776074365,67.54723840047693,-19.323133168032545,21.016220996894543,0.0,2026-03-25,INTC
-85.47925171499995,-47.54232135112275,-118.2429682145241,111.10304728216549,-191.99854978467656,0.0,2026-03-26,INTC
-23.506356544224907,-16.226636722480166,-20.374284212071572,-42.29879053712361,-45.7597902977146,0.0,2026-03-27,INTC
-89.10556928925125,-44.98848081966601,-129.7462937960431,154.73877775150825,-108.28785633985706,0.0,2026-03-30,INTC
46.07811855073826,-6.270570910866584,77.08487045757445,-139.96239289026246,229.6879231602416,0.0,2026-03-31,INTC
78.94493576007636,77.84925074494984,83.95497075429843,48.88472579475879,52.02520169618223,0.0,2026-04-01,INTC
106.89068331368048,89.88489017008682,123.89134275628507,4.886726658071682,224.1500434588199,0.0,2026-04-02,INTC
-54.276051082918094,-52.04776669442983,-60.38685990714349,-17.611198137553142,-17.611198137553142,0.0,2026-04-06,INTC
20.246309707990424,5.382007761913172,35.83321342631984,-73.27511260197517,127.63185238811887,0.0,2026-04-07,INTC
93.02315100136354,52.20497868684624,119.31028702896586,-64.6996651642343,232.00646258121517,0.0,2026-04-08,INTC
48.215361809303815,40.22032118820789,53.722947934932876,15.16984505553648,191.9761240508863,0.0,2026-04-09,INTC
25.463970638234017,29.234397963803264,23.97906861771219,34.37338276137067,-28.776176994954962,0.0,2026-04-10,INTC
31.282524672568716,-2.038710824460053,58.716486594218885,-133.32124685732347,106.2701182849485,0.0,2026-04-13,INTC
-22.93934243499751,-17.09182102460001,-28.888372210610356,12.754836218695303,90.2385175116492,0.0,2026-04-14,INTC
17.076542036256793,24.84286730384501,21.298224796795644,-8.253554526963113,53.02254693155904,0.0,2026-04-15,INTC
63.977493742848765,33.72993051968412,97.57496367395285,-137.6073258437525,195.8890997040921,0.0,2026-04-16,INTC
-22.48745486716149,15.598581695270752,-39.51770661484811,79.69405561896852,-82.47226588446826,0.0,2026-04-17,INTC
10.219209101680505,7.777849558274967,12.665106046629537,-4.456172567998019,-30.01097783173418,0.0,2025-05-05,IWM
8.30242408769068,14.785464921002381,4.144609835104903,33.24930960320822,-24.538284558299612,0.0,2025-05-06,IWM
2.2036508579110987,4.657935725005624,0.06779659164369757,15.018776455524147,5.895843207892647,0.0,2025-05-07,IWM
20.376519079145247,1.0897754166430218,36.09656131413451,-73.94373433078185,13.633748804832846,0.0,2025-05-08,IWM
-8.371726978185281,-6.485873273453784,-10.131864770457168,2.189099775464442,-2.539604326451366,0.0,2025-05-09,IWM
-5.771498251412427,-15.677062497022435,2.154877228589079,-53.329751131405025,23.810151423860706,0.0,2025-05-12,IWM
2.6471444014438896,-3.776124623209343,9.103771849507922,-36.092620286923975,-11.200597419834306,0.0,2025-05-13,IWM
-7.647617019465165,-4.178170756928747,-10.466345718525007,9.264755174922671,-27.14332747211902,0.0,2025-05-14,IWM
9.859252395237718,-2.409580150069158,21.987929077364004,-62.91280769751176,51.04053812622208,0.0,2025-05-15,IWM
9.81099405834259,0.06638342924065484,17.36723269900827,-35.52643778564333,40.52711403797384,0.0,2025-05-16,IWM
16.928231150338338,10.71746724357143,21.937634455874615,-13.128188682862923,48.90845641383376,0.0,2025-05-19,IWM
3.4228300566300365,2.468026291971342,5.029857391690248,-6.219333953723071,8.38060782014624,0.0,2025-05-20,IWM
0.9558653479092568,20.606717012514487,-13.319155446586738,86.60599011490741,-83.70468283064659,0.0,2025-05-21,IWM
12.523274066325586,1.2887458598856807,21.47533619867217,-41.18909872774133,8.055875369422717,0.0,2025-05-22,IWM
18.33005306943067,9.431680039983394,25.89770899707353,-27.075882496406823,28.373016333578253,0.0,2025-05-23,IWM
17.446627560617472,10.101733434567347,24.921394096072607,-27.4019716521106,47.09227425471418,0.0,2025-05-27,IWM
-6.823322350236883,-5.62579229347854,-9.484820868152498,9.145668757256809,-33.16669764231516,0.0,2025-05-28,IWM
0.7022774894444904,-0.8911891815016726,3.757820603512436,-17.630981194949367,20.771766650993705,0.0,2025-05-29,IWM
5.650375687398216,7.488351022920947,5.220993425718288,8.22666925748471,-2.2529708966658823,0.0,2025-05-30,IWM
9.617085717236394,4.927155658833317,14.561197342663535,-20.047584035307032,37.28499173776129,0.0,2025-06-02,IWM
11.601994152621264,0.030446352604024507,21.958232019095835,-50.53543304620571,25.714685681081647,0.0,2025-06-03,IWM
-2.3317815626106264,-0.688572927914786,-5.455625371866272,16.41128129293958,-19.501849618262884,0.0,2025-06-04,IWM
16.302740119371837,10.922699693515275,22.449434768136598,-20.577427773190834,-3.3185972882077177,0.0,2025-06-05,IWM
-1.3431550636491034,-2.062938677180078,0.3236717735696245,-11.344116086946682,22.713015569828997,0.0,2025-06-06,IWM
5.396067668618028,2.0048235409627995,6.048589208318741,1.480938430427068,-6.249848638453569,0.0,2025-06-09,IWM
3.6384381701625887,8.747110757780158,-0.18395780757393793,26.57281403660956,-3.71796498463697,0.0,2025-06-10,IWM
-2.0850376082616893,6.57018690341838,-9.969128596717683,45.21950832249545,-50.487318885274846,0.0,2025-06-11,IWM
3.655487008296791,4.980710290186606,1.2976358850513272,17.80259374777225,10.981000722339163,0.0,2025-06-12,IWM
1.1543872536792417,0.37845506788187966,3.9714042319435285,-15.747714615895632,-33.399303950316536,0.0,2025-06-13,IWM
2.1197289090440226,4.538704210372907,-0.5384935064053764,18.069063401768734,-0.908306317562474,0.0,2025-06-16,IWM
-1.6372626565520956,4.432915882779413,-6.67512959729874,28.58993898793863,-40.90553396528734,0.0,2025-06-17,IWM
9.088568687908646,12.301989470748572,6.340719056328947,25.575666477399007,-24.39530505222679,0.0,2025-06-18,IWM
-10.619808788992012,-1.8429281823078636,-18.957738077726976,39.4077669434259,-18.55988658882417,0.0,2025-06-20,IWM
8.526832433773395,9.004838857110379,8.458746105050903,8.935350406130011,90.89384014914235,0.0,2025-06-23,IWM
10.097237052677983,5.62615114530175,15.418533502454322,-21.83054164596677,15.302006533157073,0.0,2025-06-24,IWM
-3.789798107477924,-3.5757841127406027,-4.875720919631656,2.725738765459171,-30.42398202144624,0.0,2025-06-25,IWM
4.952687591277354,1.5852872533757976,7.926263958001535,-12.888770609055788,54.33120335253581,0.0,2025-06-26,IWM
3.886457630179228,7.012385405900869,1.553454239714864,17.88447797297858,-14.77733385364567,0.0,2025-06-27,IWM
-1.9725138231947297,-1.450220946390192,-3.1353269010014118,5.004364643658518,-10.387612890956282,0.0,2025-06-30,IWM
14.28448169111901,-9.617320101920848,35.4683544017754,-112.81875457280238,0.9480870962893257,0.0,2025-07-01,IWM
18.072189541605173,9.693099863240144,26.02763730515364,-29.660497039658427,62.06523551553954,0.0,2025-07-02,IWM
-17.80692295520211,-3.2282027077628865,-30.708844975412422,59.60460916606233,-29.763748713747926,0.0,2025-07-07,IWM
5.124173273326495,-0.7824204588083834,10.029328457976144,-24.30675783455085,-3.976919669576169,0.0,2025-07-08,IWM
4.327147579637082,-3.602046418774985,11.56277874120967,-39.08663938978566,53.97203705248362,0.0,2025-07-09,IWM
7.3802941674955065,-1.4894544154590414,14.91370517539335,-37.82017187988524,-3.1335905171828986,0.0,2025-07-10,IWM
-3.7079116432835564,0.8126542700301645,-9.322251888726703,29.9781298293881,-33.41185451411086,0.0,2025-07-11,IWM
9.589837805159538,4.394668413158503,14.235833151839808,-18.286134274910577,35.667195675711866,0.0,2025-07-14,IWM
-17.125970754131174,-8.006701800901807,-25.5369206941931,33.339728886242945,-85.79224618322642,0.0,2025-07-15,IWM
21.0466421698276,16.43798008884627,22.477749038207623,12.46000095956168,64.8261444660351,0.0,2025-07-16,IWM
6.674090653413077,2.239341432976365,11.9121418117424,-24.754216296536118,30.80526394420486,0.0,2025-07-17,IWM
-12.891997165695422,-7.273130198708646,-17.182170354037574,12.849041964362591,-23.502458445173993,0.0,2025-07-18,IWM
-2.892864707915574,7.58768888493876,-12.176304022633419,52.807771180402966,-69.16339890066949,0.0,2025-07-21,IWM
12.338223338976052,5.981373067673325,18.40327744519353,-24.05210129831989,30.30868027266714,0.0,2025-07-22,IWM
11.210112869944966,9.192767196744892,13.489979326674161,-2.4690858704163414,48.73205065240541,0.0,2025-07-23,IWM
-7.228522032199235,-1.6973083710467027,-12.725529416514153,25.75352227370672,-44.599598463789356,0.0,2025-07-24,IWM
6.65180966938568,-2.7747839790383,14.684911651581483,-41.54680222378024,33.57794235445809,0.0,2025-07-25,IWM
-4.906526272313759,-4.135069173306487,-5.904939951269038,1.083955801429328,-0.7008196673951639,0.0,2025-07-28,IWM
-11.346312499587563,-2.693803558056427,-22.284292062541383,54.28156487814681,-29.448609220217882,0.0,2025-07-29,IWM
37.9619378004985,42.10929968744243,31.490248263488482,76.79207502257007,-41.848273880609916,0.0,2025-07-30,IWM
-2.923398240708561,4.769233457159846,-10.862261712857284,44.709782592197975,-39.27256497876679,0.0,2025-07-31,IWM
6.158624924023439,3.0843550121801626,6.457849939838952,4.363274829133003,4.829156815781787,0.0,2025-08-01,IWM
17.544157168703435,9.204641866533256,25.219882278192454,-28.510193488212458,67.03275636146388,0.0,2025-08-04,IWM
6.1752300232698305,-0.3837628292835092,10.837492269373683,-21.798343453336493,34.31132136645224,0.0,2025-08-05,IWM
3.6870333816231664,-0.29130696547856677,8.679583799722648,-26.268269126967272,11.40279161966688,0.0,2025-08-06,IWM
-14.131321813594536,-8.095200076477683,-20.026166340094488,21.237745345407784,6.218776415252334,0.0,2025-08-07,IWM
-2.753360398402629,-0.7474755326914199,-5.45692976755887,13.468055816545128,-11.91681434755954,0.0,2025-08-08,IWM
-3.17909154263508,-1.1336811341672621,-5.598703334918922,11.338579211064104,-6.354881467115371,0.0,2025-08-11,IWM
35.11798119451114,22.668158738117683,46.6867447380805,-34.29460006689873,95.02314082322596,0.0,2025-08-12,IWM
14.547388040240662,6.138379460374294,22.855624249649754,-35.30202921619781,68.53294725877537,0.0,2025-08-13,IWM
-1.3404388984011033,0.8116015798033073,-3.8934234262144587,13.977468268494016,28.699353882908436,0.0,2025-08-14,IWM
-0.8702695172268708,-6.078515036343412,2.9884637175526203,-24.022668925890045,2.8418558226130686,0.0,2025-08-15,IWM
3.6598759682666073,1.1693722714638337,5.47289487598972,-7.218237478049616,5.728257736123401,0.0,2025-08-18,IWM
-15.13249932133908,-0.6839675027850635,-28.29471841741822,63.84081525515203,-36.15026246155711,0.0,2025-08-19,IWM
0.9208010239538936,-3.7528912762283593,7.176833597164572,-36.615394415297544,22.515205222547866,0.0,2025-08-20,IWM
6.453793110350231,7.62120513260077,5.6146552442107724,11.488620307217246,26.132691397578164,0.0,2025-08-21,IWM
31.912729602351206,25.223141692596084,40.083969441940816,-17.114709435174287,47.7161407468709,0.0,2025-08-22,IWM
-5.801256675286221,0.20506209045505758,-11.767628038186242,29.996971502116345,-45.39376107773985,0.0,2025-08-25,IWM
6.159122180197556,3.6288014406248794,7.27257925878187,-0.521620291303469,5.03011766581749,0.0,2025-08-26,IWM
10.183076813074578,7.727991256807637,13.133822555436687,-7.52139764108359,23.06137299249038,0.0,2025-08-27,IWM
-2.2253817439290353,-4.485448521532163,-0.7824105101510807,-10.883209146579906,8.181317005256734,0.0,2025-08-28,IWM
-6.779516926078684,-4.937557847457781,-8.461042197684824,3.3096347035738773,5.43630233695858,0.0,2025-08-29,IWM
-0.7808102489817257,3.9391689816540603,-6.179320657020394,31.610252199261257,35.042434478346074,0.0,2025-09-02,IWM
-5.7571690626527205,-2.015508830982421,-9.632038491379403,17.49204750971346,8.070216701572683,0.0,2025-09-03,IWM
8.426848948290072,1.9383478559753964,15.16797675707056,-32.01991790437592,64.97957899368048,0.0,2025-09-04,IWM
-1.2727145514069835,-7.265390103634409,5.231061512969468,-40.2953709376369,34.41209041208437,0.0,2025-09-05,IWM
4.355397491841389,-0.5148041658800613,10.716683267576753,-33.812317162558834,24.25070453226243,0.0,2025-09-08,IWM
0.6453358023744705,-1.880964655569667,3.7901920439707064,-18.223801647190932,9.671396287968836,0.0,2025-09-09,IWM
-11.61960473823253,-2.3918555285009417,-20.632520997991303,42.45789282032491,-17.291355049812356,0.0,2025-09-10,IWM
23.346353660856458,16.554408755687238,30.559757769625033,-19.93407099174552,54.397510926416125,0.0,2025-09-11,IWM
-4.973489470252104,-4.5906581104928605,-6.572293430010519,4.619334288304332,-29.268998710328123,0.0,2025-09-12,IWM
-0.9824728977089718,2.8883863597596626,-4.693462731570333,21.283466105463944,-0.8632639366005964,0.0,2025-09-15,IWM
-2.1568976727429745,-7.758014700061537,2.4729214284665093,-29.935812279983136,26.036975329249103,0.0,2025-09-16,IWM
-4.155003757357509,-8.88485547531941,-1.981930681441544,-17.19344221285212,-66.25687176679236,0.0,2025-09-17,IWM
20.13052930399832,11.89416079802716,25.22541969939907,-10.438813068385151,54.45521245405728,0.0,2025-09-18,IWM
-5.847361964149364,-2.6203249013197984,-10.248135071537423,20.557276680195333,-21.747767838446794,0.0,2025-09-19,IWM
15.891977697972756,7.301658065025135,24.42420902972773,-35.301410292545405,47.750658506497196,0.0,2025-09-22,IWM
-8.570701395869808,2.829711658079761,-17.515705524513454,45.09932337600365,-51.78037620358905,0.0,2025-09-23,IWM
-10.334057556427187,1.3099293129003995,-20.930233689127647,53.24299923979078,-48.49217895532867,0.0,2025-09-24,IWM
4.210399894276258,5.510145081999136,1.9935457735269428,17.511524618784037,11.236454224945245,0.0,2025-09-25,IWM
7.453915149624723,0.28580301748160625,13.840171974937693,-30.863625802241295,28.555948325454608,0.0,2025-09-26,IWM
-5.856568432918955,-4.240897841303045,-7.408997456674225,3.458005709643259,1.8023561510004515,0.0,2025-09-29,IWM
-6.043963276427562,-3.481028162248788,-8.027758322405859,5.8588069994540275,54.895242103318665,0.0,2025-09-30,IWM
7.568033617288941,5.3691052893624525,9.42508422370104,-3.574270021183656,25.02975457960707,0.0,2025-10-01,IWM
6.090496252764782,-0.36493541044822847,11.943175168147764,-29.025577239522573,46.529542273332375,0.0,2025-10-02,IWM
3.274951707776142,7.545809645542995,-1.031245510010412,29.1121350145116,-32.120506162663105,0.0,2025-10-03,IWM
5.317465786432836,5.242711040279977,6.533292306012532,-1.9774933310361555,-25.41864154970882,0.0,2025-10-06,IWM
-12.177535873160751,-1.5182111959578877,-22.164110271687974,47.741910518010734,-18.89438395968187,0.0,2025-10-07,IWM
12.746745263288785,8.494030788201837,16.794035488258483,-11.536996086520166,30.959241016194355,0.0,2025-10-08,IWM
-9.282123376697877,-4.748778579365449,-11.699685096677175,5.223246943191824,-3.951555564222227,0.0,2025-10-09,IWM
-24.17921917180679,7.703534179662742,-58.46645621341615,181.5442030778506,-145.74314579480563,0.0,2025-10-10,IWM
16.427475187294533,3.969822027836299,29.187120753574455,-60.13039821036161,46.762804030329505,0.0,2025-10-13,IWM
38.12361882576367,14.140729463488892,55.880225170230496,-68.41601924102227,74.23715265682301,0.0,2025-10-14,IWM
-7.619393031199321,7.174751596279842,-19.272971645858014,62.30207865676193,6.342299814106169,0.0,2025-10-15,IWM
-16.12825898039217,4.874477704480368,-33.97032963409545,90.92416494183094,-75.31723197470731,0.0,2025-10-16,IWM
-4.912516197378206,-1.1145499363556357,-10.266658915932354,27.212340113953683,6.245687911619002,0.0,2025-10-17,IWM
4.993833620327077,1.3164799307024375,7.442144639369434,-9.696032493910987,24.849950561447624,0.0,2025-10-20,IWM
5.3666267394548015,2.1702972835900063,9.794080214362848,-21.19809410997048,-5.010812793793728,0.0,2025-10-21,IWM
-7.954789648211272,3.953250055037736,-17.556297762536264,49.65425903774451,9.348258069265219,0.0,2025-10-22,IWM
11.26956277913383,2.546268714333466,18.248110214380997,-30.60172183233528,30.053478527893915,0.0,2025-10-23,IWM
2.1309108362947478,2.4658883601656743,2.416607758362909,0.41672930390397334,-21.185376252077738,0.0,2025-10-24,IWM
-7.7837974579580465,-2.0939237713640435,-12.684542328901887,21.62067176771975,-5.530933574754821,0.0,2025-10-27,IWM
5.9518925733862185,6.26011023734299,4.644417000206862,13.796746012480588,-22.678423677717824,0.0,2025-10-28,IWM
30.04370401205587,31.03776077839856,30.105497972779176,29.67294024773207,-54.126256771528844,0.0,2025-10-29,IWM
2.485189396239372,7.9827191889264,-0.9509329848769691,23.101923682965108,-60.5253181264452,0.0,2025-10-30,IWM
2.655611328362847,7.09387897214288,0.7208812544674704,14.263991771746683,30.964084913223687,0.0,2025-10-31,IWM
5.142689362541487,1.4408829920551662,17.733580486019513,-70.40265737832202,41.70856762916855,0.0,2025-11-03,IWM
1.6784899637046662,3.6455075073697545,-8.010922937621796,59.81496737167399,-49.50369168095574,0.0,2025-11-04,IWM
19.355658502916857,15.51035599616442,29.503031260090097,-41.52857804011558,28.341848661489685,0.0,2025-11-05,IWM
-16.377473267179706,-11.73247580059369,-28.430848311170696,55.94277699677682,-55.15307915048437,0.0,2025-11-06,IWM
6.795811640277548,11.284881272420575,10.272546245771577,-14.064595992680687,108.52672337011923,0.0,2025-11-07,IWM
3.2324377166552734,1.604019571194975,7.535861490887772,-22.588104928728068,1.1833258562392235,0.0,2025-11-10,IWM
7.160795961419447,5.1972169647702176,12.127228525199166,-22.63779942124021,19.408598366718657,0.0,2025-11-11,IWM
-12.44427803398873,-10.147171102833438,-18.72364039834816,25.231896152179488,-28.788512322202774,0.0,2025-11-12,IWM
-14.953218054353343,-12.089386462196956,-32.073690593158005,87.76961717849132,-77.32897887165977,0.0,2025-11-13,IWM
28.89346064021847,23.634375324652805,39.39680033131778,-34.12657750637495,21.56957265574563,0.0,2025-11-14,IWM
4.386893862227971,3.1132864971456837,-10.564420027148275,94.09477719851449,-90.24374598380682,0.0,2025-11-17,IWM
9.915423091833437,7.0425670677239145,19.817847520989154,-49.49912348309354,16.358611061669386,0.0,2025-11-18,IWM
-8.04478660209286,-3.4020309990725,-17.990757277471065,51.63103745018247,-18.061652799415523,0.0,2025-11-19,IWM
-23.951045468743644,-11.694929604196512,-67.83768556074665,239.36879508327195,-182.2370014152854,0.0,2025-11-20,IWM
37.557594206985016,25.777353635773753,68.33212477062298,-147.08958917483787,80.52583953956916,0.0,2025-11-21,IWM
25.046440239164088,22.789732129634995,32.68488595998009,-20.78423408571052,47.27395758271083,0.0,2025-11-24,IWM
26.120552727775173,22.805043446566298,38.36668726915108,-47.35625452046395,62.24343136899263,0.0,2025-11-25,IWM
14.553446916325901,12.064099342029477,24.355931689410163,-44.261461722167006,12.0091145245615,0.0,2025-11-26,IWM
-0.7126982697352753,-3.7215317125853136,0.9400261986500651,-10.629045080039242,-28.489777631891904,0.0,2025-12-01,IWM
-6.343494115107011,-7.17509733473119,-7.572280935085139,1.0292268047756166,-36.762965758433985,0.0,2025-12-02,IWM
21.36709461606901,19.220585565014265,31.245357923078664,-37.90248522597633,60.02622150832288,0.0,2025-12-03,IWM
12.551657276648127,9.165917866548398,19.260022282374454,-27.69853275770077,20.851769094135634,0.0,2025-12-04,IWM
-3.7958568029188697,-1.1988891342962105,-10.386418582917978,35.747513877082575,-20.369398167117428,0.0,2025-12-05,IWM
-4.891476758833885,-3.9644557281568558,-7.203396908952721,8.980044141877999,-15.493834104078584,0.0,2025-12-08,IWM
3.117867910460478,1.363120245438856,4.408671629042776,-4.626954401019766,-16.145445820885914,0.0,2025-12-09,IWM
-22.489219871995008,-20.20000241349232,-11.161987127603744,-90.45261633832354,47.16377433346163,0.0,2025-12-10,IWM
18.422196319443668,16.16251919147242,24.965217447757567,-20.835930450428652,42.26644244556541,0.0,2025-12-11,IWM
-13.043412869688442,-11.105746794260083,-22.704475486945093,44.92296283386929,-46.4231022067199,0.0,2025-12-12,IWM
-10.177109287045866,-10.252273152499312,-10.959283909071308,-5.484061554888705,-28.44001532775821,0.0,2025-12-15,IWM
-11.755881054247494,-8.859225960912996,-15.428258266632083,10.278382220071416,-1.7247112697984743,0.0,2025-12-16,IWM
-19.378101960105,-13.871410980149493,-39.41787620838063,100.8605435295522,-73.41670437748628,0.0,2025-12-17,IWM
-7.43849524324767,-4.503574987141182,-16.105439251389374,44.56316880561394,-39.932442812528166,0.0,2025-12-18,IWM
7.595878004966507,5.581715447440174,10.055707047514161,-7.163096250300141,3.008838403567187,0.0,2025-12-19,IWM
3.185023959098495,1.7603434800547353,2.557125410764541,6.952415249122354,-18.239118187648437,0.0,2025-12-22,IWM
-1.3926278196216186,-1.5499626856324362,-1.9400928852916008,1.892162574409542,-7.225524452437766,0.0,2025-12-23,IWM
-4.072441815594927,-3.4690732424172137,-3.8544447897337135,-5.380423970764473,7.55734445360682,0.0,2025-12-26,IWM
-5.6848643658698785,-4.998351007480347,-6.02297267224888,-3.6562145275845,-1.2553649705067245,0.0,2025-12-29,IWM
-3.0465288977580594,-4.364990359890428,-3.6608310462697164,0.6392839933221575,-36.71732057465003,0.0,2025-12-30,IWM
-1.8209493100388185,-2.48559519826262,-5.200531563876621,18.45654421301101,-29.93756353007547,0.0,2025-12-31,IWM
10.488898919899205,8.600163398267116,21.235496399930604,-53.990685960277716,48.39782179389345,0.0,2026-01-02,IWM
20.494086824384187,18.33902850335084,25.366150666836276,-8.738296230314827,20.601340850753814,0.0,2026-01-05,IWM
23.427597508503222,25.68294317693254,29.218234750303605,-11.316225942272197,91.10376864892999,0.0,2026-01-06,IWM
-0.9019321572107177,-3.0119157867589745,4.023648121120105,-30.455413827182287,9.509130068860914,0.0,2026-01-07,IWM
17.669011900626177,16.810242856879132,20.37323283941346,1.443686267909077,29.40133451164292,0.0,2026-01-08,IWM
10.644343182851005,8.960956013706442,10.968262332439373,8.700828285340448,-4.358700950600114,0.0,2026-01-09,IWM
19.362418264719164,16.68118470207868,28.453789630654665,-35.185809930876374,45.291813825465724,0.0,2026-01-12,IWM
-0.454539856501594,-2.7766153108168066,2.167749064781583,-16.18827338419848,-5.480998832502876,0.0,2026-01-13,IWM
12.006149888488338,12.117719059247465,18.548568587978238,-27.248362308429343,51.80677707281625,0.0,2026-01-14,IWM
8.934491897862568,5.733946222615556,12.90187341077737,-14.86979717960914,-14.493299599446603,0.0,2026-01-15,IWM
5.98987870178568,3.1473664596808524,9.019257462700198,-12.18639386369715,-13.310327790136814,0.0,2026-01-16,IWM
10.869838144666952,8.880681161863258,9.052071528858198,21.7764378395238,-23.99326021036701,0.0,2026-01-20,IWM
-6.153822858774316,0.22547723507540254,-6.4997966097551645,-4.077980352880674,66.60195743872715,0.0,2026-01-21,IWM
2.7916877400065503,1.2326171075504329,1.9070601761011723,8.099453123432513,-26.28079374665723,0.0,2026-01-22,IWM
-14.06875149625848,-12.382312106623155,-22.894452009207686,38.88545158144317,-49.415783205490534,0.0,2026-01-23,IWM
-12.410973793825093,-11.960182649600846,-15.05677732690413,3.4638474046577223,-23.37213239654123,0.0,2026-01-26,IWM
7.238457665759287,8.168551106018013,9.416834397138917,-5.831802722505576,28.833159981922833,0.0,2026-01-27,IWM
-11.644668553881333,-11.302502639528132,-13.102340420857573,-2.898637352006664,-18.63018976211185,0.0,2026-01-28,IWM
6.697889856179812,5.63492639659597,10.503086190134999,-16.133288147551312,44.89535626754092,0.0,2026-01-29,IWM
-8.059610239242527,2.1271421904302033,-24.601268569311102,91.19033974116456,46.466976441863075,0.0,2026-02-03,IWM
-12.04676548484734,-1.831140789738598,-28.111837445946502,84.34366628174763,7.516421970408265,0.0,2026-02-04,IWM
-9.56902360592263,-13.98275311516339,-10.241599836898885,-5.533566220054081,-69.58110550140678,0.0,2026-02-05,IWM
21.39244047177534,16.976005239118013,36.34439503157801,-68.31928688702774,61.149408599778354,0.0,2026-02-06,IWM
20.560925983693725,16.76603641814395,29.322526889158592,-32.00867944907839,20.560925983693725,0.0,2026-02-09,IWM
-1.4922240688927888,-2.709567980914362,-3.942935501256029,13.21204452529516,-37.68922947738494,0.0,2026-02-10,IWM
-6.0986298409343895,-8.494304810487831,2.9240206953876147,-60.23453305886211,28.33749379389193,0.0,2026-02-11,IWM
-27.46463321398896,-15.966303030764399,-55.259946836615455,139.30724852178744,-54.20630431337011,0.0,2026-02-12,IWM
22.179633717180224,17.165726686529137,26.752570094872215,-5.257984548954437,-0.6932002626316125,0.0,2026-02-13,IWM
11.780997085758582,6.002469269228325,28.038738736624282,-85.76545281943778,31.312565917144838,0.0,2026-02-17,IWM
5.144099249781913,6.063358933243065,-6.063871338592747,72.39192278005135,-30.138896857486955,0.0,2026-02-18,IWM
10.190593560343213,10.768432628425792,15.295104657528782,-20.436473022757234,58.25079962952248,0.0,2026-02-19,IWM
-12.416221229013608,-7.085793773605411,-19.214415522197317,28.372944530099396,14.371250104396118,0.0,2026-02-20,IWM
-12.469931808642677,-9.994427415468532,-14.224211675682055,-1.9442526064042247,16.89786154344079,0.0,2026-02-23,IWM
7.893024822186521,9.41320064468135,3.82304650992828,32.31289469574894,13.869252872037153,0.0,2026-02-24,IWM
4.543551318482825,1.9503152291634682,11.851915020227258,-39.30663089197086,19.775716399700165,0.0,2026-02-25,IWM
1.895861535982124,3.118704486217291,12.24282975014976,-60.18594774901508,67.0055164133868,0.0,2026-02-26,IWM
-5.127289911785423,-2.2074861023411008,-7.868429737436053,11.319549042135774,15.916806987536237,0.0,2026-02-27,IWM
31.31227002254467,28.554372274848003,41.119975343607926,-27.53396190383054,71.72517769109474,0.0,2026-03-02,IWM
42.074465247439946,31.099074572570565,71.47358489270688,-134.3202526241595,77.53129926320636,0.0,2026-03-03,IWM
8.035795363007278,9.643362936729686,5.7971548873918985,21.467638216699555,0.07229825443798611,0.0,2026-03-04,IWM
-19.474373042351957,-11.870827107993474,-32.86584768527322,60.874474815199974,2.448952455831116,0.0,2026-03-05,IWM
-2.061684298642059,-0.4017983373948485,-8.97679472060868,39.42897823317801,-24.979664109286368,0.0,2026-03-06,IWM
20.754585721372006,-4.006606728852253,49.049456438747605,-149.01463858286562,176.82328249054476,0.0,2026-03-09,IWM
9.405557796537686,5.211468239801883,14.89139716720313,-23.509478427443817,-54.91059941177755,0.0,2026-03-10,IWM
-0.1384719994377357,3.1371316042661235,-3.7750843479811125,21.681202091834926,31.004089283918585,0.0,2026-03-11,IWM
-4.833920681022649,-11.333970468934826,-0.6899238384997635,-29.697901736143933,-31.30980328952576,0.0,2026-03-12,IWM
-20.026410002377194,-7.885669301467227,-33.02323847118427,57.95456081046984,-19.766106655290184,0.0,2026-03-13,IWM
-7.783294190512266,-1.3842921121688037,-13.747551238784109,28.002248099137006,-30.46739227865585,0.0,2026-03-16,IWM
-8.74170813936427,-3.9883692356790514,-13.722793686870881,21.14480514567085,-6.029804918601638,0.0,2026-03-17,IWM
-3.771401313709774,-5.872038528964457,-3.0647390448241607,-8.011374927008537,-64.94708204708179,0.0,2026-03-18,IWM
-1.7466405872304884,-11.909148739957383,10.07805634180219,-72.69482216141616,76.23321458068187,0.0,2026-03-19,IWM
-15.553604572206291,-10.706860788913826,-18.683472865742434,3.2256051890234145,-47.717162152373824,0.0,2026-03-20,IWM
-7.524480446289555,1.4586053280530844,-12.508730319241698,22.38101879143016,-47.20105474763244,0.0,2026-03-23,IWM
20.79950676982013,10.273259331181444,34.574695059045155,-61.85162296552773,28.84698357809992,0.0,2026-03-24,IWM
3.884539601861516,7.132086081159916,0.23220596086912515,25.79854144783845,7.1196670210602875,0.0,2026-03-25,IWM
-22.403309498218263,-3.416068572189487,-39.75851696891433,81.72793532596955,-77.49106154173825,0.0,2026-03-26,IWM
-8.211846164839471,-0.16658309533638313,-12.572041321793472,17.94932477689384,-51.21477162523693,0.0,2026-03-27,IWM
-25.90343895579304,-12.60973164172815,-35.63830681791999,32.50576821697692,-64.52666346277307,0.0,2026-03-30,IWM
8.953077626579523,-3.668946646151959,17.38065596625065,-41.612392411434534,94.75393913625784,0.0,2026-03-31,IWM
2.595195977115875,5.304831200070582,0.46911755129496274,15.351666532056083,-47.62381650672694,0.0,2026-04-01,IWM
35.25888569202502,23.65283649485439,50.6934273300186,-57.34836413591592,82.68920705733626,0.0,2026-04-02,IWM
9.594040475619948,4.7168083714275895,14.102583079802004,-17.457215149455465,18.667806433795374,0.0,2026-04-06,IWM
8.468190032479743,4.589200086803486,11.22304823481798,-8.060959181528213,56.74905579111142,0.0,2026-04-07,IWM
-9.316254626005122,-5.823597483225517,-13.231792217616666,14.176970923668508,7.261119045624092,0.0,2026-04-08,IWM
10.750309733191852,-4.83743124266421,23.73796215286114,-67.17560478481516,30.471102980053306,0.0,2026-04-09,IWM
-2.8291856984140025,3.277378245231587,-7.564392988647777,25.58205804299299,-6.54488824468615,0.0,2026-04-10,IWM
12.480133382238051,2.039142299992067,19.882280850660827,-31.932751428279175,68.35130399764681,0.0,2026-04-13,IWM
10.312881393625393,8.63973472516197,13.085845839023218,-6.324905278759444,13.613760037741496,0.0,2026-04-14,IWM
4.328465911966592,7.053157669018537,2.473004277395736,15.461235719408641,21.59927622229042,0.0,2026-04-15,IWM
-1.0727972799751826,-4.926313139999748,4.2331878623686245,-32.90870813402747,23.519586867317617,0.0,2026-04-16,IWM
4.024782668009504,4.142773377052047,3.6665422341396314,6.174225271230799,-2.708051111636128,0.0,2026-04-17,IWM
-8.063138678245348,-8.54021238892844,-8.282973289936267,-6.7441310081016645,-8.676859240268804,0.0,2025-05-05,JNJ
10.125154836082107,7.546752268675457,13.270008068070924,-8.74396455584529,-22.31058903528351,0.0,2025-05-06,JNJ
15.474729843304457,4.499448106935505,31.644939172090776,-81.54652612940437,27.17780243007097,0.0,2025-05-07,JNJ
4.646885991447791,2.2226530554686357,7.789235896546031,-14.207213439136185,-31.23281316487973,0.0,2025-05-08,JNJ
0.8921705648210454,5.318543179988015,-7.4991804402651105,51.24027659535266,-47.51954561368144,0.0,2025-05-09,JNJ
24.346450762398682,19.36550123602257,32.636227792549484,-25.392211418500587,4.460661984512875,0.0,2025-05-12,JNJ
-21.857830221667868,-17.011752400881903,-33.039738393127124,45.233618807093364,-61.54874701495826,0.0,2025-05-13,JNJ
-14.36389894508165,-10.030650104788485,-21.162739056685947,26.42914172454027,-28.091121915060047,0.0,2025-05-14,JNJ
12.215140934787927,11.194379747534592,16.67755828577472,-14.559363171127096,46.540606387137565,0.0,2025-05-15,JNJ
9.083922374321268,8.5271956073918,10.030154586372134,3.406529102027364,23.278416281227294,0.0,2025-05-16,JNJ
8.118389232788067,9.072786416348517,8.71352501154201,4.547574560277491,31.84691302859913,0.0,2025-05-19,JNJ
5.9975238308202705,4.490102849240421,8.437979713728446,-8.645211466617662,14.378827666003454,0.0,2025-05-20,JNJ
3.852713577647364,4.432760421867433,2.332515999674755,12.973899045471924,-37.79052804939623,0.0,2025-05-21,JNJ
3.626506889073055,-4.045031490290862,9.320561182637613,-30.537818872312425,10.141155259622261,0.0,2025-05-22,JNJ
1.2349263544567781,-1.3999019650907083,2.683969500145314,-7.459332519672578,8.737463919341925,0.0,2025-05-23,JNJ
-6.131104192988265,-9.20668288627981,0.5036523822077841,-45.939643644160846,17.453770126352083,0.0,2025-05-27,JNJ
-5.754528801036521,-2.79956850110015,-10.606157218975167,23.355241706599077,-11.37064527815989,0.0,2025-05-28,JNJ
1.4445071293212033,2.8523512025244093,0.23260583165029275,8.715914915355947,30.111452557800135,0.0,2025-05-29,JNJ
0.8230476703403284,-2.678141481945013,5.884704153037992,-29.54689122583096,13.100778473005038,0.0,2025-05-30,JNJ
10.989643878226685,5.252566191156554,21.42262497058639,-51.608242675922334,68.22108156421159,0.0,2025-06-02,JNJ
-2.357163991935717,-1.4184238791923238,-3.2962959576487036,3.2776278023569043,-16.120043231758352,0.0,2025-06-03,JNJ
-1.0128205905569583,-3.271790842265377,-3.359995123631477,13.070226607892003,-37.96900294719099,0.0,2025-06-04,JNJ
1.9979130630927766,1.8233880786246393,2.981554539334284,-3.9039357943303505,7.1687039007240765,0.0,2025-06-05,JNJ
-3.3410428632206175,2.1576618796622316,-10.662885849769424,40.5900150561034,3.803732881646953,0.0,2025-06-06,JNJ
6.899093225469077,0.9103322811764637,12.532320950306204,-26.900273123555507,-7.586088869360915,0.0,2025-06-09,JNJ
12.683844648529305,5.208741622708513,21.00706749485055,-37.255492429401805,10.0798890318652,0.0,2025-06-10,JNJ
-4.622266309636475,0.3967755734572593,-12.854566613277678,44.77153551222901,-20.996260682604177,0.0,2025-06-11,JNJ
2.272798603754899,3.726258575601171,1.6360174602843345,6.093485464589208,34.91821716396618,0.0,2025-06-12,JNJ
2.4970355377496873,4.7923332690246045,-0.8669681934887333,22.68105792518021,-1.5030601230387233,0.0,2025-06-13,JNJ
-8.271963054983974,-2.69526073508903,-15.5658306436451,35.4912424769901,1.989938123139282,0.0,2025-06-16,JNJ
-2.1358126222929923,3.116042122830962,-11.239784710615135,52.488019907638,-59.41630577089568,0.0,2025-06-17,JNJ
-5.405503788365245,-6.755492400549396,-4.634232261107998,-10.033132951893691,-33.83140112110813,0.0,2025-06-18,JNJ
-14.169522488269012,-11.715731978113181,-17.57000286523943,6.233359773581954,-5.1122110414547555,0.0,2025-06-20,JNJ
3.254090805267557,1.7585378157742522,7.4102776556961985,-21.683030297272225,42.03422071609115,0.0,2025-06-23,JNJ
2.067160441159957,-1.3088062652105819,4.579916750362716,-13.009377414049125,7.374758819611693,0.0,2025-06-24,JNJ
9.865630835646739,5.229799319341576,16.07060846031438,-27.36423491234977,-2.0931504336129896,0.0,2025-06-25,JNJ
0.9294388753524352,1.2891263178715524,-0.4302384796854612,9.087503005583544,-19.793228707477283,0.0,2025-06-26,JNJ
3.8850675280095377,0.9549811219226735,6.944747229936398,-14.473010683547898,-8.572414209882188,0.0,2025-06-27,JNJ
-5.028602105934298,-1.6153632930148394,-7.031719647017122,6.990103140564521,34.92443044923425,0.0,2025-06-30,JNJ
1.7702898923625794,5.5459318608909705,3.31900583634021,-7.522005771499563,-7.522005771499563,0.0,2025-07-01,JNJ
-0.759742319337234,1.042861127924532,-3.612534872033921,16.35701299685019,-6.77103878610513,0.0,2025-07-02,JNJ
-3.012330603314381,2.187985218817709,-10.82352926484093,43.854861365859534,-11.788246689464762,0.0,2025-07-07,JNJ
5.784858816014411,10.349017333918834,0.06941396049388875,40.077527949143025,1.5503613270885517,0.0,2025-07-08,JNJ
-7.206436218117202,-5.143374445980661,-7.703298660169412,-4.225261565809414,35.59153443018188,0.0,2025-07-09,JNJ
3.495655038600317,7.202438632192537,-0.17527651838702962,25.521244380531602,-10.913113321279102,0.0,2025-07-10,JNJ
5.981272413545529,-0.9939512507606887,13.37693600935443,-38.39270916129153,29.06186416983117,0.0,2025-07-11,JNJ
-2.2025191723751925,-1.50090425430633,-3.6332308667184527,6.381750993691638,25.559832420654743,0.0,2025-07-14,JNJ
-9.57308359676357,-9.11958541233026,-11.571975744918962,2.420269292168782,-16.87968368062609,0.0,2025-07-15,JNJ
21.317108687847064,18.344937744927897,30.94240245664694,-36.43465392492617,46.7961011345372,0.0,2025-07-16,JNJ
-2.240889521772595,-4.322606442667033,-3.369727297976114,4.532137135474627,-14.143439747546848,0.0,2025-07-17,JNJ
-3.7870060107708805,2.3312282114179887,-12.09963859364174,46.08878948646293,-33.96986413079805,0.0,2025-07-18,JNJ
9.125575041000989,7.031545187449839,13.198161537077263,-15.309943935435903,7.2120739568226595,0.0,2025-07-21,JNJ
6.0892473781304215,3.2806465958441624,13.317318732771009,-37.27918074970288,62.815425216339364,0.0,2025-07-22,JNJ
-1.5706899135322643,-8.72162826965127,7.283413201377366,-54.69530860296637,61.923684387634104,0.0,2025-07-23,JNJ
-1.4967101861765701,0.43628256187769626,-4.466093314079439,16.319588581267492,13.367733114245961,0.0,2025-07-24,JNJ
-5.0609600409510715,-3.5658001152848113,-6.151164490065687,1.4802666537484523,10.994943185944525,0.0,2025-07-25,JNJ
5.208694079228636,7.172569842726971,5.1015577140924835,5.851512270060919,-13.970025016093718,0.0,2025-07-28,JNJ
10.260146031367215,10.395022463211621,10.80441356878569,6.99454080685467,6.398765709875708,0.0,2025-07-29,JNJ
3.345337977372327,2.503099189568042,-0.22434803158233796,24.763454031100316,-29.482675208812616,0.0,2025-07-30,JNJ
13.21162433727984,16.322455780652085,4.129370591782536,67.70514681027566,-57.221255761261176,0.0,2025-07-31,JNJ
-0.9719338774797294,-9.902605961518804,13.80297840668537,-89.62140758245157,38.45258015318547,0.0,2025-08-01,JNJ
-5.642947714806777,-12.374337462825926,8.378609544237817,-89.77229126905424,81.09424623158509,0.0,2025-08-04,JNJ
-4.881609984382148,-2.1456325622325116,-6.481569239815663,4.718145548227274,20.564433016531822,0.0,2025-08-05,JNJ
7.837720541747792,3.214774241665591,12.623633512964762,-20.877757285530773,-30.227189976035028,0.0,2025-08-06,JNJ
-0.9179352914554638,-3.4127640942549293,3.2085066873977204,-25.67658716455793,44.877714856411046,0.0,2025-08-07,JNJ
12.23397094764326,6.929445661930708,20.199758492273233,-35.56075432012179,20.19990544276745,0.0,2025-08-08,JNJ
-0.3821042272110662,-1.6290105174627927,0.9654562720102473,-8.467467222529136,13.10754699820234,0.0,2025-08-11,JNJ
-12.854951389638082,-12.467077328790063,-11.109801769791549,-23.325849108704098,11.731624902626507,0.0,2025-08-12,JNJ
3.7309204784011465,2.3534968708587205,7.028975741893031,-16.057411102545263,25.0486711169466,0.0,2025-08-13,JNJ
8.782059623702454,5.1942981825524175,13.691728302200485,-20.675952447279215,10.588162628084094,0.0,2025-08-14,JNJ
3.2048280823459256,-1.429338295201531,7.491056614317565,-22.512543109475857,16.610549784750525,0.0,2025-08-15,JNJ
-1.09925306070988,-1.1157063973473813,-2.73535328245053,8.717348269746878,-32.00304873945946,0.0,2025-08-18,JNJ
16.389513972856523,16.481853341459725,16.054763672836522,18.398015772978134,15.018507058797544,0.0,2025-08-19,JNJ
-9.568776680335198,-8.734233758329298,-10.479912912183833,-4.101959289233855,-8.291886942181293,0.0,2025-08-20,JNJ
6.743020107878969,5.297529621968875,7.068146152861834,4.792263837989701,-21.96126007041197,0.0,2025-08-21,JNJ
-5.956929629583405,-5.230845288894319,-10.490399668024827,21.24389060108891,1.57832920129686,0.0,2025-08-22,JNJ
-5.961601240792375,-5.895329976551688,-6.420996032387605,-3.205232491214638,-22.219910038611275,0.0,2025-08-25,JNJ
3.464863579533407,0.42409597463442206,7.5650823677470544,-21.136449149737203,0.3956436394322654,0.0,2025-08-26,JNJ
0.9597953365194379,-0.653466227991675,1.7335835956341346,-3.6829342181510745,-15.550726094474538,0.0,2025-08-27,JNJ
0.16535317265949404,-0.8416301353032178,1.1553819578923281,-5.774819538726178,-7.7685760631796485,0.0,2025-08-28,JNJ
1.0601682210032202,-2.2249682581470758,6.68585093648023,-32.69392807183952,33.84366868372727,0.0,2025-08-29,JNJ
-3.6822473847216073,-3.496939704011251,-4.163832121084604,-0.7927389665164816,5.387622297747566,0.0,2025-09-02,JNJ
-3.8228044526684566,-2.9686331612480807,-0.15767511496612002,-25.813580478877668,32.82787436159351,0.0,2025-09-03,JNJ
-1.4767188762674583,0.96519112611995,-0.9213507664166131,-4.80892753536615,28.30654743941882,0.0,2025-09-04,JNJ
25.11266363007241,28.729178765994135,24.503678429060688,28.76657483615236,27.08028623729011,0.0,2025-09-05,JNJ
2.2022433688036926,3.3218981147117534,3.4656484173812543,-5.378186922639335,4.167671581136517,0.0,2025-09-08,JNJ
-5.254484370141722,-2.7617025360658616,-9.677491591400814,21.28355895742086,-6.948590581115688,0.0,2025-09-09,JNJ
-4.897162875707372,-4.352907111698149,-6.967779588305604,7.52653739987878,20.429998803388045,0.0,2025-09-10,JNJ
2.210037661285962,0.49907994005670625,7.3803655459779,-28.811929646856072,42.07298237012961,0.0,2025-09-11,JNJ
5.396398997062181,5.789913404430533,2.152070609301933,24.86236932363963,-1.8620963385346092,0.0,2025-09-12,JNJ
-5.771853442127374,-4.45460828769579,-8.004598669702279,7.624617923336467,-5.892658506537695,0.0,2025-09-15,JNJ
-0.725946853129119,0.8375335067796195,-2.712998730544562,11.19636441138606,-11.158909921968966,0.0,2025-09-16,JNJ
0.19438087241398153,1.690582945633612,-0.6791309625246672,5.4354518820522895,-0.2081160609652976,0.0,2025-09-17,JNJ
-3.865488803563508,-1.1689382832768367,-12.149779371802804,45.840254605875515,-67.09820403094528,0.0,2025-09-18,JNJ
22.207031350335686,16.36478237762622,25.171007429590777,4.423174874818083,15.791664101513424,0.0,2025-09-19,JNJ
-2.9709807155135164,1.6217780052954494,-11.028641728432635,45.37498536202715,-57.92068420584744,0.0,2025-09-22,JNJ
3.0343860490531727,-0.253867951348651,12.748975999765857,-55.25315365521326,21.363117918280167,0.0,2025-09-23,JNJ
2.5254207891903397,1.1853006914437338,3.195935025353742,-1.497664627767533,8.417161211185675,0.0,2025-09-24,JNJ
-6.686558184764714,-6.064803815563553,-8.284876933659167,2.903354308614835,35.93345629147218,0.0,2025-09-25,JNJ
8.58926445558272,5.531419743788594,13.61255452435404,-21.55047595701665,29.24058384303632,0.0,2025-09-26,JNJ
6.552319563738751,2.2845331554273614,13.527329968135998,-35.2977428626306,40.97992445340388,0.0,2025-09-29,JNJ
3.4481870803868286,-5.545689735486105,11.379550463590782,-44.139993218824564,50.45545593697529,0.0,2025-09-30,JNJ
-3.6813988910671096,-5.079926212200166,-1.1454548717363735,-18.897063007033125,37.75719819886175,0.0,2025-10-01,JNJ
5.9639454327746755,3.2977210350987405,9.958148833151535,-18.001274969472703,17.273592926600944,0.0,2025-10-02,JNJ
5.089880863099715,5.8876335417263626,3.0789379953633262,17.155538069530085,-10.380348847642889,0.0,2025-10-03,JNJ
-4.297632069808825,0.8316575959750709,-12.1772168344309,42.97987651793269,-8.263140432580173,0.0,2025-10-06,JNJ
33.70795680658448,29.03725013823346,48.43448116333477,-54.65118933391426,89.56154900177238,0.0,2025-10-07,JNJ
-4.139511296666124,-8.942179687115662,4.008698316297428,-53.02876897444143,20.116259698138865,0.0,2025-10-08,JNJ
1.3472170308005151,5.316601922449772,-5.066387448146837,39.828843904502484,3.1796482801434642,0.0,2025-10-09,JNJ
-3.76244072102856,-1.9941363360393825,-4.591850725692051,1.2140193069583438,-10.310594740092444,0.0,2025-10-10,JNJ
2.7386401957827737,-2.513432963718384,11.924646056439082,-52.37739496812969,26.421896642836376,0.0,2025-10-13,JNJ
-5.90255989822904,-8.948102413870252,-4.740289895802937,-12.876179912785654,69.45254722980754,0.0,2025-10-14,JNJ
-12.272640193206309,-7.626491013462659,-14.709057211684451,2.3458619176744517,7.842519119434745,0.0,2025-10-15,JNJ
5.935118425393868,11.509072746788172,-1.5921775837478158,51.09889448025581,4.744494649025243,0.0,2025-10-16,JNJ
3.303733204779448,-0.03237451961990738,10.541461306373344,-40.122635404760345,24.20185752929436,0.0,2025-10-17,JNJ
0.2704867594469387,-5.737098904874984,6.221877666716448,-35.43785868414514,15.22480448206513,0.0,2025-10-20,JNJ
-4.34460819502593,-5.52485446700333,-0.7486138627646797,-25.9205741885757,-24.100723247182,0.0,2025-10-21,JNJ
5.565486942594444,5.910823437459805,4.770908594885475,10.332957028857104,3.086434138488392,0.0,2025-10-22,JNJ
-2.659620331602291,-0.320777988355435,-5.31689085627371,13.284002816460227,11.457802520305957,0.0,2025-10-23,JNJ
-7.107295212049861,-6.7707935979611795,-7.0352765298152455,-7.539407305444129,-6.510323831761658,0.0,2025-10-24,JNJ
-1.169803074684806,-3.3386575772747,1.4401011745195273,-16.829228569910807,4.726074968484707,0.0,2025-10-27,JNJ
-7.930789870182452,-1.6823511845021166,-19.26421375175322,60.06975341925428,-35.877667059645354,0.0,2025-10-28,JNJ
0.4994108004285753,-0.23743640410192565,3.6954214565042522,-18.67665313602396,39.02404877974974,0.0,2025-10-29,JNJ
6.3688976791668805,0.3967057813973869,14.650590159837677,-43.32125720485941,25.61058279791003,0.0,2025-10-30,JNJ
3.6422851009282944,4.643901831493697,5.77157700035158,-9.133466295608406,18.71439025238725,0.0,2025-10-31,JNJ
7.926503492131841,4.300517643105479,0.8062522860754539,50.648010728483854,-34.94812073840641,0.0,2025-11-03,JNJ
5.12783976981385,1.7121650293252142,9.946324797967335,-23.783070399094903,-1.310595676573274,0.0,2025-11-04,JNJ
-3.598999149013698,-2.7945759764306675,-7.988847559091451,22.740091311472657,-15.906003400937461,0.0,2025-11-05,JNJ
0.4559261854451492,1.722569551696635,8.074219419125965,-45.25383321663974,32.25736994340606,0.0,2025-11-06,JNJ
-6.312225768776342,-7.498866446936335,-5.726210905540404,-9.82831494819349,-18.121512851521196,0.0,2025-11-07,JNJ
10.924306349094204,15.945110553452562,19.469191639155234,-40.345005391267414,68.673515968354,0.0,2025-11-10,JNJ
14.356350822673344,16.637841632805525,34.36854325464378,-105.7168037691389,96.1169824506408,0.0,2025-11-11,JNJ
-0.13511937067942575,-2.311910950786245,3.864137188377375,-24.130658725001222,1.334926734040928,0.0,2025-11-12,JNJ
7.806318273055741,8.46133466267813,6.976803757735269,12.783405364991683,7.146988266240495,0.0,2025-11-13,JNJ
13.988934933335301,13.695413693493107,20.75614915210274,-26.614350379267872,12.723134694749561,0.0,2025-11-14,JNJ
16.860897040794796,14.256126438606113,21.36723755164423,-10.17714602429753,18.18675477827456,0.0,2025-11-17,JNJ
5.152373594872479,6.793011415138563,7.58142272093238,-9.421921161475527,27.927195318890583,0.0,2025-11-18,JNJ
8.057190280649102,9.174357563870341,12.59388107435289,-19.16295448156799,32.56909002373021,0.0,2025-11-19,JNJ
5.423718245265715,4.421447206578986,13.28719456050553,-41.757139646174565,-4.841946512077989,0.0,2025-11-20,JNJ
7.9646907827481925,0.1461705181430336,9.681074769432568,-2.3336131373497504,-58.346745903930525,0.0,2025-11-21,JNJ
4.0337385402295665,7.423192872023451,1.0497529745209033,21.937651934503727,45.8448035485965,0.0,2025-11-24,JNJ
4.4903198129182655,3.301774310577412,2.463099739526902,16.653640253276063,-10.414360033690144,0.0,2025-11-25,JNJ
3.951506468421136,4.871180062717067,3.1756904300335465,8.606402698753534,19.46856385366234,0.0,2025-11-26,JNJ
-1.0090381977522842,-4.413456101441185,-1.1302331699346666,-0.28186836464145276,-38.82895096988343,0.0,2025-12-01,JNJ
-3.501132506548843,3.870851753672258,-3.7879208962292976,-1.7804021684480393,45.42813751269557,0.0,2025-12-02,JNJ
-2.9713644038853366,-3.067985074407637,-6.205707731956231,16.434695564553845,-20.50273702304805,0.0,2025-12-03,JNJ
-2.507002103969411,-2.9527022137471315,-12.595967234202542,58.02678867744479,-13.97863676106948,0.0,2025-12-04,JNJ
-0.3204441035702178,-1.705044550659864,4.803233821564199,-31.062511654362655,-5.321957994565614,0.0,2025-12-05,JNJ
2.4062634475566265,-1.8535051101771696,0.5165929799525372,13.744286253200842,-25.327889896881164,0.0,2025-12-08,JNJ
-31.37346037930027,-34.9581928370553,-51.290042453815005,88.12603206780499,-120.3349605649642,0.0,2025-12-09,JNJ
-9.096333400137135,-3.764079935228059,8.72443773301355,-116.0209601990357,89.3509976043946,0.0,2025-12-10,JNJ
5.765607945804969,5.2274159030091765,3.639889862685865,18.519916444535838,7.083526161459072,0.0,2025-12-11,JNJ
3.691512072099142,6.912695902982712,4.046995195076803,1.558613334243956,29.760113706637192,0.0,2025-12-12,JNJ
21.27023683759423,21.683812414561903,26.284414729176852,-8.814830511886894,27.22012483085186,0.0,2025-12-15,JNJ
-16.561253653341165,-14.71995627358128,-34.40509870862823,90.50181667840148,-52.113401607870045,0.0,2025-12-16,JNJ
4.881151321303493,3.8397810192316975,16.461409656790746,-64.6003986916146,12.495441285572031,0.0,2025-12-17,JNJ
-13.192325541384651,-12.040246235781026,-25.52264058988347,60.78956474962321,-48.13577987874663,0.0,2025-12-18,JNJ
4.227599143502332,-1.8312884674674337,0.7986724063303767,24.8011595665491,-73.77363605669365,0.0,2025-12-19,JNJ
7.141574754576056,7.049278583879402,15.482755633784528,-42.90551052066929,14.591416141370237,0.0,2025-12-22,JNJ
7.101524993076854,7.554609966815771,2.1141972430849587,37.025491493032376,9.295255642286854,0.0,2025-12-23,JNJ
-5.595998418521369,-1.9182222033030492,-9.913241774070572,20.307461714777958,12.832738335458451,0.0,2025-12-26,JNJ
-2.0846552579583726,-3.7837478106103983,-7.706992604629277,31.649368822083424,-36.02447285036376,0.0,2025-12-29,JNJ
-1.765260983452335,-2.5213753811592947,1.853313877364657,-23.476710148346054,-8.92993396574845,0.0,2025-12-30,JNJ
0.8041143102016941,0.21934140139952124,1.844881430382374,-5.440488410874148,-3.025379464644435,0.0,2025-12-31,JNJ
11.083039274100647,12.408495953756166,14.250158234441026,-7.919674487925094,48.776328702308085,0.0,2026-01-02,JNJ
0.3330583702313315,4.965930565166966,11.172519704654084,-64.70370963629678,66.3546851885289,0.0,2026-01-05,JNJ
-1.8017058528978458,-3.9772835829807804,-7.496653299214069,32.367978825017474,-34.05979087760458,0.0,2026-01-06,JNJ
1.949697914335386,4.840594302581965,-1.1243326806774252,20.39388148443147,21.359358124807848,0.0,2026-01-07,JNJ
-16.768709246947964,-17.34846490889508,-29.061157457547928,56.985980016662815,-45.62127663741084,0.0,2026-01-08,JNJ
0.33030862861334515,-2.5151353046143425,-4.816043877595574,31.208423665872402,-34.86228828916887,0.0,2026-01-09,JNJ
18.638186235955985,24.128676738866037,31.6465866333994,-59.4122161486922,82.88494389429361,0.0,2026-01-12,JNJ
20.830638246914496,21.282741052827863,25.537846368014524,-7.412610479662967,33.91229187551545,0.0,2026-01-13,JNJ
20.85981885923298,25.561733553859657,24.95547732052822,-3.714131908533246,53.77808096372729,0.0,2026-01-14,JNJ
3.6757690387702544,4.601456152606688,21.333960894043148,-102.2733820928502,53.38046430999785,0.0,2026-01-15,JNJ
-5.211154723348611,-5.126623437222955,-9.927572786548852,23.087353655869702,-18.9043343970496,0.0,2026-01-16,JNJ
17.123666855684462,18.86246328040035,25.534965675248934,-33.344126061682765,41.174422823330055,0.0,2026-01-20,JNJ
15.250378107666714,23.26155521576492,24.300804907067672,-39.05218268872983,109.28643371431416,0.0,2026-01-21,JNJ
-9.333680515468645,-12.406727178889197,-12.83469364230459,11.672398245554785,-52.52367200552424,0.0,2026-01-22,JNJ
-3.365281987536693,3.48946254486513,0.5288420067994642,-26.730025953534213,29.76051696654206,0.0,2026-01-23,JNJ
0.6690222273931707,3.315337891065835,-2.562967210695161,20.06095885594886,11.152831089969169,0.0,2026-01-26,JNJ
4.196987616935185,2.071876812338876,8.785796227644967,-23.335864047315912,1.841524934558578,0.0,2026-01-27,JNJ
1.5954627575180576,1.8898702010383726,5.784756220773582,-23.540298022002588,18.248088854594524,0.0,2026-01-28,JNJ
-7.285849045870734,-7.046356315949863,-5.326034471370313,-19.044736492863272,-23.65485273909093,0.0,2026-01-29,JNJ
6.5158529219652985,3.478232123691966,10.677873100973775,-18.456268152085563,-26.586103599408517,0.0,2026-02-03,JNJ
2.943027052413869,1.2405540796496544,3.7623680589305457,-1.9730189866813461,-7.939928629893627,0.0,2026-02-04,JNJ
4.512841802180349,5.602794381706806,-0.36157675056391186,33.75935311866383,-5.756339334907653,0.0,2026-02-05,JNJ
2.9482196402457115,6.492306040135287,4.374744460949875,-5.610929283953166,20.901372163924933,0.0,2026-02-06,JNJ
-8.169998180675627,-3.20711355909479,-10.836362565378478,7.8281881275653165,5.9408263721590835,0.0,2026-02-09,JNJ
-3.127243192250039,-6.218952883854669,2.527833160693494,-37.057701309910044,-35.38472710651412,0.0,2026-02-10,JNJ
12.344672412421522,14.135486251428016,14.153375603853036,1.492453263850183,24.385958338654667,0.0,2026-02-11,JNJ
2.3012341218715986,2.7296076003820775,15.627986204698587,-77.659278375088,9.522613983732143,0.0,2026-02-12,JNJ
3.7477001484798516,0.9661413895087521,7.19366033660338,-16.928060980237998,-12.004630380451662,0.0,2026-02-13,JNJ
0.9493503100052136,2.8835831157064185,-1.896847397763449,18.02653655662654,4.9548932237980505,0.0,2026-02-17,JNJ
0.9781275760718006,4.193224500795627,1.804241507733311,-3.978556013870477,35.56041159098594,0.0,2026-02-18,JNJ
1.372833650686347,5.518385306389912,7.131316682267073,-33.17806453876794,44.52516370668242,0.0,2026-02-19,JNJ
-1.1619878846199403,-4.790834943910921,11.047883560443468,-74.42121655498752,-19.065273729241547,0.0,2026-02-20,JNJ
10.529486478301484,11.137497781307937,8.456487585514617,22.967479835033092,6.075976851834508,0.0,2026-02-23,JNJ
1.6252964457725585,1.9096846512487102,0.17138636829598167,10.348756910645875,5.676401239587974,0.0,2026-02-24,JNJ
-5.943012316577574,-5.1875263936163964,-2.7893601640717494,-24.86492523159164,7.789081371181722,0.0,2026-02-25,JNJ
-5.769944240850919,-2.604961377897691,-5.307355612898388,-8.545476008556756,12.220367130750024,0.0,2026-02-26,JNJ
9.045195348180375,7.797689427490557,27.212953832262002,-99.96135555630478,55.04300587198708,0.0,2026-02-27,JNJ
-14.701278388389412,-12.418656402107958,-15.843791986604074,-7.8461967990877195,-2.6161735088081994,0.0,2026-03-02,JNJ
7.5803028379056885,11.898162046016093,8.034725817939195,4.853764957712727,21.299383206348384,0.0,2026-03-03,JNJ
6.846431546333998,4.9512136973606395,7.865061529528239,0.7346516471928742,-9.858691624676759,0.0,2026-03-04,JNJ
-22.170878641815964,-8.996809228104766,-32.639751582330916,40.64235900128803,44.10046640710258,0.0,2026-03-05,JNJ
7.198923518581734,13.59747022826309,22.53518601704309,-84.81865147217808,90.2188796687212,0.0,2026-03-06,JNJ
4.294730688442358,-2.2550970262879515,16.704929795646954,-70.16646395477349,15.914527429454187,0.0,2026-03-09,JNJ
11.63739723048953,6.932881651857931,18.460349089651665,-29.30031392447395,12.400879793902059,0.0,2026-03-10,JNJ
0.0034172785448000355,-1.200564144906802,4.5865812607717915,-27.49556661480309,17.020937227364932,0.0,2026-03-11,JNJ
2.6738518239968667,-6.44899941454497,11.393959924801031,-49.64679678080122,-38.94771844637868,0.0,2026-03-12,JNJ
-10.978782401409887,-7.95866343021621,-19.4190991249818,39.66311794002742,-76.39154297233428,0.0,2026-03-13,JNJ
-1.461903185144128,1.7660268736409026,-6.447339681471908,28.450715792829573,14.038849019082377,0.0,2026-03-16,JNJ
16.36066534578317,21.273930081708677,5.208827554238204,83.27169209507194,-60.12193603859101,0.0,2026-03-17,JNJ
3.688007449785238,7.418367499695526,-2.7381354199154506,42.24486466801091,-9.545149078080257,0.0,2026-03-18,JNJ
-1.3380241929173795,-3.6047164234727727,-0.5149592179574777,-6.276414042666038,-10.900244512235387,0.0,2026-03-19,JNJ
-5.747170972247938,-6.485966799156834,-6.72593606989277,0.12541961362105425,-15.130974148423066,0.0,2026-03-20,JNJ
-10.777468020170785,-9.704667166855163,-10.58286984320388,-11.945057081955321,-6.426352719548419,0.0,2026-03-23,JNJ
9.986383701679715,9.15221426348164,9.346608008422248,13.825037861240258,19.787396404317434,0.0,2026-03-24,JNJ
19.780928222216904,13.856784788026589,28.85207801286804,-34.64597052167451,3.703078623492284,0.0,2026-03-25,JNJ
1.6043292990735223,-3.134422544508477,4.839415930824557,-17.806190491427955,-41.94297627253079,0.0,2026-03-26,JNJ
13.319836520021472,14.48797033739916,7.6735160209358595,47.197759514545744,-33.64735588325388,0.0,2026-03-27,JNJ
-2.7871729586356713,-6.658175954098179,3.2496481884074835,-39.00809984089226,13.848451888929318,0.0,2026-03-30,JNJ
-6.0122927144553415,-2.04144991094433,-11.465240028342068,26.705391168869685,21.784710151946225,0.0,2026-03-31,JNJ
-7.841841370251431,-5.512993462932306,-11.688553545783641,15.238431682949953,-24.79456969012557,0.0,2026-04-01,JNJ
1.9925519781622052,13.054478877890832,-14.09336574020784,98.50805828840345,-44.07050997889534,0.0,2026-04-02,JNJ
-2.084599080493335,4.880943082782426,-12.447508099318473,60.092855032463376,-29.3149975986595,0.0,2026-04-06,JNJ
-3.2770924345338863,-3.9152294839566713,-5.1738083006084965,8.103202761912584,-2.7977268142593763,0.0,2026-04-07,JNJ
32.85675923181741,22.601944798575904,52.123971163173096,-82.74651235629878,111.2823625904069,0.0,2026-04-08,JNJ
14.94654108187573,13.427137837332353,10.355421345601306,42.4932594995387,-37.40395174120765,0.0,2026-04-09,JNJ
-7.343568812356502,-5.029208609584149,-9.454985913108754,5.324933792174843,-28.3478675332288,0.0,2026-04-10,JNJ
-7.886931119130221,-3.5666164775194793,-13.055960776740779,23.127246826535526,35.7915036406716,0.0,2026-04-13,JNJ
46.360851514180744,35.55808008761139,62.538492002452465,-50.70499141543768,29.059270041290862,0.0,2026-04-14,JNJ
-4.3523910473951855,2.493357755656656,-11.581307523771615,39.02110781086698,21.80352452537009,0.0,2026-04-15,JNJ
-6.588889007106617,-2.961794996143741,-12.285481628101012,27.590666718858547,7.110054009626132,0.0,2026-04-16,JNJ
11.449698592870934,8.939618907270706,14.068966668572097,-4.265909861323925,-15.351675490395913,0.0,2026-04-17,JNJ
10.55192182305361,4.60363608661202,17.17401052255899,-29.180610373968584,-31.54816972421485,0.0,2025-05-05,JPM
3.41492386353503,11.106132764952118,-4.392436325077072,50.25908499523032,-61.62350555651617,0.0,2025-05-06,JPM
3.0636986230766876,3.291643900271426,3.62879473040275,-0.326878020859281,-55.37053705531156,0.0,2025-05-07,JPM
11.691441271081189,-2.8336550833565934,23.968801248772976,-61.972718595052754,-17.11646208567268,0.0,2025-05-08,JPM
-7.67194782219175,-4.919038533107219,-10.693155608527798,10.455298895833508,-16.186743001612932,0.0,2025-05-09,JPM
-14.113642246069382,-12.204006553617425,-16.303068203375368,-0.9770865022247398,-10.637466273977305,0.0,2025-05-12,JPM
5.967651987622985,2.8551536014432455,10.619666736383534,-21.94443650493598,12.71495246648135,0.0,2025-05-13,JPM
4.4982904425080665,1.4277512209548318,9.484790283600645,-25.42070860403669,19.091544289647068,0.0,2025-05-14,JPM
-2.4064175819451115,-14.982587747839982,8.508931788189305,-67.89851380273458,29.465702281788086,0.0,2025-05-15,JPM
8.338562604656738,2.836954503297076,12.14093618291528,-14.475678864875347,18.849891714931736,0.0,2025-05-16,JPM
-0.2377377684506018,6.38970106402648,-12.554973573941618,73.66567706449764,-20.07593735299178,0.0,2025-05-19,JPM
11.314827844241854,12.930569762027135,10.458584153591612,16.452289988149733,7.226165727090619,0.0,2025-05-20,JPM
-9.169224569236865,5.5956968419595725,-23.464947577394568,76.60511347970935,-66.49857375980407,0.0,2025-05-21,JPM
8.624925839837228,0.032171815863499084,17.164932757392354,-42.615115665495686,-11.000252800741487,0.0,2025-05-22,JPM
18.75081574390328,5.4379270720950785,30.850896724174213,-53.84967013771793,33.35192583404384,0.0,2025-05-23,JPM
7.484753955932148,6.330051301964601,8.475726911720578,1.5389162212209255,36.72601642355839,0.0,2025-05-27,JPM
-6.014808689769025,-6.2983453003615875,-8.35067952154152,8.000416300870247,-26.44610786660275,0.0,2025-05-28,JPM
-0.10981820904444527,-1.1310331611984579,2.2360557470108064,-14.185061945371643,25.634860902294463,0.0,2025-05-29,JPM
1.4803214094183827,0.22011092761583068,0.9450330417699587,4.692051615315381,-14.799759978981454,0.0,2025-05-30,JPM
7.018789080101464,1.1083931771379614,12.91727969514289,-28.372154610116947,28.067078478022648,0.0,2025-06-02,JPM
13.330453288153693,9.572076182345766,17.556644994582832,-12.026696950412575,25.24570575126308,0.0,2025-06-03,JPM
-4.181299666724587,-1.2489579877854766,-8.383726739941315,21.033262772586504,-34.97279038701629,0.0,2025-06-04,JPM
7.82031337385702,2.7088543999371613,14.419033129997288,-31.772005162965087,-9.080057481759539,0.0,2025-06-05,JPM
1.8006224426339996,1.7316316846717235,1.7200625388000217,2.2839818656421453,-3.1707464448369516,0.0,2025-06-06,JPM
14.235006564611755,3.4189104562785397,21.643674781163007,-30.217002734687224,24.9009783463268,0.0,2025-06-09,JPM
13.231907369967994,7.452406642451819,19.587558346152807,-24.901998487145146,37.11560155933893,0.0,2025-06-10,JPM
7.607888665377748,8.075535661444347,5.8015738906356065,18.445777313839073,-1.0208162026440886,0.0,2025-06-11,JPM
11.465844439772068,12.866629768739328,9.56942186121963,22.84437991110583,29.94915845650295,0.0,2025-06-12,JPM
10.143486967802295,1.2871318753143033,24.152288527694232,-73.90932239153219,1.5713841143066103,0.0,2025-06-13,JPM
14.324598003416257,12.439529060398984,17.790020986271752,-6.467939893716722,-1.2903603264839145,0.0,2025-06-16,JPM
2.2769887985813337,6.022825116949653,-2.1508278313415543,28.843888578135534,-1.208048600049242,0.0,2025-06-17,JPM
3.7258936595039804,12.96674004071023,-6.956304194502076,67.81908078354031,-32.54616676321997,0.0,2025-06-18,JPM
-13.560800048220155,-7.286344934995494,-18.295587407777557,14.847924109124252,-12.030525809999371,0.0,2025-06-20,JPM
-1.6992548758718347,-3.9733022137622016,-0.5039624622197479,-8.871009357778174,85.9163137878779,0.0,2025-06-23,JPM
0.5576202929718546,0.8348458822996767,-0.09800286888731258,4.491359264126857,-6.3461357519839625,0.0,2025-06-24,JPM
11.953190183291452,4.421610424469145,19.50976474140185,-33.38625716535888,46.48596838524875,0.0,2025-06-25,JPM
21.40628530980689,15.780925551154633,27.326242797841868,-14.113459618383228,32.05380989665922,0.0,2025-06-26,JPM
-0.5414564342160354,0.3554728624036844,0.39493360246954184,-6.159796654313645,7.785207994783918,0.0,2025-06-27,JPM
0.9586734069985545,4.207953383440199,-0.8729624774728016,11.948488713826691,-26.602525860139796,0.0,2025-06-30,JPM
2.3176527672291716,-0.6974700477939761,2.453383505820218,1.5032683356809298,36.75473845395312,0.0,2025-07-01,JPM
2.283330860381906,2.9535669734681904,3.658989873034129,-5.970623215521687,10.831492384331844,0.0,2025-07-02,JPM
-15.821433055383837,-3.7987697649409142,-24.543224212177954,36.50931388539642,-13.940223917236345,0.0,2025-07-07,JPM
-20.70953331746689,-10.772955083537827,-30.59300577081964,38.591301402663674,-20.503635121877682,0.0,2025-07-08,JPM
-19.817209585568083,-16.021267833359865,-22.936894414039806,-1.0991006147197178,-30.86144513810856,0.0,2025-07-09,JPM
16.705045060880362,8.618583196012972,26.161869386253937,-40.035900891347204,46.27098363183308,0.0,2025-07-10,JPM
7.308178348772546,1.6444495056769204,13.207811479630056,-28.089620436360594,19.086369776620447,0.0,2025-07-11,JPM
13.48796703411609,7.2305162947485595,20.20275281499554,-26.800747651154694,26.338667310069365,0.0,2025-07-14,JPM
-17.92927490196591,-13.5388597206356,-22.61992912366699,10.214650428240551,-34.34012782934889,0.0,2025-07-15,JPM
-11.5363761986599,-12.462571718695884,-11.361381714251838,-12.586343105098335,-0.5146983076222311,0.0,2025-07-16,JPM
8.128302765844873,2.33719507450327,13.155854723700504,-22.037008981273136,59.811602412916606,0.0,2025-07-17,JPM
5.127702613322634,0.03172776048547176,10.526318308998464,-27.263991560724538,9.34748025254385,0.0,2025-07-18,JPM
2.5639112783988858,3.3434347463887315,4.10997409102023,-6.7124655973213985,-45.02778614430965,0.0,2025-07-21,JPM
0.7177882333782505,-3.4318380706513882,5.377670489774406,-27.241505304985047,-18.846950332302917,0.0,2025-07-22,JPM
6.602079029312856,-3.199766262946667,15.460158638663868,-46.54639862678165,56.16501097883309,0.0,2025-07-23,JPM
2.636641206786527,1.932352271266819,2.9843439678566543,0.550424640369577,-42.74998359737401,0.0,2025-07-24,JPM
4.058141631363262,4.559152817716363,4.1504584168532626,3.504240918449972,22.468718405202452,0.0,2025-07-25,JPM
-2.9214688487579807,4.862077661719927,-10.102236287919753,40.163135786212656,3.4326318018806474,0.0,2025-07-28,JPM
-20.354163444052872,-13.040752822917627,-30.327963223066032,39.48863523003752,-41.30748133647001,0.0,2025-07-29,JPM
5.947258584226572,4.457593742751466,7.344461865479532,-2.435961103272184,21.63848141198972,0.0,2025-07-30,JPM
-15.251843103781397,-8.490258360908339,-24.171262929683007,38.26467585164356,-35.270152861740314,0.0,2025-07-31,JPM
10.010881519220877,6.592402749049996,10.594888217935765,6.506841326941382,-8.018510174758608,0.0,2025-08-01,JPM
3.6538480385013217,2.9837104259086904,4.495020558967838,-1.3931870842880705,43.665821007006926,0.0,2025-08-04,JPM
-6.3681856535045265,-7.346577371081988,-10.20217023521748,16.635721836777105,24.722108415967874,0.0,2025-08-05,JPM
-3.7349944277168654,0.3920502086162153,-5.690909825776816,8.000497960658448,0.10761101785920611,0.0,2025-08-06,JPM
-10.231479374981243,1.197008647363471,-22.7217517939117,64.71015513861134,-54.44401298959153,0.0,2025-08-07,JPM
9.022999126074522,12.895098630801797,4.720076331698325,34.84053589235138,-1.1653971229795745,0.0,2025-08-08,JPM
5.953343677569404,8.012817823247714,5.086310451564055,11.155543033615228,-6.092580459374935,0.0,2025-08-11,JPM
3.2584968932830223,5.821793393626628,-2.305082667558958,36.63997425833878,-12.993749538804932,0.0,2025-08-12,JPM
-12.08678881740248,6.926711460764058,-28.423048814865005,85.93077116738831,1.6055842028780847,0.0,2025-08-13,JPM
8.140022917882016,4.46160361338201,13.69374764376993,-25.182325437441587,59.30369145094057,0.0,2025-08-14,JPM
-16.41647799009769,-16.16926448611657,-16.620868495847624,-15.190134955588345,-28.92098687436979,0.0,2025-08-15,JPM
7.648423571829383,0.3395018833916095,16.062179984118057,-42.834114901898744,24.57154300529564,0.0,2025-08-18,JPM
-4.742700610706356,4.044357043989871,-11.260007377372636,34.36113998929523,-5.7862952540453785,0.0,2025-08-19,JPM
13.789185186645474,8.383901115193998,21.93288685875685,-35.073024846013034,28.589540675547912,0.0,2025-08-20,JPM
4.982578114575415,8.706740015690789,1.2262988093858125,27.52025394572473,-6.090389225422857,0.0,2025-08-21,JPM
16.13237703976565,-1.7027575785443532,38.26907854787505,-116.68783200889072,47.468639169003595,0.0,2025-08-22,JPM
-4.8082212873068455,-2.5719162119459353,-7.86595487322269,13.538180228203615,-23.687076085560165,0.0,2025-08-25,JPM
6.44135125375408,-4.784022403633247,15.42973032290657,-47.48892316115319,73.99756559547264,0.0,2025-08-26,JPM
5.815919427461304,4.161290283761236,9.869268916998033,-18.50417750974958,-4.54556287794552,0.0,2025-08-27,JPM
4.8896326421663625,2.2651333407944696,5.747390906044534,-0.2569169410894208,10.490396244756438,0.0,2025-08-28,JPM
3.7090166190512392,-2.916839765319283,10.174409690802404,-35.08334181144255,-4.911619902031626,0.0,2025-08-29,JPM
6.358887843154953,0.3407223183081743,13.126769179340227,-34.24840017394333,58.739530668333565,0.0,2025-09-02,JPM
-13.475216916223529,-6.985959905603267,-17.323618980067383,9.615195466854843,30.719970252145874,0.0,2025-09-03,JPM
13.882751075227276,7.1406142074144645,20.834012946620124,-27.824820153118544,35.425329562741915,0.0,2025-09-04,JPM
-36.52016296073297,-25.64457916665257,-48.66024278429258,36.32031598063428,-83.57255557175353,0.0,2025-09-05,JPM
-10.755709485464624,-5.201160343528641,-15.77898513034639,19.383944383845343,-12.319440978650837,0.0,2025-09-08,JPM
11.699972085342347,2.859443807334144,23.438669641028778,-58.73221324877241,24.75730367751296,0.0,2025-09-09,JPM
15.11562227564037,14.371320368787945,12.99757285313667,27.82391881067014,24.552204095734147,0.0,2025-09-10,JPM
9.953660674300805,6.624879541193538,12.917135214509855,-7.827186566947905,39.165953119558495,0.0,2025-09-11,JPM
7.990334769176772,1.9183065254611276,10.18386781546101,-5.170863508517518,24.55244079332801,0.0,2025-09-12,JPM
-0.4456122193899314,-2.689515013625507,0.7803324123413674,-7.801280009772202,6.770150636914806,0.0,2025-09-15,JPM
-1.3553995794597808,-10.741355859417807,4.913591031966057,-38.96934324801297,9.902989425451295,0.0,2025-09-16,JPM
6.766779974016807,10.061103761430356,5.661711627204692,13.397190054889501,13.879483174168906,0.0,2025-09-17,JPM
1.6547118767002162,2.3467988150422343,-1.7713993467025015,22.21137921712017,47.23318417729703,0.0,2025-09-18,JPM
21.103588318173472,8.839242647573533,31.80092870080926,-43.080453977624884,60.329964674765776,0.0,2025-09-19,JPM
4.346192127070486,1.9096072183090487,6.8844449297640224,-10.883324689072536,2.723141383336872,0.0,2025-09-22,JPM
-7.612895214361827,8.213655952381218,-20.559371716121927,70.06596379619151,-13.59298938068974,0.0,2025-09-23,JPM
-5.724951772374031,6.421610149230699,-16.251455866094712,57.43407278995549,-16.145177103512108,0.0,2025-09-24,JPM
-6.604156575859625,-0.13199837995380173,-13.321377262998174,33.69916754697167,-8.061345282736584,0.0,2025-09-25,JPM
8.677288583882348,-1.4210899144772509,17.985479443640983,-47.171856574649674,1.5609455441615747,0.0,2025-09-26,JPM
-6.511031867608648,-4.07003162816088,-8.616347857202847,6.120864069981794,17.225573692397035,0.0,2025-09-29,JPM
1.2848875692407749,-1.5128178318511127,0.21879255065213843,7.681457680776217,50.22638082645326,0.0,2025-09-30,JPM
2.6631337357520577,7.9084239535641085,-2.9329752628780374,36.23978772755818,-25.87769393667727,0.0,2025-10-01,JPM
-11.287872172005915,-8.56382852090115,-15.051415678636616,11.293388867774592,-9.496949455737575,0.0,2025-10-02,JPM
0.8817293670659235,-1.9022067006151844,1.0173121251224637,0.06823281871568647,-5.734465608227066,0.0,2025-10-03,JPM
6.066763415109633,6.087625337182426,10.307997193437117,-19.38063925485343,13.65454369109156,0.0,2025-10-06,JPM
-11.950400237435352,-9.849139696813362,-15.483677946294238,9.249266015727208,4.860346812355933,0.0,2025-10-07,JPM
5.57589203939994,9.610428378615259,0.846303152620704,33.9534253600865,-67.15549456627905,0.0,2025-10-08,JPM
-9.40599683954203,-13.6872300380069,-5.609512964281422,-32.1849000910945,14.354825901814136,0.0,2025-10-09,JPM
-29.99341259305847,-4.8447813372825665,-58.86641804685975,143.24462012976971,-135.7944516057898,0.0,2025-10-10,JPM
5.129669181796264,1.5774885851497742,8.435057045864866,-14.702658002607965,-0.08915565311528403,0.0,2025-10-13,JPM
26.66956451699054,13.789653990974177,35.11986392802842,-24.032231949225494,-11.132798790165387,0.0,2025-10-14,JPM
-8.270943993531954,12.717298133176488,-27.154235175433303,105.02880309787062,-90.66973275512909,0.0,2025-10-15,JPM
4.024019797165719,24.33328303850396,-8.564069953974165,79.55255830402007,-120.14913539043782,0.0,2025-10-16,JPM
7.742699775228785,6.209293562698603,6.694239103053569,14.033463808285823,23.126044814756444,0.0,2025-10-17,JPM
17.712543210217003,6.395952062113367,28.69902055440812,-48.20632085491084,29.74180427281204,0.0,2025-10-20,JPM
-10.521834717324856,3.0788088314946465,-23.19346985789051,65.50797612608802,-85.20029743850417,0.0,2025-10-21,JPM
-15.952674125282686,-5.217464572257428,-24.185404623499846,33.44370886402221,19.13610651129356,0.0,2025-10-22,JPM
0.44773243748849184,0.8389271745369257,-0.7845700425861525,7.841547317934428,-6.073349490571033,0.0,2025-10-23,JPM
18.342578439805532,9.368518936392567,28.129047147714573,-40.37623380764307,0.22100524371107572,0.0,2025-10-24,JPM
5.339934501052238,0.2914457947353658,11.927080155506383,-34.18293942565386,40.75509844985666,0.0,2025-10-27,JPM
-6.198129414453352,0.7267194572753102,-14.733826188738691,45.01605123126799,-4.412281856255632,0.0,2025-10-28,JPM
12.783170812180321,11.732768891579939,15.80309176009147,-5.336354875279123,2.8463345114931924,0.0,2025-10-29,JPM
13.94172200455786,10.119886837695729,17.595417784732255,-7.980452676481177,-25.612177321387055,0.0,2025-10-30,JPM
0.5639559987296103,3.6848944569347837,-4.296224782120479,29.725040683841122,8.0091722120481,0.0,2025-10-31,JPM
1.5154980028524807,-2.9312561120008445,13.54199194797553,-70.64346566786378,0.13054589204015069,0.0,2025-11-03,JPM
6.574721909432803,11.127310815702936,-3.0006582488289286,64.02700285901605,-9.78468813245176,0.0,2025-11-04,JPM
17.582685381812112,12.504049491832228,29.13160086532111,-51.71080751923459,26.289999396850295,0.0,2025-11-05,JPM
3.934394819052597,5.780196790390745,6.236443071591005,-9.877894696176032,24.800322745886007,0.0,2025-11-06,JPM
2.757841736778665,11.1784692461557,-3.983251510789796,43.20440122219125,79.13011080702591,0.0,2025-11-07,JPM
0.01405365954322134,-2.4080318489630437,4.546446502541347,-27.18030339842759,7.866833423872585,0.0,2025-11-10,JPM
-3.5324537889012486,-7.685634068910793,0.570113582609672,-28.147858017968566,-25.77807340742634,0.0,2025-11-11,JPM
6.0720586643809,7.392750559580113,2.3538175383163487,28.381505420798355,0.29973094073284284,0.0,2025-11-12,JPM
-13.04581495210626,-9.771642569751434,-34.90179794928262,118.09008303095733,-110.38574999879587,0.0,2025-11-13,JPM
10.125643966857378,9.81204724086532,4.546207702086572,43.6022615554934,-38.39168009972126,0.0,2025-11-14,JPM
10.626350868105254,12.984405111408838,-7.263312160824238,117.96432904171236,-36.56422228550429,0.0,2025-11-17,JPM
4.501489856720157,0.004563458555978297,13.177563267344148,-47.55495060701241,-4.508046477649907,0.0,2025-11-18,JPM
0.8771324084405725,4.335800243986689,-2.3386047838464132,20.171555562171886,29.428940773837713,0.0,2025-11-19,JPM
-6.056316896072659,4.323777237830592,-39.40746767857424,194.0505877989312,-154.03210255054935,0.0,2025-11-20,JPM
-4.5916336516819225,-10.977277390645517,10.44944017267484,-94.8380765978072,31.046145969457164,0.0,2025-11-21,JPM
10.838432923412107,9.25259397589565,15.53513684779769,-17.341790622897577,-5.75719021010946,0.0,2025-11-24,JPM
14.134346449166085,7.94198879590837,30.415094511848654,-83.55014192691048,42.73386995258527,0.0,2025-11-25,JPM
13.088864021284351,11.26806422179872,20.161692580185452,-29.348107332116697,31.45518758474913,0.0,2025-11-26,JPM
-6.214216552449199,-8.21112130456392,-8.743908333495407,8.963934133837213,-37.78622618729877,0.0,2025-12-01,JPM
-2.503893820129476,-1.3095222556997976,-7.5911785230125215,28.01981439718353,-24.789102027299112,0.0,2025-12-02,JPM
13.890964366323734,12.6209626301924,23.488164127748938,-43.692234202231155,61.548181582100355,0.0,2025-12-03,JPM
3.780736660990055,4.488172157806378,-4.220223296058527,51.78649640328693,-7.4801798796900485,0.0,2025-12-04,JPM
-0.8241074840945924,-0.03416156133891288,-7.774863401261869,40.880428018916255,-34.585355397572336,0.0,2025-12-05,JPM
-2.9584798163920714,-0.049744576486628986,-5.175451713107377,10.343351563914217,19.559494768852044,0.0,2025-12-08,JPM
82.50296636122314,91.41476496522397,35.45217538172311,364.80771223822705,-171.8274856294687,0.0,2025-12-09,JPM
40.633939500799116,42.491367284720425,53.97437738584308,-39.40868780947212,131.78456976260298,0.0,2025-12-10,JPM
28.9007877922098,24.105191502899448,46.458178605868824,-76.44355708974075,82.18964220563883,0.0,2025-12-11,JPM
-3.225605047524076,-5.5355927501127615,0.6089193092529183,-26.23275118816818,11.947091284889389,0.0,2025-12-12,JPM
-6.322921820152468,-5.654322254087206,-6.7204897222197655,-3.937514407720292,-9.71208101956577,0.0,2025-12-15,JPM
-9.491227800735544,-8.044909500104813,-10.140595860627084,-5.595019441375522,-16.352803166686556,0.0,2025-12-16,JPM
-5.983577516830567,-3.3581689373408588,-14.591268221944436,45.66256671386703,-41.2800208421527,0.0,2025-12-17,JPM
-7.945872143154784,-4.976420824774605,-18.366691384281093,54.57904330362113,-54.72029347013825,0.0,2025-12-18,JPM
23.81285800376941,21.542303426008328,26.267434456836554,9.085399285384513,20.46069250174074,0.0,2025-12-19,JPM
6.8819236807331965,4.862120546136316,15.444001472202304,-44.49054306806378,45.82327461773206,0.0,2025-12-22,JPM
10.48926060357138,5.945811989288487,16.65915479534259,-26.53010454704542,-4.289276641140372,0.0,2025-12-23,JPM
-11.253559481325336,-8.216552633760625,-16.518164645782235,20.334071505435126,1.730336218637629,0.0,2025-12-26,JPM
-18.5733739139633,-17.03422344588416,-22.870954568343947,7.212110012345026,-44.75351378008103,0.0,2025-12-29,JPM
-1.7773240968714805,-2.113945971262279,0.11013672492205369,-13.102089027625656,2.2039427344635634,0.0,2025-12-30,JPM
-0.821786998237001,-2.3063418450729865,-0.9184111834769946,-0.24204188678297614,-32.09526067665218,0.0,2025-12-31,JPM
5.04233879191077,5.267196965588771,14.097062690673168,-49.28600460064957,57.95687386626257,0.0,2026-01-02,JPM
29.752459724816248,26.894042993990727,28.66033996396258,36.30517828992638,-16.51511414369668,0.0,2026-01-05,JPM
16.42899627602692,13.768932578507373,25.433390544531015,-37.597369334973806,30.583683254352934,0.0,2026-01-06,JPM
-8.318056571265734,-12.127534725262803,-1.5103491775939881,-49.164300933282284,5.449375220538226,0.0,2026-01-07,JPM
15.293043019977844,12.868449640877722,18.852523475088514,-6.063839710679284,-2.8816496472287096,0.0,2026-01-08,JPM
-2.90908056807257,-2.5011771047996962,-7.76041926823591,26.19895163291435,-31.934876248651648,0.0,2026-01-09,JPM
-6.615630338583603,-4.8749767716974235,-3.535365488459496,-25.097219439307136,41.755074966192424,0.0,2026-01-12,JPM
-67.55170777601671,-66.5183522300592,-77.1787811699341,-9.789267412512412,-126.5280154932835,0.0,2026-01-13,JPM
-5.729518308056148,-6.958957592771672,-4.953619598829915,-10.38491056341723,-13.303171846931486,0.0,2026-01-14,JPM
-4.887600532402901,-3.2577487218893215,-13.161518228505425,44.75590564422506,-41.35592686565752,0.0,2026-01-15,JPM
16.11224570745832,6.624662777033159,25.731408927005226,-41.60273360981947,-21.482022433348874,0.0,2026-01-16,JPM
19.86898750270309,21.176525797053117,-2.108147396919424,151.73179690043446,-91.24464332114763,0.0,2026-01-20,JPM
-6.360771477162749,-4.985633625840325,-12.285384964442517,29.186909446534607,-38.422483488708515,0.0,2026-01-21,JPM
-14.501305921280386,-17.762760484048673,-16.852420540794515,-0.39461820420305904,-64.75060717897753,0.0,2026-01-22,JPM
-9.39245484945378,-8.429797028931592,-12.325278144961667,8.20448492359354,-15.774169171368605,0.0,2026-01-23,JPM
4.715634169564691,4.274705868477502,6.846605435484115,-8.070193425955635,24.06342960023171,0.0,2026-01-26,JPM
-5.324974766474941,-4.5693941664823425,-1.7830378738621475,-26.576596122144114,27.852786645077817,0.0,2026-01-27,JPM
3.60660035215809,-0.45812869579552384,13.931090206717274,-58.3403387752008,14.597329182023993,0.0,2026-01-28,JPM
10.56368962733871,10.352941445755954,13.07058867354884,-4.477704649895961,42.386831981608466,0.0,2026-01-29,JPM
-8.610827850915884,0.31869692613055023,-15.773404874418672,34.36463429011717,52.24827850913081,0.0,2026-02-03,JPM
5.243994172930021,7.18392432461456,2.948054320972458,19.019633284695104,-3.353827976138371,0.0,2026-02-04,JPM
-8.47206215200821,-13.075490892128398,6.02840433578622,-95.47486107875822,35.90798245629577,0.0,2026-02-05,JPM
18.53227680284472,16.214829578190823,22.568874259917934,-5.687307939585729,13.881518531234702,0.0,2026-02-06,JPM
-2.3831529103802898,0.8151165607986561,-14.126109717327504,68.07458793130475,-45.06384768777567,0.0,2026-02-09,JPM
-4.141111263280869,4.774490895195106,-31.22022967098214,158.33359918294093,-68.8015172267049,0.0,2026-02-10,JPM
-26.854395434630234,-20.506604287432516,-47.98098577210554,99.90514659022162,-99.82454115301319,0.0,2026-02-11,JPM
-23.412720315487277,-8.509359830673716,-54.159695187443845,161.0691289162671,-46.01809603449013,0.0,2026-02-12,JPM
23.69813328761622,18.37676851604153,29.581883807007152,-11.60436982871621,20.527610383387106,0.0,2026-02-13,JPM
6.5311568371365905,8.143185417348638,7.665740640462385,-0.2763459828218871,25.83319116790401,0.0,2026-02-17,JPM
1.2802716733281037,-0.5169588669424687,-2.96165465407227,26.731829637730343,-43.403804672892136,0.0,2026-02-18,JPM
-0.41087755449376495,1.750202326682245,-0.7069070512149712,1.3652994258390245,30.01420805579096,0.0,2026-02-19,JPM
5.499336692909047,7.608736450613143,8.002817122954596,-9.521545887355053,57.28554236532504,0.0,2026-02-20,JPM
-37.03427277268887,-29.0381907349407,-49.38552849982613,37.07326159015174,-42.36174698816529,0.0,2026-02-23,JPM
28.2343822031042,18.63373394769385,46.10304255209031,-78.97757989080476,44.32977062012539,0.0,2026-02-24,JPM
22.37534667935681,18.469940159712475,32.20880418590482,-36.62539835992747,53.18222040717453,0.0,2026-02-25,JPM
-2.3083383085282607,-2.1196894301590086,1.3555352396622873,-24.29157959766598,0.699851232430036,0.0,2026-02-26,JPM
-17.69316982220154,-11.106052983400064,-16.741640418984353,-23.40234624151421,72.31032587115553,0.0,2026-02-27,JPM
13.355044480500394,8.165636638857848,18.563750553724812,-17.8971919588442,-2.7764557312399565,0.0,2026-03-02,JPM
45.61465759572375,35.1804409373326,72.11775641545744,-113.40393532268983,103.63655286028478,0.0,2026-03-03,JPM
-0.7438842700572571,0.20784088592763603,0.762597265532139,-9.782773483589827,21.701549207265106,0.0,2026-03-04,JPM
-13.151291916381055,-12.391449726489128,-20.226480532729067,29.29983978172054,-34.20666592079082,0.0,2026-03-05,JPM
12.51079544013998,14.062920929914453,15.403353587719243,-4.844553445331644,72.78230912179711,0.0,2026-03-06,JPM
12.680857644876758,-4.381582086321375,33.95041519238052,-114.9364876401319,155.51288242268058,0.0,2026-03-09,JPM
5.445073386899853,1.9511219601429632,7.973132901973075,-9.723283703523798,-47.642748670984375,0.0,2026-03-10,JPM
-5.929379710605665,-11.489876467743896,-0.9574369567541644,-35.76103623371467,20.01827504742166,0.0,2026-03-11,JPM
2.252789368068099,-9.821113894875447,15.261488120818449,-75.7994031484118,46.011059808255695,0.0,2026-03-12,JPM
-16.024042675841137,-5.957570384693885,-26.598578872242783,47.4231745025787,-46.86186418225376,0.0,2026-03-13,JPM
-11.11868056555329,-4.3998885714229585,-16.177431562990115,19.233825419067653,-9.74730351790691,0.0,2026-03-16,JPM
-22.429548240624353,-17.396938187037897,-28.155615975281304,11.926858167335126,-29.429405439860037,0.0,2026-03-17,JPM
1.446203062752714,-4.168916129467515,7.358666741381101,-34.0285790090097,0.7263344033389991,0.0,2026-03-18,JPM
-2.2624291459873445,-9.964869472461638,7.386290155227649,-60.15474495325746,48.35300031868772,0.0,2026-03-19,JPM
0.32895336686792465,-7.394683877165956,4.665802719131307,-25.692142746694568,-23.430507132612895,0.0,2026-03-20,JPM
-13.969174021185152,-6.786324132276688,-20.392652808163188,24.57169870067526,-63.17363917162181,0.0,2026-03-23,JPM
17.00256992031793,4.664089522743858,36.19006276130106,-98.12238712557303,11.769902257108532,0.0,2026-03-24,JPM
-1.2943095333854766,0.44929435233081677,-3.4597780658396537,11.698501661345365,8.311043759955204,0.0,2026-03-25,JPM
-13.134211595126258,-1.7536694568066178,-24.16380078599254,53.04332355007142,-22.885533681861755,0.0,2026-03-26,JPM
-10.785397402373173,0.3217031462509542,-19.276407218804376,40.16066149621606,-60.90357843781083,0.0,2026-03-27,JPM
-3.2014662682852926,1.890796345105848,-4.710279009330571,5.851410177994361,-34.52286368458202,0.0,2026-03-30,JPM
18.862205234104678,-1.359428149166054,33.37633127968039,-68.22255103933794,85.63221723189518,0.0,2026-03-31,JPM
-0.3809199713320207,-0.349414509832144,5.402267963989794,-35.08004758325137,-6.830016492376608,0.0,2026-04-01,JPM
16.499987530735076,5.009120605779924,30.384102924882836,-66.80470483414373,47.74275846799464,0.0,2026-04-02,JPM
6.879498786490641,8.027378606362955,4.322572323890805,22.221057562097347,-5.840572865267807,0.0,2026-04-06,JPM
7.756557737154333,4.539863743545552,10.401649393578937,-8.11399220139521,43.55241300991062,0.0,2026-04-07,JPM
-15.05981106756468,-14.996053205501962,-17.669502007761274,0.598334573635226,17.836219054516366,0.0,2026-04-08,JPM
15.166904167564455,4.701302081544916,24.211618746655642,-39.101383306984495,28.76236507403144,0.0,2026-04-09,JPM
4.028537463849787,3.2376369669142404,4.417263194818552,1.6961830780445477,16.727475019090143,0.0,2026-04-10,JPM
10.681085644910025,0.24870325897163176,20.75743484379402,-49.777009548386616,90.64775299552338,0.0,2026-04-13,JPM
-1.156778240994202,-2.699708175966142,1.5334151620538228,-17.297938659260456,-10.877802738282416,0.0,2026-04-14,JPM
-29.761939243793854,-16.659225067978948,-44.49716672243008,58.64942562803272,-39.69428503622504,0.0,2026-04-15,JPM
6.362900639362275,6.77186125317285,5.03531984572282,14.328385401213746,48.7090000414209,0.0,2026-04-16,JPM
-2.4597658181817277,3.1437709271986143,-8.311735857539196,32.652054417974014,-58.35566346852581,0.0,2026-04-17,JPM
8.02565639250754,11.900752944368781,-0.3895540474223462,58.51691903210344,-5.291503147131999,0.0,2025-05-05,LLY
-17.181826173393276,27.08649676077638,-45.04923400225434,150.02262079979047,-137.68848461604153,0.0,2025-05-06,LLY
0.40748623937706874,-2.9601645662505915,1.155223451409161,-4.078937032808169,-3.5636251023978143,0.0,2025-05-07,LLY
11.870261036634162,-22.065030084658225,31.76283934676935,-107.48520882416184,12.591114662883378,0.0,2025-05-08,LLY
-15.814878388789337,6.927222875627279,-31.175761566135694,76.3504206752827,-175.85236328549252,0.0,2025-05-09,LLY
113.64665375075158,62.94582364050301,156.4800085584823,-143.35347509560984,157.99222396191746,0.0,2025-05-12,LLY
-5.031893542007251,3.723599017061558,-12.707822945050076,41.02368287625273,-44.47941801612987,0.0,2025-05-13,LLY
-47.175025652404514,1.9890267401970956,-88.79111265079078,202.52149633792084,-149.11920254265465,0.0,2025-05-14,LLY
34.27238821708331,-9.997832869473664,62.48341679343966,-134.99378324103444,85.01695416256815,0.0,2025-05-15,LLY
35.193403431205276,19.8248059517197,42.63289627863399,-9.44355365333825,87.06105685102267,0.0,2025-05-16,LLY
-2.2560516235977004,-3.106318318728393,0.9654985550701204,-21.58535269559404,39.05265222759181,0.0,2025-05-19,LLY
-4.753669164232726,-1.0316434663760419,-6.259734077701078,4.282720316594095,-25.776219196757264,0.0,2025-05-20,LLY
-19.744076280892806,1.994850046868905,-30.393359823136073,44.15162497258387,-115.17965216863303,0.0,2025-05-21,LLY
4.128509139145239,-1.5146873413978683,4.721536922177248,0.5703424409737882,-32.32331542025418,0.0,2025-05-22,LLY
0.09433072335845356,0.3453258088600092,0.37460063965960916,-1.5872887744389188,3.0386009248233807,0.0,2025-05-23,LLY
14.342657254146012,1.3284359344113654,25.36320050620611,-51.78060225820201,20.63024747890586,0.0,2025-05-27,LLY
-12.029454889003516,-3.594664545234184,-21.616167593275758,45.49082133665203,-13.588526528238512,0.0,2025-05-28,LLY
1.9003925307788554,13.103914743486929,-4.441309897217727,39.95060709877254,12.65046204299101,0.0,2025-05-29,LLY
21.58118042864091,11.298645263841014,26.523487547689353,-8.072662285652864,15.006997317427274,0.0,2025-05-30,LLY
12.874078082855755,6.110868278544071,22.38411010044352,-44.18611402265552,83.8710533890792,0.0,2025-06-02,LLY
11.77977538033383,1.165223944772849,21.913119203756846,-49.02028756019822,2.9223948043855787,0.0,2025-06-03,LLY
11.167177264644872,14.989419108196836,5.856839724824103,43.029202503578375,-14.969658958619283,0.0,2025-06-04,LLY
3.855356843182265,2.9137253094334925,9.247162256026522,-28.49547563387434,32.34217440604896,0.0,2025-06-05,LLY
2.3339610671900743,5.069871451929636,-0.47417406842175136,19.182771880881724,11.640530175548843,0.0,2025-06-06,LLY
2.4483474808934234,-0.6644985098206987,3.7635278460837096,-5.442734710238012,-5.1194035771138635,0.0,2025-06-09,LLY
25.387161073897715,4.836385672035097,41.48868429516034,-71.2219782536738,115.52545480955656,0.0,2025-06-10,LLY
4.5223971746553975,14.815328990426258,-1.5513151582459512,40.96467117206629,-43.74640910483331,0.0,2025-06-11,LLY
1.3507977249431165,8.009156108589668,0.8107334857874093,4.591183159881558,-4.968876876455493,0.0,2025-06-12,LLY
5.325483348205859,5.906877578369218,9.378898821281398,-18.995009490222383,11.475594621784403,0.0,2025-06-13,LLY
-13.96244467146424,8.876220392760938,-29.966699139884934,82.06308213908505,-88.03703548961464,0.0,2025-06-16,LLY
-9.85621998150021,4.183829439205066,-22.76421396517476,67.59174392054851,-60.15437546911677,0.0,2025-06-17,LLY
2.214746789884924,12.081024083087962,-3.785567807453231,38.216634373919646,-15.546940510183125,0.0,2025-06-18,LLY
-31.394370493440483,-28.250323989812447,-36.138483933838806,-2.929689851049051,-50.93302299485173,0.0,2025-06-20,LLY
-29.83635427865371,-18.242222500740986,-41.593442972862555,40.70617788659789,-29.81818868413907,0.0,2025-06-23,LLY
3.156393391164185,-11.719257394046162,11.413871515548745,-46.38847535511967,61.881657737856806,0.0,2025-06-24,LLY
24.760420533172827,8.323590837425217,39.50717472735116,-63.72010463188283,31.14604058267369,0.0,2025-06-25,LLY
2.5718736265928985,3.954270401064403,-1.3424384809501146,26.057746271868137,4.674439515035568,0.0,2025-06-26,LLY
-26.256524443794188,-7.153878583043184,-40.735091286318436,60.61487661136581,-113.43789738892004,0.0,2025-06-27,LLY
0.12708439696925244,7.37523763350956,-6.603419748870724,40.510109272016415,10.184970886051596,0.0,2025-06-30,LLY
-11.662153744340166,2.707497058491765,-16.164620191023232,15.352644935780058,-66.07487956673015,0.0,2025-07-01,LLY
5.730763649897793,2.793701424498494,6.904097195878959,-1.3092376259892105,33.37665172619921,0.0,2025-07-02,LLY
-7.381806713928052,-13.26881584845568,-0.5598297803578005,-48.313668315334795,37.430494281343286,0.0,2025-07-07,LLY
12.132100787771664,27.58177312401981,4.030253257411875,60.74318596995655,-59.34726681954253,0.0,2025-07-08,LLY
-2.511192625039039,-2.5287806438340126,-2.889043082986962,-0.24408987732837453,-0.7205228721285573,0.0,2025-07-09,LLY
2.6749107628027007,-0.9870967728028976,6.188448002970047,-18.406312678187035,-30.325516384974858,0.0,2025-07-10,LLY
-10.618965646101591,-16.776609028690444,-7.929029269260396,-26.758583907125598,90.60852118739844,0.0,2025-07-11,LLY
3.665374322169133,-3.4570784778880426,8.837052770395225,-27.364696367167422,37.20849537812689,0.0,2025-07-14,LLY
-33.86578579088818,-9.121833450182017,-59.34322526663137,118.99885106358555,-70.62642313886349,0.0,2025-07-15,LLY
16.803495106063096,4.997432020215677,29.639492305559834,-60.21248809090002,21.327337876344387,0.0,2025-07-16,LLY
-6.372075669019171,53.618688826037214,-42.04704724646657,207.6777537956814,-133.65734722162006,0.0,2025-07-17,LLY
12.522819386769898,16.510331838118073,9.34107170738642,31.613305463070773,1.1353592974783346,0.0,2025-07-18,LLY
-4.843123853828256,4.239188913720251,-10.420286791112979,28.619853769886024,-40.443556266203444,0.0,2025-07-21,LLY
13.905509433787511,13.261701399956712,15.62870580881156,3.56633118366232,23.469269035874557,0.0,2025-07-22,LLY
16.658117023487993,-8.496506829730508,34.00727884626014,-87.4368539131392,71.74397372356047,0.0,2025-07-23,LLY
5.728873104338557,-8.155808141489656,17.26579725013915,-63.49267177044238,8.475372407376371,0.0,2025-07-24,LLY
-10.651811337157246,-12.96068272558313,-11.181239969226576,-7.475239544727226,39.84016892685911,0.0,2025-07-25,LLY
1.9462266931270704,9.154943076635028,-2.8947969200337615,30.992368372103265,-48.57909882869498,0.0,2025-07-28,LLY
8.848142293580187,13.432358113383572,3.1738733890471154,42.89375572078306,-63.24619980752233,0.0,2025-07-29,LLY
-15.297740894110982,6.625702553926632,-30.89914282480904,78.31067069007587,-87.18336274224629,0.0,2025-07-30,LLY
33.6904975699696,63.5102850148847,14.23547528252824,150.42063129462986,-160.86656590729365,0.0,2025-07-31,LLY
8.36673767031243,-1.2462137705752583,13.332678062806117,-21.428904684630236,42.037551750224246,0.0,2025-08-01,LLY
12.15326726655983,-9.640369521154101,27.67677662835112,-80.98778890417003,65.98866507075081,0.0,2025-08-04,LLY
2.9588439728848352,-3.5177096251545343,7.871139555701155,-26.514929524007137,8.121899840147458,0.0,2025-08-05,LLY
-3.6230844462980127,23.17437707566223,-25.8797184636208,129.91671965764175,-16.948575650492632,0.0,2025-08-06,LLY
-70.40842748089928,-75.00476159681813,-69.61379463579189,-75.1762245515419,-64.16113706951907,0.0,2025-08-07,LLY
-44.29199596813556,-32.91525760814282,-57.72146059525082,36.284791794555986,-134.24682092937675,0.0,2025-08-08,LLY
-5.551421425487798,23.495510441812772,-23.535978464120696,102.35592080632374,-124.82386342914054,0.0,2025-08-11,LLY
5.882702745314576,-5.94619963743413,13.218614301821038,-38.132766593709945,22.436738755138848,0.0,2025-08-12,LLY
29.422388088708946,19.27563091798671,37.372850452912424,-18.280386096496315,73.28110636437246,0.0,2025-08-13,LLY
53.85918034321926,21.61133895535823,77.65118623196683,-88.89285498925446,156.7682779524552,0.0,2025-08-14,LLY
30.448528872053327,-6.214646477625661,53.280886398804306,-106.54561628844445,62.63705621665926,0.0,2025-08-15,LLY
-6.192674886989679,7.004664102580563,-14.575559595678435,44.10463336515096,-44.87828279538529,0.0,2025-08-18,LLY
-11.065237931075277,-0.17468658629781705,-15.890349309341524,17.885430338525413,-58.28478212774697,0.0,2025-08-19,LLY
31.237522186229718,6.206973937724875,45.721310196484175,-55.665205875293765,125.04099596364665,0.0,2025-08-20,LLY
4.360779785606779,11.594793546325002,0.9022958582737136,25.111683349622705,-44.10630231536967,0.0,2025-08-21,LLY
-15.612077681082845,1.1487471317748295,-27.328841020019677,54.688502352550884,-38.95093930463169,0.0,2025-08-22,LLY
-27.107540638885162,-2.96772859959222,-45.2099980720203,81.50720395993702,-77.58760613192932,0.0,2025-08-25,LLY
34.83325489847605,5.418561719784164,59.39741341790078,-112.55169621805977,166.71845194575263,0.0,2025-08-26,LLY
-12.342576326750226,-3.7261921905300577,-18.350818294325215,23.70687547871204,-52.39187683414992,0.0,2025-08-27,LLY
-17.80876509952482,-10.779152227690863,-23.74586211836515,17.813817013532674,7.154423651631708,0.0,2025-08-28,LLY
-12.136590743040635,-5.943855968682654,-15.398871696354558,7.437094976850665,-0.21287742843141688,0.0,2025-08-29,LLY
11.7408595849625,-8.936677061546563,26.1408535415115,-74.65910415431752,62.554560488527024,0.0,2025-09-02,LLY
4.2468100336813,5.975785678095574,4.120450506727781,5.004967195397776,28.40936183081606,0.0,2025-09-03,LLY
7.492862118954711,-5.781759299172902,15.359657862579517,-39.707912342781874,9.894116579080727,0.0,2025-09-04,LLY
-10.329087829617146,-19.177545257471248,-1.6364771947742573,-62.48475163865576,-28.607381984690907,0.0,2025-09-05,LLY
-1.7519511871364264,-26.034115823221693,9.737349337610242,-70.687754335604,105.13977212760844,0.0,2025-09-08,LLY
18.620173630037446,22.266536871322305,15.771759642137203,35.7106575574541,31.033514634904922,0.0,2025-09-09,LLY
0.7819678283357868,-4.8665861930364676,7.42382822218,-39.06919453470826,73.83081553258396,0.0,2025-09-10,LLY
5.435159379380946,1.2592287258703991,8.295709018055486,-11.728138452666295,-18.197183128376594,0.0,2025-09-11,LLY
-3.658919511281394,-14.257238315115526,2.7162952114664853,-41.91020784775208,20.43662430615286,0.0,2025-09-12,LLY
-5.5452043340602275,6.888818300367383,-16.82857902917469,62.15504383663718,-0.8402725832501047,0.0,2025-09-15,LLY
27.33744408532321,2.759179166337385,46.44475911328174,-87.30644608242353,39.180361884352095,0.0,2025-09-16,LLY
-6.123716478563166,12.466067424486942,-19.405111892269804,73.5646560036915,-82.22223565811444,0.0,2025-09-17,LLY
-4.471302011534705,-1.1991971451527161,-4.85793912833941,-2.151479310673727,-10.00871126288233,0.0,2025-09-18,LLY
-8.980371752323029,-10.148340425485406,-5.92285382856528,-27.325479294864998,-37.7873325497819,0.0,2025-09-19,LLY
6.219946830015205,8.08214471620108,7.675201765232944,-2.5115827812852167,-17.98282990658599,0.0,2025-09-22,LLY
-10.053500846547681,-7.022646451271872,-13.333169319601494,9.624509991781288,12.03627260969743,0.0,2025-09-23,LLY
-1.5980905737400881,9.753393126082084,-6.012063660582454,24.88574794731104,10.448734253152512,0.0,2025-09-24,LLY
-21.746388092918274,4.867954251759794,-42.41405026312806,102.25958492835782,-75.62591501854958,0.0,2025-09-25,LLY
-9.323753091794563,-18.815222481785614,-3.6073512267102723,-43.62216428228771,27.787045762706548,0.0,2025-09-26,LLY
8.488048900455652,8.495017663036759,8.510565562734213,8.352948926796847,32.796170542751945,0.0,2025-09-29,LLY
-41.872112773322584,-104.84248740342892,-7.660017424990426,-247.14468486329886,158.40397775885054,0.0,2025-09-30,LLY
90.53861660080513,33.51652789847717,135.16232750258348,-177.20364880985096,176.53916204503696,0.0,2025-10-01,LLY
-13.693700721389641,-13.105163898057112,-14.620045312597645,-8.135633174131915,2.264045570904319,0.0,2025-10-02,LLY
14.487014439502069,2.9730452239648892,22.150562939891845,-31.494276562833857,26.634889191372647,0.0,2025-10-03,LLY
-1.8205377061899233,4.854082968010173,-5.080890183851371,17.741577159784125,-29.772936747047797,0.0,2025-10-06,LLY
5.291670867428171,-0.5257125207401805,9.582383900229265,-20.45260732936358,2.4217684524960466,0.0,2025-10-07,LLY
-6.551773222786537,-9.872812060563046,-3.799464802615318,-23.065623743791104,-42.9547932555846,0.0,2025-10-08,LLY
-1.3418030025472154,-3.8062087559492226,1.2119327056744338,-16.664217251865114,28.66398661222417,0.0,2025-10-09,LLY
-33.06684145547098,11.172175577270878,-66.30873652913631,166.38452898653853,-136.84071668588518,0.0,2025-10-10,LLY
-5.2731853945726845,1.427298440087761,-6.808639800572013,3.9395410414398255,-66.2746535938852,0.0,2025-10-13,LLY
2.2904712591447676,-3.867367960147704,4.713201653136796,-12.245911104794809,-1.9081888351369658,0.0,2025-10-14,LLY
15.022451803594652,4.976305572367844,24.54917010666884,-42.13785801483526,40.926299822286495,0.0,2025-10-15,LLY
0.8245345729202693,24.265609972756625,-16.032957386472408,101.969486329286,-40.017191903315364,0.0,2025-10-16,LLY
13.851676035897144,19.074053857265078,7.796168844512113,50.18471918422302,70.13511032612568,0.0,2025-10-17,LLY
0.00812078686343593,-4.105507075823621,0.31876450223162744,-1.8557415053301731,54.126221668033,0.0,2025-10-20,LLY
3.0069154739889976,8.756517525394038,1.6736920725805309,11.006255882453914,-73.78279071658181,0.0,2025-10-21,LLY
19.48231834944243,4.18938508072,32.437467689041476,-58.24857768814343,42.84233136947405,0.0,2025-10-22,LLY
14.062407515509706,8.580134235789313,18.871798777328895,-14.79394005539015,27.40029028580539,0.0,2025-10-23,LLY
16.109052251715372,13.84202385242787,20.5197410796592,-10.355080715925665,-36.779550729458045,0.0,2025-10-24,LLY
11.7736371263048,0.895087868240836,20.675551071205692,-41.63784654309501,64.28974915559718,0.0,2025-10-27,LLY
-11.990668227470328,-5.3255085128814565,-19.5402465207199,33.30680153203958,0.08671539714887178,0.0,2025-10-28,LLY
12.500151413944755,12.36541464318232,11.06167040623598,21.13103746020573,-83.24174378821571,0.0,2025-10-29,LLY
80.82195151393529,28.92926381128816,131.72804458878335,-224.6146069351423,95.64841858984956,0.0,2025-10-30,LLY
18.239897842739374,-15.512370118711107,41.027030694080366,-118.48289926530258,73.97420935106192,0.0,2025-10-31,LLY
30.00507707764887,17.97439036680828,52.84482773391323,-107.03342685991677,97.60493833637734,0.0,2025-11-03,LLY
17.182218555651925,32.17156884177091,1.5458381859009327,111.00050077416795,47.02422357637389,0.0,2025-11-04,LLY
15.321746994679483,1.526347606209846,17.329146218591173,3.2773516512190404,-131.5566416562145,0.0,2025-11-05,LLY
14.839078549739762,20.593267265566226,16.280636663023593,6.189729870041662,54.12044636936444,0.0,2025-11-06,LLY
4.4635692160541245,10.283937478363333,6.3177098634930875,-6.661274668567225,103.32982182370615,0.0,2025-11-07,LLY
24.151924023178534,28.987419444738286,16.553985578103475,69.73955469364653,3.940689411023091,0.0,2025-11-10,LLY
26.167346714939328,10.169341955464025,46.02191013968857,-92.96003383355382,20.77333254440887,0.0,2025-11-11,LLY
8.922727801436343,8.737075160241888,14.351235056939563,-23.648315731564967,79.32748851936901,0.0,2025-11-12,LLY
8.92545168695547,11.608345063652665,3.676557911833355,40.4188143376926,-14.063243505124262,0.0,2025-11-13,LLY
23.06165653578296,21.745621152966894,22.385850659614576,27.116491792802123,-2.7882155030262985,0.0,2025-11-14,LLY
45.33272602660588,36.85107469511527,53.50434102164217,-3.69696394359174,28.909802995340108,0.0,2025-11-17,LLY
18.022420087407028,11.604033981634243,25.656937616403372,-27.784685086555594,-5.493318165987466,0.0,2025-11-18,LLY
17.433771420568572,9.517247359254746,29.971901047497486,-57.79500634099186,27.710582719282964,0.0,2025-11-19,LLY
-6.899993960270497,-5.656973922382348,-9.617616414793456,9.405740766871604,-44.82300597209537,0.0,2025-11-20,LLY
12.110138613352369,2.4495222928953213,26.010461805412156,-71.29180053899346,32.821400648164534,0.0,2025-11-21,LLY
6.231464482887497,9.521531023579941,3.169953870697487,24.600528156036095,16.967783655157945,0.0,2025-11-24,LLY
21.375648094724216,19.065646257666252,33.79607828025058,-53.146933018431895,111.11883116260623,0.0,2025-11-25,LLY
0.27071796999824976,-1.8227740055105703,3.110023561509342,-16.765115579068304,-3.5341724802601946,0.0,2025-11-26,LLY
-24.676833415578734,-20.607189946135534,-33.64554215882232,29.135419043893467,-60.05135445977918,0.0,2025-12-01,LLY
-9.256692211714595,-6.232148501341141,-21.367269667690213,63.40677252414557,-82.00896939252223,0.0,2025-12-02,LLY
2.1274736896183883,0.3440870902504314,0.9543552509179254,9.166184321829943,-24.878514465214707,0.0,2025-12-03,LLY
-13.38583695937358,-10.294453941460741,-20.30510390639755,28.129764722783655,-16.753333023996557,0.0,2025-12-04,LLY
-9.274413531522269,-6.229278778153344,-15.345043837653328,27.14936830527533,-15.566127917909524,0.0,2025-12-05,LLY
-13.892253638781739,-14.777378869384808,-8.65593030693349,-45.31019362985297,19.71351005916858,0.0,2025-12-08,LLY
-15.75950411630754,-13.302611123883914,-29.59989492032167,67.28284070779097,-118.41477512395335,0.0,2025-12-09,LLY
3.353452683213172,-3.9199214204948536,15.593409819755733,-70.08629013602614,20.703800385973874,0.0,2025-12-10,LLY
5.431675018599276,10.25598367679526,-9.192335538708864,93.17573836245818,-72.58588348059094,0.0,2025-12-11,LLY
15.536492826314145,15.746916044997379,18.164564535557293,-0.23193742914140208,65.97622100079396,0.0,2025-12-12,LLY
23.250810054357004,17.845501825621668,36.36607950262131,-55.44080663520514,62.65717163643151,0.0,2025-12-15,LLY
-17.6070869252431,-3.426694358749803,-30.96813843350352,62.55922212433674,39.79548165925977,0.0,2025-12-16,LLY
-17.10919755898916,-12.646393683899731,-31.319202131151194,68.1508298739939,-80.50667880618177,0.0,2025-12-17,LLY
6.579843647051461,-1.7061603843966382,12.768150152436949,-30.549995385255038,-43.099223812881924,0.0,2025-12-18,LLY
15.802860968139296,11.347290586525297,23.314092906666648,-29.26453066301204,28.34563953248129,0.0,2025-12-19,LLY
-10.519968845259873,-7.308385486331022,-8.680245357001374,-21.55830977479389,47.62911173066092,0.0,2025-12-22,LLY
-8.659134589055446,-6.431848897650464,-14.615017910796505,27.07616534139938,-29.52534323384661,0.0,2025-12-23,LLY
-0.238035464709771,-1.1500776959542556,3.861265119248781,-24.833838968454735,28.028044686743865,0.0,2025-12-26,LLY
5.120109733599771,-0.04063352815063838,10.335256521688915,-26.170770994922478,-17.940716575607166,0.0,2025-12-29,LLY
1.603713229045932,0.7388421432803743,4.594036192035715,-16.338224548871686,14.446131949632015,0.0,2025-12-30,LLY
-0.10923676920276625,-0.9677161677265068,-3.133035269166432,18.033554230577117,-30.74406651675286,0.0,2025-12-31,LLY
13.678809920960253,13.646287697969958,20.78879296407392,-28.98108833772174,97.3824147370144,0.0,2026-01-02,LLY
-40.32948171750958,-39.143840093661886,-40.92316495287068,-36.76738230534302,-30.83283120877413,0.0,2026-01-05,LLY
6.9579512869770275,15.719153210360679,-0.9454874205491968,54.37858353213438,57.59230389012172,0.0,2026-01-06,LLY
16.263731139743474,17.351228951250445,17.107736859590492,11.199696820688173,57.077669944354135,0.0,2026-01-07,LLY
-48.72492466539614,-37.00744398094443,-71.48898260569513,87.8594229764185,-113.62140860482053,0.0,2026-01-08,LLY
-21.78402544888684,-12.069683127754967,-50.557587319771045,150.8573457764289,-152.01726427531943,0.0,2026-01-09,LLY
4.773682279834988,6.315466706221717,11.762621750817337,-37.15995454604213,79.06525243046508,0.0,2026-01-12,LLY
3.517990300312083,-0.6143630972796303,4.86767157592356,-4.5800973533399265,-26.904437332247827,0.0,2026-01-13,LLY
-4.604599369595376,-2.9509490056274843,-1.378665136915927,-23.960204765663576,33.4863198563872,0.0,2026-01-14,LLY
-11.336814606881278,-20.809721049671094,4.214116273876688,-104.642399891407,34.17508676678312,0.0,2026-01-15,LLY
33.344434630831906,22.668984499470895,42.53886986398964,-21.822176768088283,-8.695303118926168,0.0,2026-01-16,LLY
20.706959831898065,24.672808606166065,18.174754616916438,35.90019112180316,28.05516099233907,0.0,2026-01-20,LLY
30.044900103356394,27.705752126653266,39.09403173421835,-24.249889681798326,83.84553805830085,0.0,2026-01-21,LLY
9.857918088178891,13.39650251695314,2.5021377925125567,53.9925998621769,-1.1657727913531173,0.0,2026-01-22,LLY
-3.641217767153595,1.2512121274155106,-14.684947934786047,62.621163238653835,-70.09639886305177,0.0,2026-01-23,LLY
18.845634901332986,17.480285359006494,21.807053052168495,1.0771259963284825,18.039073469393102,0.0,2026-01-26,LLY
12.63357205576138,14.639067700398504,-3.748902464976801,110.9284191802078,-105.5455488643364,0.0,2026-01-27,LLY
-12.467023013441452,-1.967520073286361,-15.054047604643106,3.0551245337740776,81.83872384095616,0.0,2026-01-28,LLY
-7.3485625187937496,-2.328508724330593,-17.199896231117236,51.7594397551516,-37.87826181295722,0.0,2026-01-29,LLY
-11.01023733251473,19.958828626482482,-58.588515047815065,274.45942895929517,-98.82817896804694,0.0,2026-02-03,LLY
24.997388179775264,26.363510244873453,36.47941173015428,-43.89475312249054,118.39290553285596,0.0,2026-02-04,LLY
-58.55796345261263,-62.510154846918596,-62.28988974052361,-36.16640572514676,-108.55926481622372,0.0,2026-02-05,LLY
1.6326846636149415,4.250921619439112,10.631949084237599,-52.362901860123166,84.29030457828522,0.0,2026-02-06,LLY
-72.93423086075967,-67.06536354062473,-86.93768979056962,11.086522718104314,-155.94488055334773,0.0,2026-02-09,LLY
-17.26273451211663,-18.39508277833052,-22.16822244278428,12.170193071893676,-87.45749711041779,0.0,2026-02-10,LLY
0.49460528117040786,0.4002214705636479,-8.286754394644293,53.18276333606974,-65.48618056995532,0.0,2026-02-11,LLY
17.495412842182265,7.722757902278819,29.863609774643578,-56.71376875258124,-17.60909892901627,0.0,2026-02-12,LLY
-4.1474623104987,-3.0099241712449976,-13.239037708792738,50.401990079269865,-65.47808865071141,0.0,2026-02-13,LLY
-24.674062381130735,-21.274129689876432,-36.85052993441498,48.38474293858342,-99.95761833604949,0.0,2026-02-17,LLY
-15.278086779104177,-14.703884988972069,-16.931887530690293,-5.355282269562927,8.182525786275118,0.0,2026-02-18,LLY
7.0976535812864014,8.52283523426333,9.587744356837499,-7.842891072020179,53.36566898627038,0.0,2026-02-19,LLY
-1.0613711161108843,-8.946241513894975,8.3873709395217,-57.75382344989292,-23.78077025168625,0.0,2026-02-20,LLY
16.43242282071768,10.256956811610165,29.49779369496322,-61.95980242473394,71.14734986833379,0.0,2026-02-23,LLY
11.36462732131213,8.548056227110326,13.915091526957458,-3.9381579125467954,-26.322643490480072,0.0,2026-02-24,LLY
-17.795966718411375,-10.617461911483165,-29.40863531454431,51.88004485839503,-58.58597840177632,0.0,2026-02-25,LLY
-4.115100918257463,-0.37589972526018767,-1.0339280427521307,-22.60213817128162,66.33021120587902,0.0,2026-02-26,LLY
-18.6791265865244,-23.298847431813076,3.0499187454048795,-149.05339857808693,131.56769370800302,0.0,2026-02-27,LLY
-13.126404368494224,-11.823505647953032,-25.484432787181316,61.021766143657075,-106.01102078697309,0.0,2026-03-02,LLY
-1.6709987523549739,-3.8563859857934695,4.125829454024174,-36.45196799062534,20.187709873269927,0.0,2026-03-03,LLY
-7.37286004225533,-9.182171513719378,-2.530478817951673,-36.42714738806594,0.302000028804077,0.0,2026-03-04,LLY
-20.41565346838244,-4.385322505081133,-36.60087922615232,76.69570107823337,54.599802339256556,0.0,2026-03-05,LLY
7.968631134778961,4.293512242127431,18.42599957753396,-54.77557952175219,84.54659717786262,0.0,2026-03-06,LLY
17.613390493812517,2.1462448061452233,35.5652627882476,-90.09784327278314,108.57741547043332,0.0,2026-03-09,LLY
6.610774350076201,5.30966847533161,7.598314772085947,0.6855318180256587,-18.950726278802794,0.0,2026-03-10,LLY
2.5717407655169215,-2.1656181689046052,5.694248713230168,-16.163306920748873,26.31455533978893,0.0,2026-03-11,LLY
-19.52410660625175,-10.341612481069328,-26.362869197229262,21.50846893963421,-31.957980464553092,0.0,2026-03-12,LLY
-7.993015932731429,2.3246635678499348,-18.33554155513123,54.06213780168461,-43.231374723118506,0.0,2026-03-13,LLY
-3.1804416147217736,-13.669011520474912,2.5752445097968897,-37.71455836182453,35.55813626295222,0.0,2026-03-16,LLY
-35.08618730204558,15.361468329263326,-73.712953335496,196.6744088986787,-117.86581887289809,0.0,2026-03-17,LLY
-0.2691459093134764,-8.739979314989425,11.732304181690358,-72.27784645532654,30.096781403725018,0.0,2026-03-18,LLY
2.7701190669908797,-5.979207849810955,11.982029981918624,-52.501346422560715,-2.1619033060024746,0.0,2026-03-19,LLY
1.1789520419797481,18.99198656649887,-7.202488046731194,51.467592574252876,-62.09081202855459,0.0,2026-03-20,LLY
-2.258240975387445,10.578815474067317,-4.895849557396335,13.567410516683287,-49.90637368454172,0.0,2026-03-23,LLY
1.497443903844538,-1.5216463337063393,3.266418493035215,-9.116403631291963,11.066160411594796,0.0,2026-03-24,LLY
2.3471033004072512,-1.9648953605977206,7.154716786027331,-26.49857761330826,10.53164713178838,0.0,2026-03-25,LLY
-10.10021613315838,-2.5570150297444267,-17.007637482699455,31.344311964093087,-76.4552348112262,0.0,2026-03-26,LLY
-5.993900263295915,1.8877496631958082,-8.510675175838447,9.106749211969536,-102.36565210667546,0.0,2026-03-27,LLY
-3.4101811642203033,0.8989303724877585,-8.846355114335289,29.20686253648495,-27.479272089718634,0.0,2026-03-30,LLY
19.81357168456358,16.18642896264552,19.726311725245615,20.337131440485077,61.39943395841006,0.0,2026-03-31,LLY
-5.145153449226326,-54.04559218094645,33.66738154291897,-238.0203634020921,-6.34849434521878,0.0,2026-04-01,LLY
-31.79148638733727,-13.696586180943983,-46.56169519009991,56.82976642925916,-41.41680437497183,0.0,2026-04-02,LLY
-6.825481580014523,6.1507421270072316,-17.729792867625836,58.600386145663165,2.6410529751264735,0.0,2026-04-06,LLY
23.71179205405675,-10.051229530405834,50.749157395924094,-138.51239999712266,89.85853107791038,0.0,2026-04-07,LLY
25.56922149190326,15.019668391668151,35.91194751926004,-36.48713467223264,22.069895955016825,0.0,2026-04-08,LLY
19.549259104478384,1.7825772390632297,33.55912464114211,-64.50993411547779,11.42626108734665,0.0,2026-04-09,LLY
-19.43753610490674,-11.914630508097188,-26.410828101389317,22.402215873992347,-20.666553583263248,0.0,2026-04-10,LLY
-7.971994827371933,4.250337122900668,-17.960028211810034,51.95620547927987,-28.638124054204397,0.0,2026-04-13,LLY
25.764289695373332,40.48410298109397,15.001670664579402,90.34000388015772,-67.25443984800731,0.0,2026-04-14,LLY
0.11399804946375247,38.72063868728377,-32.65024640872975,196.6994647986398,-19.543307986061212,0.0,2026-04-15,LLY
-16.224990723491604,-1.7106008512546316,-22.946043360958004,24.10132510132433,-40.06182379150007,0.0,2026-04-16,LLY
-7.262676368471654,3.671479096097327,-14.809898952179937,38.02065913378296,26.876122558902683,0.0,2026-04-17,LLY
19.847943688070764,13.273044954051095,23.45576599540353,-1.7989901559144623,6.38281704274436,0.0,2025-05-05,META
-10.080162271216272,3.5019904146016776,-18.33222995248485,39.43224381640675,-63.470619342187966,0.0,2025-05-06,META
5.8063649935035375,1.8337257801335103,3.0886004986085562,22.112951962877254,44.99104493237451,0.0,2025-05-07,META
-0.4903632909218024,-10.463934343548877,8.508410651630166,-54.48300694621668,-112.2382705316951,0.0,2025-05-08,META
-23.636792752598353,-14.008149583152056,-26.326335921809562,-7.4995337373101245,-61.669666674678055,0.0,2025-05-09,META
42.53182370325824,10.617110356016516,62.70088729109632,-78.48255782375585,115.7008989469161,0.0,2025-05-12,META
26.93742020261111,20.619845510376205,36.00953123645981,-27.49524600046372,16.08239438527847,0.0,2025-05-13,META
-0.5742316356588352,-3.0607304144112173,0.5583827763648728,-7.369918107794171,19.90955881564153,0.0,2025-05-14,META
16.67488228320848,19.879790899983558,15.368316006392785,24.51427994412017,-78.48447362689332,0.0,2025-05-15,META
16.916126618054424,2.9506081780252433,23.380973246391253,-21.872953151946863,80.34934249326707,0.0,2025-05-16,META
27.20011883285888,23.228362902608286,30.766061388377643,5.804463499762362,32.12840296008253,0.0,2025-05-19,META
1.521399113989109,8.142095108075033,-2.0056481270910242,22.68368256047348,8.863728849736507,0.0,2025-05-20,META
-6.273353463021156,17.430567745540944,-15.182852019314922,47.18363787477174,-45.22420227143733,0.0,2025-05-21,META
0.40166520830161223,2.73981486089337,-5.092443469804662,33.36631727695529,-25.40732830815648,0.0,2025-05-22,META
14.179115411704261,9.39322058574845,16.92568782478544,-2.300319066790052,-20.676915386691107,0.0,2025-05-23,META
17.192352876239234,5.299314840471848,23.947134225953825,-23.336335222037643,51.40000784971809,0.0,2025-05-27,META
-1.9855685974080877,-5.450421413503822,0.6030898831604837,-17.517519480786063,-29.13316140489112,0.0,2025-05-28,META
-8.837560407308718,-4.5868538308794475,-9.213381298721405,-6.5826350588220315,-5.962263768890418,0.0,2025-05-29,META
5.911257190043578,16.568368842765583,-1.2201778757332293,48.699867584716806,67.99899623422478,0.0,2025-05-30,META
29.599618988348972,-13.524832148898227,55.624101923934425,-126.54727862515348,125.49307895731731,0.0,2025-06-02,META
-6.230880284731486,-4.821775344313346,-8.90991933743027,9.843354031468014,-23.503471951440297,0.0,2025-06-03,META
26.014394318401013,21.189660882001956,25.993462602371057,26.139984614590755,82.3704525476824,0.0,2025-06-04,META
-0.6303058696922381,12.83804386756602,-7.013259940974588,37.667418558020024,-59.28822062259769,0.0,2025-06-05,META
-12.441049412703528,-12.592819897186246,-14.885708450471322,2.2269048139146443,8.249506051946026,0.0,2025-06-06,META
-6.012655418022479,4.111017150521865,-13.922102049498587,41.44402437085692,-76.57966355353228,0.0,2025-06-09,META
-0.5203836181224092,-1.9403159448192766,-2.1635509757471896,9.338620527627901,46.9527290589046,0.0,2025-06-10,META
-14.49737751657191,3.134183908722762,-25.913612718976122,54.00003369787287,-76.76362802970306,0.0,2025-06-11,META
5.833461566661267,2.854065248594859,8.66444785754782,-11.15245617863506,17.31072583733119,0.0,2025-06-12,META
2.428252830431901,8.6357301601379,3.6186854103528567,-4.714342649080612,-74.5212145041846,0.0,2025-06-13,META
6.94026361629067,16.95987997595108,-0.3257935097566131,50.53660637260352,5.084174931627328,0.0,2025-06-16,META
-4.815249646951306,-0.8659840309941013,-3.914623861426035,-10.219004360099692,-48.327540540444055,0.0,2025-06-17,META
-2.9816325278537756,7.661666889431078,-9.643573986660261,36.99001622500468,-39.709950421558084,0.0,2025-06-18,META
-33.24485410986512,-17.503065855480436,-44.82803053676202,36.25420445153606,-78.75115456835665,0.0,2025-06-20,META
35.363242369131676,16.926217474297182,47.0274904716358,-34.622246245876624,111.57248197612041,0.0,2025-06-23,META
7.48823204223435,-7.890235779773543,17.58640548177474,-53.10080859499033,56.3361268153091,0.0,2025-06-24,META
-15.090018909425499,-1.1555840639566777,-22.06763529379415,26.775679396799212,-30.27246951012811,0.0,2025-06-25,META
26.494375809256123,14.56494883815873,32.56274158485798,-9.915818844345605,51.44940529390342,0.0,2025-06-26,META
1.4826144920486244,0.6829306272217388,1.520502118622624,1.2552887326279778,46.442133713070135,0.0,2025-06-27,META
-14.89804572448992,1.0649574795560761,-27.09809415987351,58.30224488781775,-39.27884272458028,0.0,2025-06-30,META
-28.24441635193108,0.16342243807237977,-50.73668647346731,106.70920437729566,-56.44256658262613,0.0,2025-07-01,META
-2.917010447222447,7.336246730982506,-9.68304712247376,37.67920960429654,-46.41100470823114,0.0,2025-07-02,META
-0.7616662271705895,12.057382839194847,-8.18159101313297,43.757882488611564,-43.594701840711984,0.0,2025-07-07,META
1.1661608723847952,-6.514166759351982,4.870963728238352,-21.062656262717574,22.88601832567242,0.0,2025-07-08,META
17.465337035433937,13.001746766227022,21.66748724895598,-7.747564245692132,-1.3350646984315657,0.0,2025-07-09,META
-2.9417804293621774,-13.650803414995211,7.753200342780751,-67.11166506220094,25.361313056943814,0.0,2025-07-10,META
10.863952269382715,2.8003711292590086,15.247813491005177,-15.439215060353645,-1.6458270179261902,0.0,2025-07-11,META
12.298163843634773,8.283007710066885,19.3037740323495,-29.7354972886284,-20.044168806772305,0.0,2025-07-14,META
-13.139914882965554,-6.835173362948814,-15.189922076167012,-0.839871723747287,-86.68968412147109,0.0,2025-07-15,META
-11.182966253654465,5.4094091489488525,-24.126516935818977,66.47833783935519,-26.77589484158664,0.0,2025-07-16,META
2.3287651987172797,-1.417847882048308,6.892380708831062,-25.05292786194758,1.118985411982307,0.0,2025-07-17,META
16.89490564051988,-4.46510864234333,33.68883041813932,-83.86864302518373,73.58256504092176,0.0,2025-07-18,META
9.995676418677172,9.716632753584229,9.45628164911136,13.232045036075231,-2.8983106463129884,0.0,2025-07-21,META
-15.644643006711592,-17.993921417134597,-14.39498994184207,-23.142561395925505,-17.12186880599712,0.0,2025-07-22,META
11.239217575857223,-1.2685244499229265,18.78096323667679,-34.01125638905058,44.831377499090614,0.0,2025-07-23,META
-11.891323098863868,-7.02102029328601,-16.101325853645857,13.368693429831229,-40.48483809334901,0.0,2025-07-24,META
1.7513903930941732,4.341428061425332,1.546872451307587,2.9784980438327375,-46.243857596417925,0.0,2025-07-25,META
-15.218624675646181,-3.974590648319275,-22.933270876532678,31.069252529683897,4.028289344262314,0.0,2025-07-28,META
-10.038242708417998,11.179271761272037,-25.108289950145465,80.38204074194681,-134.40505702814127,0.0,2025-07-29,META
-3.0786286204531224,9.002710159975381,-11.851811473214608,49.56046849611742,-51.55019734020775,0.0,2025-07-30,META
5.501397120283251,14.19859343201141,2.493264090809864,23.55019529713236,-41.74612656176905,0.0,2025-07-31,META
-29.053095838702717,-10.415253869595198,-42.194989568459825,49.79826653985802,-46.44255231114012,0.0,2025-08-01,META
37.1049058040809,12.833015836321918,55.515222387026384,-73.35699369357128,94.16720735455391,0.0,2025-08-04,META
-32.303307452206084,-15.720121143413289,-46.750008724505975,54.37690018160064,-87.03852918693086,0.0,2025-08-05,META
17.83011148215668,-4.911539831739627,36.09101743339216,-91.73532422524731,45.54676109173862,0.0,2025-08-06,META
-17.126030412112495,3.0168658721303725,-28.825866695932906,53.07298729082778,-66.93960187165473,0.0,2025-08-07,META
10.680350815688112,8.582404167081561,10.4425172227533,12.107352373320733,47.239877913672125,0.0,2025-08-08,META
-0.7181964020379659,2.7928584589548,-3.142489120399704,13.827559908138374,-47.8597320920165,0.0,2025-08-11,META
31.037350812474333,19.919745392668197,38.88164494803027,-16.028414000849732,42.17937785270788,0.0,2025-08-12,META
-22.909076437311764,-9.26484282021608,-33.704802211788376,41.86527820955371,-70.56003008018848,0.0,2025-08-13,META
11.098273131052936,8.727762270318209,12.899127199903187,0.29314871796304826,-11.078121792406233,0.0,2025-08-14,META
-3.963355055973403,12.821398741856445,-17.228954767256003,75.63024321172796,-52.60758073722839,0.0,2025-08-15,META
6.122656967702739,-0.19063414330907502,9.6436521018609,-15.003313837231381,15.147428604079312,0.0,2025-08-18,META
-21.704573493429724,-13.497832185654287,-27.628336357766493,13.838003692596914,-39.17471648103299,0.0,2025-08-19,META
23.844263780678965,-1.203291013904695,42.79951310325669,-89.88723215476749,83.93903250085523,0.0,2025-08-20,META
-9.953471619462258,4.058650878968127,-19.372949944528703,46.563398330939485,-0.5940275461851079,0.0,2025-08-21,META
31.242934864562606,18.10736025499212,42.67697925157477,-37.361331457489165,56.64163268602604,0.0,2025-08-22,META
0.27880714218949015,-2.554405111886309,2.0793929243148654,-10.524707550552213,-14.03654324768902,0.0,2025-08-25,META
1.4956291260893748,4.34319553851347,-0.7540193128139931,14.993519759509583,25.095439110834764,0.0,2025-08-26,META
-10.057363495963834,1.07558578363818,-18.66537959639254,41.59073310660687,-9.365858718241547,0.0,2025-08-27,META
14.139748223602261,5.483647203692927,20.17498137796912,-22.07165070258524,22.954798993224394,0.0,2025-08-28,META
-8.592789664329272,-2.575185942126727,-11.344233203392134,7.915871570060198,-9.796982183257208,0.0,2025-08-29,META
16.878490836750334,19.265693797514363,11.132832990651208,51.35243791335288,54.90902288048349,0.0,2025-09-02,META
-3.808002950301182,-7.262858884468706,-2.416212987846124,-12.158742725016094,5.968802078785104,0.0,2025-09-03,META
-20.34464533028926,-11.843077136250661,-22.35818547164738,-8.263404482125408,-26.50858637894456,0.0,2025-09-04,META
-2.3959298439711776,-2.673137592058938,-2.840931341201922,0.27407913941631545,7.590476752045259,0.0,2025-09-05,META
-1.1958580100759069,5.803507706352317,-6.013123072276375,27.707732363132898,-93.08877877486314,0.0,2025-09-08,META
12.891120797857536,6.995814660710319,14.341228210365054,4.190476322825853,52.7565806221913,0.0,2025-09-09,META
-17.984794586976342,-14.422195674789865,-20.01560956968956,-5.799904690675989,-56.58863480149676,0.0,2025-09-10,META
3.20912161813738,3.3930016610642286,2.2297455087771016,9.085378274299048,-20.954900615107753,0.0,2025-09-11,META
14.063837628463668,0.04992407546727507,22.02932184207906,-33.729067653222636,49.044181746987476,0.0,2025-09-12,META
8.218347294719008,-11.954488984130046,24.144401753682477,-87.33797945905584,20.48721637858549,0.0,2025-09-15,META
-3.4411749824338935,-16.214120765400455,3.2069151629604646,-43.3297158547912,89.82095421290278,0.0,2025-09-16,META
-2.8645384197567614,-13.419288653425566,2.596286196650381,-35.62948611818346,20.449859564444857,0.0,2025-09-17,META
1.6008436413678735,13.250990238298503,-7.875693677566934,58.46006755498253,-36.90192332150955,0.0,2025-09-18,META
-26.22061531006787,-10.432623393221188,-35.55901739835568,29.80979721966628,17.724099946391465,0.0,2025-09-19,META
-26.19314838918794,0.8401943572351608,-42.513717594262516,71.73026684126827,-119.20926190873644,0.0,2025-09-22,META
29.833186951382658,53.44188925738504,19.286968420666597,93.11049813568799,-41.221924708773926,0.0,2025-09-23,META
3.1776163634479597,3.2975711925932045,3.7985941692898013,-0.5482504715730624,46.06993538907449,0.0,2025-09-24,META
1.5415156559286463,-2.99592586083846,8.331517096050883,-39.1984929847881,-15.267145454280096,0.0,2025-09-25,META
-1.822852388801145,-7.24320251819542,1.7410914377167541,-23.206515347900886,14.618499130410454,0.0,2025-09-26,META
-5.986982643081095,2.401944640687131,-10.761778634795284,22.661793307213188,-27.19437074212426,0.0,2025-09-29,META
-10.446711159660792,-15.975829300808398,-4.252825121355577,-47.61002738947036,26.570345745489316,0.0,2025-09-30,META
4.380943980797647,-6.335241388252428,9.903744970862798,-28.75586195958375,-3.532350313020859,0.0,2025-10-01,META
2.519370449964699,-8.07145736989543,6.438924229914514,-20.99795222971219,50.191124089791174,0.0,2025-10-02,META
-22.617466537168,-9.416397020073429,-28.511848437837276,12.74882486686035,-100.12870092528645,0.0,2025-10-03,META
49.149691919040265,18.74014505559427,67.5235174524731,-61.093261281548685,148.99636951197493,0.0,2025-10-06,META
-12.088106878631576,-4.572784331641307,-16.517630722321446,14.489036183526828,28.273910788572742,0.0,2025-10-07,META
17.592536423718705,7.257459846858885,26.11049478737531,-33.515213758219346,28.72534702450344,0.0,2025-10-08,META
29.007785783741625,1.7418782863582039,47.69260642675032,-83.10113807429326,117.38214550191681,0.0,2025-10-09,META
-29.437739277521075,21.309134450899755,-71.21369358885337,221.21798659047428,-153.01837433080442,0.0,2025-10-10,META
5.025010766054581,9.537945286894413,0.4457353320724503,32.5006633699585,16.135552703934383,0.0,2025-10-13,META
25.53565463901467,20.785125205974968,28.865278346850687,5.557912392011428,-10.340394600201927,0.0,2025-10-14,META
-7.718978292616903,6.517316968126761,-16.667321355797107,45.971080086459565,-1.320708241122465,0.0,2025-10-15,META
-19.918762091756054,9.948369128864718,-36.35124324500363,78.6761248277342,-31.501739068440628,0.0,2025-10-16,META
9.954341305049205,2.493035599676376,10.199806068187065,8.481552726234801,48.441105253346834,0.0,2025-10-17,META
21.206462860373176,17.69873446105768,21.610756698049826,18.780699834331934,27.817828115515596,0.0,2025-10-20,META
-1.8014032037323586,-4.939400929539378,-1.7745372454935275,-1.9625989531498338,4.232195334259215,0.0,2025-10-21,META
-17.905698971139415,-13.73658524544196,-21.966571541858585,6.459536453189575,19.576135198877385,0.0,2025-10-22,META
-3.5933973008021716,8.779687818459283,-9.402085324623314,31.25873084213856,-43.34833206473333,0.0,2025-10-23,META
7.393006985109288,0.7604023219760697,8.621316030721589,0.023152711450926042,30.10663874990999,0.0,2025-10-24,META
-7.4772921116903435,-1.1428012887336172,-12.91534272848957,25.151011589111068,-5.69522450278686,0.0,2025-10-27,META
6.115315622961468,-7.638045998971696,18.21486524438435,-66.48198210556072,-13.049269520468036,0.0,2025-10-28,META
-3.5261916574939898,-2.4163851905518494,-4.858324933064786,4.466607995950499,29.272858799394957,0.0,2025-10-29,META
54.69156522044244,24.349873694211123,73.57890202434494,-58.632455602941775,11.474210164356013,0.0,2025-10-30,META
-39.02406497510267,-16.81486727479754,-52.68695520248389,42.95327638919506,-104.41014712771613,0.0,2025-10-31,META
-27.92173694414766,-22.203652386020124,-36.12817843023172,21.31691197236725,-145.36782147085515,0.0,2025-11-03,META
-17.141244467736332,-8.557042813107993,-29.171870636196285,55.042512543019775,-68.96492830863318,0.0,2025-11-04,META
27.34207461040346,25.171504025106472,29.194049448929,16.23022557925383,-5.848509705762439,0.0,2025-11-05,META
-19.872999997645685,-17.39181433399478,-25.639015692887206,14.723094173805245,-80.76849051322898,0.0,2025-11-06,META
33.83643895679463,21.88717430997068,49.78049682103288,-61.82790822861623,184.04200801322236,0.0,2025-11-07,META
13.988990043369396,15.185198981153738,10.759993776883027,33.36296764228941,3.1695245668971257,0.0,2025-11-10,META
0.1736757452051073,-3.690185033420509,5.706349703688048,-33.02236800567979,44.007595605313774,0.0,2025-11-11,META
-28.050849819947015,-24.306134797622004,-35.08206510242764,14.136441874955285,-74.82921428703976,0.0,2025-11-12,META
-20.470165938950853,-8.192942930779344,-37.496443976219716,81.68750228467162,6.71534852208018,0.0,2025-11-13,META
39.1084434979849,35.519073608554216,43.54905244449556,12.464789818945238,23.889129186671084,0.0,2025-11-14,META
8.562342729281154,16.099857057853875,-2.372924580896472,74.17394659035068,-15.223391177968747,0.0,2025-11-17,META
19.871023390101936,5.384611654100076,41.3791947548327,-109.17800479828077,72.05356594948158,0.0,2025-11-18,META
-9.573347337467032,4.549224571771494,-26.252021370106633,90.49869685838217,47.17897611422246,0.0,2025-11-19,META
-41.57574509048843,-17.07526063810189,-73.32682927150343,148.93075999561492,-71.96266748212646,0.0,2025-11-20,META
20.127644037247247,4.534586137910618,39.35922783507465,-95.26185874970749,63.011761325857556,0.0,2025-11-21,META
31.5154387311447,26.6580956830833,37.17408673630613,-2.4364492998016023,28.06321429236892,0.0,2025-11-24,META
31.535291479270008,23.66032846807737,42.29697696519158,-33.03482143625039,118.45031441953788,0.0,2025-11-25,META
-0.22964487140488038,0.36238384672625457,-0.6850958952417036,2.503061271635745,-26.62031967727018,0.0,2025-11-26,META
4.306297158292862,0.10252567054316324,10.03499264300799,-30.06587574999437,-8.005909952618174,0.0,2025-12-01,META
16.476305711992527,10.366769253062994,22.768462220795303,-21.276633340818826,53.88433173738839,0.0,2025-12-02,META
-0.4269649914414388,-1.9729292180527538,-0.16007054924118777,-2.028331644642945,-58.96674602892947,0.0,2025-12-03,META
-5.8029639951499545,-3.8448373151416235,-9.891549242051099,18.728547486277446,-41.46840227663963,0.0,2025-12-04,META
16.349062052281756,13.458101662624056,18.864562622932745,1.256058628380907,38.14730886861006,0.0,2025-12-05,META
-14.128353330337921,-12.601368892898948,-15.476120934649664,-6.041747704453873,-32.09564909215722,0.0,2025-12-08,META
-17.000387652134712,-17.38266741110817,-17.309849056104024,-15.143619228305015,-13.622649349211285,0.0,2025-12-09,META
-0.27119350986575624,6.529295578163422,-6.369616525839014,36.319344585998316,14.938811282532937,0.0,2025-12-10,META
8.18645732809382,11.411353682177122,2.4819188372932444,42.41368827291477,45.03033785282315,0.0,2025-12-11,META
-3.273379308528405,-5.54694597693227,-2.1542965964047545,-9.98787558125091,-6.420372535718836,0.0,2025-12-12,META
19.292524546651023,4.9770222302503,39.31564652877598,-100.84620734608643,-1.3225792234524705,0.0,2025-12-15,META
-4.889450117133499,-11.120327562727937,5.03299738051635,-64.42413510300477,55.69418783200147,0.0,2025-12-16,META
-3.117112307520406,2.8155494008710713,-12.095258577700005,50.75176531356238,-100.75182826012013,0.0,2025-12-17,META
7.09550992322298,9.536815797473224,4.366446202652854,23.469892246662543,-6.013885463307085,0.0,2025-12-18,META
11.029359507170271,1.6955343995753527,22.468949643140313,-57.60818130863116,-82.89796915071433,0.0,2025-12-19,META
-18.93007095449108,-12.715324263653617,-26.815886263540307,28.384820899824902,-8.932966982208713,0.0,2025-12-22,META
8.682636853644931,5.62233304006416,13.048012573534928,-17.509617465674488,14.12877092167811,0.0,2025-12-23,META
-8.701227869545026,-5.003379342836195,-13.205278121257166,18.323073640739807,-10.746430117738285,0.0,2025-12-26,META
-0.2192262082570833,1.9929314085315277,-2.105272844088455,11.097053606741518,12.693192463743864,0.0,2025-12-29,META
8.021862431585099,8.174758348071167,7.729105010545357,9.778406957842318,-3.6801010766786146,0.0,2025-12-30,META
-1.0832821134187987,0.7032751685078558,-4.038730805311152,16.64941003794906,-35.220557819994376,0.0,2025-12-31,META
-15.536198461517085,-11.022394770419446,-24.357468599201468,37.39142236459269,-20.973634366212917,0.0,2026-01-02,META
18.451910868090625,20.287058506634022,15.535752939759577,35.94885843808209,-19.724172098652826,0.0,2026-01-05,META
3.3753816495287237,2.0762167326657073,3.653881579887731,1.7043820674075116,39.097106298255724,0.0,2026-01-06,META
-8.071501235711345,-17.314542210350787,2.868960918448775,-73.71427416067206,-20.48339967822173,0.0,2026-01-07,META
16.06704793171793,14.322962784281856,19.651321080167076,-5.438590958962786,55.2745177006971,0.0,2026-01-08,META
13.97113056480809,10.041049436732996,21.018274875913946,-28.311735301820054,29.743072616996685,0.0,2026-01-09,META
-5.327362590279354,-4.921607373438917,-6.970236663233899,4.529881847465475,-82.35857555175807,0.0,2026-01-12,META
-12.760696889646255,-17.659492999029712,-6.449595429613817,-50.62730564983908,29.642032647634945,0.0,2026-01-13,META
-8.357322367493435,-2.2896745657462008,-14.821640961195254,30.428589194730353,-49.37366741707221,0.0,2026-01-14,META
13.482471624042644,10.508081063059963,16.859506233259605,-6.779736031262786,14.832254168986152,0.0,2026-01-15,META
-3.700276982759911,-3.0498749135014114,-5.184595921495682,5.205636649660182,-60.338070285947744,0.0,2026-01-16,META
5.3851611758338285,14.62121764137281,-6.37435768924626,75.94227436632373,-33.50204122773017,0.0,2026-01-20,META
22.321807737278146,17.63126907753055,31.461181991531873,-32.51443778823306,48.261120155011675,0.0,2026-01-21,META
50.065877151951746,33.59945742505505,70.26860417127595,-71.15048496396862,114.65573580423656,0.0,2026-01-22,META
36.21106813510033,28.3062764990283,45.23712360166922,-17.945264664319893,-11.132670861527306,0.0,2026-01-23,META
26.182765564966488,21.608265633297314,31.750827307396875,-7.225604889597216,15.865287486802767,0.0,2026-01-26,META
0.32736648012353037,1.750161822471799,0.18549157987104833,1.1786158816519765,29.121322537806595,0.0,2026-01-27,META
-8.570175311723283,-1.408080499434757,-19.423446786011855,56.54945353402508,-41.08760183436221,0.0,2026-01-28,META
36.30268565193528,15.01741159042262,61.39736996217275,-114.26542020949111,132.4249004557361,0.0,2026-01-29,META
-44.725833921058346,-38.24034934227934,-52.60446879989905,2.545975351992447,-60.257296302794465,0.0,2026-02-03,META
-25.85437052473046,-13.947924844008055,-40.50228486221784,62.0331155002056,-84.91741083729657,0.0,2026-02-04,META
36.93044134059871,9.372460272012097,73.10413228427419,-180.11170432143888,0.6222181428052118,0.0,2026-02-05,META
11.554089373176915,2.8963868719988546,22.078493783194844,-51.59233708692377,32.22801398992138,0.0,2026-02-06,META
24.119913881357423,-4.31595677158726,60.365234386045,-193.3520091467512,45.457909681981256,0.0,2026-02-09,META
-11.338577320216729,-12.56879455027512,-11.319126562494473,-11.45528186652324,-32.55043816042636,0.0,2026-02-10,META
-6.7384270415811605,-14.052848579757717,5.2623552937918205,-78.7431210537986,20.187668935274825,0.0,2026-02-11,META
-35.35529901955831,-19.38864562961516,-62.212089604222655,125.78544448843996,-75.6151460190538,0.0,2026-02-12,META
22.5261210480714,24.990296826631834,16.248574530743692,60.191400152051756,-79.52285918582223,0.0,2026-02-13,META
17.396086792913238,3.970724802097424,35.71726167070177,-92.53096247379654,37.159200496819246,0.0,2026-02-17,META
21.931930622659845,20.246653494559027,24.146662849058956,8.643537264279411,71.28369006018195,0.0,2026-02-18,META
13.798762585282507,10.783782534038355,17.86234235913681,-10.58271605781506,17.93506356666959,0.0,2026-02-19,META
13.517326332560696,12.302340859785097,15.29091982077663,2.875765403285949,20.605258931478787,0.0,2026-02-20,META
-27.534710223615395,-14.917710417792728,-45.90601664566065,82.69312830867024,-100.74996715148137,0.0,2026-02-23,META
17.867091801124182,12.5729116990007,24.874231829871473,-24.175748371348867,30.524559627269866,0.0,2026-02-24,META
18.634212984681888,16.518318594202373,21.852976835740446,-0.6783701216519621,62.27087313126454,0.0,2026-02-25,META
11.66676470168859,4.9810287392435955,22.000120647978964,-50.33337097603279,41.984827716368066,0.0,2026-02-26,META
-11.94037484769581,-4.093608593085803,-20.5313380626576,39.60540444209258,60.875678583807634,0.0,2026-02-27,META
21.761005249115176,16.443158855822137,25.91643917125267,-3.171598283694093,23.36034628925852,0.0,2026-03-02,META
28.738774191975722,6.141617782502923,60.529506905033045,-162.00562208635247,75.05335223718984,0.0,2026-03-03,META
12.395998381535717,17.51922029173148,5.337950664713392,54.744284682467956,-11.097642573898904,0.0,2026-03-04,META
-28.454601309688332,-17.01402445472329,-41.59215299109834,50.370708778795844,22.82053130477942,0.0,2026-03-05,META
11.063263566619183,9.394855397611751,13.852099108227952,-5.669749683026373,4.104352674669368,0.0,2026-03-06,META
18.13524879761625,-4.221590644856234,35.5904792248771,-86.59613376592564,168.98265987488386,0.0,2026-03-09,META
7.332793317468235,-0.60142291293355,15.843011660929264,-43.72851674328407,-19.69613537409786,0.0,2026-03-10,META
-8.861567866140687,-11.77064414020654,-10.120055338517291,-1.3106430318845412,29.01874254626047,0.0,2026-03-11,META
-18.064180816750067,-2.92930044767113,-30.16583299971072,54.545732281022715,-48.83938468904568,0.0,2026-03-12,META
-28.41806503489603,8.3109839198884,-55.493518744162614,134.03465722072002,-78.89620724287563,0.0,2026-03-13,META
-6.841907083098919,9.911881352240131,-19.161201482102577,67.07385931093933,-4.908057495595108,0.0,2026-03-16,META
-26.95599971374922,-9.233497275132878,-40.59114121324843,54.854849283242366,-63.47851628367711,0.0,2026-03-17,META
3.1864086738768402,2.2945094679045983,8.775009739740826,-30.345197721292354,-33.178759179993385,0.0,2026-03-18,META
-17.137859866970157,-12.401515275199841,-19.64149543531004,-2.1160464569158814,-5.066554645343636,0.0,2026-03-19,META
-16.10083625622921,-9.047950556931683,-22.48901692875884,22.228247778967678,-12.760685522150208,0.0,2026-03-20,META
1.0588906705997512,9.771522743620146,-2.160880248534001,20.37751618542296,-4.94307824868302,0.0,2026-03-23,META
-6.29326718269209,-6.464801548280717,-4.37995134022176,-17.773162237512153,-28.869583003400102,0.0,2026-03-24,META
-0.2412986641879265,6.208351397118416,-5.294725675637438,30.07926340452245,-49.864505823543396,0.0,2026-03-25,META
-67.47992605187795,1.1212618178962948,-112.32283507486946,201.57752808608123,-186.54756732384948,0.0,2026-03-26,META
-33.84421325008287,-12.687705740708973,-46.91900193766163,44.60451887541334,-55.462782816128424,0.0,2026-03-27,META
11.229863849099807,-1.3101488094119846,19.98126531169572,-41.27854492646079,27.989271339734316,0.0,2026-03-30,META
48.93601285905175,-1.5588842280435182,77.2435389700655,-120.90914380701659,168.66081500321764,0.0,2026-03-31,META
9.364506328915837,-1.0297358723931127,19.18569741007629,-49.56264015803908,-53.68394527566773,0.0,2026-04-01,META
28.76745966803214,17.854168519712076,37.60507061102615,-24.25820598992397,70.38931760552256,0.0,2026-04-02,META
-0.8080169560001547,0.4911762317645568,-1.9426591817307026,5.999836398383134,-67.66462810289245,0.0,2026-04-06,META
2.7856765155423036,0.16509349532124173,1.6754674164507315,9.446931110101719,96.81962154729547,0.0,2026-04-07,META
-30.41492852532832,-102.06583416491533,7.516927771119675,-258.00606630401444,6.743700483790184,0.0,2026-04-08,META
4.350159601155445,-7.000667505245145,15.022324811692004,-59.68283166204946,-15.900511181059455,0.0,2026-04-09,META
-21.246206843870656,1.6462534916064415,-37.768670769644906,77.88857671078205,-7.773453437903108,0.0,2026-04-10,META
7.062692171548391,-9.044952486305453,15.089503741903327,-41.09817725058303,78.34542118143744,0.0,2026-04-13,META
41.22091215523306,20.211179805103185,59.0306006267561,-65.63721867387235,69.694707021282,0.0,2026-04-14,META
10.14565237231339,13.94947495221971,7.648188711647511,25.13043433631204,-22.339187870514955,0.0,2026-04-15,META
3.6291339211315425,-7.504673479802814,12.992981154057041,-52.553949476424826,48.25339678540163,0.0,2026-04-16,META
1.230601666781485,-4.619167306878748,5.92144463005734,-26.914456112867,65.52225872643174,0.0,2026-04-17,META
10.922907668252197,-0.02730756377526836,18.99973704394088,-37.53806858585906,-16.243585359521056,0.0,2025-05-05,MSFT
8.4281926480959,6.741183703291695,10.404822962736581,-3.4315892397481997,-39.29366143985554,0.0,2025-05-06,MSFT
-2.4355164783912424,-0.4192096892815349,-6.497732845523685,21.93778172442305,-18.243345901932326,0.0,2025-05-07,MSFT
15.920845376516235,-1.4359536076743642,27.703901705280078,-54.77749259605391,-43.167458445808265,0.0,2025-05-08,MSFT
-7.4105865274995795,-9.168784000454064,-5.980943089016709,-15.988447158376037,19.514049698130467,0.0,2025-05-09,MSFT
19.893815509158234,7.850769755446816,27.673936626815163,-26.786911196757806,90.70912395292586,0.0,2025-05-12,MSFT
1.4059635806194062,2.584031266643235,0.09115640590368787,9.29480662895175,12.544314905758581,0.0,2025-05-13,MSFT
1.2711905284102805,6.895588702362916,-1.6996966107338192,19.096513363292484,19.98166437220821,0.0,2025-05-14,MSFT
5.344395014087212,5.632876194325613,6.590946466693473,-2.1349137015440864,-15.14938359610337,0.0,2025-05-15,MSFT
6.598893129361673,-3.2875426905369607,13.610367982711578,-35.46995599073146,67.36258231074663,0.0,2025-05-16,MSFT
18.913704360700375,9.572215902495596,26.081689067666286,-24.094203881072676,43.09857973673333,0.0,2025-05-19,MSFT
5.900673564977276,2.4934726538088765,9.725496359238146,-17.04826320056802,44.754313594774246,0.0,2025-05-20,MSFT
-9.51697957806386,1.7293159985380433,-15.236189812231927,24.79828182695203,-53.584921794586826,0.0,2025-05-21,MSFT
-4.880363780747485,-1.2204821508344195,-10.918880591029458,31.350737080960545,-28.906170094689244,0.0,2025-05-22,MSFT
4.0001710623931235,1.023670706374424,4.120960692554964,3.275433281439714,-24.201615320293104,0.0,2025-05-23,MSFT
2.98350254031177,-2.512558151370683,6.702982936057661,-19.333379834152424,39.944357393005504,0.0,2025-05-27,MSFT
-9.805520568724774,-4.131071962939152,-13.717415058511996,13.665846370005983,-34.81157901516241,0.0,2025-05-28,MSFT
-3.9919153470579043,-0.814789597408447,-5.148412869211099,2.9470697858649815,-4.029653053540046,0.0,2025-05-29,MSFT
-7.225731676574378,-3.5448769787862373,-9.742576603400545,7.875337884390049,11.687263888351964,0.0,2025-05-30,MSFT
10.666765491799994,7.8230353156746695,12.581643474740954,-0.8225024058395921,29.241763310202064,0.0,2025-06-02,MSFT
3.332722419428925,-1.59697567782646,6.989272441792292,-18.606577714730392,10.790220514574866,0.0,2025-06-03,MSFT
1.1585951582303189,2.795942550629879,-0.5947537280097679,11.678688475684305,-10.52516090826851,0.0,2025-06-04,MSFT
4.133828405593976,-0.8454971959295079,8.558322336282293,-22.4131351785262,3.364586387903609,0.0,2025-06-05,MSFT
-4.493815635979537,-1.2234201766021209,-8.128924365291079,17.316836739901778,-16.44574319842688,0.0,2025-06-06,MSFT
5.878040030484452,-2.887091414870835,10.889449071472226,-24.190414215430142,26.498046544292208,0.0,2025-06-09,MSFT
-1.705303150935598,-0.6657002273582051,-2.5948085774846215,3.6317294083706457,26.199301971924548,0.0,2025-06-10,MSFT
4.5347586975928085,11.06759781708705,0.6206880592225623,28.019182527827493,-9.372204649970238,0.0,2025-06-11,MSFT
13.53174353680234,2.82779016708268,20.562584269362645,-28.653300858549994,23.869527497679915,0.0,2025-06-12,MSFT
-5.425268026064671,-3.4138363849984836,-4.914681113847408,-8.48878949936347,-13.955500667682562,0.0,2025-06-13,MSFT
4.772831905025559,8.220442215798249,2.6169670018603894,17.70802132403556,-3.784703475820443,0.0,2025-06-16,MSFT
5.26238490632478,2.4421196689016935,8.395961321044435,-13.539073581978846,26.100866938701156,0.0,2025-06-17,MSFT
3.5445642024895,1.9251632173249458,5.600876203412514,-8.793307803031961,30.3682381510121,0.0,2025-06-18,MSFT
-19.982787745570423,-15.404430194631674,-22.8601708108926,-2.7184893536207775,-52.173296848897635,0.0,2025-06-20,MSFT
25.28630324259545,-9.795935960162304,50.381756972535975,-125.28641913702647,87.92393015824328,0.0,2025-06-23,MSFT
4.38530532410147,-5.258059476011542,13.398031235579852,-49.69105014475143,2.8617657893952995,0.0,2025-06-24,MSFT
-5.621082758653836,3.2854319810472448,-11.56562646015982,30.046179450389005,7.792615409921952,0.0,2025-06-25,MSFT
-6.491370938347724,-13.398335212789892,-4.593000003490731,-17.88159654747822,23.639129430726598,0.0,2025-06-26,MSFT
3.1658979477040408,8.71641778680863,0.04056540629449916,21.917893196172738,-15.13163701538197,0.0,2025-06-27,MSFT
0.29456243598231513,-6.204233958961873,5.455537423826283,-30.671287491075784,-8.518339919292771,0.0,2025-06-30,MSFT
-9.26461205676295,5.089575124171298,-22.347932015917163,69.23530769817845,-34.76771301842505,0.0,2025-07-01,MSFT
-2.4388654498589597,2.5125812149131104,-4.862174352083392,12.100987963484164,-4.085105980091703,0.0,2025-07-02,MSFT
-1.4723261681632664,3.2899177239151136,-3.3929738622238874,10.05155999621075,14.577272489561443,0.0,2025-07-07,MSFT
-2.2460153695558995,-3.576502403955997,-2.350034193189585,-1.621902427744618,12.691562315055402,0.0,2025-07-08,MSFT
-5.357218026724577,0.9289954332551206,-12.307305132742357,36.34330460939228,14.860991195579837,0.0,2025-07-09,MSFT
1.4555968107006425,-6.857705156512604,8.341060347923012,-39.85718441262563,19.678721528083933,0.0,2025-07-10,MSFT
13.89395619893313,5.226634099157243,20.475330157255787,-25.594287550993766,7.620849983323876,0.0,2025-07-11,MSFT
1.7882513647119456,-1.5573111135911535,5.424458703550097,-20.028992668315833,7.629877292416463,0.0,2025-07-14,MSFT
9.34825145287507,5.470788849283314,12.983556881140148,-12.463581116700805,-12.858401653505316,0.0,2025-07-15,MSFT
6.207513236155879,0.6568245672637473,10.259262702018537,-18.102983559004294,17.764580139297923,0.0,2025-07-16,MSFT
13.160544377712696,6.309264442215963,19.301022175401595,-23.68232240840402,11.033949832602968,0.0,2025-07-17,MSFT
-8.577865080273801,-8.610443217843427,-9.327715456144947,-4.078762825035797,-15.337102979323449,0.0,2025-07-18,MSFT
6.384334274728564,8.62203846793631,3.9079948834350136,21.242370622509927,-0.5124010208388912,0.0,2025-07-21,MSFT
-8.707168568808001,-0.1895491207715151,-15.178780057575267,30.122500363816876,-39.97516593490593,0.0,2025-07-22,MSFT
5.196540478333948,-3.0709962172451855,10.318020518589671,-25.532339763181213,40.748393845960805,0.0,2025-07-23,MSFT
8.80272883930794,-1.7776052058389262,16.703324335049544,-38.600844135131666,0.7484792802416169,0.0,2025-07-24,MSFT
6.945975921988248,-4.08397598571384,14.311249624133444,-37.245666290871874,-13.82368239253351,0.0,2025-07-25,MSFT
-8.07935149079372,1.4825745332466485,-14.899330752316832,32.840524078343854,2.395445096432455,0.0,2025-07-28,MSFT
-12.481206569853562,-6.1926112584221205,-17.157206842210492,15.574795064296884,-10.909300273970828,0.0,2025-07-29,MSFT
6.8232012750606685,9.303960593917681,5.693065028768577,13.604018752822094,30.771407493551116,0.0,2025-07-30,MSFT
-68.02240988027528,-56.22697810413721,-76.02140589682138,-20.02843378098598,-96.77733352962287,0.0,2025-07-31,MSFT
-29.020082416807604,-18.745720422765153,-39.932886752147475,36.456743595242436,-38.6339387343494,0.0,2025-08-01,MSFT
14.13719236922218,7.295696060247285,16.544143704956436,-0.3045156451769857,7.604023223803861,0.0,2025-08-04,MSFT
-14.07121190202527,-3.557434314670742,-23.12927149464408,40.27714565370254,-79.10070123244006,0.0,2025-08-05,MSFT
-6.516242032690115,-5.852715189873837,-7.898524715223129,1.7774540625122914,-26.346947592008434,0.0,2025-08-06,MSFT
-15.700512035694638,0.3445634479371129,-25.112733508753365,40.772816802672956,-25.837242664732315,0.0,2025-08-07,MSFT
-1.6596036062461088,0.26095482278623605,-4.722013986326221,16.71485867423021,0.720792784260252,0.0,2025-08-08,MSFT
8.799748594191186,7.961947272776893,11.288657875200306,-6.133707091848317,-29.06660940944134,0.0,2025-08-11,MSFT
14.286582475077351,3.8102634910028605,21.08616463077597,-26.51091045910143,36.80491427850686,0.0,2025-08-12,MSFT
-3.0228091474069707,15.13156462522934,-17.80945101646518,85.69704206695526,-86.79260508329074,0.0,2025-08-13,MSFT
0.10588985140199761,3.211446776840172,-1.7964518544535546,11.519940086557055,-6.076352404219652,0.0,2025-08-14,MSFT
8.39288268923002,5.841221150926688,8.424715150504628,8.201887921606293,-49.286369480376294,0.0,2025-08-15,MSFT
-5.038214751033285,1.202894028882921,-9.731721149297995,23.122823638572573,6.675768954965758,0.0,2025-08-18,MSFT
-5.803259876105865,-4.153601153700241,-8.897345352309092,12.761252981121292,-16.81381692375474,0.0,2025-08-19,MSFT
-8.932468552212082,-5.464335562295941,-12.943437275586966,15.133343788045075,-22.600616258570106,0.0,2025-08-20,MSFT
3.8188074170178705,11.665915757482866,-2.284137758679708,40.43647847121459,-26.205666352307347,0.0,2025-08-21,MSFT
0.7272873130902341,3.4385582738841287,-1.1503336093046004,11.99301284745924,-9.678087423985463,0.0,2025-08-22,MSFT
2.4266970771372547,8.139333324993856,-1.1942141313401713,24.152164328019783,-31.777759177653458,0.0,2025-08-25,MSFT
2.853949641601782,17.22965029121739,-7.000569716935709,61.981065792834656,11.715651588703125,0.0,2025-08-26,MSFT
14.440218712379941,8.71729582461004,18.422164357235673,-9.451455156751058,40.88331900853465,0.0,2025-08-27,MSFT
2.319094459851873,-8.105175592227953,10.351438097588058,-45.874967366550706,25.53092271852518,0.0,2025-08-28,MSFT
4.36132025707469,-1.821538411988471,9.782324643340145,-28.16470606050572,-11.612758408997164,0.0,2025-08-29,MSFT
3.8399602435623335,11.028766324142783,-4.362910399505186,53.05718410198781,49.674393976151364,0.0,2025-09-02,MSFT
-6.556122473093977,-2.512904562362387,-7.7823427794768385,0.8011993652054478,14.493181698994517,0.0,2025-09-03,MSFT
3.732181728457514,1.1059519185312177,8.060152797847692,-22.235644687872337,27.108690058765244,0.0,2025-09-04,MSFT
-29.869487830565213,-15.732382171757504,-40.691845780220916,35.064659867378126,-49.25678403193292,0.0,2025-09-05,MSFT
2.995814511218758,12.208300567206585,-2.6323768748353507,36.76496282755139,-10.351414788551235,0.0,2025-09-08,MSFT
-6.5032050748448915,0.6994041760049912,-12.646386655790602,30.35588441083734,-18.80391449570906,0.0,2025-09-09,MSFT
-1.919638179375401,2.9694006945398934,-5.954164203130553,22.287517963162326,-2.9647701610101147,0.0,2025-09-10,MSFT
4.355810874490108,10.877836700627137,1.3911179367679596,22.14396850084228,1.3913209284085015,0.0,2025-09-11,MSFT
16.161999614983028,3.937110278596867,27.179356471987308,-49.94214152703597,3.2277346316954847,0.0,2025-09-12,MSFT
11.773738476869152,4.776186906229561,18.906318978188235,-31.021744531032034,62.684862216514084,0.0,2025-09-15,MSFT
0.7306286374627141,5.6825819747597945,-4.126407224504585,29.87284380927317,-54.53115528845649,0.0,2025-09-16,MSFT
1.6315836745359145,-3.3848061740000763,3.786119062198915,-11.295628651435388,22.14705524029299,0.0,2025-09-17,MSFT
-4.252813468228758,5.449318403718707,-11.618432708998943,39.940901976404625,-22.95194459911835,0.0,2025-09-18,MSFT
-10.520010011052875,-6.5331696371037635,-11.47539776641145,-4.787683478888129,90.46817985914996,0.0,2025-09-19,MSFT
-0.5916020294059119,-1.0224902747594358,-0.04858772523384611,-3.8496878544272644,-7.735169047054585,0.0,2025-09-22,MSFT
3.1768296411046935,9.370652868854666,-1.3636326449358247,30.419603357358948,-7.521258763145306,0.0,2025-09-23,MSFT
-5.4254596879535955,0.12874823828192075,-8.878067072937963,15.290184621970473,13.916127095311902,0.0,2025-09-24,MSFT
-0.9876242697557264,2.2351519397858053,-3.1572751296856643,12.03028088982166,-11.612978059426807,0.0,2025-09-25,MSFT
-3.143418804679818,-9.711010258562622,0.9915934874378367,-27.95349255737571,35.076423866332156,0.0,2025-09-26,MSFT
9.775073000623427,10.153513330432562,6.571144022149139,28.998646871478005,8.483226319472942,0.0,2025-09-29,MSFT
10.706194338961478,0.19761084041734878,19.51873772321113,-42.169065966523206,52.84383809122239,0.0,2025-09-30,MSFT
-2.811169693896178,-22.07156580530414,11.343418400799743,-87.7386982620651,47.13139309332169,0.0,2025-10-01,MSFT
-1.9789280252868258,-4.54114070575089,-6.779506527058302,26.824542985359678,1.218169057030973,0.0,2025-10-02,MSFT
5.902382096360686,7.003339030081087,6.536411587384952,2.0982051502304424,-16.524241303259807,0.0,2025-10-03,MSFT
-0.21335036637559632,-15.563585704656152,10.249477081741269,-62.99031505506165,47.845813461986374,0.0,2025-10-06,MSFT
-15.029801354378128,-4.321835532423439,-22.90750301906257,32.2364086337632,-12.652837690024308,0.0,2025-10-07,MSFT
-1.8898535475025746,0.8916157771159157,-3.602640196885881,8.38686634880593,3.813009771948579,0.0,2025-10-08,MSFT
-1.1808248272179045,4.883973377028672,-6.954585727338482,33.46174057353176,31.156880991789265,0.0,2025-10-09,MSFT
-8.034895703704438,13.083652495065145,-27.325975003806388,107.71158009691608,-85.7809121011686,0.0,2025-10-10,MSFT
-2.529239807531989,-0.026463170121064732,-6.434159411203008,20.900277814500758,-0.5013901630051867,0.0,2025-10-13,MSFT
22.391089534845957,10.850499454613733,29.352700419151756,-19.37857577097553,39.64288830916795,0.0,2025-10-14,MSFT
-6.88613038433056,3.4603334144227405,-12.960705662714211,29.561321285984615,-12.431689444834268,0.0,2025-10-15,MSFT
-3.742613051397538,12.241763973198255,-13.633152165440219,55.60062163287631,-9.43457414308362,0.0,2025-10-16,MSFT
19.131743598152823,7.905958093618179,24.371553190219032,-12.307113954231108,31.844051734818827,0.0,2025-10-17,MSFT
6.395034305315474,4.8892769808301155,7.921661579244014,-2.7647293382425557,4.010748098938451,0.0,2025-10-20,MSFT
-1.7758791544864634,-4.412341178350721,1.8274688959033758,-23.39596745681228,32.50831851407551,0.0,2025-10-21,MSFT
-6.773748092058535,3.422750779464919,-13.482576975519756,33.47922520872404,-23.73644225877307,0.0,2025-10-22,MSFT
5.320103429484194,2.9892710199900416,7.926044333307608,-10.315541993460652,-24.303694626530007,0.0,2025-10-23,MSFT
4.22499973134654,-0.1600185001171186,6.6870495309384825,-10.547299066209456,-3.195116630402418,0.0,2025-10-24,MSFT
-0.9546539216686525,2.9950094676481878,-4.269532852245971,18.9346196618038,-15.168041742969567,0.0,2025-10-27,MSFT
-26.609770787888802,-21.21657650542273,-32.89984616467541,11.130681472843364,-54.923509265088065,0.0,2025-10-28,MSFT
-6.846233927912912,-11.073686724955623,-3.7670811517702276,-25.321150584752157,55.57773397605441,0.0,2025-10-29,MSFT
-22.611993593448194,-13.440753933460584,-31.213106234949993,28.994682255575533,-22.99832931350525,0.0,2025-10-30,MSFT
-22.634109142509498,-19.42626006278747,-22.986113263210303,-20.52208441831343,-24.086136639206977,0.0,2025-10-31,MSFT
-22.926098408614905,-20.83777123612345,-29.09507703900075,14.087773373724271,-35.07176097168636,0.0,2025-11-03,MSFT
2.4052668608412118,8.754764802701205,-2.6565165385017906,32.77596725692804,35.11528699437916,0.0,2025-11-04,MSFT
-7.314007300188961,0.05344054574382712,-23.477282194176432,89.66564206375035,-52.77688801553767,0.0,2025-11-05,MSFT
-11.324206739889046,-6.816871975679863,-20.02100705314086,40.856595139624105,-37.365179817562236,0.0,2025-11-06,MSFT
-2.718184203838055,-0.5976849553921391,-3.274027890525527,0.6168779163005311,18.5927950634348,0.0,2025-11-07,MSFT
-10.937501653882384,-7.392131688246165,-12.120635045393207,-3.8387013047994225,25.882293636811678,0.0,2025-11-10,MSFT
5.590313016102497,4.636415539891229,11.845675424670523,-31.94186143529219,48.842981397597605,0.0,2025-11-11,MSFT
5.72233923504737,8.773020588275394,10.129540314424913,-20.720867241205553,91.6632119534851,0.0,2025-11-12,MSFT
-8.707411160462001,-5.124001845042905,-24.03944802280712,83.28481001362552,-81.81452104925197,0.0,2025-11-13,MSFT
44.58032982180105,39.19090355042664,56.56785600016089,-27.34482724834341,70.37946341649958,0.0,2025-11-14,MSFT
-3.3047712015156057,-5.444858290675843,-2.6179897406075816,-7.425459966963751,-7.228962808843046,0.0,2025-11-17,MSFT
-21.931472746090908,-16.465476183136868,-24.77162272309007,-4.890572884075237,0.3744937529111204,0.0,2025-11-18,MSFT
-11.494679157752667,2.76624953307445,-34.194134547227264,124.70205317911233,-33.29816974606357,0.0,2025-11-19,MSFT
-27.99483473285716,-12.432791084376854,-62.01935373428284,176.15227927570865,-123.67446942771498,0.0,2025-11-20,MSFT
0.7511351290409021,-1.6707518269330106,0.9599049087748647,-0.501483549347262,-23.635047931321473,0.0,2025-11-21,MSFT
10.76867711928146,5.282757962379725,17.87735726763307,-31.883403770819786,-2.9763492933772375,0.0,2025-11-24,MSFT
6.226001388088441,-5.75603228825623,28.80724237636347,-129.26144454154976,50.92279320760668,0.0,2025-11-25,MSFT
11.324317275611808,4.888727379097623,21.388552615619247,-49.06109476442581,-2.728810621466301,0.0,2025-11-26,MSFT
9.890632271379966,6.137165433406011,13.593484848133278,-12.326483189134068,-11.710998347241514,0.0,2025-12-01,MSFT
5.830028026130213,4.675233581181507,5.775898076853878,6.154807721799822,-3.3305913910926703,0.0,2025-12-02,MSFT
16.423422456426298,8.764592092796043,24.42713250241571,-31.59883781949833,-43.68665129990726,0.0,2025-12-03,MSFT
1.1082424622686087,2.481775814251097,3.447608429330464,-12.927953340090648,45.04580058427796,0.0,2025-12-04,MSFT
-7.538453282454651,-2.704725034902617,-12.964991570965656,25.020776448623185,23.049466308728107,0.0,2025-12-05,MSFT
15.655651299275215,12.93569972771463,20.49902706440505,-13.404603291492187,28.30757081724344,0.0,2025-12-08,MSFT
-2.566692434704848,-1.5473467814399522,-1.531176808101326,-8.779786194302819,23.609561801440176,0.0,2025-12-09,MSFT
-2.960979928340957,-0.22121899194992684,-7.947313723071141,26.95702284005676,-12.043302266409379,0.0,2025-12-10,MSFT
12.490198811701475,10.608591499515331,18.941099414515964,-26.215204805165396,43.13506951060324,0.0,2025-12-11,MSFT
-6.997329897132827,-7.035085927151331,-7.311401102309599,-5.1129026660531975,-4.590771241000004,0.0,2025-12-12,MSFT
-13.42161924890637,-14.864689200787007,-9.000858996000716,-39.946180766322335,-1.621929390808119,0.0,2025-12-15,MSFT
4.970311080713027,6.625499091809163,7.426631924394354,-9.76761398136176,37.23144224133421,0.0,2025-12-16,MSFT
4.955778573676159,3.311232681808916,4.738880021812042,6.257169884865622,-28.615770761438263,0.0,2025-12-17,MSFT
10.081531104069061,6.847675521938975,12.362809682856048,-3.6061403686387847,-21.340910474104408,0.0,2025-12-18,MSFT
-4.164367108412344,-3.609730372853985,-5.956830086678199,6.59041076120387,17.507189570691736,0.0,2025-12-19,MSFT
-0.2688894102005823,-2.92526646649194,2.340494740744147,-15.925194315861932,-10.877682380215933,0.0,2025-12-22,MSFT
1.0296308979149262,-0.33350132683219436,3.698688816162337,-14.984716611547343,-2.551898653562042,0.0,2025-12-23,MSFT
2.2413327093485496,1.212798022445342,4.5932751564685805,-11.870321973375138,12.042087174314238,0.0,2025-12-26,MSFT
-0.7628372735988752,3.170317269210208,-4.360554549579513,20.82346638228846,15.498625492757629,0.0,2025-12-29,MSFT
0.8303491960043984,-1.173317869095494,3.023451011968306,-12.328261699762738,-8.844874013044207,0.0,2025-12-30,MSFT
-5.680313485067707,-6.966845284546744,-8.038223759920577,8.467148164064742,-32.85235961815988,0.0,2025-12-31,MSFT
-24.747897148340492,-20.37409587557245,-32.40077611154922,21.169376630925044,-30.162806991431694,0.0,2026-01-02,MSFT
12.366252631815355,7.9566455148804955,16.052178174076186,-9.749300621740023,-12.914281447833112,0.0,2026-01-05,MSFT
18.25202372118103,16.59607762498853,28.83426959721014,-45.241451534972065,89.29799611884705,0.0,2026-01-06,MSFT
13.724374426308142,4.314869367871021,22.23305491400729,-37.32770849986565,-36.09120944103068,0.0,2026-01-07,MSFT
-6.719029857796274,-4.123521436268391,-9.570079919052047,10.387270509753813,-1.3256261901491684,0.0,2026-01-08,MSFT
23.411195976279643,22.05039535926752,30.113208204772143,-16.80087739467179,54.96059878897551,0.0,2026-01-09,MSFT
-0.13222719909663494,-0.9927985393354792,-0.18146579078265104,0.1632043510491563,-28.75847855875201,0.0,2026-01-12,MSFT
-5.65542949615475,-4.985647001196594,-3.8684669715811983,-16.377204643581514,36.50058181683293,0.0,2026-01-13,MSFT
-8.195130349994047,-2.7049670573123716,-21.37128368715141,70.86178967296493,-44.271234198659116,0.0,2026-01-14,MSFT
-9.09053603660441,-10.984580979112575,-10.742803289982556,0.8230674836793318,-41.242827874348706,0.0,2026-01-15,MSFT
13.52406670085813,9.4468276520694,17.36817086016104,-9.540558254956853,-7.150606604896268,0.0,2026-01-16,MSFT
12.067985502727932,11.570617625682555,15.51365701362139,-8.606043562612763,22.475924596580164,0.0,2026-01-20,MSFT
-12.303164957961263,1.9220828622747126,-32.7448352214673,110.34685662309661,-25.52116192422597,0.0,2026-01-21,MSFT
21.11650790331128,13.600593640285128,33.604100695447414,-53.80904884950171,44.58615512654209,0.0,2026-01-22,MSFT
43.589419848734465,29.700115348028987,59.7299178794977,-53.25356833581315,5.326690730747958,0.0,2026-01-23,MSFT
28.01486891284612,20.721741875237978,35.10084279271808,-14.500974366355493,-8.834059724360923,0.0,2026-01-26,MSFT
20.91477941289151,12.856392679623413,34.24043135790067,-59.039132257151586,34.29246880339041,0.0,2026-01-27,MSFT
-8.890072087150502,-4.74223087593588,-12.3797954600868,12.048268150474398,26.618465159256534,0.0,2026-01-28,MSFT
-38.68665615104551,-28.02887746030604,-39.790173945604685,-32.06554938367051,135.10771293528333,0.0,2026-01-29,MSFT
-23.381169404599085,-23.00197337887558,-26.398269747956917,-5.278567344428638,-30.003910208739743,0.0,2026-02-03,MSFT
9.16858504473273,13.195126076612265,0.09961413425332342,63.582410507628325,-26.826825782168786,0.0,2026-02-04,MSFT
-9.011453143455707,-17.13178999733329,-17.37207392453219,41.15227154302309,-161.5778166530251,0.0,2026-02-05,MSFT
20.577439526444177,15.874863337942847,33.01603923055416,-54.05415869820429,76.55075458183931,0.0,2026-02-06,MSFT
22.972570528793558,18.005532973296944,33.22809407476787,-38.56057074704263,48.43644874210176,0.0,2026-02-09,MSFT
-21.192440506235048,-19.175913785724187,-34.74846552667784,60.14370961643391,-118.7913183121558,0.0,2026-02-10,MSFT
-22.133055287050095,-22.6506953882535,-21.726342781677275,-24.573330319271594,-14.691174972084251,0.0,2026-02-11,MSFT
2.5273380978733964,-0.6827127235528692,3.854854967868311,-5.437763122083387,-19.221129063807904,0.0,2026-02-12,MSFT
1.284922779543497,-0.027371481008744585,-4.860033361299622,38.154659624616336,-29.818963959663517,0.0,2026-02-13,MSFT
-1.8797303231852138,-2.974589033937744,-0.862558052476778,-7.982763947431535,-10.751661769114106,0.0,2026-02-17,MSFT
7.195473641989064,3.361054229507029,9.739168498078097,-8.066695494530926,-15.439399310888597,0.0,2026-02-18,MSFT
-14.077009053328872,-10.30201276527238,-21.76131802445364,32.02884477343965,-22.81430881511679,0.0,2026-02-19,MSFT
-7.274909718187249,-7.499041296242111,-6.370019755960987,-12.704249491536235,-1.6298447630588502,0.0,2026-02-20,MSFT
-35.50978571255558,-33.75484357376119,-45.85395267328407,26.55521605182711,-74.37382741116723,0.0,2026-02-23,MSFT
11.224271375823525,16.154521667077056,8.053113488654638,30.25121869886622,50.27410066805062,0.0,2026-02-24,MSFT
31.49463124843948,35.22900346990003,31.533510720402937,31.26135441668302,70.23546719623229,0.0,2026-02-25,MSFT
-8.801397066375896,-6.196428462112391,-10.918428014656106,3.900788623319516,7.387201126827945,0.0,2026-02-26,MSFT
6.383996287665805,5.789087215628066,4.813949548941438,15.804276720020672,-21.55014352885741,0.0,2026-02-27,MSFT
27.969785632204612,23.7907607647506,28.937261349816456,22.164931326557838,17.135563109407457,0.0,2026-03-02,MSFT
31.11984697850421,11.43508303178003,65.19231375952005,-173.31495370758518,76.74180982714877,0.0,2026-03-03,MSFT
19.859193191384758,11.255716036261147,27.502037112064574,-25.997870332678747,-33.90703879780142,0.0,2026-03-04,MSFT
3.3214448516223785,2.0950464773778648,9.255245435724312,-32.281358652979485,49.935093670266255,0.0,2026-03-05,MSFT
-5.510677905736317,-4.803475531226939,-9.956400223498909,21.163656000858612,-45.343908046168266,0.0,2026-03-06,MSFT
3.506824121736843,2.0329683970688217,10.850636311063127,-40.55604901421387,67.13499783364546,0.0,2026-03-09,MSFT
0.14660295788962607,-4.638051786905577,5.639259189558749,-32.8093344321027,0.46325554236075006,0.0,2026-03-10,MSFT
-8.532666581641505,-7.767830826210161,-10.997906148376519,6.258770818772792,15.412601390602303,0.0,2026-03-11,MSFT
-4.97653557627453,-6.164501616716,-4.655138803367237,-6.9049162137042135,-47.270918541706465,0.0,2026-03-12,MSFT
-24.450468455417155,-3.9385768853421133,-41.77728016848216,79.5104018229914,-56.46832661957718,0.0,2026-03-13,MSFT
1.4034527516708515,-6.171445094846579,6.938337160279934,-31.805853699960824,34.32663048595398,0.0,2026-03-16,MSFT
-10.727853032401102,-6.130020492251109,-15.309741334013234,16.76347677727738,-5.12767037771511,0.0,2026-03-17,MSFT
-9.799841046282946,-0.7992068741880328,-14.423811878956101,17.9439839497632,-56.69276452547938,0.0,2026-03-18,MSFT
-10.758168291782713,-7.204861114231203,-11.671400033501016,-5.278777841464133,-2.5022081387611754,0.0,2026-03-19,MSFT
-9.421690475732925,1.3287868099077227,-19.5391292052895,51.28294190162132,-48.010161698836555,0.0,2026-03-20,MSFT
-15.380297048498354,0.4764606324110287,-23.41732459825601,32.8418682500446,-32.48336852960006,0.0,2026-03-23,MSFT
-22.952708159763535,-25.961375230357906,-20.346497515536594,-38.589972025111535,-40.193095025416426,0.0,2026-03-24,MSFT
-17.305336547823263,-4.701394637752756,-28.38704414927256,49.18490906088014,-23.681805622172355,0.0,2026-03-25,MSFT
-23.031018998207095,0.48465326146204823,-41.17996841021508,85.8626774738362,-81.99104674902794,0.0,2026-03-26,MSFT
-6.076967771993755,-4.456917742771173,-4.617907760504658,-14.831327840904573,-62.2009618378773,0.0,2026-03-27,MSFT
-12.057114343412879,7.722753442619012,-22.982492672514333,53.495155631217905,-49.95415768342356,0.0,2026-03-30,MSFT
1.8403841993624053,-18.8461178877939,12.572629406541639,-62.55308704368981,65.52267840135559,0.0,2026-03-31,MSFT
-3.1460616103354564,2.008847216022218,-6.6966298773331765,18.157347991679988,-37.39264833679156,0.0,2026-04-01,MSFT
26.926500390234843,7.930841355038227,45.618702879943754,-85.22671454801093,98.49322402531331,0.0,2026-04-02,MSFT
6.7975739759032505,5.976773674578285,5.480119745725401,14.702299356981044,20.37273421489018,0.0,2026-04-06,MSFT
8.066326456626154,1.542868146721788,10.705720483055778,-7.770037701937765,60.73940974182863,0.0,2026-04-07,MSFT
-31.68271079491233,-14.065364258998008,-44.17273632115349,43.25744236254212,-73.3015609590007,0.0,2026-04-08,MSFT
7.79439989902861,-9.486427436572125,21.64555771847652,-75.31254701764657,71.84619748392593,0.0,2026-04-09,MSFT
-10.713285047961058,-2.315414619150307,-16.922291651974067,26.540754576123113,-29.37927609532245,0.0,2026-04-10,MSFT
45.1214048239898,26.317509216132432,62.31819420447184,-58.05933145887998,124.61406849077112,0.0,2026-04-13,MSFT
15.00386574090909,12.482235216633498,15.885565441859006,9.713667535212492,23.89575201221478,0.0,2026-04-14,MSFT
41.017451324733216,18.844976462398307,56.877504872325304,-54.14286996079568,72.7930105392058,0.0,2026-04-15,MSFT
13.164065592235092,-1.2852798444862277,25.36213101424588,-60.024326939817364,62.99481383945868,0.0,2026-04-16,MSFT
-13.569961487161459,2.407132457017561,-16.991324669782696,6.958217608584672,-69.29612484220205,0.0,2026-04-17,MSFT
52.93292903175355,39.628854715116425,61.17263260693331,3.4947075806925585,26.581264129899903,0.0,2025-05-05,NFLX
12.84475847489957,14.9331937321669,10.456727639877329,27.17294348504423,-27.05470063142762,0.0,2025-05-06,NFLX
3.2754771888207936,7.985524986491222,-4.002276008283939,46.941996371462736,20.102875542439314,0.0,2025-05-07,NFLX
-0.43654946697223385,-7.842725357706001,6.636305079350871,-42.873676744907144,-34.7315367889894,0.0,2025-05-08,NFLX
-6.28390922656586,-7.506376014391728,-6.18556176553887,-6.8739939927103615,-13.401788812241097,0.0,2025-05-09,NFLX
-12.820733256925124,-17.109124397429614,-11.213440290609915,-22.464491054799772,-22.554329385295233,0.0,2025-05-12,NFLX
34.33577799424808,30.44667067128202,38.36750455624644,10.145418622269215,20.800417183983438,0.0,2025-05-13,NFLX
25.752596223013917,25.900035622359635,26.14067677472643,23.424112912753742,41.31634343299172,0.0,2025-05-14,NFLX
19.723878721909138,-6.966965225201204,40.54424185387786,-105.19830006988622,49.2830479837015,0.0,2025-05-15,NFLX
13.931553150346131,8.742690603433795,16.68692354585109,-2.6006692226693007,13.61847687980081,0.0,2025-05-16,NFLX
11.316330085178214,5.357828857429931,15.902546511884681,-16.200968475052196,56.26474707940749,0.0,2025-05-19,NFLX
-2.8336093740987915,-7.927295613885116,1.2400517368050517,-27.27557603950627,54.06581327881667,0.0,2025-05-20,NFLX
-1.0505974360662493,10.912413382596926,-4.542385437984552,19.90013057546253,-41.22810981353669,0.0,2025-05-21,NFLX
-2.127265059307682,-7.599055344248112,-1.454481251048096,-6.163967908862814,-40.45634027461866,0.0,2025-05-22,NFLX
5.000744712781823,0.4380517001118557,8.252023409770134,-14.506927469139661,-13.581374946740649,0.0,2025-05-23,NFLX
9.044612522817648,2.545240178153301,10.2012906214226,2.104543931204436,53.055328596500026,0.0,2025-05-27,NFLX
0.7650497209824888,-4.18485137268395,4.876155087593846,-23.901582478676264,-17.707039532998987,0.0,2025-05-28,NFLX
-24.314288629741487,-14.97936009639712,-27.846594811326387,-3.1204515402189132,-32.951430502610876,0.0,2025-05-29,NFLX
-10.925736879195716,-19.604373178785266,-3.055465849465189,-58.14736305757057,75.5158296787088,0.0,2025-05-30,NFLX
17.809663755988428,6.165929866858012,28.525037300683707,-46.48257751217269,60.43662228915722,0.0,2025-06-02,NFLX
1.9891767033600287,-9.930609795520741,11.069756695083939,-52.49430324697294,-5.093969110386311,0.0,2025-06-03,NFLX
13.937022898252298,1.9234140456594233,22.174239325205424,-35.48627566345725,37.63931653545877,0.0,2025-06-04,NFLX
3.1503649448746147,10.557503765897343,1.0658306995078703,15.657570417088712,-2.1679132326399837,0.0,2025-06-05,NFLX
-14.92727822061101,-10.89969345360706,-19.113980777229063,10.192937119098453,-17.783730010428915,0.0,2025-06-06,NFLX
-7.095693479971678,-2.4806025779361227,-9.421838712108869,6.861177912864192,-36.06469611599732,0.0,2025-06-09,NFLX
-10.924896720694376,-4.946973733555513,-20.663096305566093,47.50430078854782,51.7149530958146,0.0,2025-06-10,NFLX
23.112004126415545,16.581713957287327,29.984972266721424,-18.125804715395212,17.59275339650021,0.0,2025-06-11,NFLX
-5.218788370732487,-1.2019536270348663,-8.694598181104718,15.636070491519538,-39.73598935456995,0.0,2025-06-12,NFLX
15.375097489773117,1.0877439702788296,30.46601981600375,-75.17043646761537,3.8958793607045905,0.0,2025-06-13,NFLX
9.135970823811567,5.291652585481477,10.405097384527979,1.5212114595212398,34.51844254408602,0.0,2025-06-16,NFLX
-4.358032351459655,0.8025849789973215,-7.432760408784206,14.090335992515499,-28.983891409430296,0.0,2025-06-17,NFLX
-12.023571077137918,-6.869870399306661,-12.946812918088648,-6.484120031425437,-48.39367910600719,0.0,2025-06-18,NFLX
-12.021366391684328,-10.124489089753691,-15.904357217283904,11.276578561911974,-9.091168847448094,0.0,2025-06-20,NFLX
25.184328581901738,21.40961396025955,27.808917248185114,9.436796584211764,80.53482952622525,0.0,2025-06-23,NFLX
23.881191601179662,18.338333039472612,30.311769728355852,-14.702277161856282,37.29654977666429,0.0,2025-06-24,NFLX
-23.18258429258222,-8.247760491139662,-35.57317201632488,51.160942049880376,-72.99135984888976,0.0,2025-06-25,NFLX
15.495274736989622,3.3442258934208504,25.86466321481421,-46.721056129944785,63.245306964239866,0.0,2025-06-26,NFLX
10.498741040955947,10.223797731257315,14.107289411214278,-11.152549180578971,18.991450178418958,0.0,2025-06-27,NFLX
5.969661641495294,-7.422555157323029,11.617047738384212,-27.914654939812625,50.19805075089579,0.0,2025-06-30,NFLX
-27.79905719065694,4.147775880345268,-60.24739410101634,166.89096427151256,-63.53856904036232,0.0,2025-07-01,NFLX
-10.734198729622538,1.8131314183264824,-25.986434321599067,80.77921482223886,17.393994446629115,0.0,2025-07-02,NFLX
4.545576814289033,-2.9887894723331483,9.857000447731778,-27.322964986354176,21.26470327244015,0.0,2025-07-07,NFLX
1.2612866175465447,0.2462667316288758,2.2531633199325345,-4.689973596747074,14.001282126851583,0.0,2025-07-08,NFLX
7.547885029511104,6.491284170870041,11.34939659000937,-15.261184333482937,62.45739679515442,0.0,2025-07-09,NFLX
-19.179074572626636,-18.50120795011076,-18.315679287494007,-24.359446283403194,-52.21680536870375,0.0,2025-07-10,NFLX
-10.798981902428425,-1.5312474472653095,-20.521676303021966,47.53718450114652,8.01737506382208,0.0,2025-07-11,NFLX
29.25167647255866,24.62731206894884,32.636628016784755,8.9419672072156,-5.557553613037926,0.0,2025-07-14,NFLX
0.40351431073119637,7.746502385266437,-6.163931878702133,39.80819144733794,3.3619070894878034,0.0,2025-07-15,NFLX
2.4475475993076765,3.0258605650509436,4.959547269998093,-12.624450424811117,-68.70573373778743,0.0,2025-07-16,NFLX
9.619512063382974,-10.181712339816453,24.190933682056688,-77.80901764865368,81.11815707044371,0.0,2025-07-17,NFLX
-24.60013161916129,-26.388690665069024,-22.227882661801985,-38.83362536330189,-50.79119170107311,0.0,2025-07-18,NFLX
33.05717346494062,9.867819696879167,51.016999770683846,-74.70178436950363,84.58916976037908,0.0,2025-07-21,NFLX
-26.77442463214928,-6.27321907341296,-43.15701292859523,71.52110514654294,-126.22618939231879,0.0,2025-07-22,NFLX
-11.464027837643103,-11.775491307792656,-11.77111179071744,-9.621524119186233,-21.840607781337802,0.0,2025-07-23,NFLX
-4.11078372769153,-16.62641612283297,5.072571365967204,-59.21091428963059,82.42076912005491,0.0,2025-07-24,NFLX
4.915821130193439,4.414977171070904,6.599712113731607,-5.187524771019935,-10.772702713781253,0.0,2025-07-25,NFLX
-18.8462468388389,-3.7829204149620796,-29.208438569328056,43.326903544108085,-38.30728940653747,0.0,2025-07-28,NFLX
-2.5432276466679613,-10.212886899265126,5.826964576059915,-52.764380983009715,-4.732288443061895,0.0,2025-07-29,NFLX
2.545114280389527,-3.0894040933440348,8.161746768343571,-31.154680647326295,60.78073699302059,0.0,2025-07-30,NFLX
-1.3827203245665654,3.788233582845537,-7.269225955248936,33.93631345954222,-112.19175133691917,0.0,2025-07-31,NFLX
-9.963153991531614,6.027058887692036,-21.96387315308123,62.04116097777095,-41.36094971420469,0.0,2025-08-01,NFLX
-6.889910230986922,-5.538068762454491,-8.529589007167445,2.9481624261156743,17.74881590926513,0.0,2025-08-04,NFLX
-7.4430497342416775,12.127499506978793,-23.65852035159722,89.84977396989282,-81.15763409230789,0.0,2025-08-05,NFLX
32.888076482938565,2.67131805369923,56.80636296224416,-110.6216423928877,92.37429184957368,0.0,2025-08-06,NFLX
-17.161454763847477,-3.0870618375584535,-26.204835885307254,37.09883196491964,15.847273216387073,0.0,2025-08-07,NFLX
23.920877898169515,14.792614328231503,25.080319767170447,16.96422668417807,59.540227737961345,0.0,2025-08-08,NFLX
15.685623892787628,6.503512447197162,23.171980362175937,-29.23251492352584,19.327543096152645,0.0,2025-08-11,NFLX
14.117346224331374,-1.828476323905721,26.65095117468848,-61.08428347780308,35.0662071403318,0.0,2025-08-12,NFLX
-5.215172786457459,3.559004524321717,-12.679414398478425,39.570276885680016,-98.33472310418252,0.0,2025-08-13,NFLX
16.979801199281493,15.466765551568082,16.45881687017378,20.10570717395775,-17.3489199695579,0.0,2025-08-14,NFLX
1.4311375388843062,6.785554985821436,-2.2001618860723613,23.218934088622017,5.451938586844919,0.0,2025-08-15,NFLX
2.001770166012164,6.769022697661904,-2.022292712383715,26.146147436402288,12.021238070251353,0.0,2025-08-18,NFLX
-5.520292029008399,-24.24371686282361,9.809338948157823,-97.49807789199868,48.04257475689616,0.0,2025-08-19,NFLX
1.2410558455767495,-11.227077207297011,11.53454203345877,-60.51986128169889,54.78690754879692,0.0,2025-08-20,NFLX
-10.78231749527332,9.43821859559503,-27.41987377801779,89.0430202011982,-22.229620587522255,0.0,2025-08-21,NFLX
2.680639363540749,9.206767801831004,-1.8683869365280885,29.97479716396792,-3.790102985275972,0.0,2025-08-22,NFLX
12.296701889511771,21.274732828267876,5.246322644716134,54.59897735829373,-42.03246835793699,0.0,2025-08-25,NFLX
10.440251969977593,5.825039013978743,14.162254459679973,-11.891762968216943,18.955731494302896,0.0,2025-08-26,NFLX
-1.040284414819212,6.15368777724561,-7.153659464743304,35.639965884742786,12.883303626023794,0.0,2025-08-27,NFLX
12.844854972639265,-5.394910698239841,26.174502587080035,-67.13303071399608,29.56169556719543,0.0,2025-08-28,NFLX
-18.162161079359414,-12.09318698670453,-24.04317728543526,17.12393615710743,-12.655884356506867,0.0,2025-08-29,NFLX
27.8371113228378,25.979978479368867,26.970049034304747,33.03948505404083,57.36211767021918,0.0,2025-09-02,NFLX
3.5550017927539215,-5.8428137763526955,14.255127694092362,-60.64575361526388,73.85105938580237,0.0,2025-09-03,NFLX
33.124096507846005,20.16215105033149,44.78662203897537,-36.85105667893814,70.78892433193076,0.0,2025-09-04,NFLX
-22.654416262693893,-14.338855492894009,-30.227988651129664,22.78701806794805,-27.030172663703752,0.0,2025-09-05,NFLX
4.908462685616604,6.081658524419294,0.5074333784843591,31.31463852841692,-3.6493918058961783,0.0,2025-09-08,NFLX
12.312625903145781,1.5591250440012345,19.771941745230848,-32.44326914935334,37.15936520469942,0.0,2025-09-09,NFLX
-7.131964363071086,0.004245882993881148,-14.563250680173253,37.45575353956231,-55.16134794106093,0.0,2025-09-10,NFLX
-26.763862873480004,-10.457191506831082,-35.40482051590947,25.081882981110834,-67.93308925591417,0.0,2025-09-11,NFLX
-18.008588073962965,-9.063835986274803,-25.427604482984414,26.505510380183644,-17.00699980158537,0.0,2025-09-12,NFLX
29.619105110413635,8.850516641633535,45.63462671468926,-66.47402451524368,48.76930200457636,0.0,2025-09-15,NFLX
-0.3011736206085717,3.293714929648708,-3.7038552670507405,20.114916258060976,-21.115807868274274,0.0,2025-09-16,NFLX
11.941833608220833,5.635484281529629,14.55477572303342,-3.73581908063143,51.157498485437316,0.0,2025-09-17,NFLX
4.667522727028842,20.68731220058901,-3.7566266690198242,55.21241910333716,-91.61141204160639,0.0,2025-09-18,NFLX
14.70524324496508,2.1088517746400273,25.200513998949884,-48.26638127893442,54.211709632437255,0.0,2025-09-19,NFLX
3.693435251124777,-4.607449200190232,8.094352706005933,-22.71206947815055,35.25578266299487,0.0,2025-09-22,NFLX
-7.448011119293854,-13.005018765814961,-4.365337940029876,-25.944050194866044,15.875718665420335,0.0,2025-09-23,NFLX
-15.614030463542516,-3.2432484063125195,-28.743159400621973,63.16074315895549,5.929655907919183,0.0,2025-09-24,NFLX
2.41782273129921,13.75096980265654,-5.968966480595508,52.73855800267693,-6.51425975916351,0.0,2025-09-25,NFLX
7.04208122405371,-4.4519944190711405,16.83832747453001,-51.73539627878174,14.799308771352655,0.0,2025-09-26,NFLX
-1.4855668671560938,22.527459957844968,-19.96290418023472,109.37845701131684,-16.990249558207122,0.0,2025-09-29,NFLX
-3.0247736997702876,-14.358880634951316,7.161664890445662,-64.1434052410624,70.31996415879779,0.0,2025-09-30,NFLX
-2.5025417966271677,0.29496645955974066,-8.59552794255575,34.055375078950384,-13.620247576586188,0.0,2025-10-01,NFLX
45.14199866622635,19.24345874180428,67.10493550541938,-86.63562236892196,98.1159315229209,0.0,2025-10-02,NFLX
-5.91671828478465,-9.617196920340568,-1.5029055262267883,-32.39959483611213,-14.347626276035177,0.0,2025-10-03,NFLX
0.4654985273541319,-9.076661656933982,5.8105477919955515,-31.604797060475935,64.62872702608517,0.0,2025-10-06,NFLX
5.359707393557169,2.757082554748351,13.000865675247356,-40.487242296577975,20.396267723244637,0.0,2025-10-07,NFLX
16.035798247334807,8.76942225144887,20.673813793373057,-11.79229502888176,45.70578868916273,0.0,2025-10-08,NFLX
20.162246847421248,14.607379681060708,24.160639221286417,-3.8281073957628275,12.271897675075536,0.0,2025-10-09,NFLX
-10.20287179519778,9.153747241088245,-25.732946344511525,82.97757550070659,-104.93533948062704,0.0,2025-10-10,NFLX
2.6342374520235374,11.632927750132655,-4.759441867766528,46.99631337076625,-24.302696834434716,0.0,2025-10-13,NFLX
17.758853176742328,12.720134623204434,21.277818917628068,-3.354941268569754,1.74547430724993,0.0,2025-10-14,NFLX
-10.935557671316184,2.3579220273828527,-17.986968624168558,31.372908045813315,-58.35287708450366,0.0,2025-10-15,NFLX
-30.219385757117603,-5.612020820678669,-47.40821198156573,72.9135715895831,-70.54548976954233,0.0,2025-10-16,NFLX
18.892804741568636,10.369335715839348,22.012523981552697,0.17448930168093482,39.936653868240626,0.0,2025-10-17,NFLX
42.88308472421256,21.507446260528777,59.51432782602358,-56.90437388663161,58.621167327238865,0.0,2025-10-20,NFLX
-0.7216781449389448,-4.849247929025062,2.5941971539855646,-20.616929938457368,8.39749135020358,0.0,2025-10-21,NFLX
-58.451849037727705,-53.44788253591748,-64.40901630257812,-22.708845448611285,-76.38446736824298,0.0,2025-10-22,NFLX
-3.7927036520840978,-10.433864617618381,-2.7830745644768773,-9.850478177704417,11.328404123461421,0.0,2025-10-23,NFLX
-9.550550171982957,-0.20898747338747475,-21.07394607221771,59.589825229433266,-67.64617887547283,0.0,2025-10-24,NFLX
10.61383323047,7.03768239602548,15.148828520942407,-16.596138512357967,-22.61253401889176,0.0,2025-10-27,NFLX
0.012065488219298814,3.0106997691949164,-5.6273954917166735,33.84883136784156,-25.14169130904187,0.0,2025-10-28,NFLX
1.6716716480106084,9.554589525170137,-5.1661542777064025,42.69862720233073,-12.12480406453596,0.0,2025-10-29,NFLX
-1.4019409948792008,2.518051323466514,-8.57201834079941,41.618523080668,-59.969704904114344,0.0,2025-10-30,NFLX
9.95146822949087,16.23858139515197,7.993856598288736,21.69713801671633,-30.150134023064165,0.0,2025-10-31,NFLX
-21.103837576449422,-14.366545385356183,-29.717149165974547,30.576031960720798,29.555837668253627,0.0,2025-11-03,NFLX
-8.060333143194892,-4.180544520491942,-16.245650952909337,41.05157371509437,-8.444255788062868,0.0,2025-11-04,NFLX
24.602353393304295,19.588714604933465,34.52721212677297,-34.946799007481694,74.32858905576688,0.0,2025-11-05,NFLX
5.844156329219557,3.931395869799202,10.081471261544781,-19.579733264714914,19.919776330339694,0.0,2025-11-06,NFLX
0.6554839566655561,7.704368691628234,-5.838382103728904,39.61868031903491,56.114850043329554,0.0,2025-11-07,NFLX
-2.8187099935229094,4.312142519849592,-12.051885006431737,52.58034008393895,9.904184045507636,0.0,2025-11-10,NFLX
-10.532741785099393,-13.299500318586349,-1.108673647612199,-67.07715061001753,48.65103566360384,0.0,2025-11-11,NFLX
12.215902957775915,3.0980769900528755,30.233368128532792,-95.88888806675793,65.79195632403663,0.0,2025-11-12,NFLX
0.36598432882166704,5.772844011262204,-8.770311976417675,55.183762160276174,-3.4745034621813486,0.0,2025-11-13,NFLX
-6.123053481319757,-10.531024633207002,-3.336114047822614,-22.844690082279755,-56.40426840054149,0.0,2025-11-14,NFLX
-7.542943348953427,-4.276934742104171,-15.254192900448897,38.72455396002452,-24.565337324079767,0.0,2025-11-17,NFLX
28.257297390331388,16.57074910357466,50.9050815140417,-107.62940735192292,86.94601405534718,0.0,2025-11-18,NFLX
-46.567697412167576,-32.38399158760363,-64.3968225288729,60.40705328807989,-36.536682195268654,0.0,2025-11-19,NFLX
-47.67869644704429,-34.67733338361211,-77.28328375522291,129.94882740203929,-195.74564301176207,0.0,2025-11-20,NFLX
-0.49601843166343124,4.2012110346661915,-12.667164098442104,72.53085556902077,-73.95801806081607,0.0,2025-11-21,NFLX
-30.919561942891573,-29.636986953850386,-22.62363021934668,-80.69515228415149,174.57210733887393,0.0,2025-11-24,NFLX
-7.001820504890724,-7.785910624031558,-8.165559209037273,-0.019388280001929954,-32.032236071444586,0.0,2025-11-25,NFLX
4.574449283770035,1.3743372533463938,6.861799641652479,-9.149652863509914,-6.323848838255329,0.0,2025-11-26,NFLX
20.071363137502498,15.052500974174265,31.59097255107071,-49.04629334388841,68.98918219221311,0.0,2025-12-01,NFLX
8.929208194741022,4.696131771743375,18.872048707193922,-50.72783487996461,56.89135910145906,0.0,2025-12-02,NFLX
-10.617355799652321,-15.36702405782818,1.399353144844412,-82.71760946662177,23.81649407471102,0.0,2025-12-03,NFLX
4.888935511605186,4.254651690627849,9.137971142037603,-20.605278270976875,45.57368989419439,0.0,2025-12-04,NFLX
-32.61985380735718,5.526543399761237,-95.25408686092936,343.1855445140829,-95.08897167327503,0.0,2025-12-05,NFLX
-22.985970586202654,-22.739967369100935,-15.925749674343997,-65.34729605735755,39.850750721807145,0.0,2025-12-08,NFLX
-5.2216164797321385,0.8656776949336219,-10.027811346184544,23.61555271899262,30.357334552259797,0.0,2025-12-09,NFLX
-3.60369129440368,5.290397810943234,-27.884516220539474,142.0812582624216,-157.85515130249095,0.0,2025-12-10,NFLX
13.001456918158064,12.825458339102378,9.990341556265998,31.068149089522542,1.3135335201269351,0.0,2025-12-11,NFLX
-17.85391386266382,-16.467712062099142,-20.507246062671026,-1.93392066261166,-36.990891051763114,0.0,2025-12-12,NFLX
-22.78793396705503,-22.118542793215582,-24.153861166473682,-14.592370770531051,-40.61626507152345,0.0,2025-12-15,NFLX
10.62061940092175,7.396138292346333,17.42004934367916,-30.175960255616662,33.017580424634026,0.0,2025-12-16,NFLX
-37.93516939137726,-26.583268415330597,-64.8592334936437,123.60921522223919,-123.91815758238636,0.0,2025-12-17,NFLX
-16.372542172256516,-3.8694604875866774,-37.49068863946821,110.3363366310272,-51.102348758963956,0.0,2025-12-18,NFLX
22.321842263167685,16.247681103906004,29.272010338908945,-19.379166191263355,-25.71782264877181,0.0,2025-12-19,NFLX
-16.208181715892426,-13.899893257228761,-20.929777096398013,12.121390567151728,-34.38171570595125,0.0,2025-12-22,NFLX
0.13737453165007388,-0.7432089354704325,2.2918226489047546,-12.789314171853633,22.054647325120587,0.0,2025-12-23,NFLX
3.7028925572741405,5.435748401326099,2.628783159682376,10.14754894283076,26.600129883892365,0.0,2025-12-26,NFLX
-11.158152197658856,-8.897795426682086,-12.564828400411768,-2.7180949811202253,10.574041871937654,0.0,2025-12-29,NFLX
3.1428480933287886,1.491860640150062,5.88225631886601,-13.293601259873322,2.6934675103155277,0.0,2025-12-30,NFLX
1.327485141021545,-4.859724030314358,8.67324694737599,-42.74708569708393,-9.715516276541534,0.0,2025-12-31,NFLX
-38.31876981672265,-29.075718724680442,-55.22109772342672,63.09519762352811,-77.60173083089944,0.0,2026-01-02,NFLX
1.7681127809630008,1.6015942645016374,0.2902844684370767,10.635082656132484,-31.87054213524001,0.0,2026-01-05,NFLX
3.2991407531692745,1.2653813168372912,7.185578434410213,-20.019485334254348,21.460068628532362,0.0,2026-01-06,NFLX
-13.953565103202397,-18.594229877009468,-7.229424376156943,-54.29840946546574,-8.578958243645697,0.0,2026-01-07,NFLX
2.277605779543982,7.239009012649535,-5.734762505761991,50.35181549140186,22.670995321791565,0.0,2026-01-08,NFLX
-1.6280226990557651,0.2039038247916034,-1.5881644734643057,-1.8671720525965338,53.21252601010783,0.0,2026-01-09,NFLX
0.20011943240410074,0.7092239596883854,-0.9035361063224262,6.822052664756926,-32.94623401309635,0.0,2026-01-12,NFLX
-13.963124417471333,-14.741653727348929,-8.47904615649284,-46.86759398332965,48.824974335449504,0.0,2026-01-13,NFLX
-24.00423483561104,-18.918711729983222,-31.57533901746204,21.42239025550615,-24.89309139156236,0.0,2026-01-14,NFLX
1.1348774019052519,2.5350273909027816,-7.8449931308599075,55.01410059851223,-75.16052798096291,0.0,2026-01-15,NFLX
-4.817833386831225,-1.9263801516329226,-9.17702792149193,21.33733382114431,-8.198758221897224,0.0,2026-01-16,NFLX
-16.505477057506912,-15.388328023345645,-25.380204991328895,36.74289054543466,-134.13886374848565,0.0,2026-01-20,NFLX
27.12402136877831,35.631267801549654,24.261584589273856,44.29864204581012,168.15541507325554,0.0,2026-01-21,NFLX
-21.264940875065594,-11.816870947274353,-37.52288749327136,76.282738834169,-38.206815536105665,0.0,2026-01-22,NFLX
36.93362640237243,32.4421085003054,45.23633392488195,-12.882618732668064,77.2606619286976,0.0,2026-01-23,NFLX
-6.8439605718376,-6.753861452609489,-7.355848892867204,-3.772630645648406,-28.774531897316695,0.0,2026-01-26,NFLX
4.233965115142646,4.964958476206202,11.630430751631367,-40.14482870377795,99.72947742724368,0.0,2026-01-27,NFLX
-20.135840934037155,-10.215057963330661,-36.108979403922916,75.70298988528742,-55.898351483998944,0.0,2026-01-28,NFLX
-13.718065958570518,-14.95440251798656,-10.166621504557009,-35.02673268262759,18.410213326589382,0.0,2026-01-29,NFLX
-27.11604018494808,-14.540338197186657,-51.1335084296152,116.98876928306694,-83.3167077128332,0.0,2026-02-03,NFLX
8.79154212157311,12.085163313004445,-3.40773709835565,81.98721744116504,-64.22735031778433,0.0,2026-02-04,NFLX
-35.48266726868409,-34.61298382757678,-41.75454377205453,2.1485917515682327,-83.13007194105025,0.0,2026-02-05,NFLX
0.7973761188325182,3.534716221285875,0.00896054170213256,5.5278695816235475,79.73416042378277,0.0,2026-02-06,NFLX
10.627605386817358,5.422774418523266,22.697265280543547,-61.790353975546786,50.56903741119099,0.0,2026-02-09,NFLX
-23.018463290413397,-9.458002001376753,-49.185348081867836,133.9828454583235,-110.8404708927536,0.0,2026-02-10,NFLX
-33.1808574404728,-31.970837225133817,-36.38585939507759,-13.950845712812127,-68.72296135647255,0.0,2026-02-11,NFLX
-34.04740369918986,-30.74861220603199,-43.98469953937779,25.576371341948935,-74.12085949062651,0.0,2026-02-12,NFLX
20.785849692944925,16.20901131570751,26.019513185339992,-10.616131261414349,45.716176638419384,0.0,2026-02-13,NFLX
2.9568392960645813,-6.453484177635385,21.73216292297318,-109.69510246538145,45.48304751012034,0.0,2026-02-17,NFLX
18.01132249165888,14.724668260572232,22.861155375236052,-11.087674809805984,37.17415892136354,0.0,2026-02-18,NFLX
-10.029012429830965,-7.133722547052591,-19.802936420537552,48.61453151441038,-60.46237017939555,0.0,2026-02-19,NFLX
22.612777405235505,19.733239311283178,33.960988673789586,-45.47649020607623,94.36718333731291,0.0,2026-02-20,NFLX
-5.133740478728725,-3.6992196372790076,-8.295677116731019,13.837879349294386,-0.625463950648807,0.0,2026-02-23,NFLX
22.97700977784324,20.38410971654284,30.718551224274176,-23.472238900729472,123.76630866763152,0.0,2026-02-24,NFLX
26.856970968916336,22.67525750152701,36.18755864562104,-29.12655509128939,74.86204401190447,0.0,2026-02-25,NFLX
29.916797046019425,15.650649691826095,52.5288962647814,-105.75579826653217,32.96587350774563,0.0,2026-02-26,NFLX
77.03544616573802,56.768623243379345,124.23020616604562,-206.133113836091,255.16854404944692,0.0,2026-02-27,NFLX
-10.727528633272568,-13.71988259520647,-7.4711639159458105,-30.26571693720824,-4.004110083496472,0.0,2026-03-02,NFLX
18.843023809668182,6.07472514870507,44.38873710364893,-134.4312559542104,94.9286261766705,0.0,2026-03-03,NFLX
11.583534544853366,14.14172431054688,3.7193872233632215,58.76841847380432,-8.10051113756943,0.0,2026-03-04,NFLX
-12.102787494762914,-13.459110192918821,-5.5783468755389025,-51.24943121008974,22.54942194821714,0.0,2026-03-05,NFLX
-5.219682296453825,-5.465383464932894,0.6955614546040321,-40.71114480277647,42.443461633006876,0.0,2026-03-06,NFLX
-1.42338871790683,-14.722607576662258,11.296788954986225,-77.7444547552375,72.3680446058697,0.0,2026-03-09,NFLX
-11.866346241706887,-11.62108733356676,-10.06836752030752,-22.654218570073812,-13.072958465785321,0.0,2026-03-10,NFLX
-30.59866417231172,-18.996407954489193,-42.356839210689884,39.95038605795428,-72.52934317242774,0.0,2026-03-11,NFLX
-5.905911875696876,-4.7013667865432245,-6.947067071934802,0.34101930173969536,-32.946155262280364,0.0,2026-03-12,NFLX
-6.669649175223901,1.6117027226271488,-13.506321430062977,34.35038435383153,44.79113130828044,0.0,2026-03-13,NFLX
-3.2334042855279796,4.07411516399092,-10.342852555596558,39.42328533488648,-1.5367429494844862,0.0,2026-03-16,NFLX
-16.561411682554958,-0.1896748031451482,-28.46198445273042,54.84202493850829,-78.12926968150266,0.0,2026-03-17,NFLX
8.954764327985968,-8.570780018010112,23.383687135758933,-77.61877251862778,11.672219102844965,0.0,2026-03-18,NFLX
-35.5444228370289,-9.210518237230886,-52.55901004036554,66.5431003830095,-45.71524365342445,0.0,2026-03-19,NFLX
8.28041649359976,4.4142254605167865,9.428118593569788,1.3942038937842605,55.02451957016017,0.0,2026-03-20,NFLX
11.054180801540213,0.9596810578778389,19.401173467358213,-39.027775193355566,27.543641875559732,0.0,2026-03-23,NFLX
-10.639485479732034,9.591020482583255,-24.56270413967271,72.89982647992437,-117.56586308127379,0.0,2026-03-24,NFLX
7.073824334477518,4.621701722483569,7.106092947617941,6.880212655650406,19.909473897884673,0.0,2026-03-25,NFLX
-26.389263697582276,-33.541002931571846,-26.057960505841884,-28.377082848010932,-9.112349527629345,0.0,2026-03-26,NFLX
-17.628108617760226,-11.35264149036629,-21.656762430860905,6.543814260865071,-24.9482866988271,0.0,2026-03-27,NFLX
-9.119730107267449,0.8499145432149683,-9.997570803737478,-3.852685928441186,-35.47060447727257,0.0,2026-03-30,NFLX
8.872574661507233,-9.788079286627495,21.139545156963624,-64.72924831121772,77.83220410838538,0.0,2026-03-31,NFLX
-5.949184724759535,-14.48129414123271,-1.778218365702753,-30.974982879080883,8.291697542335067,0.0,2026-04-01,NFLX
30.89262660269921,11.49806851630142,49.15172258455635,-78.66194928842907,127.09162414058288,0.0,2026-04-02,NFLX
-59.13145178742232,-51.73794930796433,-68.66207117223698,-1.9477354785244083,-46.20049922098769,0.0,2026-04-06,NFLX
-8.804053784877874,-2.394143509082325,-13.053570420992717,16.693046031824124,-2.5233929420235963,0.0,2026-04-07,NFLX
6.515019136684229,7.171442770324538,8.043644637299776,-2.6567338670004492,34.669648816633504,0.0,2026-04-08,NFLX
7.76401437216877,-31.627220021285954,39.11315256763488,-180.33081480061668,84.38493403713473,0.0,2026-04-09,NFLX
6.971585038008042,-2.6776465331312282,13.17717682335876,-30.261965674072645,73.30601856639814,0.0,2026-04-10,NFLX
15.90576261466799,3.716802593307969,23.63440862768647,-30.466113463430453,11.261657872554427,0.0,2026-04-13,NFLX
27.12362980737112,6.064277556128528,43.10627657923924,-68.77225082382415,58.59378918306695,0.0,2026-04-14,NFLX
7.044461325265005,-10.185699817296555,17.481051271872225,-55.57507835436232,100.8922712021324,0.0,2026-04-15,NFLX
6.670054251437788,1.1505633758297764,12.593093232480216,-28.868179634808875,-22.38020628848255,0.0,2026-04-16,NFLX
14.393491817572174,10.539598753977957,20.50899677557267,-22.29953793041909,15.102309828447105,0.0,2026-04-17,NFLX
14.102434434084454,-0.011691291125122185,24.397081654158402,-47.66544888634425,1.9881097909185148,0.0,2025-05-05,NVDA
26.663274194845723,11.368293264850495,36.00464949530061,-29.384977607871043,40.53464496912572,0.0,2025-05-06,NVDA
-27.944065229399353,-44.80974485344097,-21.08231365586958,-69.11457467056552,240.65119570656128,0.0,2025-05-07,NVDA
14.37487481448527,0.9586516833211063,21.78599397085562,-30.09184012372595,-19.036425882912106,0.0,2025-05-08,NVDA
-4.192231265706297,-11.329625564300114,0.3629041306330778,-31.523043643720584,10.460000862644549,0.0,2025-05-09,NVDA
24.471073993215814,-6.032457747140616,43.66876707068502,-90.7150844715866,83.92292270052204,0.0,2025-05-12,NVDA
57.72934140309363,41.104709902370125,69.3881927619787,-12.223766750221252,36.08610689213569,0.0,2025-05-13,NVDA
34.91582588238622,4.45269786055855,56.9932320234562,-97.54861096403582,103.03113265611022,0.0,2025-05-14,NVDA
21.69492054114337,-3.279064268936794,39.753857994889465,-86.65870418131627,34.588710342302484,0.0,2025-05-15,NVDA
-2.5052836693499603,-1.8652949253022624,-5.3803802017190145,14.745295524885384,6.980810055240121,0.0,2025-05-16,NVDA
31.392846635969928,30.589596928495013,30.350544798566542,37.646657660398674,52.85703492763658,0.0,2025-05-19,NVDA
8.935174480657537,-4.489945652256863,19.461088264157986,-54.220308220340925,52.75633112678194,0.0,2025-05-20,NVDA
-17.20253605385296,13.838852787464095,-21.967805327650385,11.389079588935822,-164.44662231880784,0.0,2025-05-21,NVDA
8.339699717572584,2.0429657462970776,11.182159068269913,-8.715056386587916,-27.49689712214598,0.0,2025-05-22,NVDA
22.835948005519988,5.2321282217190115,33.42494880538044,-40.69805679361668,18.81503162282235,0.0,2025-05-23,NVDA
19.798026558236266,18.4016215336697,20.15564586139213,17.652310739317926,32.328851992090165,0.0,2025-05-27,NVDA
0.652292027174991,-12.371079422857202,8.891611963652384,-48.78362759168309,-82.13947073154975,0.0,2025-05-28,NVDA
-40.07948759187712,-13.693577545425903,-48.68465192465098,11.551498404786273,-90.92115040263386,0.0,2025-05-29,NVDA
-29.50986289000662,9.07356164711134,-56.05444060971226,129.75760342823975,-56.08276004151034,0.0,2025-05-30,NVDA
16.847794056527256,0.2360158980692853,24.670082614590115,-30.085937291849913,21.70417018879625,0.0,2025-06-02,NVDA
35.71582424934176,36.445243310563704,37.539656262118,24.772832172702458,22.64451694836732,0.0,2025-06-03,NVDA
7.649839521105681,2.3116569696840705,10.743689242465953,-10.91325880704185,48.96335914292962,0.0,2025-06-04,NVDA
-19.685824938877992,5.079594582859389,-26.394296330203066,20.56500340908448,-122.58900217392359,0.0,2025-06-05,NVDA
-9.518145268993738,-15.730674252718133,-5.461108109671946,-33.860368224914495,-30.69429796930167,0.0,2025-06-06,NVDA
-17.645525453469702,4.314595900777082,-34.121247967570405,81.20880963115233,-46.224439284304694,0.0,2025-06-09,NVDA
16.34527887369486,6.059878216803662,20.886944354062575,-10.904714008501488,69.53925213152347,0.0,2025-06-10,NVDA
-11.951507902821563,11.71527997506096,-25.077689904607585,66.80558410792032,-47.27716181432727,0.0,2025-06-11,NVDA
21.921941945632064,14.542074675159757,26.99337118245067,-8.506633475275624,56.339246829386354,0.0,2025-06-12,NVDA
2.024472186008535,-4.297353887388572,12.934745433624402,-63.437167299690664,-9.95356281797922,0.0,2025-06-13,NVDA
15.532881873217594,8.385638390752645,23.809896756145317,-34.129207424342866,-21.023311540324023,0.0,2025-06-16,NVDA
-3.996722164029358,-3.3032302557427196,-3.2315647774451595,-8.587666483532582,-33.40120921888968,0.0,2025-06-17,NVDA
10.697994840842789,13.25185271290827,8.701256227630648,22.67842652012544,39.93272748120279,0.0,2025-06-18,NVDA
-21.71339398760372,-12.103453004433579,-29.445639157755544,24.680077033320995,-33.89117207472708,0.0,2025-06-20,NVDA
8.23856671609074,3.7746512190835064,10.385399030741457,-4.64242717179577,33.28454762424077,0.0,2025-06-23,NVDA
9.113957507829289,3.0183186747371447,11.628428545391591,-5.9728687175367945,49.088601433534585,0.0,2025-06-24,NVDA
43.30502856004439,19.27844560599999,54.01054430675744,-20.928065920228242,117.08253513320581,0.0,2025-06-25,NVDA
4.050722435207877,10.277609922165794,-4.253860438865766,53.87821967965339,-34.07175847599229,0.0,2025-06-26,NVDA
12.622882694725229,19.367837566108555,11.24283111035006,20.903192200990713,41.903343704650744,0.0,2025-06-27,NVDA
4.398071141210878,-5.685977306182344,9.507628026334583,-26.259270169520523,22.62469220359946,0.0,2025-06-30,NVDA
-8.294182371761204,-3.069700235818559,-17.36404617212773,46.12500043046749,-41.58326859235479,0.0,2025-07-01,NVDA
31.261897486596087,17.86549887860876,39.34124067817249,-17.214161662853257,56.88854238812318,0.0,2025-07-02,NVDA
-5.693366207266835,-3.82651333309759,-6.710228854194049,0.40780967428926823,-4.013573741367821,0.0,2025-07-07,NVDA
10.375972597930746,0.6854390211749969,15.469837486791137,-20.187216735220908,38.16582485477655,0.0,2025-07-08,NVDA
2.5662534668630865,6.923467913507451,1.4962908294528927,8.98602929134344,-5.664712081594051,0.0,2025-07-09,NVDA
10.286014479394492,-8.117028275512324,20.139202784289285,-48.83311534995163,55.022241653427585,0.0,2025-07-10,NVDA
-7.014166066159983,14.76340989053898,-20.409061691548025,73.35520768617168,-75.90876087643342,0.0,2025-07-11,NVDA
15.938363741880437,7.272739930067731,24.312538983503643,-34.306687707853605,-13.001694676702705,0.0,2025-07-14,NVDA
-3.5863387593152884,8.181025417562386,-9.871268810032081,34.12324154500708,-26.018701210113914,0.0,2025-07-15,NVDA
11.724528855826762,0.03624663625981545,18.723599710279075,-30.26989627086378,50.389647333204,0.0,2025-07-16,NVDA
15.417214788798775,10.034134878565196,19.283869989128796,-7.7827164131665745,2.6995922219128357,0.0,2025-07-17,NVDA
-7.798621460916972,-10.990278417936576,-6.003615038504603,-18.568659995392835,-1.1681141958974794,0.0,2025-07-18,NVDA
-2.9484364176443854,8.119741640962172,-9.954799897562097,39.089744461866836,-54.87944145189233,0.0,2025-07-21,NVDA
-1.160149412679269,-17.13631081409311,12.998772353059815,-86.1136800071036,-30.886819734232976,0.0,2025-07-22,NVDA
9.369687885398703,-3.2742531741146474,15.820484434854135,-29.335091411315467,70.88426309228481,0.0,2025-07-23,NVDA
15.45447097864422,-1.2580215655543088,25.647374956831186,-45.70295289046444,52.052795090768534,0.0,2025-07-24,NVDA
0.37838147553497875,8.132965920066306,-4.417461741805419,29.153440779587175,-26.717022664746974,0.0,2025-07-25,NVDA
10.418195021661715,-1.3038452220628045,15.850486594166677,-22.175554413351843,81.92333851565957,0.0,2025-07-28,NVDA
-36.57158875211344,-16.101827080884643,-53.9363070454419,67.61672100786534,-81.01851658759445,0.0,2025-07-29,NVDA
13.580271629905436,5.055235641513979,17.248575692634372,-8.429552746468177,38.03951032133054,0.0,2025-07-30,NVDA
-34.65487313084481,1.8521950329997074,-56.49672466669733,96.3962360842924,-110.45844700149851,0.0,2025-07-31,NVDA
11.623651093844197,27.67948169413519,4.069278529342852,56.94988648086534,-22.655618987366054,0.0,2025-08-01,NVDA
39.71285675187837,21.518452620486965,48.6101202265676,-13.670724096245864,99.68936665663341,0.0,2025-08-04,NVDA
1.3789856167584487,-4.302791531054392,-0.02479240665541267,9.801653757265559,10.92421915192038,0.0,2025-08-05,NVDA
18.21326464609863,5.065944814788292,24.72576552045007,-20.86174060000206,55.92731508542937,0.0,2025-08-06,NVDA
-31.31366598005194,-4.364096316761996,-47.692996058281544,66.96231448933979,-21.857369038677774,0.0,2025-08-07,NVDA
12.13509195500485,10.27068082291481,15.657783413744866,-9.001056797414991,21.432989220917197,0.0,2025-08-08,NVDA
12.722854618736246,20.321515735995312,9.103633893735193,34.438178968769016,-34.5484577234349,0.0,2025-08-11,NVDA
23.223402200935528,3.8672814833490916,36.17932531287533,-54.5121364706845,64.77069712728954,0.0,2025-08-12,NVDA
-13.761856343402226,-14.799450292039086,-17.873370598576855,10.90722918765183,19.682070991219238,0.0,2025-08-13,NVDA
7.462790256337118,13.084343959426594,0.508735232956684,49.18712039664162,17.26387101561402,0.0,2025-08-14,NVDA
2.303823019193551,0.33300607691774803,1.2501563445829154,8.625823066874757,37.546766356958024,0.0,2025-08-15,NVDA
0.17395051187515218,5.616407539641278,-7.322643932369205,45.153517177353805,6.662291599476749,0.0,2025-08-18,NVDA
-40.19080505051332,-12.991728737999255,-54.81170552949339,47.53459782336709,-122.01404047518794,0.0,2025-08-19,NVDA
50.33395570921718,7.822943695930309,79.17319146738632,-122.70145883978773,171.91832504990901,0.0,2025-08-20,NVDA
-12.536203067144251,5.875865036514855,-27.322219241808433,76.17989398085871,-9.694624487312945,0.0,2025-08-21,NVDA
53.36457264537881,37.678175369615765,66.43811329225159,-25.076671235832105,71.09698185770246,0.0,2025-08-22,NVDA
30.817199629022358,14.455084365638372,46.703743235668014,-64.50206201084684,-17.320196957420972,0.0,2025-08-25,NVDA
20.052513037964037,9.799336080220659,25.106439490038774,-10.271045674476541,29.471562411535558,0.0,2025-08-26,NVDA
13.909089212995873,6.302224106662723,19.233678616214032,-18.03844720629741,11.73259336739878,0.0,2025-08-27,NVDA
-2.29909590034694,-29.214694926262247,15.853966713153888,-111.21747158134559,28.18598156529105,0.0,2025-08-28,NVDA
-27.18070129182437,-13.046484711640648,-35.45239335421114,22.449451082506002,-22.491910198650952,0.0,2025-08-29,NVDA
-3.000130244649669,4.155997450536053,-13.285987743657685,58.71501474941183,65.57635077446177,0.0,2025-09-02,NVDA
-5.014738522312216,8.367776091821186,-13.011820029162436,42.96775051880244,0.7678743455427237,0.0,2025-09-03,NVDA
1.3020449636329796,1.4140150471674242,0.6222382780384405,5.380885077220186,51.55408530526639,0.0,2025-09-04,NVDA
14.120010666308264,-5.546415247808956,27.17308097782495,-64.19841120277133,50.280856695559024,0.0,2025-09-05,NVDA
5.505278743711582,16.819832169135996,-0.5754214152030184,41.989479697224326,-69.48329488178439,0.0,2025-09-08,NVDA
11.015248004377787,-6.577484156435719,18.509374364001214,-33.949510153339176,124.86795285210509,0.0,2025-09-09,NVDA
-1.0465829754384424,8.290395860165159,-2.334971000831815,6.6837451769314,-11.34079470336079,0.0,2025-09-10,NVDA
-16.71022218922101,-14.100575317040565,-15.367287545808598,-24.767830049685887,-34.05387839968643,0.0,2025-09-11,NVDA
1.2858255251314288,2.2760303926314593,0.7567212520895192,4.460451163395681,5.304556384497591,0.0,2025-09-12,NVDA
24.590280944977078,4.255180070231852,40.00976872189743,-67.92664571654502,61.73609039603701,0.0,2025-09-15,NVDA
-16.28653901302873,1.170689398478165,-25.750517025927582,40.49732906437407,-44.06804799052988,0.0,2025-09-16,NVDA
-7.370381851817603,-10.090241859940873,-5.424845197561797,-19.043601777350776,-13.762612783814198,0.0,2025-09-17,NVDA
33.203196081028025,26.427519101328937,38.17007359624238,3.4019309897613024,32.14711924652674,0.0,2025-09-18,NVDA
-11.293976064561784,4.906905382936234,-24.194752738143812,66.11068397694329,-2.038676471864235,0.0,2025-09-19,NVDA
-2.624385453415451,-97.31784653653466,46.995571731821364,-300.3441285648191,152.51304904925493,0.0,2025-09-22,NVDA
-0.2624303408217459,26.68922563831828,-14.991857607840867,88.11413326130409,-34.86832723959542,0.0,2025-09-23,NVDA
-13.059178800084503,7.104391246136295,-24.58257139404125,56.08117676367522,-34.90441577853147,0.0,2025-09-24,NVDA
21.15235503250453,17.469186523403547,27.017666492352763,-14.039513726572057,16.118678304371265,0.0,2025-09-25,NVDA
-4.8129310017303535,-26.63489058699335,9.296475484251749,-89.46936991761014,57.27839854699004,0.0,2025-09-26,NVDA
-11.457598207534412,6.900304347565227,-23.958108240011505,63.545461987345334,-21.791903988289064,0.0,2025-09-29,NVDA
31.070046273040287,18.408065491151618,42.565083036485994,-37.90017430761253,60.24866540829659,0.0,2025-09-30,NVDA
6.889239631859647,-0.7700536756526641,10.256026237371415,-13.3114800012064,14.242769957508852,0.0,2025-10-01,NVDA
-8.541393989565387,3.374484444115615,-15.408374347137185,32.6604881558819,-29.872142018839718,0.0,2025-10-02,NVDA
-3.8941201482264147,14.419177956198293,-11.346071367236966,40.81758716586107,-29.47275958369323,0.0,2025-10-03,NVDA
12.921285641238761,9.839016154397733,16.742106124573596,-10.003637258750352,-8.388070164074025,0.0,2025-10-06,NVDA
-23.908229197069996,-2.5801245629759504,-43.11486395658639,91.33157936003143,-72.64472316821869,0.0,2025-10-07,NVDA
8.007197285042805,11.736896607565933,3.479177685728779,35.17531488094355,36.50288905681113,0.0,2025-10-08,NVDA
-7.096798130446657,4.041236977092575,-12.000180478759438,22.3234959594418,-36.92530166303585,0.0,2025-10-09,NVDA
-50.64170194000241,33.82033106369498,-111.11354572056358,312.1893607433766,-327.3201736348907,0.0,2025-10-10,NVDA
-2.371334474853202,0.8107056583152267,-4.439496635687985,10.037638490153983,1.009636898426611,0.0,2025-10-13,NVDA
-1.1934636282976039,1.7783174746258734,-3.7410667092504837,14.092154857438402,-113.01531386128562,0.0,2025-10-14,NVDA
-29.232132031829547,2.3472404324364877,-47.41038501916565,79.83738589219809,-58.33601956310531,0.0,2025-10-15,NVDA
-5.5786743087432935,8.384442883717862,-13.321268437279008,40.876890462488205,7.904600943848539,0.0,2025-10-16,NVDA
23.442332445697318,16.913239996331562,19.293932683987215,48.33273101596262,46.14009762036146,0.0,2025-10-17,NVDA
-1.8136377110652941,15.066611281125166,-13.60132899454187,68.91250998980654,-60.33486747836795,0.0,2025-10-20,NVDA
3.918476059249741,-5.9351410109516,15.046924847363712,-62.85221666941841,-10.184156302984652,0.0,2025-10-21,NVDA
-18.84549123594482,-4.634077963824688,-30.959959616284117,53.8413190460878,47.88341962529425,0.0,2025-10-22,NVDA
17.991306882233893,10.022981301246961,22.986980320178628,-11.982733745425154,22.11575904521319,0.0,2025-10-23,NVDA
3.352078192738884,-9.372692108862658,11.101692915954724,-43.14561014654236,45.57370082325851,0.0,2025-10-24,NVDA
14.127631870441364,3.970418016567905,22.397734125949,-35.49298166258952,45.847148125728474,0.0,2025-10-27,NVDA
-28.994253711086824,-97.45276262022882,3.0058170390611005,-220.99467821195563,195.1171218193519,0.0,2025-10-28,NVDA
-35.38963546189425,-0.5120086326498373,-58.75761319303458,104.81823092495864,-65.98623290807728,0.0,2025-10-29,NVDA
-8.4590526242941,-15.315674693205422,-2.2879153858009973,-45.485876055242926,-16.238528387332913,0.0,2025-10-30,NVDA
-24.172682492193395,-3.3002834871444677,-35.45937752469374,43.547487702824,-106.99828461375346,0.0,2025-10-31,NVDA
-6.975720836014445,-9.371928545321584,-3.177324661699495,-29.7660978818946,-66.95116243470392,0.0,2025-11-03,NVDA
-21.718440452805535,-8.780954187627561,-32.02193674996649,40.102537330171515,-115.20960258763996,0.0,2025-11-04,NVDA
16.4380114308235,28.168794339220465,12.261318828691731,41.49816704362976,-232.7754656900895,0.0,2025-11-05,NVDA
-39.490026159494334,-13.525606148201991,-68.45237094702827,134.28404256572568,-122.66239029046939,0.0,2025-11-06,NVDA
30.01969229372615,5.064099470306351,44.82284553637928,-58.7992271621896,258.1914772134038,0.0,2025-11-07,NVDA
19.084848258206293,8.649384748905366,22.329114200109405,-0.38074739321093676,122.69452919315984,0.0,2025-11-10,NVDA
0.10436093789465915,-6.7225424273790795,5.743132814778406,-33.72827032339164,2.5069129745796648,0.0,2025-11-11,NVDA
-5.9756666630556055,-6.309437243824789,-5.938735036002781,-6.197256425357812,53.96594682370795,0.0,2025-11-12,NVDA
-3.8463640318489523,8.215268369201052,-18.631100846977223,84.86205685893286,23.413203258836024,0.0,2025-11-13,NVDA
80.59828349261525,62.40648511847458,103.04032511492005,-54.05396624119846,119.66587707660382,0.0,2025-11-14,NVDA
-2.3607994136621286,7.057665383896849,-11.209500504204168,50.73140712961144,-0.7149776910674454,0.0,2025-11-17,NVDA
14.186222240251022,10.141081124661572,20.35193963310922,-22.808082116896617,-49.14386200442602,0.0,2025-11-18,NVDA
0.8695993348286858,13.201235416189819,-16.602797139628006,105.70397818159486,59.92286728122762,0.0,2025-11-19,NVDA
-112.90735561985046,-37.99711910390392,-188.48075361623506,340.53303235847096,-351.6084478799697,0.0,2025-11-20,NVDA
28.660708186181083,-2.9232077826153837,65.90539473826705,-194.8074111263252,-19.106588532302116,0.0,2025-11-21,NVDA
18.657639322003078,-7.7542364567285835,51.17934914864547,-176.47261963783876,74.6345688996571,0.0,2025-11-24,NVDA
75.73378763105177,38.488139363222814,116.01426931890926,-165.94910249608006,220.63019598554243,0.0,2025-11-25,NVDA
1.2387150549997132,-4.401402603834369,9.47186070630739,-48.16015885283532,-14.633860108753469,0.0,2025-11-26,NVDA
42.20126174041859,37.17448438017485,46.86689662589087,14.207452427615118,77.47538980950512,0.0,2025-12-01,NVDA
-31.530670151327698,-20.940394421714984,-46.30268510787109,57.101419587935794,-46.897105150198506,0.0,2025-12-02,NVDA
7.316080233430753,8.421135028324754,7.316060072044571,7.316201201754151,-30.975112171728025,0.0,2025-12-03,NVDA
14.50914842770616,1.8729274790238974,29.32577878823727,-74.39063373548362,52.77092128319662,0.0,2025-12-04,NVDA
-11.192977530404141,-6.246172540918489,-17.563420628723406,27.02968105953641,3.993813763121486,0.0,2025-12-05,NVDA
-3.114255744715177,-16.936477108432314,9.342439159030006,-77.85442516718628,59.25035268985414,0.0,2025-12-08,NVDA
0.30988333561225845,-0.01978232845903289,1.4454964988035088,-6.503795643507553,11.899237570739903,0.0,2025-12-09,NVDA
-12.878086339890828,-9.64680817566596,-18.674571129915023,21.900822400277583,17.561672169560126,0.0,2025-12-10,NVDA
23.657873069928378,7.65800827534342,35.04191925241009,-44.64640402494286,114.70266217285429,0.0,2025-12-11,NVDA
-47.56505323829824,-24.522703626813286,-73.74317085792374,109.50365247946435,-146.69619118682883,0.0,2025-12-12,NVDA
4.035115439691836,-3.26703072421743,17.45114584618707,-76.46106699927476,-32.43497052554347,0.0,2025-12-15,NVDA
2.9439593157273736,-2.8629300598365397,7.33090933578975,-23.377740804632392,53.64263380202064,0.0,2025-12-16,NVDA
-36.22030572333496,-15.756159149763679,-61.614709985235166,116.14611984809271,-84.57605306764972,0.0,2025-12-17,NVDA
4.554788541922123,8.94515866640934,0.2290505165402865,30.509216694219653,-28.513935986280277,0.0,2025-12-18,NVDA
31.716515631963983,18.667972326610137,44.765988294347046,-46.58032034231539,83.22761430163015,0.0,2025-12-19,NVDA
3.4191621378564268,3.845214944026685,3.1992131642296875,4.73885597964322,16.195030462558105,0.0,2025-12-22,NVDA
41.868413271119024,20.457757136350335,66.13869718896451,-103.75329023592656,106.43080869682771,0.0,2025-12-23,NVDA
5.172470300503982,6.989721906880555,2.766135436770213,19.610479482922948,-34.78183921347383,0.0,2025-12-26,NVDA
-5.64116994378724,-8.796183677946162,-3.580015860237416,-18.0080944450771,33.965687116282936,0.0,2025-12-29,NVDA
-0.9601340195472315,-4.725381331455294,4.931377712008494,-36.30920440887251,-16.096540281978026,0.0,2025-12-30,NVDA
-16.609066783780044,-7.538151518776013,-23.7880639461105,26.464916190225313,-107.47557952940451,0.0,2025-12-31,NVDA
-28.517050922854725,-19.097404056931925,-38.696994280955444,32.56260922575709,-61.08873882693994,0.0,2026-01-02,NVDA
-32.81876357807771,-15.802130352755208,-48.74104385497367,62.714918083299565,-41.313482709758595,0.0,2026-01-05,NVDA
-40.218251881679286,-17.14970282894279,-65.79455717556058,113.23957988162357,-106.03881023625534,0.0,2026-01-06,NVDA
3.2480797456046107,13.499737415522569,-8.519993018271817,73.85651632887368,-19.75411052073757,0.0,2026-01-07,NVDA
-20.395763920045372,-12.2028543557137,-30.99345041319188,43.19035503885206,-9.157342890414704,0.0,2026-01-08,NVDA
4.968395007744443,3.131758741959412,7.491644844007467,-10.171104009812206,-16.220216392558804,0.0,2026-01-09,NVDA
15.98742562723432,6.602007438007721,26.87615204864632,-49.34493290121931,-34.25354873005518,0.0,2026-01-12,NVDA
2.0877101924187356,-6.737348104212436,13.053441350119034,-63.706676753775376,39.07807029112633,0.0,2026-01-13,NVDA
2.986869089305018,-1.9065011556135598,7.425670959997167,-23.645942134829145,58.44900958284374,0.0,2026-01-14,NVDA
0.2551826372695883,-2.5375465611618164,3.7048922983846286,-20.443075329396464,-44.91356060344908,0.0,2026-01-15,NVDA
-20.83838269764512,-18.6849006313715,-21.11115183046615,-19.201767900715925,-94.11698409619957,0.0,2026-01-16,NVDA
-25.665624488317658,-12.812034600546689,-37.30581085213817,44.17549369460545,-99.7093365415568,0.0,2026-01-20,NVDA
7.078133706421738,-2.1339796407003973,17.092566449001627,-53.00846274904666,85.07596971712955,0.0,2026-01-21,NVDA
-3.920885119580871,-1.672424226936288,-4.164194245320948,-2.4610303651358016,-4.623817443607346,0.0,2026-01-22,NVDA
-6.278051313394708,-6.1834476175919715,-6.030703483123112,-7.762138295012172,-6.963452035000226,0.0,2026-01-23,NVDA
-18.0790029687277,-12.461714502299966,-24.15348931862136,18.36791513063123,-32.75405432383396,0.0,2026-01-26,NVDA
14.174973960351668,13.0951449983806,17.293113110512593,-4.533860940600344,-24.38069918261958,0.0,2026-01-27,NVDA
7.787965059926303,7.1654910320611975,8.843970593776012,1.4519318568429003,8.505776217204431,0.0,2026-01-28,NVDA
10.486939803079423,-3.931809526810953,20.00752948059058,-46.636598261963556,137.7532458951035,0.0,2026-01-29,NVDA
-25.9346003976002,-20.525123779817644,-33.63413526908862,20.262608831342938,21.935743049965055,0.0,2026-02-03,NVDA
-21.957260999177,-3.2732357256526137,-43.73556103726639,108.71253922935611,-62.15948878277437,0.0,2026-02-04,NVDA
-9.562357830441671,-19.009632734061434,7.058212724191594,-109.28578115822816,-95.73958663485291,0.0,2026-02-05,NVDA
74.00651323241777,58.81150500431881,90.01993703923743,-22.07402960849858,128.70162896924813,0.0,2026-02-06,NVDA
10.678914378393642,12.764860951473224,12.112765073931111,2.07581020517182,-43.56517148495939,0.0,2026-02-09,NVDA
-19.47250484711633,-18.840069280477042,-19.54676291786699,-19.026956422597383,-48.742069082083546,0.0,2026-02-10,NVDA
4.151491440155467,-8.971567197519823,22.014006781261337,-103.02360060647976,-44.87385494462722,0.0,2026-02-11,NVDA
-39.00086536236211,-18.401031695205468,-64.69402366968924,115.15808448161866,-137.07438815866053,0.0,2026-02-12,NVDA
-15.419588933146585,-10.46980394854999,-19.736554240855803,10.482202913121084,-59.94128684178368,0.0,2026-02-13,NVDA
47.714041510138365,15.235781529760324,84.03404783631142,-170.20599644687206,78.79394640098056,0.0,2026-02-17,NVDA
16.623217208324885,27.70619841105313,7.30320080331533,72.54331563840636,-27.541991392784897,0.0,2026-02-18,NVDA
-1.8100196332870195,2.676116570094263,-7.3605166768551795,31.49296262813562,45.97750642648798,0.0,2026-02-19,NVDA
11.176605633806306,2.3332016788104117,20.18921578974303,-42.89905530181556,63.92708779340425,0.0,2026-02-20,NVDA
-11.080950456924691,-10.6064404385271,-13.487901252574355,3.3607543169822067,18.523347597675503,0.0,2026-02-23,NVDA
31.23201527152121,25.818183126623893,36.62561043396785,-1.129555703136433,43.65475204609044,0.0,2026-02-24,NVDA
13.97792884043521,10.165350514221036,18.86987600258032,-15.37375413241084,-23.78234341301607,0.0,2026-02-25,NVDA
-55.112813294699166,-48.59758748265773,-56.29089401488089,-48.04432897359965,-111.95072000595485,0.0,2026-02-26,NVDA
-21.841990228164754,1.5524003193219118,-43.522224610832666,108.2394160678617,-151.6448106936951,0.0,2026-02-27,NVDA
44.144369055157554,30.520335974272363,58.03261576006931,-39.18511117429421,62.90668018480201,0.0,2026-03-02,NVDA
15.367060971657983,0.2738573716402462,32.34244872546053,-86.4852655511557,42.33396313357668,0.0,2026-03-03,NVDA
12.510447330075513,13.876675957046528,9.12511756416409,32.822425925547165,2.1996754652994728,0.0,2026-03-04,NVDA
8.491586077310178,11.176215185312657,6.5152166174466135,20.34980283650253,110.51858141486954,0.0,2026-03-05,NVDA
-3.348068703500295,15.316170434662778,-18.220428726333232,85.88609143350364,-143.21774501172803,0.0,2026-03-06,NVDA
37.68116169791401,4.79613871117982,57.54448878430566,-81.49880082041376,170.76551994073495,0.0,2026-03-09,NVDA
18.737219292764593,12.398943738157627,27.982150851278565,-36.73237005830538,1.9739242702874154,0.0,2026-03-10,NVDA
-8.929237874606015,2.118528198513308,-20.070832867236845,57.9203320811866,9.48942841351417,0.0,2026-03-11,NVDA
-0.5897019382217077,-15.613668736099292,10.315096293216142,-66.01849132683795,-15.55408573445722,0.0,2026-03-12,NVDA
-42.18807895137645,-9.555961768897268,-65.00387029722702,94.70666912373173,-106.01633440762066,0.0,2026-03-13,NVDA
-6.801094856417122,0.19212975962706527,-8.273836629409637,2.0353557815333296,-49.04269756425597,0.0,2026-03-16,NVDA
-8.394814076489775,-3.466637350969674,-12.7675739630935,17.841745243151234,-43.98608507884277,0.0,2026-03-17,NVDA
-6.458265031873116,2.855231404279235,-9.61927250033109,12.507779778876294,-93.47794811256624,0.0,2026-03-18,NVDA
21.671737038602025,8.566602462517883,30.52874867709639,-31.47033279235301,19.610238692908254,0.0,2026-03-19,NVDA
-23.5540246335399,0.14840310488427255,-34.392096964817476,41.47440935413368,-114.80315938873993,0.0,2026-03-20,NVDA
-24.123594394625346,2.6698046224943837,-39.922330067172766,70.66881964067043,-63.22963195897106,0.0,2026-03-23,NVDA
1.4348001280446405,-7.2237069849098035,10.131724486052562,-50.74674601998828,9.776549010426267,0.0,2026-03-24,NVDA
-1.8020325445060494,13.39577955415746,-9.799088535874137,46.18030340372467,-31.37264938627641,0.0,2026-03-25,NVDA
-29.212543995703648,0.37024453972107607,-45.78704915896835,70.23448698389767,-136.56254467683465,0.0,2026-03-26,NVDA
-20.786771919002028,-14.312060984148161,-17.93245327775074,-37.91268376650302,-61.059587738370844,0.0,2026-03-27,NVDA
-34.1634226366806,-13.184439825611516,-44.01200000165523,24.928041553189374,-86.18679672650417,0.0,2026-03-30,NVDA
40.321810625151336,5.61496527038901,54.64111095519105,-45.593991355070436,152.3535604663406,0.0,2026-03-31,NVDA
6.129393555025225,9.789907992147974,6.0482871481763,6.6160319961300775,-16.100116735909264,0.0,2026-04-01,NVDA
54.16670370215668,26.78558495382042,76.09580435067882,-77.40790018896328,113.86593388390139,0.0,2026-04-02,NVDA
10.146688029563869,3.8227035276889665,12.490889592291131,-3.9185213467868496,44.71048777261182,0.0,2026-04-06,NVDA
9.05253961082219,-7.10397487675588,16.39034242963597,-34.9742773020427,136.6303957476933,0.0,2026-04-07,NVDA
-22.15225465089541,-22.732182727853584,-23.590535638847367,-13.522568723169627,2.9569343318475187,0.0,2026-04-08,NVDA
20.02751454729543,0.4164719243921172,33.93286499939897,-63.40458816531339,58.32416855593937,0.0,2026-04-09,NVDA
24.523406060683694,19.244276307728313,31.794400623125835,-19.10256131394803,24.20613514351063,0.0,2026-04-10,NVDA
14.639739523897687,13.726568810636504,15.49523007214193,9.506796234450343,51.47960281960825,0.0,2026-04-13,NVDA
36.22283558426755,7.770300371263233,52.28565028314101,-60.15405260896445,126.93341606906297,0.0,2026-04-14,NVDA
2.9525646175468574,19.329557280220072,-3.5967272927708165,42.24831607947296,23.48801965781156,0.0,2026-04-15,NVDA
10.192265555085088,6.371038925131903,17.02318438254452,-30.79324740965573,13.15118958472871,0.0,2026-04-16,NVDA
6.085595937692326,1.1520599049497378,9.07641728457743,-11.859332143587121,51.6955943130282,0.0,2026-04-17,NVDA
8.727505255467987,3.8506301530915232,12.717726268623117,-15.213820823458123,-13.672311488680341,0.0,2025-05-05,QQQ
6.641695610431897,6.5671086397316225,7.540725546908643,1.2475159915891156,-12.548855678050886,0.0,2025-05-06,QQQ
-6.340784854336395,2.287752225517833,-16.096545768093854,52.19378062822016,41.014827210038945,0.0,2025-05-07,QQQ
13.959622495107837,0.4973439153088661,24.997587464139798,-52.26816731907695,-22.73984147266099,0.0,2025-05-08,QQQ
-5.473978572960479,-4.529466988594325,-6.071903567422458,-1.8864286061746265,-0.6590783237497477,0.0,2025-05-09,QQQ
9.894319696094925,-1.3373918870291932,19.29206198977229,-46.492134065961395,54.49048070878008,0.0,2025-05-12,QQQ
17.936660658743424,11.771931897184999,23.81249033275448,-17.318317385309662,10.836060225850964,0.0,2025-05-13,QQQ
2.628417492149394,2.5986989644542313,3.8362250303277405,-4.6184277369097035,20.108837673252946,0.0,2025-05-14,QQQ
10.257597398279536,1.7608233907776942,18.95905618315719,-41.951155310973235,19.01636570786851,0.0,2025-05-15,QQQ
6.183458622464827,1.9016346625565206,9.171335695679739,-11.743803816809335,30.2797734115684,0.0,2025-05-16,QQQ
16.221610430311834,10.18933801152998,20.79794783464717,-11.236413995682685,43.854272421162754,0.0,2025-05-19,QQQ
3.6939677961489568,3.341300982954785,4.869966661790535,-3.362025397689562,19.940922802288306,0.0,2025-05-20,QQQ
2.13559543012368,15.482727882589357,-4.284151216800229,40.65407531166934,-70.76138498697226,0.0,2025-05-21,QQQ
4.421971706324128,0.6330646164189744,6.090003935665206,-5.586221669702489,-28.186399281846942,0.0,2025-05-22,QQQ
11.155679864207901,5.180848312229319,15.386116350105313,-14.22693905117322,2.5951960237957015,0.0,2025-05-23,QQQ
12.185672152282915,6.789933134846444,16.598556566191192,-14.291634331140482,30.936815993797847,0.0,2025-05-27,QQQ
-0.3647586375286344,-0.8357330240228719,-0.586109803391822,0.9633483576744958,-38.38761667507236,0.0,2025-05-28,QQQ
-11.883149297448183,-5.69618902500924,-15.090883066173957,7.363253314928289,-14.24241815728662,0.0,2025-05-29,QQQ
7.064739527024114,15.846975862020425,0.9331932107186288,43.85401742486142,37.66709375025146,0.0,2025-05-30,QQQ
16.060883871016554,7.871089986588227,22.037086134550737,-19.796329710175446,51.96332856201646,0.0,2025-06-02,QQQ
11.751016132351916,5.448758816023255,17.390423254749578,-22.085426602014632,16.456556864381145,0.0,2025-06-03,QQQ
4.168204477095467,2.4193493294618054,5.474195621002914,-3.667742386336311,1.91209171883738,0.0,2025-06-04,QQQ
3.6368268503022745,12.32905972007211,-0.5788949989741767,28.93115794597174,-69.85871319767054,0.0,2025-06-05,QQQ
-2.0325101640591416,-3.648997371052283,-0.8853570660629043,-8.915428752025843,-6.464503211633951,0.0,2025-06-06,QQQ
1.4727660783927483,1.041140612063169,0.8768771108666314,5.04809988356443,-9.448244591077993,0.0,2025-06-09,QQQ
6.079536590982041,3.0090808555616317,8.413617143364934,-7.9249467233110495,33.57843650857948,0.0,2025-06-10,QQQ
3.0608899695672394,11.786261323133688,-3.8966989322312005,44.806423380355746,-24.23418481063857,0.0,2025-06-11,QQQ
4.731116221986901,3.4968214456955806,5.650149802470093,-0.7830852608951923,6.622755299195102,0.0,2025-06-12,QQQ
3.638311028041036,0.07596526232080227,10.000982422019572,-34.53771733582802,-23.74609444121444,0.0,2025-06-13,QQQ
7.145162479092832,8.536583272772356,5.845544228727657,14.942871981290272,5.018410526120637,0.0,2025-06-16,QQQ
-2.0319091524243946,5.492077807948322,-7.743593634932703,32.23819774262759,-35.198775190667945,0.0,2025-06-17,QQQ
-0.6511321697514637,5.8433963490695495,-6.167369568340537,32.44629222180013,-24.506173151244546,0.0,2025-06-18,QQQ
-11.658113842774535,-5.758332767805714,-17.64328977030897,24.252941722445005,-17.443934473751167,0.0,2025-06-20,QQQ
14.243210247219531,11.873865895224137,15.413190011855438,7.223331659423435,48.10726142355567,0.0,2025-06-23,QQQ
7.070075196623546,1.2275007170936107,12.785088261950497,-27.22000319533605,15.92478570021772,0.0,2025-06-24,QQQ
-5.056593617788492,-2.1003371680354865,-7.704939290368888,10.83348041771909,-0.6223754093572946,0.0,2025-06-25,QQQ
7.225719481501083,1.3255433607024203,11.460172623152953,-18.180999368399704,26.589423571882385,0.0,2025-06-26,QQQ
4.912198585183597,9.21885742162447,2.2564062152651423,20.846952804710924,6.149713429442927,0.0,2025-06-27,QQQ
-0.27713466496381917,-0.9821293979022614,-0.005813349341737521,-1.9050625586756613,19.07462063342652,0.0,2025-06-30,QQQ
-0.4118473260283675,2.1273003320845643,-4.38282253264189,23.414003913665223,-10.464754262633056,0.0,2025-07-01,QQQ
8.03428798719284,5.618606111586588,10.187098053812829,-4.882572412527086,19.58329794747191,0.0,2025-07-02,QQQ
-3.4568818510389674,2.593922720785562,-7.909616303523772,23.259524863878095,-0.6494994388115279,0.0,2025-07-07,QQQ
0.6905696482297254,-2.009876418677683,2.502756628875955,-10.182552235633247,-2.761721122785867,0.0,2025-07-08,QQQ
0.33934272209481753,2.113705628579658,-2.1883751703897802,15.50565007701264,17.756790868863234,0.0,2025-07-09,QQQ
3.355168583622732,-1.5506533317839757,8.221785370676384,-25.84453213868075,7.846983116948638,0.0,2025-07-10,QQQ
5.281807829354407,4.62011985733713,4.593205826773965,9.413419844853456,-6.454875850262499,0.0,2025-07-11,QQQ
12.461058887534783,6.598536261805586,18.177757323961014,-21.839131731018504,18.23694279193083,0.0,2025-07-14,QQQ
-3.2492632467379545,0.4959117147594328,-6.647286453496947,17.138875993832276,-37.26377175940063,0.0,2025-07-15,QQQ
11.323084102300035,8.390718152754129,12.983569989759218,1.360168777567452,31.688819790286274,0.0,2025-07-16,QQQ
8.147944272562718,2.047523151197659,14.222368230953188,-28.298599477776055,16.09438333280333,0.0,2025-07-17,QQQ
-1.3529907183396455,-2.3806327680266097,-0.045965806517016414,-9.195140189271367,4.528621384859146,0.0,2025-07-18,QQQ
4.852509357768477,6.1796313082443275,3.0696032844018126,15.549945797964439,-14.865015118624823,0.0,2025-07-21,QQQ
-1.2809407598585558,-4.341488138373428,1.6894593019851663,-19.103341130918864,3.7091635101924965,0.0,2025-07-22,QQQ
4.927436375165269,0.05963929716342543,9.044681586354832,-19.776034891968063,36.11590059586174,0.0,2025-07-23,QQQ
1.2938670630000106,-2.1190190402759796,4.615845093058724,-18.63800111734221,-1.1197232475725198,0.0,2025-07-24,QQQ
5.56856762016046,3.0650328152053854,7.571545460289841,-6.449299420601776,-0.5345753869494074,0.0,2025-07-25,QQQ
-0.8501584781882877,1.0176215179623782,-2.5074888402287514,9.093823694068506,4.4276501292017905,0.0,2025-07-28,QQQ
-7.517806895306629,-3.3573997203280967,-12.869764548738573,24.593939025297036,-20.613520630768615,0.0,2025-07-29,QQQ
9.315479895590238,9.031701566097746,8.939862716193336,11.569182971983668,3.9977293843862856,0.0,2025-07-30,QQQ
-9.101798173301745,2.7546003481383283,-20.169760692733764,57.30597694329836,-64.55905981514171,0.0,2025-07-31,QQQ
-7.180975192737901,-2.2390015390066744,-12.342119029905842,23.78588783028408,-21.795318789738776,0.0,2025-08-01,QQQ
9.790404240892148,7.415261364449023,10.85254938462462,3.4175333785094364,26.167358873020397,0.0,2025-08-04,QQQ
-8.664536172968656,-3.2482517573445433,-15.505778560447474,32.382918151912335,-34.50573674343074,0.0,2025-08-05,QQQ
15.83385053604462,3.653127836374531,27.58413553399279,-54.66785945162829,42.50551781434058,0.0,2025-08-06,QQQ
-12.11079149412129,-2.402151548324215,-19.89441311654981,34.590938240461824,3.3985331111350585,0.0,2025-08-07,QQQ
7.716163597490178,6.407497992798959,8.65858588492865,2.0616298728613267,18.277668605252646,0.0,2025-08-08,QQQ
0.8146030656943489,3.8308643798673367,-2.0262503706054047,17.85972368349287,-30.87606909368795,0.0,2025-08-11,QQQ
19.59787315360455,10.474969824469209,28.096435653253284,-31.393501844272112,44.282273148433546,0.0,2025-08-12,QQQ
-3.7709488224796734,-2.69661030147016,-5.215239631244313,4.894796030104247,-0.4340060533960837,0.0,2025-08-13,QQQ
0.2642394699914265,1.013018305204241,-1.8279307311090225,12.81726067659804,0.5720575107922286,0.0,2025-08-14,QQQ
-0.6020344140858925,2.188444024168047,-3.7976825958203104,18.571854676318647,-3.249609113216457,0.0,2025-08-15,QQQ
0.5433065937593378,0.026636712735167833,0.39655251397272356,1.4238310724770513,10.096588837432806,0.0,2025-08-18,QQQ
-14.828512142477825,-5.737464535681595,-22.456281813691426,30.93810588480776,-35.83519187545861,0.0,2025-08-19,QQQ
8.06665016526774,-2.0478985470405866,18.88539476749477,-56.84581744806821,42.16280981572785,0.0,2025-08-20,QQQ
-4.471717225329624,4.860442295206663,-12.941047324967087,46.34426337250322,-8.81716558748772,0.0,2025-08-21,QQQ
16.94881687911183,15.948573099234496,18.826270373655902,5.684095911847397,10.934556182506922,0.0,2025-08-22,QQQ
6.326160205109132,5.489204211095652,7.792924908499184,-2.4744280152192424,-22.242841780333446,0.0,2025-08-25,QQQ
5.895973237248062,4.943659310641203,6.094629109525078,4.7040380036058655,23.431614510704872,0.0,2025-08-26,QQQ
5.4095073137806216,4.4889036287937,5.851932684966459,2.7549550866794883,12.703855769695801,0.0,2025-08-27,QQQ
9.888556087049958,1.1770003201468597,17.1516986374302,-33.69029921521767,22.899712482835493,0.0,2025-08-28,QQQ
-8.205020556013954,-4.908612805945349,-10.758088844267863,7.113389173515487,-4.0689658753139595,0.0,2025-08-29,QQQ
2.982219720464887,6.778730804307696,-2.6788254159594507,36.948490539033116,44.051711309450575,0.0,2025-09-02,QQQ
-1.6065879680572275,0.8543930672937198,-3.2195672763842738,8.071287881927026,16.506045244695557,0.0,2025-09-03,QQQ
8.120832835568331,1.5517915076241042,14.588707094753865,-30.686412719527006,47.7376795042948,0.0,2025-09-04,QQQ
-6.081793526665883,-6.137506271738007,-6.26355430107437,-4.991228880197178,10.667018608771789,0.0,2025-09-05,QQQ
-0.8803395922365207,3.300731540897262,-3.6411062468336173,15.684260335357832,-8.998816157907326,0.0,2025-09-08,QQQ
4.801873127705973,2.3985337726421077,6.096626006707155,-2.9666441462971886,20.597050457772625,0.0,2025-09-09,QQQ
-7.349271219855858,-1.144362489473558,-12.24562384785604,22.028844548151092,-14.93949361890383,0.0,2025-09-10,QQQ
4.88918797884879,2.193335104939883,8.345126227993987,-15.846441516006811,3.8489195290420355,0.0,2025-09-11,QQQ
3.1638080664782473,0.6333126959888589,5.330251193199985,-9.834850693844427,5.685050279780203,0.0,2025-09-12,QQQ
3.5039966430668095,2.5026070362803345,4.503561316772996,-2.493391399151051,21.2058311900214,0.0,2025-09-15,QQQ
-2.937552008255652,-2.9344564215684477,-3.388566080940161,-0.23146757215244113,-4.205748048538378,0.0,2025-09-16,QQQ
1.1321780265441568,-0.02959828511200968,1.637431674219555,-1.899343859502444,12.515368823460866,0.0,2025-09-17,QQQ
3.224009663816878,6.013010281052241,0.8763912397796885,17.309720208049548,-17.56545760861841,0.0,2025-09-18,QQQ
4.634907745194755,1.409668090758177,6.150429439492761,-4.458222420581879,26.15141233870477,0.0,2025-09-19,QQQ
9.958546930863958,4.130324879224604,14.52819174132244,-17.45932193189071,20.975864861155923,0.0,2025-09-22,QQQ
13.621638187866399,20.71873583481553,8.59615378884577,43.77454458200537,-6.846608460633463,0.0,2025-09-23,QQQ
-3.3230214340451725,2.924572471681727,-8.307724966963232,26.58519976347462,-4.772426706667818,0.0,2025-09-24,QQQ
8.255599971838237,8.916325013292086,7.6207239098706,12.064856343651734,17.296660862970487,0.0,2025-09-25,QQQ
10.655931506434408,2.3566533283959927,18.056610829122395,-33.74814442967821,30.87431223618194,0.0,2025-09-26,QQQ
-4.926081479190553,1.4121167913855206,-11.386930643081737,33.839013504171724,-13.777637521250096,0.0,2025-09-29,QQQ
2.345048687615452,0.05889895728649924,4.503116389829339,-10.60335752565837,35.70429689169744,0.0,2025-09-30,QQQ
-2.2498899136725736,-9.464310721423045,3.190941242045665,-34.894876847963125,17.743284178706073,0.0,2025-10-01,QQQ
2.8211703817389187,0.9636608602492603,3.4704611014897644,-1.074573936764277,11.073542058496367,0.0,2025-10-02,QQQ
0.6298048845792044,4.56343862318324,-1.3956650419128147,12.78262444353884,-25.663934752766192,0.0,2025-10-03,QQQ
3.77724695451931,-0.778529909371396,7.243282354770372,-17.0189654469721,-1.1410515399637944,0.0,2025-10-06,QQQ
-10.45275667337773,-1.4050685845894098,-19.811614174692163,45.700388334520134,-20.50286888477491,0.0,2025-10-07,QQQ
9.582828440726242,5.475230334920554,13.217334618101194,-12.224208623514143,33.88857806854769,0.0,2025-10-08,QQQ
-2.445193119780066,-1.3715957881305467,-3.155817288668247,1.8185518935527523,19.373205211715653,0.0,2025-10-09,QQQ
-24.6171536206185,12.632265251940312,-63.546538957629295,208.95915840145767,-165.01711370210867,0.0,2025-10-10,QQQ
13.811027551921665,8.295671094389947,18.896742792102444,-16.70326388915733,23.503933985925723,0.0,2025-10-13,QQQ
25.575180774793857,14.299389058193887,32.55552693152848,-16.3068961656101,-3.7708674013317043,0.0,2025-10-14,QQQ
0.4250573771482228,14.092789221097847,-9.85739272231732,62.11975797394903,-8.071345384145475,0.0,2025-10-15,QQQ
-10.466266881471558,6.27819668955007,-23.452440716555852,67.45077612903987,-31.73563630360524,0.0,2025-10-16,QQQ
19.199650734019745,13.299562917288036,20.24098977686974,12.951616476929228,43.053461378133555,0.0,2025-10-17,QQQ
10.689681517721898,8.515892739584821,12.818582181435383,-2.083722464553434,5.128938395688794,0.0,2025-10-20,QQQ
4.532460404416343,-0.06954183428974993,9.010635940347214,-22.33659281116145,5.072797843626349,0.0,2025-10-21,QQQ
-12.191813291129037,-3.321752759849026,-19.863456106289835,33.83804359984139,0.6351312463332591,0.0,2025-10-22,QQQ
15.078913924179899,9.362813763264931,19.929751993315087,-14.02611449063122,28.675256303294386,0.0,2025-10-23,QQQ
5.723302109484211,3.363079786188026,7.924200701924718,-7.482089445147778,-3.6749744525038635,0.0,2025-10-24,QQQ
5.013620067319682,2.1633644336127107,7.886490972946778,-12.223605366446522,24.24586317208635,0.0,2025-10-27,QQQ
3.6740219344698084,-3.3084818153500026,8.672451973498681,-26.316558299703427,16.2560095966822,0.0,2025-10-28,QQQ
5.036958168456407,8.366363188986663,1.9878133926887136,23.3318268230769,16.716243434786513,0.0,2025-10-29,QQQ
-4.890760614717361,-3.2528577056208414,-6.006563551201426,1.8040570042032864,-56.017416268305894,0.0,2025-10-30,QQQ
-5.655543334817526,1.5736356992351215,-10.141770881954482,21.26182194800061,-21.875266807225145,0.0,2025-10-31,QQQ
-3.678504696486802,-5.341076453702182,-0.6977508804737205,-21.563027592547297,3.1266107704161485,0.0,2025-11-03,QQQ
-6.8379433424445555,-2.0179442883400864,-18.145059177399734,61.0047516673066,-51.617996781107564,0.0,2025-11-04,QQQ
21.154229362440873,18.038512445875423,27.24418391754005,-15.385497968137757,6.284484189591359,0.0,2025-11-05,QQQ
-11.698611685429968,-6.570183448490394,-21.86430827847898,49.29556787286963,-48.63932998175707,0.0,2025-11-06,QQQ
3.5497323275406383,6.1416314398920555,2.738255254665141,8.418594764803029,87.99619297093041,0.0,2025-11-07,QQQ
5.050454810738694,6.427680065619323,4.301788595331629,9.542452103195735,37.32553821448952,0.0,2025-11-10,QQQ
3.537193730370347,2.085028330745259,7.327696975512476,-19.2058257404641,19.37166207312764,0.0,2025-11-11,QQQ
-2.3023746007753956,-1.4427491335272078,-3.4587244624860167,4.635724569510316,8.98721223771639,0.0,2025-11-12,QQQ
-10.316999134350686,-4.368704796963933,-24.290847518829263,73.52609117253938,-41.384925911645496,0.0,2025-11-13,QQQ
33.81506644802082,28.08773878034157,43.90774440069556,-26.741001268022067,11.574960770037075,0.0,2025-11-14,QQQ
-5.4633376671307,-3.0119256316355467,-15.726553182115037,56.11595542278657,-43.50797867516977,0.0,2025-11-17,QQQ
5.143875594134248,2.501838662638112,11.258960686707624,-31.54663496129839,-15.64003623949087,0.0,2025-11-18,QQQ
-8.014343219905216,1.4430306563739683,-24.31649728279317,89.7985811574187,-2.704475085920606,0.0,2025-11-19,QQQ
-44.176170351604675,-23.385421654286247,-91.48194863501662,239.6584993488784,-215.19286005533587,0.0,2025-11-20,QQQ
23.514101652783165,14.949580069352068,41.33566385903703,-83.41527158473038,27.883763536277684,0.0,2025-11-21,QQQ
23.40393415996922,18.860836626618845,33.43941641387255,-36.808959363437566,42.32913130269123,0.0,2025-11-24,QQQ
27.898273594776736,22.403026939533042,40.21449552266186,-45.999057972528384,73.77179571790789,0.0,2025-11-25,QQQ
10.531951982453648,6.525172065249051,18.568322768876893,-37.68627273608027,4.494236863042934,0.0,2025-11-26,QQQ
12.493666576429007,9.389267426910441,17.65835072889508,-18.494438338352676,12.32859622018346,0.0,2025-12-01,QQQ
4.123112550961211,4.241795575624576,4.256178231936173,3.3247184651260806,14.170132922963203,0.0,2025-12-02,QQQ
13.34226817608889,10.952066079217317,19.221412509506894,-21.932597824399032,28.247334694845037,0.0,2025-12-03,QQQ
-2.6997410014309033,-2.8491723626688894,-2.8416955641829893,-1.8480136249055945,11.975562341297127,0.0,2025-12-04,QQQ
-3.584095607350018,-0.4352934018848804,-10.080791411814639,35.39607921943952,-6.938016760717528,0.0,2025-12-05,QQQ
-5.891159749333836,-3.854861000680334,-9.737875088196084,17.189132283861515,4.206686376081435,0.0,2025-12-08,QQQ
10.66318035317921,9.153556333482907,13.403349684367043,-5.7778356339313985,12.481952820755195,0.0,2025-12-09,QQQ
-20.207501828569406,-19.66181540826866,-16.810863530668534,-40.58733161596375,22.980357228067838,0.0,2025-12-10,QQQ
16.795333451519728,16.445196523795794,18.591345844559147,6.019259093290529,51.809694898630966,0.0,2025-12-11,QQQ
-13.576466087474744,-12.10969461775002,-18.184392902455436,14.071094802437122,-29.315747080515006,0.0,2025-12-12,QQQ
-6.536003213321544,-8.43685329871103,-2.5833477795212083,-30.25193581611056,-25.02315559194658,0.0,2025-12-15,QQQ
-1.9968549377461517,-1.9734646586373195,0.8770780905586252,-19.240453107558032,34.88671972613362,0.0,2025-12-16,QQQ
-22.6352930352971,-14.572871219476541,-41.435055045780366,90.16327902760062,-80.84023441306621,0.0,2025-12-17,QQQ
2.1281536629579527,2.9091077369418366,0.6729047459142842,10.859647165231143,-16.67166555188532,0.0,2025-12-18,QQQ
11.246716302226089,9.585701902598739,14.860353762774302,-10.435108461070572,19.432387851959092,0.0,2025-12-19,QQQ
-2.1400692664669103,-2.36937875047736,-1.7748928332147642,-4.331127865977951,-4.814917433401731,0.0,2025-12-22,QQQ
8.81837308750197,6.39742842393709,14.565422164001012,-25.663921371501445,27.700543988655454,0.0,2025-12-23,QQQ
-0.3211062474857337,-0.13455076859459128,-0.8361386947751875,2.7690884362655606,-5.2415857622284046,0.0,2025-12-26,QQQ
-2.791099273500477,-1.2040719026237543,-4.672873949442193,8.49954878216448,6.081760254046367,0.0,2025-12-29,QQQ
-0.3344641037300142,-1.3142194384761434,1.0928700734573276,-8.898469166854065,-17.60158696932976,0.0,2025-12-30,QQQ
-0.30467787777800276,-0.22802249997076998,-3.195332413504576,17.03924933658881,-40.67898470770388,0.0,2025-12-31,QQQ
-17.4623512364189,-14.31233747183458,-22.941348621718667,15.411633075390784,-22.34403885963288,0.0,2026-01-02,QQQ
-0.17860785955926356,1.240596036649599,-3.347337215103917,18.83376827371233,-13.972345161063894,0.0,2026-01-05,QQQ
10.830982349844565,11.409484350145162,10.77072514458798,11.192525581385912,33.227589827421816,0.0,2026-01-06,QQQ
4.820136576813644,2.7596295504684374,6.71271289526888,-6.53532133392505,-19.171121871537444,0.0,2026-01-07,QQQ
-0.9348500165125894,0.6552516824579181,-3.6298148700127655,15.234939104495805,7.814338705803569,0.0,2026-01-08,QQQ
19.65346239207192,18.137347157329504,23.513044215717624,-3.504028549796841,27.21771445792991,0.0,2026-01-09,QQQ
15.365460662262347,13.999137760343656,18.105236977404157,-1.073197228568549,10.259100616986242,0.0,2026-01-12,QQQ
-4.364899561412725,-6.290940610756741,-1.7560949531249426,-20.017727211144866,3.3218625950602796,0.0,2026-01-13,QQQ
-4.527317005535946,-1.6577962632810295,-8.28910147188583,18.043389792567034,25.00058313553733,0.0,2026-01-14,QQQ
-7.175797357190919,-7.730249324657293,-9.466268774015637,6.567031143766488,-49.13771941452877,0.0,2026-01-15,QQQ
-3.8382176101440417,-4.66939017216155,-2.1567728046723977,-13.926886442964761,-9.10095002128043,0.0,2026-01-16,QQQ
-7.775740945165617,-5.841372393890299,-14.842846836994358,34.62689440581799,-52.822470272501796,0.0,2026-01-20,QQQ
2.549193911680452,5.405329340745522,2.6125058446076643,2.1693223141245848,37.93990146512484,0.0,2026-01-21,QQQ
7.2519523593475474,4.469890396167873,11.658321321810677,-19.186261415429396,7.978408985949898,0.0,2026-01-22,QQQ
6.012564676358879,5.241544318145257,6.49429103556577,3.122206521128485,-1.3727084789349369,0.0,2026-01-23,QQQ
11.378575597514526,9.736000074120177,13.92798574944313,-3.9178853140371057,-4.077853404171958,0.0,2026-01-26,QQQ
7.724331563338101,6.694049816813132,10.058590968342061,-6.281224866669442,5.768724009702533,0.0,2026-01-27,QQQ
-7.937429287156927,-5.858215048857345,-11.592674543278603,13.994042249573129,-12.512498867481057,0.0,2026-01-28,QQQ
7.602739279922864,4.946904220427904,13.909451368075686,-30.2375332489977,69.92265013758421,0.0,2026-01-29,QQQ
-23.5242775465018,-18.977173097313514,-32.56725715558385,30.733600107999738,-9.296805771971341,0.0,2026-02-03,QQQ
-14.934493505865145,-6.485437734826226,-29.225955392484767,70.81427781386567,-29.610302332772896,0.0,2026-02-04,QQQ
-8.529922460147475,-14.387542987310974,0.30209397993736425,-61.52202110063754,-36.65888628406926,0.0,2026-02-05,QQQ
22.283309412356285,17.56844518841247,32.90648299965992,-41.45573211145426,57.36406357088608,0.0,2026-02-06,QQQ
22.145224656554493,16.97249209671319,32.61090034618439,-40.64882948121002,21.5042933798247,0.0,2026-02-09,QQQ
-6.8500312684845515,-4.957476416283867,-12.736688648239484,28.46991301004504,-43.821469820490286,0.0,2026-02-10,QQQ
5.484654525629126,-0.2074723203881021,16.909562197830297,-63.06479150757975,16.51427660653718,0.0,2026-02-11,QQQ
-25.607293391035377,-15.447335038931495,-48.724811971724854,113.09781809311654,-75.61980002716979,0.0,2026-02-12,QQQ
-3.5751147213651793,-6.278313426592977,-2.1396038972934455,-12.188179665767333,-30.90660722542179,0.0,2026-02-13,QQQ
13.099825215112848,6.341675911324314,27.25691139127741,-71.84269184185555,28.072570425512286,0.0,2026-02-17,QQQ
9.534877627477563,9.0184805199972,6.992227660929572,24.790777426767384,-14.776611725620691,0.0,2026-02-18,QQQ
-0.6622223174461189,0.08868948008100035,-2.330835742646801,9.349458233757971,10.510737967153263,0.0,2026-02-19,QQQ
-2.2543688276711853,-2.1059842209468855,-0.5515074448976524,-12.471537124299275,29.037109381442864,0.0,2026-02-20,QQQ
-6.599217076779251,-3.73913614519113,-13.464374097461231,34.59172504731452,-7.940364009129462,0.0,2026-02-23,QQQ
13.792372618160595,13.215896253494627,14.314156461819907,10.66166955621596,18.24361873432904,0.0,2026-02-24,QQQ
7.795868810288507,7.781117744980667,8.614523117643467,2.8839429661587497,23.369154506808187,0.0,2026-02-25,QQQ
-5.96344568842259,-7.074390003063672,-1.231547690489793,-34.35483367600441,24.21817564696484,0.0,2026-02-26,QQQ
0.7125444893678934,1.8860941298008767,-0.41059716201549606,7.45139439767573,16.933901449462578,0.0,2026-02-27,QQQ
3.8251842690437567,-0.3572937162428095,10.670629602531372,-37.247487731883815,18.60664563524311,0.0,2026-03-02,QQQ
25.014851840814767,15.16237875243108,46.38822477520914,-103.22538576553625,57.92260248030805,0.0,2026-03-03,QQQ
16.224870459160872,15.778169137749146,16.704373744196637,13.347850748953729,7.727137677795956,0.0,2026-03-04,QQQ
-11.898817096993614,-7.942596050072938,-17.008912411483454,18.76175478995667,33.34478609484348,0.0,2026-03-05,QQQ
2.728554685103138,2.3937641464161183,-0.24769716725863122,20.586065799281304,-42.82813139880025,0.0,2026-03-06,QQQ
14.020146819361484,-4.697382915293085,34.43567382970571,-108.47301524269821,129.6195724903432,0.0,2026-03-09,QQQ
5.73517612199822,2.024312599543846,10.488056715885216,-22.782107441306977,-30.492883815890465,0.0,2026-03-10,QQQ
-7.047537890102338,-4.408406758444943,-10.827747084909538,15.633717278752085,-1.1484461864969795,0.0,2026-03-11,QQQ
-10.935007439834958,-11.60221131412711,-10.852577229724382,-11.42958870048894,-37.44752962596126,0.0,2026-03-12,QQQ
-19.99226306999985,-6.119347963983226,-34.51019792728335,67.11534607370494,-46.13461822019819,0.0,2026-03-13,QQQ
-0.5788445152643495,1.4059196570320365,-2.33022755432152,9.929453719088134,-9.541595647499207,0.0,2026-03-16,QQQ
-2.4526513533643755,0.13320774594205245,-5.390843800492454,15.17650332940598,-5.363209481883739,0.0,2026-03-17,QQQ
-10.442345575042186,-8.349959028414766,-11.487235517200299,-4.173005922072645,-74.43035310372922,0.0,2026-03-18,QQQ
6.468031482687966,2.1943156369199,10.84567310229486,-19.797818234941857,38.60668789953863,0.0,2026-03-19,QQQ
-6.146022516048462,0.31444104404552403,-11.237743055141907,24.40430071852193,-41.88957699992163,0.0,2026-03-20,QQQ
-13.084046818501193,2.0099911466202247,-24.829992694767338,57.391628439101446,-39.05608262043094,0.0,2026-03-23,QQQ
1.1481913001320325,0.0009804505360256782,4.892122257454961,-21.315394443809428,-16.18631686639271,0.0,2026-03-24,QQQ
-0.44089003604241733,3.8755880151995483,-4.9197703191165525,26.432391662421708,-16.37456378992383,0.0,2026-03-25,QQQ
-17.375945737928934,-0.22042280974977513,-32.20476304201607,71.59695808660959,-88.38121600929173,0.0,2026-03-26,QQQ
-15.3370437166552,-7.075598961922714,-19.792832086310156,11.397686501278551,-59.818707851798855,0.0,2026-03-27,QQQ
-22.852680925720897,-11.054139301124742,-31.435856857890897,28.646374667309253,-54.277586951627995,0.0,2026-03-30,QQQ
11.85350606929575,-5.010636769140497,22.689614929036363,-53.163147089134,94.62124344371415,0.0,2026-03-31,QQQ
10.21387553325597,6.943310396598467,13.749796390099087,-11.001649607802726,-3.1319805064531328,0.0,2026-04-01,QQQ
32.685239747656276,23.137354240152458,45.02362672040718,-41.34508208883931,74.56409450952691,0.0,2026-04-02,QQQ
0.7993110011850869,1.9253918218815522,-1.5468744409850563,14.876423654217554,15.046760367391665,0.0,2026-04-06,QQQ
7.755490523317089,-0.05061563047649325,13.508075180120823,-26.76001741750337,81.92265026977509,0.0,2026-04-07,QQQ
-7.395787573811653,-8.039694624285454,-7.60621474262488,-6.133224560915392,6.58240350177689,0.0,2026-04-08,QQQ
9.490679334086831,-4.139583933013085,21.29390899616708,-61.32869863839092,46.4513693276958,0.0,2026-04-09,QQQ
-3.5145963981814066,1.3102668476319024,-6.713423107161461,15.678363855717512,-7.217007483526783,0.0,2026-04-10,QQQ
12.99418106095549,4.484093741502473,20.14544201537829,-29.91338466556647,67.64476376317425,0.0,2026-04-13,QQQ
16.22232081325518,7.687853201788365,23.41770754785946,-26.949999594366876,50.28043047121275,0.0,2026-04-14,QQQ
13.153022552388144,6.401393678564294,19.925840893745857,-27.483887495745552,61.550326964644434,0.0,2026-04-15,QQQ
4.893914436601873,0.2210581405862635,10.728782506475453,-30.115293982620027,21.682375615512502,0.0,2026-04-16,QQQ
6.092211083033486,4.161427390913631,9.754545557019004,-15.881795760858557,17.315083025937394,0.0,2026-04-17,QQQ
7.216367528084206,2.8123821358094583,10.584712046683581,-12.993699583501973,-15.827975152363253,0.0,2025-05-05,SPY
3.394130256503525,3.2582430523054855,2.6777799541806573,7.692232070442761,-24.79692871499796,0.0,2025-05-06,SPY
-3.769269214555688,1.6192361769232066,-9.834764476090747,32.62370235464857,21.908630715001674,0.0,2025-05-07,SPY
8.949208059877252,-1.350114314304347,17.17507706920148,-40.406005996064096,-31.9365577813452,0.0,2025-05-08,SPY
-4.284127073921979,-3.7023114372413524,-4.663581082597685,-2.007403021867742,-5.371679019015313,0.0,2025-05-09,SPY
4.265606336646437,0.3971649939410269,10.916128813319942,-35.6375285233848,43.11114630591093,0.0,2025-05-12,SPY
6.13581135057801,3.2520506489036434,8.556741308832091,-8.389768398927124,-8.219335088224716,0.0,2025-05-13,SPY
-0.9270442264293839,0.5450424512223084,-1.57570829447179,2.9649401818231165,3.475172108098617,0.0,2025-05-14,SPY
7.376525349539429,1.5051078802304372,16.092617824305805,-44.920029499043366,31.711260951396962,0.0,2025-05-15,SPY
7.3067194878881425,4.221588197414143,12.181663168868397,-21.9429425979953,35.639527501089354,0.0,2025-05-16,SPY
12.554231965544442,9.477851218219755,16.63534656225299,-11.932455614693422,33.43339677758518,0.0,2025-05-19,SPY
4.118255986898318,5.904776237338533,2.9684361608791163,11.017174943011609,9.835113050168335,0.0,2025-05-20,SPY
2.189412905848052,7.223477971455329,-5.508081079196091,48.37437681612066,-64.95613348006823,0.0,2025-05-21,SPY
2.9318900112296618,-2.7346415763631415,6.851561839331044,-20.586140957376685,-17.332910380109453,0.0,2025-05-22,SPY
10.494778694991416,5.373366059249328,15.326356554408449,-18.494688461493105,6.55776823073979,0.0,2025-05-23,SPY
16.682239310845652,13.354182642662682,21.998074187994145,-15.21276995202984,38.79840688045549,0.0,2025-05-27,SPY
-0.5830500691453782,-1.844506436539177,-2.3658078864763983,10.113496834838815,-32.455160463045594,0.0,2025-05-28,SPY
-3.358644422674427,-0.14980506184550815,-5.240305781886595,7.931323732614003,6.0660027860047,0.0,2025-05-29,SPY
3.3587663808704162,9.17388513969891,-0.3332643590300959,25.510950820269624,23.13119074452734,0.0,2025-05-30,SPY
9.025987557633226,6.535848572688487,14.190347912948933,-21.960174574262943,46.35763914313713,0.0,2025-06-02,SPY
7.205360146623034,2.887625548044865,12.382642362498341,-23.85833314863644,13.348264118523224,0.0,2025-06-03,SPY
0.413165653254712,0.6244312856599797,-1.4896213750890932,11.829887823344208,-16.56795409825144,0.0,2025-06-04,SPY
5.777183822820773,5.3768463812600835,4.4615155472291566,13.671193476378114,-39.49034815806551,0.0,2025-06-05,SPY
-2.779017555617473,-2.2390291336719574,-3.502319706525593,1.5607953498369413,-0.7763404619473042,0.0,2025-06-06,SPY
1.835157490689328,-0.4926526526331143,2.920437683979424,-4.676523669032299,-7.01013766793489,0.0,2025-06-09,SPY
3.4419761596661127,3.1661377277993226,5.187708120819589,-7.032415607237733,23.552472109526068,0.0,2025-06-10,SPY
3.8704201833802845,7.191686127886997,-1.6700043808329996,37.11296756867886,-18.07405476163303,0.0,2025-06-11,SPY
6.1445977290009015,5.630648792806645,7.464026166026089,-1.7719728931577674,18.142374587525875,0.0,2025-06-12,SPY
4.490998518418365,0.9981909741589812,8.746707686074119,-21.04325648751806,-18.20086821050985,0.0,2025-06-13,SPY
2.061885605844679,3.9883088801072963,-0.8336638287688466,19.435182213525835,-3.2883053130478848,0.0,2025-06-16,SPY
0.3279008755541706,3.269117125954745,-4.912588941061501,31.770839775259585,-28.302236282345003,0.0,2025-06-17,SPY
0.9448505641821046,3.4809111795110868,-4.022296751584864,30.747734458785814,-24.530765696804743,0.0,2025-06-18,SPY
-8.193284384488889,-4.9009751178977785,-12.420138145741936,17.167838183037023,-15.263045264751836,0.0,2025-06-20,SPY
7.74145018037562,9.592654897675994,8.17206343715018,5.157770639735865,48.35735390452668,0.0,2025-06-23,SPY
3.86234764131102,0.3286718703810722,8.671492690686934,-24.992522654936963,10.645864650911614,0.0,2025-06-24,SPY
-1.310709014639964,0.2249670128203231,-3.0795112725927094,9.302104533095235,-0.745004418178962,0.0,2025-06-25,SPY
3.0474629005912868,0.9622377343888432,6.060366190777285,-15.029956840496785,16.646493370817545,0.0,2025-06-26,SPY
7.835187239806667,9.366512992601582,6.7416426905609415,14.396454535303244,13.499845040578602,0.0,2025-06-27,SPY
-3.409593867299948,-2.513556382023384,-3.170295333404169,-4.845385070648824,14.603791695466379,0.0,2025-06-30,SPY
3.161883515204784,1.5686307625848808,4.661863718585666,-5.837997705080508,1.2877731589542718,0.0,2025-07-01,SPY
3.3913273213088035,2.4342406673322783,5.5236200680666645,-9.402429159232854,19.183981327604158,0.0,2025-07-02,SPY
-0.7962813990354539,5.696720122762053,-7.385071236324108,38.73645762470563,2.3230162517290305,0.0,2025-07-07,SPY
-0.6296172941170923,-2.7216172203618383,0.9371347097309405,-10.030129317188802,-5.196547655397058,0.0,2025-07-08,SPY
-0.626353350241126,1.327693351025844,-1.988281541606831,7.545215797949452,17.498580922078414,0.0,2025-07-09,SPY
5.66799755911959,1.8106346528209554,10.772726382285606,-24.960375379874684,8.547216329353857,0.0,2025-07-10,SPY
3.126057173000164,2.10647733716661,3.154687272927967,2.9542765734278773,-3.3779840310992935,0.0,2025-07-11,SPY
5.158692616232916,2.3318328505191075,9.343270428983146,-19.94877426025571,12.561638951142353,0.0,2025-07-14,SPY
-4.729697887371975,-3.502029193200218,-8.407326894402832,17.336076154818628,-36.63587293709089,0.0,2025-07-15,SPY
12.517921609931554,12.037941963168642,13.595302718146648,6.053634960646461,33.219140169105245,0.0,2025-07-16,SPY
2.4107664242838243,-0.20695935935236817,6.807255541567584,-23.96816827941329,16.22494605003464,0.0,2025-07-17,SPY
-3.257754339716298,-2.378471927277085,-3.4929841098465175,-1.8463757189150516,1.6601852238705876,0.0,2025-07-18,SPY
5.242490942058245,4.686292057545583,3.4690432602186445,15.88317703308863,-24.101331844284335,0.0,2025-07-21,SPY
0.7590180698917413,-1.2919796551168994,3.7324835266485348,-17.08177467063273,10.617884833983775,0.0,2025-07-22,SPY
3.0024523293048073,0.9428889831979952,7.122173700983661,-21.71587590077012,32.40754785053277,0.0,2025-07-23,SPY
0.9734124703292087,-0.18204585523629715,1.8176373775935233,-4.091936973253098,-9.917898871908525,0.0,2025-07-24,SPY
2.7742901504200197,0.09393163411527855,6.030564816860572,-16.763357848225084,7.745171012385295,0.0,2025-07-25,SPY
-1.0930394114621085,1.173928727258172,-3.582904981002243,13.84615400579298,0.5782499075548161,0.0,2025-07-28,SPY
-2.68026190638113,0.10177854220697503,-7.858130912791236,28.38695213207057,-11.553612033503008,0.0,2025-07-29,SPY
9.389856880132132,9.476310137514574,6.942239559004242,24.075560806903052,-4.752608686115967,0.0,2025-07-30,SPY
-0.1942347766574535,3.7084413437914767,-9.507669742839946,55.6863750204536,-52.14027275102759,0.0,2025-07-31,SPY
-3.2097845351072247,-1.543986369972725,-6.188508882252976,14.662561547781896,-9.281195071256827,0.0,2025-08-01,SPY
7.398410188856639,6.7329396687730005,8.88289748332006,-1.5085135779184613,24.861404930960084,0.0,2025-08-04,SPY
-2.1980456561757236,-2.104516946124127,-4.729896507674636,12.993059452830401,-16.241715977763757,0.0,2025-08-05,SPY
6.859455967943403,1.1406018700718592,15.314281014614435,-43.86949431207198,17.485966144986286,0.0,2025-08-06,SPY
-9.729846102795836,-3.6250324514974372,-15.829912975699063,26.870555134630713,2.6658826281636356,0.0,2025-08-07,SPY
4.930168405727702,4.230114172250389,5.7681512383139335,-0.09772858977718091,10.586484025713256,0.0,2025-08-08,SPY
1.9115982378658336,1.2311741622085586,1.125073835717827,6.630744650761014,-15.826105008439425,0.0,2025-08-11,SPY
12.539693001493033,9.033769839095685,18.051351093202708,-20.530255548747274,31.608364006429582,0.0,2025-08-12,SPY
-2.1113532414657445,-0.7330156369333305,-2.776393541868788,1.8788885609595747,11.815168670252357,0.0,2025-08-13,SPY
0.5346770673794826,0.568039569674295,0.5497684314532546,0.4441288829403804,11.310317061363286,0.0,2025-08-14,SPY
-1.6810172539541721,-1.7800121028582045,-2.618926116742539,3.9464359228042754,-7.700324560627895,0.0,2025-08-15,SPY
-1.2272926261991273,-1.2772586057510869,-1.1110123724964618,-1.9249741484009784,2.429231014262662,0.0,2025-08-18,SPY
-5.216622606494474,0.2736110589215125,-12.072752816497216,35.92015865355037,-15.272026223844161,0.0,2025-08-19,SPY
4.339995618917329,0.5603846792102577,11.462248876634419,-38.39352392737449,26.34930032049172,0.0,2025-08-20,SPY
-0.8167629926394012,3.755173919939235,-6.033941473720727,30.48630789386107,-5.679795252322702,0.0,2025-08-21,SPY
14.093450530086987,12.201893948572597,17.04040987897501,-3.588305563221734,13.94906271581846,0.0,2025-08-22,SPY
1.6222608381567494,0.21326190008650273,1.6110916321888058,1.689276073976768,-24.086002081138467,0.0,2025-08-25,SPY
1.184030871838579,0.9261720742984587,2.663836755365012,-7.694804429302355,24.1583135811681,0.0,2025-08-26,SPY
2.9329163581445776,2.217450034765529,3.8602915482133104,-2.6313347822484694,4.839788448398853,0.0,2025-08-27,SPY
1.9374058315305143,-1.8333548603766436,6.811598543442256,-27.307750439936424,17.54112247288307,0.0,2025-08-28,SPY
-3.7912996455568995,-2.6404402876024706,-4.381459224749442,-0.25034217038753587,4.731424287747197,0.0,2025-08-29,SPY
-2.031611084753837,2.387954940957564,-5.692699705813538,19.934920641625745,33.41109500236925,0.0,2025-09-02,SPY
-1.7790011983865222,0.2546331955740323,-2.241326926850675,0.9949531724054744,20.90487016555345,0.0,2025-09-03,SPY
4.089215633245626,2.167242410664782,9.198398223829725,-26.565879910237875,36.997368799561045,0.0,2025-09-04,SPY
-5.018659071329374,-3.480008815698204,-5.585730596077195,-1.6162299228318981,8.589574336455032,0.0,2025-09-05,SPY
1.7855386353378933,3.009029488468826,1.4422226040121615,3.8454348232922824,4.3075367225158585,0.0,2025-09-08,SPY
2.790367611069837,1.9035034810888245,4.579922302269153,-7.946960536119053,16.15703447544375,0.0,2025-09-09,SPY
-4.427623047394487,-1.266569071795447,-8.491723405630259,19.956979102034072,-6.32141837425622,0.0,2025-09-10,SPY
5.724981799190469,3.927742212956703,8.918425116168144,-13.435678102666923,11.380085148057999,0.0,2025-09-11,SPY
1.0262876073026943,0.11228974845146075,1.0426330514859936,0.9282149422149941,-7.734782120091053,0.0,2025-09-12,SPY
0.4114034678744695,1.8172204400319034,-0.5075530265567424,5.925142434468628,8.499514737810438,0.0,2025-09-15,SPY
-2.066797905316233,-2.567049822814572,-1.9261292138556103,-2.910810054064468,-3.1382574594080883,0.0,2025-09-16,SPY
3.9291969250557153,3.3022141509126675,4.388038856789966,1.1761453346588335,1.4798938426623385,0.0,2025-09-17,SPY
1.8870054125676239,3.2989021875995492,-1.1724424393493473,20.24369252407631,-11.579272889114398,0.0,2025-09-18,SPY
1.1212834628790027,0.04305364791045809,2.616511490790328,-7.850084704585515,17.812800944833118,0.0,2025-09-19,SPY
7.026186343255916,3.504485900521249,11.785117051148063,-21.5273979040833,19.04301099220014,0.0,2025-09-22,SPY
-1.8618296098104725,2.8056100963237665,-7.712726515430846,33.24355182393231,-17.477971723010945,0.0,2025-09-23,SPY
-3.477637022376056,0.23146525358190875,-7.835094116534048,22.667105542592513,-10.277723633673084,0.0,2025-09-24,SPY
2.471098741205922,4.289494428097149,0.3980020935561762,14.909678627121686,6.849320786213587,0.0,2025-09-25,SPY
6.008101447668623,2.2484271110468668,11.191283966935828,-25.090993667920834,19.560799763990094,0.0,2025-09-26,SPY
-1.5141584174463352,1.3434155300519022,-4.849496649384122,18.497870974197518,1.0151707685187408,0.0,2025-09-29,SPY
-3.4768240373907924,-3.134314367496267,-1.3386704807873167,-16.30574537699281,32.38708108520143,0.0,2025-09-30,SPY
10.312128765532863,6.486499190265316,15.458456488421138,-20.565837571791672,23.9680313619504,0.0,2025-10-01,SPY
-0.8209236056973616,-1.1543956076481072,-0.7297936562588994,-1.367703302333235,5.192088594637186,0.0,2025-10-02,SPY
2.4579555150036314,2.678861771336292,0.8965357645190981,11.826474017917613,-20.729426835845697,0.0,2025-10-03,SPY
3.9670344021832977,1.4995378981153826,6.632571306413492,-12.026187023186013,3.8380609998046022,0.0,2025-10-06,SPY
-5.786012472120479,-1.810889513344902,-10.981432840845226,25.386509740250073,-6.574509466407727,0.0,2025-10-07,SPY
6.372066208985081,5.169501782472399,8.311170903623445,-5.262561958841723,11.84378250967156,0.0,2025-10-08,SPY
-5.423002308309024,-3.122192104314747,-7.071754961002449,4.469513607875242,3.948246117861983,0.0,2025-10-09,SPY
-17.485650054888435,-1.7443163389941847,-47.50081938363671,162.60536591761496,-131.43766538998963,0.0,2025-10-10,SPY
6.598016175429404,2.7389882759026083,11.644231542713975,-23.679276028267726,9.532539338051388,0.0,2025-10-13,SPY
23.513414433648144,13.90534777649327,31.444170958177484,-24.071124713524448,12.368242909873278,0.0,2025-10-14,SPY
0.6965495713402986,10.658682591326501,-9.589584838693456,62.41335603156334,-5.65972253100603,0.0,2025-10-15,SPY
-2.7265606562054803,6.238487115671351,-14.163366030980015,65.89427159244516,-28.587303883123756,0.0,2025-10-16,SPY
10.494984815889397,8.934847522206187,11.911667279753729,1.9948900327119892,32.34941809178529,0.0,2025-10-17,SPY
6.986615679485552,5.022047953009136,9.315699170765319,-6.987885268182882,7.846542969681988,0.0,2025-10-20,SPY
2.024851858444084,-0.5194347397427448,4.852208173193048,-14.939286030039547,-5.260590121490339,0.0,2025-10-21,SPY
-1.1459940517818952,4.254268924771044,-6.417701035115344,30.484247848229018,6.210857527622101,0.0,2025-10-22,SPY
3.0591118557965045,-0.19234093057915894,7.2259640599607975,-21.9420013691757,10.999614413383137,0.0,2025-10-23,SPY
4.610986356712384,2.3183574496319923,7.0489593756276046,-10.016851756765517,-5.146354278561977,0.0,2025-10-24,SPY
0.781109157473938,0.6010012346533465,2.6579004751927733,-10.479638748819122,21.110620510005212,0.0,2025-10-27,SPY
-0.3702264148260825,-2.6741607053955305,1.5925233006753852,-12.146724707823305,0.22619497140599557,0.0,2025-10-28,SPY
6.973357855776767,8.74324882603228,4.053036290052863,24.495287250133423,0.051792317920742764,0.0,2025-10-29,SPY
2.8931149766106348,1.0197396599511226,2.0215654342184037,8.12241223096735,-43.128454587325514,0.0,2025-10-30,SPY
-3.2743574329504503,-0.5212647492092455,-5.299066039989512,8.87389420928059,-9.803835131940986,0.0,2025-10-31,SPY
0.028710570610371106,-0.31892338676900595,5.402638979149058,-32.21485988061509,10.118908087985323,0.0,2025-11-03,SPY
1.158880252261239,0.568303245361234,-5.155231763558005,39.04355234719182,-19.772906512385156,0.0,2025-11-04,SPY
10.014283640323004,7.530209971473148,14.076931906469175,-14.361605956533918,-13.477226642523092,0.0,2025-11-05,SPY
-5.310847147364019,-3.665661972893957,-12.156278645116137,35.76174183915038,-28.212293442834184,0.0,2025-11-06,SPY
2.3745871991104366,11.050971441992903,3.148495177823941,-2.2688606731637617,72.64679307399643,0.0,2025-11-07,SPY
2.5280351053845402,7.479603917544704,3.4910253975769177,-3.2499066477563328,32.97586216385556,0.0,2025-11-10,SPY
0.6694392950192929,2.0289068660941845,6.059477395941612,-31.67078931049795,18.430577766952336,0.0,2025-11-11,SPY
-0.8024899805620401,0.12345755426960607,-1.3044880127522498,2.2094982125808817,3.5266287138246293,0.0,2025-11-12,SPY
-3.80613174703966,-6.4175174301030715,-15.078581733104846,63.82856816936494,-38.3011134000089,0.0,2025-11-13,SPY
20.88403569418738,16.495533475239075,28.84308683288275,-26.870271137978083,5.292498983255422,0.0,2025-11-14,SPY
5.828240604603214,-0.9509979345128008,-3.294533394838391,60.564884601257944,-34.792299911826696,0.0,2025-11-17,SPY
3.338849426938958,2.5748448792287992,8.564077079634224,-28.012516489211997,-12.050427521390414,0.0,2025-11-18,SPY
-4.032850152355388,0.6612990808465279,-13.86047655653959,54.93290827275154,0.6026823995486161,0.0,2025-11-19,SPY
-14.762504505378944,-19.316251281404373,-49.721979312190655,194.9943443355188,-141.90271665843431,0.0,2025-11-20,SPY
12.677092909330037,10.312313253003335,26.832462723064555,-72.25512597305978,18.64908008420022,0.0,2025-11-21,SPY
12.323489712571888,11.798256538415737,19.003874603277072,-27.758819631642186,21.16276248183857,0.0,2025-11-24,SPY
16.61898073489861,17.936155445888765,26.93690638318497,-45.28857315481108,50.30069903741352,0.0,2025-11-25,SPY
5.653459160530687,3.8870606927624847,11.210076324051819,-27.6862438205844,-5.627832414862732,0.0,2025-11-26,SPY
5.135824452135283,2.7625182905453123,8.000646711664345,-12.053109105029057,-5.588668132795608,0.0,2025-12-01,SPY
-2.3656968610142153,-1.3654461298223144,-2.5805499082007417,-1.076578577880046,-2.5441370282070546,0.0,2025-12-02,SPY
6.393796093306984,6.703005396375157,10.729492267667581,-19.620380952846602,11.564716965970549,0.0,2025-12-03,SPY
1.191248682133904,0.9353395518764235,1.1247416273664623,1.5902910107618398,13.368928543411956,0.0,2025-12-04,SPY
-0.9687451115192238,-0.4203152245225642,-5.07271129817392,23.655052008432147,-8.912487467369647,0.0,2025-12-05,SPY
-3.7212196598791563,-2.92677502500445,-6.920757387434234,15.476006705464618,2.235744039866277,0.0,2025-12-08,SPY
1.640942380599801,-0.2235348312944513,1.1238837778957274,4.743293996839203,-12.292164580210429,0.0,2025-12-09,SPY
-7.456251524043187,-1.3319662168812316,-3.425169729107339,-31.6427422936533,33.598145504984544,0.0,2025-12-10,SPY
8.429481022731268,10.768436238924053,11.30310090647346,-8.81223827969374,33.26318295390341,0.0,2025-12-11,SPY
-6.406343445710637,-6.537276567090009,-10.356756992935376,17.29613783764446,-12.298207827799395,0.0,2025-12-12,SPY
-5.644703819631574,-6.236680167918,-3.15775543078848,-20.566394152680125,-7.501403424806976,0.0,2025-12-15,SPY
-7.326197908914801,-3.816481108515053,-7.651002405627217,-5.377370928623536,11.877624168468035,0.0,2025-12-16,SPY
-8.286882422918978,-9.244867008697028,-20.68990769705851,66.13126922193169,-46.99472545167894,0.0,2025-12-17,SPY
0.9900937200608622,0.42839252884978096,-1.9784786620665489,18.801528012835394,-18.529087178239408,0.0,2025-12-18,SPY
6.8933136587784265,6.365449258214991,9.756170866658437,-10.283829588488254,10.308120348727757,0.0,2025-12-19,SPY
2.3753013544995776,2.30419658450223,4.410272837581729,-9.834527543981707,5.067491936192738,0.0,2025-12-22,SPY
4.239846772592918,4.558238465061463,8.850966586160258,-23.42687210879622,15.446048521949157,0.0,2025-12-23,SPY
-1.2343868320896045,-0.7318633808631119,-2.552668817297309,6.675305079166505,-0.4231817240677389,0.0,2025-12-26,SPY
-2.859201521207269,-1.0170288584208491,-4.053764918394004,4.3081788619280195,2.708749640811019,0.0,2025-12-29,SPY
0.7085007288189039,-0.3388713463864622,2.0995388355801055,-7.637727911718538,-7.637727911718538,0.0,2025-12-30,SPY
0.8148039645900683,-3.125683443655477,-2.043487508012181,17.96455280022516,-36.24922858105675,0.0,2025-12-31,SPY
-3.9494685575823847,-2.054792608101858,-3.9843778716443428,-3.7400126731939847,6.805835671684737,0.0,2026-01-02,SPY
2.3934137751877205,1.6468853579716112,1.735115236006683,6.343205010290466,-5.2191530662852115,0.0,2026-01-05,SPY
7.066606224408164,9.303199540736411,8.164945317859754,0.47657166370521675,22.41734090299966,0.0,2026-01-06,SPY
0.4738948432604077,-3.590939596900807,0.34914192561589086,1.2224123491324406,-28.881809395761977,0.0,2026-01-07,SPY
1.4909637134922538,1.9664613020589286,0.8294341399092988,5.460141155006478,2.7035008685453086,0.0,2026-01-08,SPY
9.8475509831764,10.411702582100398,11.9166327943479,-2.5669398838329127,9.909427244489189,0.0,2026-01-09,SPY
6.970804028265547,7.26763624778567,9.806920245111094,-10.045893272793004,12.855451088197663,0.0,2026-01-12,SPY
-1.6420128335063218,-2.9729750189444357,-0.48811399153839413,-8.565405885307328,6.146615708312227,0.0,2026-01-13,SPY
-1.6693128209563541,1.386548228053661,-2.0133252687271797,0.3947618656917077,24.78727844134559,0.0,2026-01-14,SPY
2.3365398910870745,-1.394584581833916,1.6910977136049856,6.209192955992723,-19.313454020682865,0.0,2026-01-15,SPY
-0.1579679426865663,-1.5620120813725393,1.2556197873727717,-8.639494323036025,-9.650798291253047,0.0,2026-01-16,SPY
-3.516282945962451,-8.415319497186449,-11.80838119787169,46.23630656550801,-45.852870409336425,0.0,2026-01-20,SPY
-2.7034059329302544,3.2536375877460078,-2.4752673567818655,-4.072237389808941,29.734339382795557,0.0,2026-01-21,SPY
4.529109339385716,1.51088910669573,7.151118046196452,-11.202942901449015,-4.093517252481736,0.0,2026-01-22,SPY
2.673723421940106,1.5349206503816135,2.951039728361562,1.0098255834295116,-1.0941772182230112,0.0,2026-01-23,SPY
5.142547796297247,4.223830745424477,6.931656203241754,-5.5921026453501055,-3.282598786411966,0.0,2026-01-26,SPY
3.2712283897488588,2.5064808559071245,5.66325331427062,-11.080921157380077,-0.15506541509029437,0.0,2026-01-27,SPY
-4.016954392684711,-3.107752056102726,-6.718815964627665,12.194215038990993,-3.3868821123915236,0.0,2026-01-28,SPY
3.627412196880021,6.479362832114628,8.350246651113823,-24.709594528514565,47.68318621410075,0.0,2026-01-29,SPY
-9.000306765036292,-7.217575620725357,-17.301814484726478,40.80873955309824,0.9910984175826545,0.0,2026-02-03,SPY
-2.7449663548900674,0.8969681580013042,-10.91010456542652,46.24586290834686,-8.798494739930327,0.0,2026-02-04,SPY
-0.9610826940530602,-6.027262798720621,4.623246413176494,-34.46705733741531,-22.684862179033804,0.0,2026-02-05,SPY
16.217057430618738,17.7056714894766,23.685521944847064,-28.593729654731394,46.03151294037096,0.0,2026-02-06,SPY
11.114942913750651,9.184007193708844,16.829066192492864,-23.16979675869279,5.2344913892558855,0.0,2026-02-09,SPY
-0.31225666130312485,-2.303591364856066,-4.700294995931327,26.015973346482465,-29.161635465577344,0.0,2026-02-10,SPY
-1.208736253228852,-3.6099581460157752,4.920200680946661,-37.98235785827865,-6.206330846867134,0.0,2026-02-11,SPY
-14.449026831978701,-13.460750597420096,-34.9061384567766,108.29364291682528,-64.46512949044106,0.0,2026-02-12,SPY
12.274206801408619,6.3102638739575845,13.49676973043293,4.938829227282733,-14.692304797022564,0.0,2026-02-13,SPY
11.961899460881604,10.807579310371676,23.064939021113116,-54.65633790050078,24.777978678833907,0.0,2026-02-17,SPY
6.415820304980177,2.751802401116218,4.3366742350524685,18.890696724546434,-5.14310998337984,0.0,2026-02-18,SPY
-1.7928598230353106,-1.2732430808966917,-2.5729439472829454,2.88764492245715,11.80943863339586,0.0,2026-02-19,SPY
2.315020023437765,6.105349867481548,3.5031327845817386,-4.8136565434178005,32.297006848069195,0.0,2026-02-20,SPY
-9.145228685557134,-9.236924085506917,-13.905931283361099,19.41898690128829,-11.320003755370184,0.0,2026-02-23,SPY
10.106009161588434,9.912754405563987,11.301460965225429,2.9332983397747547,18.09037251815314,0.0,2026-02-24,SPY
1.2005111102101147,2.1937892945038424,3.8628480361692987,-14.773510445541705,13.397947858682073,0.0,2026-02-25,SPY
-3.7716719735209803,-1.495470365506287,0.7802351789350574,-31.08311488825555,21.69177878156996,0.0,2026-02-26,SPY
1.2178128214593769,3.7137649569004556,1.7806749208395356,-2.15935977479999,23.40904215746051,0.0,2026-02-27,SPY
12.188855735633387,11.05458677710806,17.669282951160504,-20.693707557516024,22.235612457328784,0.0,2026-03-02,SPY
26.772401700506286,26.81849694410546,46.804860356870265,-93.4223502376675,60.830304452976776,0.0,2026-03-03,SPY
7.854336461635606,7.974624461843708,7.079486959614634,12.503433473774713,-1.7978296989261504,0.0,2026-03-04,SPY
-11.976474629764882,-7.216211074721554,-16.531567810777908,15.354084456323307,24.4746604712255,0.0,2026-03-05,SPY
5.72696057471867,2.7870670813064056,4.834236068478717,11.083307612171893,-14.086693960010338,0.0,2026-03-06,SPY
7.908925671773671,1.738561579071032,25.97229737247258,-100.47130453239437,112.05090418184515,0.0,2026-03-09,SPY
3.694796697790709,-2.1555100494248585,8.274505144057667,-23.783453979792622,-32.17534993947482,0.0,2026-03-10,SPY
-4.456198352311326,-3.228647400712071,-6.038114540314479,5.0352987757092675,7.698661949101242,0.0,2026-03-11,SPY
-7.510581878763508,-9.399434018501736,-7.717169168421484,-6.271058140788447,-36.489193826727956,0.0,2026-03-12,SPY
-14.790270530591501,-8.278787873820024,-26.1496176174167,53.36581199036994,-44.938730334737045,0.0,2026-03-13,SPY
-0.07481524870121015,2.0106537266366717,-2.522342696384319,14.610349437421224,-4.962531231186796,0.0,2026-03-16,SPY
-4.13642524448932,-2.4235134542487313,-7.084014073582524,13.549107730078367,-13.69748151646569,0.0,2026-03-17,SPY
-0.5534480629588961,-2.190072576866567,-2.456069159645587,10.86227851719201,-55.12941857597876,0.0,2026-03-18,SPY
-2.288293081291129,-3.4831593753359043,2.036287494784183,-28.235776537730906,23.268523555079376,0.0,2026-03-19,SPY
0.008146532225406646,0.5036807730777784,-3.2563076022224458,19.59487133891951,-31.896858410172857,0.0,2026-03-20,SPY
-12.820521876057615,-4.80867224513996,-22.077620803278307,42.722071687280355,-42.66507462357533,0.0,2026-03-23,SPY
5.233620627007224,1.979239079952043,9.859317013501268,-22.520557691955307,-11.663334222182112,0.0,2026-03-24,SPY
-0.0010347324310575785,0.5555173171273358,-1.7085368319579113,10.24397786474044,-11.050253830348037,0.0,2026-03-25,SPY
-12.220276152469687,-4.690579974547575,-24.68483782868826,62.567093904854,-68.52269350307698,0.0,2026-03-26,SPY
-5.806190467818629,-2.671516920570208,-10.818202739628394,24.265883163054223,-54.472030480506156,0.0,2026-03-27,SPY
-10.391327021224432,-5.701078770385535,-16.465577080884795,26.054173336741343,-34.80894611502712,0.0,2026-03-30,SPY
5.422751808561642,0.5917477043220719,13.594106246904296,-43.605374821490756,76.33609937067328,0.0,2026-03-31,SPY
6.635020337722587,3.586064464872452,9.226107462802739,-8.911502412742724,-6.624130348811758,0.0,2026-04-01,SPY
14.014989176604463,10.526548026344463,22.90187932295217,-39.306351701481795,45.544682634345534,0.0,2026-04-02,SPY
1.9665684105783,3.185362402066927,0.836681194076719,8.745891709596426,16.34704756871792,0.0,2026-04-06,SPY
3.7092388783825077,2.4790947446728437,7.5819359167911715,-19.5269433520452,54.59431436093196,0.0,2026-04-07,SPY
-2.024274913495347,-2.5799751703532245,-1.1137237967048856,-7.48758161423306,18.45236558514272,0.0,2026-04-08,SPY
7.8197828431976095,-0.44763103011646665,18.00175332565163,-53.2720400515131,28.96664064785151,0.0,2026-04-09,SPY
-2.25756633888164,1.3652434633054489,-6.217269906477913,21.500655066704354,-10.555333609033532,0.0,2026-04-10,SPY
3.4502578048995116,0.860572235686678,9.789882373515914,-34.587489606782235,59.868652244441556,0.0,2026-04-13,SPY
10.594234038058774,7.4292003881774935,15.731808943333823,-20.231215393565247,29.09192159663945,0.0,2026-04-14,SPY
5.529527743589064,4.6403617589721415,8.590109900472044,-12.83396519769253,29.011532744521997,0.0,2026-04-15,SPY
0.575215147771332,-1.2612092055737594,4.279230712490524,-21.648878240517856,12.747033488602582,0.0,2026-04-16,SPY
3.365454535891801,2.216211815935004,5.3043156010076125,-8.267711854782249,3.355258839809765,0.0,2026-04-17,SPY
9.628987309645398,-28.081462671205593,27.92171025760013,-100.12735037807484,45.136427822149855,0.0,2025-05-05,TSLA
7.32883306047761,7.336087517468447,8.603939738518989,-0.32180700776445087,22.801086976420443,0.0,2025-05-06,TSLA
-8.7293229926166,1.8753684960666777,-21.312796585007554,66.77151856174154,56.57588872820796,0.0,2025-05-07,TSLA
24.927071617756013,-7.612494490027229,50.828122080165606,-130.4792311566916,-25.79646226840935,0.0,2025-05-08,TSLA
-19.929277677843725,6.336914311303079,-40.244746496762595,101.96353523569421,-34.37445032923168,0.0,2025-05-09,TSLA
13.586788691787632,4.070135138624977,26.769386526968542,-65.50879831929603,42.92027326541357,0.0,2025-05-12,TSLA
33.30244937422,-43.1407092822468,64.32842976261118,-152.85343295610627,196.3057746537503,0.0,2025-05-13,TSLA
30.465994562073856,-10.249669082650549,54.63443207961221,-114.54463054313645,93.24563417689089,0.0,2025-05-14,TSLA
29.416351629944803,-1.1129032124671099,46.62813590035633,-73.85435399251095,63.88903604155905,0.0,2025-05-15,TSLA
16.88176103546913,4.288915813599556,25.008412219884324,-31.878146071020392,71.19429995160226,0.0,2025-05-16,TSLA
25.5591164039821,13.029141394159355,26.861206630726628,17.746575043535024,77.49273550688994,0.0,2025-05-19,TSLA
-20.612187369543115,-30.277083706972366,-13.021172995511302,-66.15827361372418,-117.331005307389,0.0,2025-05-20,TSLA
-39.32955219016125,10.994977771393142,-55.414313316328524,57.17901456685905,-180.29002850002112,0.0,2025-05-21,TSLA
48.140891906995606,29.04278080254529,60.95359783058323,-28.73534363451016,-20.39402109724876,0.0,2025-05-22,TSLA
32.73415567562936,1.1530737617978397,50.94791099320415,-76.54837622982275,34.02488662967088,0.0,2025-05-23,TSLA
48.61697682657534,13.27801918503977,62.98837915530766,-37.61143714581701,141.91212864787235,0.0,2025-05-27,TSLA
-9.349304154699139,4.3467474878943815,-13.10775946323558,13.20142769655414,-117.213893282439,0.0,2025-05-28,TSLA
-27.11745583440641,-3.3392464837357227,-34.160453259007056,15.140528713210017,-83.89565263375106,0.0,2025-05-29,TSLA
-20.6613194117879,61.27828801507008,-60.815206978719225,220.26200598980805,-234.32650174962686,0.0,2025-05-30,TSLA
5.69901653747524,-16.073465023876523,11.193660612616306,-27.26884791336446,96.38623565732334,0.0,2025-06-02,TSLA
13.778367872091165,3.871284510192015,29.018496611406288,-77.66240456377838,-122.39500716768183,0.0,2025-06-03,TSLA
-31.342602727930185,-34.51356247516487,-28.586379808751577,-47.87994024299843,-47.610236628464946,0.0,2025-06-04,TSLA
85.69908337395596,290.44783741508735,3.3633414362803085,579.7135350000079,-514.8484026779187,0.0,2025-06-05,TSLA
15.187746306396754,3.518772899326392,34.320995910508124,-99.6117513182486,-103.80327894258464,0.0,2025-06-06,TSLA
68.94438698373104,-1.1559992874426375,103.38894476374688,-137.72295969633907,410.25834504040375,0.0,2025-06-09,TSLA
54.02197378333773,-6.397062864974001,89.40372685091253,-158.26854462210932,226.90136639126828,0.0,2025-06-10,TSLA
-30.15522949991842,13.322645335833691,-52.317067503269925,102.81579852020613,-98.2580459086787,0.0,2025-06-11,TSLA
-35.457891433054264,3.7419723886011576,-52.150594088430815,64.69832449922089,-160.8010629793287,0.0,2025-06-12,TSLA
19.09521863512621,-67.44504569594301,69.2650197691079,-281.92358816874986,54.94068107092812,0.0,2025-06-13,TSLA
9.775215081969769,12.372615728147862,9.494024241189907,11.462360126674808,-17.050893648898686,0.0,2025-06-16,TSLA
-34.698223991850305,2.571664620892265,-56.2171842214411,94.41553738570693,-114.06839088344726,0.0,2025-06-17,TSLA
7.522734932439087,15.270550518115627,7.365852267074346,8.464030924650404,-30.99767159969146,0.0,2025-06-18,TSLA
-22.87029780595074,-38.70182521054071,-15.338386680898195,-68.06176455625369,-6.756413795143868,0.0,2025-06-20,TSLA
41.06640924973145,64.66023291457473,30.056832756069333,107.12386821170901,-16.132653084247476,0.0,2025-06-23,TSLA
-47.43865040871605,-44.475462030751,-44.85786934514632,-62.92333679010631,-94.32319205328791,0.0,2025-06-24,TSLA
-26.76123971238896,-56.308523958012394,-4.714373413319619,-159.04243750679282,27.68157574128176,0.0,2025-06-25,TSLA
-6.452481065329052,-15.209130420554503,-2.2078735421286937,-31.920126204506886,-44.52065182156245,0.0,2025-06-26,TSLA
3.5961641545612553,29.682896412179076,-10.16297952398878,86.15102622588253,1.517405854704267,0.0,2025-06-27,TSLA
-24.098409145017552,-14.347870410473535,-25.628713466161198,-14.916583218145014,-72.3281706419856,0.0,2025-06-30,TSLA
23.720795423348093,29.8666878067186,17.10445953678296,63.41881074274267,-18.894178512092996,0.0,2025-07-01,TSLA
65.10304935639911,42.195905734886914,78.90901986603723,-17.732773701413176,101.63648824100225,0.0,2025-07-02,TSLA
-0.3505061241460815,2.4766289424952697,-2.8266155665077304,14.50615053001993,39.78394081958431,0.0,2025-07-07,TSLA
18.32256587397804,16.899961333631076,26.137216341551333,-28.56533693144277,-65.09139117740783,0.0,2025-07-08,TSLA
-11.621922884970166,-14.264730615966636,-10.087297105749958,-20.82967756028758,-8.426575354075286,0.0,2025-07-09,TSLA
10.211985503861614,-9.123470037897896,18.1597003897605,-37.474303811516805,145.34356958548395,0.0,2025-07-10,TSLA
21.487518908424814,5.949019234610212,22.013193121746394,18.33347362850633,99.54259049555854,0.0,2025-07-11,TSLA
-14.802640806694624,-26.77299386645198,-9.209022467596546,-48.364350841279496,35.882108916567844,0.0,2025-07-14,TSLA
-38.499982478257856,-8.458019034574967,-58.693954924528754,82.66385219938739,-139.51913008272973,0.0,2025-07-15,TSLA
37.05417089510107,19.199265165471125,48.248093374971575,-30.109363984102334,79.2473712454887,0.0,2025-07-16,TSLA
-16.96672000305839,2.7460730681356114,-25.838488196922626,36.263889160150065,-42.46211133238815,0.0,2025-07-17,TSLA
22.210576236359486,8.824370634236239,28.43654710389044,-15.14524896880888,60.56406161104083,0.0,2025-07-18,TSLA
-29.811288965220374,-25.43669775837644,-33.69170470035223,-6.5287945544034125,-54.04367715490649,0.0,2025-07-21,TSLA
26.6851660535326,-4.78234050740134,44.62668528326528,-80.96394932486173,52.53219255740988,0.0,2025-07-22,TSLA
5.762823950149554,10.139852483004296,3.0285219623585107,22.168635876914603,8.643075637108318,0.0,2025-07-23,TSLA
-11.194276719030327,-21.05207392973292,-10.74921876928336,-13.864624417504649,27.8818781443689,0.0,2025-07-24,TSLA
26.443551982929222,9.722607467060376,46.238577412997046,-92.32660059746875,-14.776758450329565,0.0,2025-07-25,TSLA
35.34223327292915,27.31703673771008,44.42876284514682,-19.17694416036292,-6.860813324267559,0.0,2025-07-28,TSLA
-10.98377627838492,-29.795304198577462,-3.6176416413381465,-55.18058410063723,9.285171996734018,0.0,2025-07-29,TSLA
-10.479184249657973,16.780944474308285,-31.990080373343766,118.58619249248534,18.88137425498636,0.0,2025-07-30,TSLA
-42.56243994389415,1.403786598631327,-69.23502016846254,117.47304140352713,-141.62965287549238,0.0,2025-07-31,TSLA
-5.50160536321622,6.1671815069112546,-8.71824839979143,13.798252856238774,-49.82774630330965,0.0,2025-08-01,TSLA
13.160766983694913,7.32729880339527,10.671627874690905,28.095601637718953,36.52874486261701,0.0,2025-08-04,TSLA
-4.071329048173727,-12.373863295731354,-2.615848113770519,-12.804214654585598,10.382863413481461,0.0,2025-08-05,TSLA
45.51671421238644,20.063571066241916,63.48706572289531,-62.30539485066674,98.63299022204727,0.0,2025-08-06,TSLA
-1.7227858631150692,-6.012564607179847,-1.7698163830734401,-1.4406027433541642,92.18890314568938,0.0,2025-08-07,TSLA
5.740979708140112,26.741980397086905,-2.0177009843112312,52.293063862875734,-11.661055058817505,0.0,2025-08-08,TSLA
17.856845161860733,20.044072038322845,23.55000405910531,-16.30210822160506,-79.18722128945879,0.0,2025-08-11,TSLA
11.241840636673663,-18.978356705757477,29.11319754039963,-95.9863007856754,75.5097601961094,0.0,2025-08-12,TSLA
-29.320782646432352,-4.953223276554232,-47.86865066166863,81.96642544500199,-86.01989670141214,0.0,2025-08-13,TSLA
-10.838642733251785,2.7674597439669473,-26.619060895651227,83.84386624115508,36.140982286957744,0.0,2025-08-14,TSLA
-25.930951833659496,-4.350558046885326,-37.54239190221299,43.737688577678604,-25.653944053867637,0.0,2025-08-15,TSLA
20.73578089528848,11.786091016739555,24.0758733305134,0.695226283957694,44.300545357330684,0.0,2025-08-18,TSLA
-51.18374752340412,-0.7944028328916963,-85.80672799962848,156.55413533395566,-126.18012623763097,0.0,2025-08-19,TSLA
-0.5789102636509137,-29.972465106629183,18.35567864853359,-114.186443736742,90.63912366402552,0.0,2025-08-20,TSLA
-15.23577542462704,8.074051831596108,-31.08629801375467,79.86736011014227,-50.70030464329239,0.0,2025-08-21,TSLA
66.11242964728882,40.95638764303555,78.38033922776636,-7.495027835569593,150.7328729524177,0.0,2025-08-22,TSLA
45.037758210880284,4.454290850129744,68.8515611564923,-97.8450594627785,69.94111246006179,0.0,2025-08-25,TSLA
12.898572171077978,-3.9837494712837276,21.342228693582328,-37.76336696393014,125.73581448828293,0.0,2025-08-26,TSLA
-14.88193878003388,1.4722459419540184,-22.439184715584638,30.461536833280366,-62.04262941960814,0.0,2025-08-27,TSLA
-17.96689809281587,-23.712989117323914,-21.230854903880342,1.61684277358083,22.04891379796425,0.0,2025-08-28,TSLA
-53.037799304655216,-9.68288288153002,-74.89203223491124,78.08759827689777,-92.17338116685771,0.0,2025-08-29,TSLA
-3.119273698857421,14.581583458874563,-19.17846912755317,93.23589887332398,-9.439347428306501,0.0,2025-09-02,TSLA
16.082553356755803,15.791839705923142,25.690024157733912,-41.56227144909773,-102.0091738669143,0.0,2025-09-03,TSLA
12.326506468672468,-3.854933555446577,20.36374697772896,-35.896936585644426,107.5371943917424,0.0,2025-09-04,TSLA
2.538003198854486,-13.715509627936676,10.759915875148936,-46.793472858895946,37.32787688485672,0.0,2025-09-05,TSLA
-47.41284912031835,-14.548403669605685,-67.99569050994897,76.08419921748005,-93.50427686773509,0.0,2025-09-08,TSLA
-4.916417655661973,-6.664413987526468,-4.057025544665929,-10.072770321630045,2.1768499004299384,0.0,2025-09-09,TSLA
1.0603053307155268,-0.6148739243797409,12.639477235135017,-68.4147260957901,-107.3831737658363,0.0,2025-09-10,TSLA
56.9596009392174,15.140127865555876,79.32139120933788,-77.21114068149602,196.93212445171952,0.0,2025-09-11,TSLA
70.47655539312244,48.24681485525513,75.25510587842867,41.80525248130833,150.35730934545825,0.0,2025-09-12,TSLA
-40.785200233125806,0.06932328384554244,-50.10492241331043,15.133132847986031,-136.6951525265535,0.0,2025-09-15,TSLA
23.188828927615667,4.733127561471366,35.39684683954375,-50.059278543944686,78.5670623501007,0.0,2025-09-16,TSLA
33.646161195076566,-17.163719024672826,63.454210890971275,-145.20213698027402,164.5642612360698,0.0,2025-09-17,TSLA
-38.243710554336346,-1.4860798292511737,-61.15122645034699,99.20138482173552,-188.74877880606022,0.0,2025-09-18,TSLA
-4.292509478557659,0.5359513135142118,-11.565959144765122,39.3481885186938,18.173843441513256,0.0,2025-09-19,TSLA
-10.404966619855328,40.855218611050155,-36.9620070131726,148.93727574005612,-85.44842918698131,0.0,2025-09-22,TSLA
-6.905554947806058,18.910728502829155,-18.503815969460245,62.68401118213225,-115.12908280564274,0.0,2025-09-23,TSLA
32.55796645779597,27.933620520707294,31.87699983513131,36.64376619379691,89.40689068769758,0.0,2025-09-24,TSLA
-17.38095163764362,1.3467860855002487,-28.23007337792412,47.71377880406869,-91.12013261168082,0.0,2025-09-25,TSLA
48.33041676408087,-22.613828022971646,88.98540520171983,-195.59951386173964,200.68749104365367,0.0,2025-09-26,TSLA
-21.954479208693964,-15.764176967382845,-27.195546230589468,9.49192292268933,-3.7028461325257545,0.0,2025-09-29,TSLA
7.235311860108555,-11.59122143667856,12.830167742755338,-26.333823435757928,107.35788615286643,0.0,2025-09-30,TSLA
28.119066804506765,8.881531491381542,35.70316159917717,-17.38550196350573,65.86292807712398,0.0,2025-10-01,TSLA
-103.23832206928299,-40.06536012579624,-137.5806436970367,102.81560769725185,-314.4045457497318,0.0,2025-10-02,TSLA
-28.146445278014554,-13.821300990339758,-31.946903676768358,-5.343694885483763,34.575901226138,0.0,2025-10-03,TSLA
49.39365415210973,12.288377466255048,70.36692078443174,-76.44594564180578,154.26685512909626,0.0,2025-10-06,TSLA
-13.035489223790817,23.057279615903088,-33.43596679837391,109.36737622371929,-218.34862298241225,0.0,2025-10-07,TSLA
30.1753213695363,13.693543987670179,36.24633009152102,-6.250730962362867,86.89129795860029,0.0,2025-10-08,TSLA
19.218903790551504,11.4566193635854,18.085393260974055,26.019966968018835,94.2991734429574,0.0,2025-10-09,TSLA
-70.07098174363206,25.49594311695633,-131.9158817656547,300.9984183885104,-258.7744205770351,0.0,2025-10-10,TSLA
36.12541044573175,-14.755967052936125,61.901710876504126,-118.53239213888924,174.03840494800005,0.0,2025-10-13,TSLA
52.08641989887446,12.528077821901558,70.56944000729351,-58.81170075162517,44.8599000034257,0.0,2025-10-14,TSLA
-0.361385803254789,31.442534816653588,-18.851526384813333,110.57945768612134,12.796000430439403,0.0,2025-10-15,TSLA
-21.683181259621794,25.106785940510047,-44.270195990519746,113.83890712578174,-53.14706106132838,0.0,2025-10-16,TSLA
39.37664124181619,32.81721091008377,34.91428253373052,66.15079349034328,68.78655772441788,0.0,2025-10-17,TSLA
0.8206162693419676,-2.4519889335193508,-1.3454973848722185,13.817298194633473,55.85238167811302,0.0,2025-10-20,TSLA
-4.804954034646891,-3.7847105045712315,-2.0408771113081032,-21.38941557467324,-71.64684168314709,0.0,2025-10-21,TSLA
-9.804721984675483,-20.42547153294783,-6.769524850755446,-28.015904788173515,79.70868443146595,0.0,2025-10-22,TSLA
121.25756617086807,8.707968857611803,181.86138606908287,-242.36535321840094,321.6561130862488,0.0,2025-10-23,TSLA
-44.53028139865594,-6.871704775643388,-61.703223234877136,58.50736961867905,-109.80764745831401,0.0,2025-10-24,TSLA
36.89167108622478,18.806217216121453,53.100095126591704,-60.35887315596167,10.461134284403887,0.0,2025-10-27,TSLA
27.087569467791855,32.7505074493446,27.01548870745959,27.5200540298002,-31.355882188793696,0.0,2025-10-28,TSLA
3.7905104366841997,6.459919602039416,-1.726517767322636,36.892679660741265,28.189151683581457,0.0,2025-10-29,TSLA
-32.979325946954944,-26.253765738417133,-37.31704522520785,-6.95301027742214,-104.7654716531746,0.0,2025-10-30,TSLA
17.9775310726721,33.01365526895751,11.644586524048927,55.97519836442494,89.34658260325907,0.0,2025-10-31,TSLA
16.397968869640554,19.617119855087928,13.113562591747566,36.10440653701063,22.19759576813121,0.0,2025-11-03,TSLA
-25.22508287243174,7.509758268977639,-54.40803551561632,149.87263298670092,-157.28911570791095,0.0,2025-11-04,TSLA
38.74701583203659,-15.752247420503977,87.08082782906635,-251.25585615013193,182.82173284609723,0.0,2025-11-05,TSLA
-34.19497920414058,-24.27149336243097,-52.67881773195131,76.708051962739,-44.02661603196655,0.0,2025-11-06,TSLA
0.37801455385805127,11.182091526350748,-13.83258492866023,85.6416114489836,-26.892087053390465,0.0,2025-11-07,TSLA
26.883748427823665,26.111948976744493,29.68375239858066,10.083724603302167,20.436374306137942,0.0,2025-11-10,TSLA
-2.035959909998832,-9.541640133801465,0.8448904087446946,-19.32106182244696,75.4598933411941,0.0,2025-11-11,TSLA
-20.286048580837406,-12.786031841421261,-29.347759864085127,34.084219118666034,-31.27231022776927,0.0,2025-11-12,TSLA
-50.25748219070221,-20.013262480266807,-77.41922141415954,112.7129531500529,-95.3992345939991,0.0,2025-11-13,TSLA
89.15150010910301,69.02883072269091,114.83066162837139,-64.92346900650158,45.63696939099429,0.0,2025-11-14,TSLA
5.948191032372467,27.447248073975125,-5.103477282130284,72.25820091941515,-91.75423500625712,0.0,2025-11-17,TSLA
0.09896850971651286,-17.25182127290023,21.553338944007763,-128.62725409601398,-15.660636636308647,0.0,2025-11-18,TSLA
-15.833048695323939,13.018036818857084,-41.81646651730557,140.06745823657147,-30.05811047475748,0.0,2025-11-19,TSLA
-97.3315774343321,-2.31391940455502,-179.45968984749175,395.43709704465067,-400.07779499924567,0.0,2025-11-20,TSLA
6.364013320058165,-20.520290201445334,34.03452258011218,-159.65904224024288,-83.77371923756971,0.0,2025-11-21,TSLA
46.72094193864879,35.92571286437544,58.68496689027386,-25.063207771098877,44.693129842486414,0.0,2025-11-24,TSLA
44.29949530832278,11.217621679301313,74.3293510365088,-135.87963906076587,124.69288105967101,0.0,2025-11-25,TSLA
22.037786264191343,2.7263081722190377,35.67529521070489,-59.78726741486569,104.59209916334345,0.0,2025-11-26,TSLA
0.23264501088973763,-3.403694375350996,1.74593618578412,-8.847102038475231,37.805691909803535,0.0,2025-12-01,TSLA
-20.52889618934894,-16.401374845284654,-30.42908786256561,38.87225384997232,20.187310959229436,0.0,2025-12-02,TSLA
43.32568253691157,28.291719649824394,52.27970109328437,-10.398428801312308,116.6027830102628,0.0,2025-12-03,TSLA
2.8449637148980798,-4.669170499651946,7.43611035842862,-24.701916146259876,108.74390936474444,0.0,2025-12-04,TSLA
-6.55643972700952,-4.774102380992843,-10.61009208048887,17.765474393886574,-0.4802014356167879,0.0,2025-12-05,TSLA
-40.464978570820776,-23.954274146860453,-58.80617723022454,69.58221338561857,-18.90589580276297,0.0,2025-12-08,TSLA
29.65284879203315,21.947472732834665,38.207795644590256,-21.676832323300545,-25.817289991140452,0.0,2025-12-09,TSLA
-13.422241881669654,-27.518892462144773,-4.8548490942479825,-64.82659860619208,56.363991369454304,0.0,2025-12-10,TSLA
7.943174659906565,0.39231005494592336,11.23610728370176,-11.814421082854379,49.344187022605716,0.0,2025-12-11,TSLA
-1.302363085701319,-18.70235362251718,6.053093755154339,-45.43510413084281,154.48347659799458,0.0,2025-12-12,TSLA
3.398864684497814,-6.287817928292541,18.685948628080613,-88.32363897698943,-26.602603672170783,0.0,2025-12-15,TSLA
29.194665797112616,1.4363925817004983,48.312572321437244,-85.51277334883159,220.2818821005318,0.0,2025-12-16,TSLA
-84.61895531254206,-26.76639886832331,-138.44793475554025,238.3549213454614,-252.80251973634185,0.0,2025-12-17,TSLA
27.141294910965165,20.641099136669517,37.31738160086723,-33.91522522842496,-34.43301059092683,0.0,2025-12-18,TSLA
-7.142605936752789,-10.133954392248764,-4.319946411206229,-24.078563090022705,-16.501512446229228,0.0,2025-12-19,TSLA
-2.6115912613794054,-9.632214202029232,9.028933421563314,-72.45473935901954,-56.07733261206288,0.0,2025-12-22,TSLA
-13.284351959186058,-10.11001937032146,-16.964007994231302,8.793584251093588,-15.423572209524176,0.0,2025-12-23,TSLA
-17.248085126752503,-18.305060801916834,-14.257965440485748,-35.18880324434354,-76.53766233238389,0.0,2025-12-26,TSLA
-13.237452874450394,-0.5443097764173098,-20.594387873841,30.904157121905484,-111.73573314806619,0.0,2025-12-29,TSLA
1.3605016731064785,11.908800504995032,-4.4068249023526755,35.964461125877506,-100.19247835332703,0.0,2025-12-30,TSLA
-7.298261504019257,1.9767101659296022,-13.578793307534713,30.384929317093547,-80.82127002706936,0.0,2025-12-31,TSLA
-56.2567254300207,-36.787165192281044,-72.09830234107432,38.79273603632404,-119.08537717114112,0.0,2026-01-02,TSLA
20.882822268949575,22.982963522853833,19.04936574664875,31.883561402769566,-48.09488392341614,0.0,2026-01-05,TSLA
-36.462876146425415,-15.149571842972989,-60.13548557540511,105.57278042745274,-45.62706248133954,0.0,2026-01-06,TSLA
-6.134018249623102,-7.716138107753044,-1.8867570206307027,-31.61758562356836,-91.6754667764047,0.0,2026-01-07,TSLA
29.50882141697989,29.24372976935623,28.85458288893054,33.43425258529172,55.351469585532804,0.0,2026-01-08,TSLA
43.01188764318461,35.79003377117636,47.989802391668334,13.144399152302745,44.067168832484214,0.0,2026-01-09,TSLA
32.30396389113056,28.626914971430672,35.51113604233664,13.060930983905477,-6.417350620954657,0.0,2026-01-12,TSLA
-8.354549294745969,-6.279133351142598,-6.641147284826121,-18.63496135425997,-16.96493948536623,0.0,2026-01-13,TSLA
-12.303062591372408,-2.6336063780567387,-22.11469068796433,46.566705988190805,28.531102833696725,0.0,2026-01-14,TSLA
-9.777132093855336,0.3189102156401091,-16.599059633891994,31.15443314637748,-81.75648438602067,0.0,2026-01-15,TSLA
-11.693426079644674,-18.45731570288523,-4.228957011593285,-56.48024048794913,-42.36799689765362,0.0,2026-01-16,TSLA
-19.113320905716446,0.5183302294630685,-33.444659188619845,66.87470879172002,-114.2128529017723,0.0,2026-01-20,TSLA
17.029417415823257,7.0744421026188515,22.45436464835288,-15.520265979329228,78.49980775947628,0.0,2026-01-21,TSLA
29.868780015764596,-5.804042851157816,57.935827693937135,-138.53350605326034,171.33498147777476,0.0,2026-01-22,TSLA
0.15956344400448527,-3.9601595734612682,6.812561745000109,-39.7584263619553,26.329612191359757,0.0,2026-01-23,TSLA
-16.23722340440472,-11.078505966786418,-17.220396204176843,-10.338186605770675,-73.02708757617911,0.0,2026-01-26,TSLA
-7.711408800142412,2.2184203382209144,-15.410496004513456,38.48311442608647,-64.80936616746136,0.0,2026-01-27,TSLA
-7.358432640143498,-2.274429443963438,-11.536021399230748,17.707099914402274,-61.51036392432948,0.0,2026-01-28,TSLA
-51.291819798040095,-38.93664332480867,-58.70579050380105,-6.807995563460943,-144.07683077339087,0.0,2026-01-29,TSLA
-19.99376601186429,-7.036878132861614,-30.582218348918385,43.53694801047917,18.716073952168394,0.0,2026-02-03,TSLA
-39.739814159576525,-4.253382747991839,-76.79911802856056,182.61600905435407,-82.72463989582923,0.0,2026-02-04,TSLA
20.818699365235343,-4.402051088728565,49.55816240638249,-151.61807888162315,33.33299100410825,0.0,2026-02-05,TSLA
44.75420767419215,36.062404745443104,52.591419982062284,-2.2690661730147434,19.818020810346198,0.0,2026-02-06,TSLA
36.87368105800003,17.98639789171935,58.12957418348215,-90.661677694875,9.999993896823074,0.0,2026-02-09,TSLA
10.974605417187862,5.743738556451517,13.588737178639414,-4.710185151499989,39.63940475028243,0.0,2026-02-10,TSLA
-3.208288889104539,-17.86924906955144,11.980989378411207,-94.343958494187,56.68823255988964,0.0,2026-02-11,TSLA
-77.72126574771792,-34.47402009987984,-121.40493687833943,184.38076103602728,-119.72651927234041,0.0,2026-02-12,TSLA
22.34146128688436,13.282492829318874,32.515545712372614,-38.70304526603833,-7.22269903325,0.0,2026-02-13,TSLA
19.708911031844085,-9.085166998406805,48.236638651276856,-151.4574546847386,75.90587333870387,0.0,2026-02-17,TSLA
-3.2183376770387717,1.0387704226317946,-4.148959094853002,2.365390829858997,-47.73421698337068,0.0,2026-02-18,TSLA
12.524565078074737,7.17956925048295,22.207169904397333,-45.57106387983731,28.259357618703625,0.0,2026-02-19,TSLA
-1.963416137599535,-3.748792942147382,-2.028565079533109,-1.5725224859800622,44.78523091791567,0.0,2026-02-20,TSLA
-28.058928516562013,-6.477431570528133,-51.380278078575806,111.86916885553642,23.37969146351841,0.0,2026-02-23,TSLA
20.65829224421919,17.43540364015433,17.60186454983758,38.99685841052283,86.17981084545472,0.0,2026-02-24,TSLA
-2.9975591390401592,-7.445784130344143,-1.1562928503980785,-14.045156870876225,47.58087208868074,0.0,2026-02-25,TSLA
-18.45810222117235,-16.04120842308724,-20.220934687578424,-7.881107422727547,8.351250615185661,0.0,2026-02-26,TSLA
-17.397333799027056,2.9633915821482706,-38.604080041941366,109.84314365848424,-0.33630107569494955,0.0,2026-02-27,TSLA
33.99519477027814,22.719880890872417,44.68957620976866,-30.17109386666071,84.39063856342985,0.0,2026-03-02,TSLA
9.774905498396373,-9.002465730443312,30.49558838702038,-114.54919183333895,29.366654626897276,0.0,2026-03-03,TSLA
25.960567922003907,31.21394784415435,17.8169530778778,74.82225698677038,35.28101879886189,0.0,2026-03-04,TSLA
-6.07309582748927,-2.4376555808179985,-8.200034157685943,6.688534153707682,50.35292533849093,0.0,2026-03-05,TSLA
7.720773610872934,5.7204048991382415,12.731423435856536,-22.343125339020116,-41.17789592616633,0.0,2026-03-06,TSLA
31.668889614739882,-29.54416770337743,66.48669437155316,-177.23793892611647,211.08245471030224,0.0,2026-03-09,TSLA
-16.854792030010096,-10.634954212413437,-15.644014939429697,-24.119454573481182,-73.10313501071064,0.0,2026-03-10,TSLA
-15.552270928805184,8.836756355190024,-31.483497088461736,80.03508602915637,-19.59495094707218,0.0,2026-03-11,TSLA
-21.92093183499963,-14.011499719644831,-28.46283741028103,17.330501616707277,-95.8755693987414,0.0,2026-03-12,TSLA
-18.589995079198474,-0.797467128989531,-29.1802253817383,44.95138673605348,-81.14054129180259,0.0,2026-03-13,TSLA
-17.445810380194974,12.55111103361555,-35.26742697377493,89.48388918130185,-81.8228413311413,0.0,2026-03-16,TSLA
11.483584365691323,5.800776176402239,13.81848493812593,-2.5258190688948674,43.386970281982684,0.0,2026-03-17,TSLA
-25.692255017317056,-11.973953732993992,-31.56555308677673,9.54753339945531,-116.99088632493827,0.0,2026-03-18,TSLA
-12.147792846422353,-13.362769116954622,-7.8109212287203675,-38.16902255260897,-48.89905604153311,0.0,2026-03-19,TSLA
-17.325105995558076,3.6524930388641184,-21.430111242561274,7.304925486467225,-110.4123934847556,0.0,2026-03-20,TSLA
3.226697579270668,26.102014782520058,-9.239055469889097,78.02121587423673,12.010917520456456,0.0,2026-03-23,TSLA
7.549610263660705,15.33939534352375,3.0204248098532656,34.724722986524625,-3.1119564260597445,0.0,2026-03-24,TSLA
-32.82300666909998,7.14829429800314,-53.495500563504976,91.21195669734308,-110.9552345123864,0.0,2026-03-25,TSLA
-35.962899888455816,5.140098755626118,-56.710032484074674,88.51989568526336,-149.0478020827445,0.0,2026-03-26,TSLA
-15.423826165919696,1.3176408828734882,-16.36306336651423,-9.788402962329036,-47.20452329080706,0.0,2026-03-27,TSLA
-33.80620377784035,12.999297108819642,-56.72072200878838,103.68090560785254,-110.65174069332174,0.0,2026-03-30,TSLA
32.323670561471125,-3.319638179268623,45.160480128571315,-44.69718684111608,117.50932048029848,0.0,2026-03-31,TSLA
21.483811956497902,14.492187929523416,28.961754204423272,-23.38384153104983,50.680955502147896,0.0,2026-04-01,TSLA
-30.524856110236883,1.0431930243169438,-44.74392446022888,54.78955398971512,-98.18010679397074,0.0,2026-04-02,TSLA
-40.751192772283964,5.106021986563764,-72.23340547253419,148.14208342922538,-27.12267829338479,0.0,2026-04-06,TSLA
4.068262751481121,-11.42240397693431,6.043082035245231,-7.780652951088587,129.59591909248434,0.0,2026-04-07,TSLA
-75.55042775694504,-53.25737084573868,-88.18759464576328,0.27257357597422865,-132.54642524308323,0.0,2026-04-08,TSLA
28.990854158713464,-14.70938838747417,52.38257048805392,-111.3594438173326,55.95365590833008,0.0,2026-04-09,TSLA
-4.056845166087324,-4.970682956423328,-6.710397708699455,11.864470089592023,79.60824388816798,0.0,2026-04-10,TSLA
2.24901849892582,-5.992925372553623,4.49883826249436,-11.24990008247573,7.350296426827799,0.0,2026-04-13,TSLA
36.60092447610082,24.21455057389463,43.623378913831786,-5.533802150269312,26.681024619392186,0.0,2026-04-14,TSLA
72.96547929707368,4.751753984911793,124.45145440499829,-235.9503713504591,162.2115579817776,0.0,2026-04-15,TSLA
3.1230695063669245,-6.280419549889076,11.613590132882582,-47.82005425270649,30.871115532265527,0.0,2026-04-16,TSLA
10.30135430284612,-1.7473426722829448,34.42654642578238,-134.44979843475303,-31.71183038883192,0.0,2026-04-17,TSLA
26.920067743748184,15.951655016206935,37.68515128061997,-37.67043347745728,-10.941496346393285,0.0,2025-05-05,UNH
-15.893165219536407,-0.8688331154039964,-31.791002225264904,79.4938568148403,-76.85394812617476,0.0,2025-05-06,UNH
-12.433705297424169,-3.465273949437566,-20.86082056082117,38.12898628295348,16.60837261742178,0.0,2025-05-07,UNH
-5.855211677063609,1.029260992222897,-15.189923111853071,50.153056931690735,-62.802100476406366,0.0,2025-05-08,UNH
-19.106785720452937,-8.851993649543088,-29.65588208459073,44.18779246437083,-17.965408643344194,0.0,2025-05-09,UNH
-19.59855265945785,-19.44289111132624,-21.67157752884317,-7.160403443133973,-24.803980906868667,0.0,2025-05-12,UNH
-123.41078512339443,-100.2402482769792,-156.98463230135008,78.0322979443678,-284.47238146634714,0.0,2025-05-13,UNH
-59.59835303512324,-33.92441263382016,-96.81861853739616,163.72323997851427,-199.49469870475812,0.0,2025-05-14,UNH
89.94991051669007,39.170364366810645,152.55807996861662,-285.6991061948583,408.1252541496498,0.0,2025-05-15,UNH
57.83220003682196,18.61176257877424,86.68927507093949,-115.31025016787913,316.47205490394765,0.0,2025-05-16,UNH
93.49484025098944,45.041898905786525,152.2840192722239,-259.2402338764119,245.1016550258923,0.0,2025-05-19,UNH
41.68316501246528,19.7388647228768,70.49204601970482,-131.17012103095954,68.62665568700969,0.0,2025-05-20,UNH
-14.854816441778649,-10.54822293380275,-11.162467551174378,-37.00890978539495,-64.87532441533013,0.0,2025-05-21,UNH
-3.7171550535382387,-10.87336253161174,1.9549384796557427,-37.74971625269452,-76.72973908279452,0.0,2025-05-22,UNH
-14.64601569625964,-3.5348472423980573,-26.287828475685757,55.20486098029321,10.032728451894826,0.0,2025-05-23,UNH
-8.71388820520516,-3.483617617990071,-5.922531036206407,-25.462031219191868,68.73753148887445,0.0,2025-05-27,UNH
16.03423406426455,22.44590734035974,5.464722366807899,79.45130424901204,-65.06682933805503,0.0,2025-05-28,UNH
-5.569417939045321,6.340041844229791,-14.398458202346966,47.404823640772186,16.172745542818802,0.0,2025-05-29,UNH
13.139064910175176,24.967948502028,1.5434544966566022,82.71272739129226,-19.607698247859094,0.0,2025-05-30,UNH
-43.34885904457554,-14.240576383149232,-79.27864655032072,172.22986598990295,-47.10541208904523,0.0,2025-06-02,UNH
-14.319860162061314,-11.187689212703154,-19.536113416579656,16.977659365056255,-27.044118426010062,0.0,2025-06-03,UNH
-37.99653494249874,-33.98281417349256,-42.11113456028621,-13.308937235755097,-60.95291976433966,0.0,2025-06-04,UNH
-4.032225011354984,13.303945416967876,-23.42849037507303,112.34536717097424,-83.70744461764055,0.0,2025-06-05,UNH
10.444753948453574,5.497210131838258,13.336511475063109,-6.905791211173427,69.64667752490499,0.0,2025-06-06,UNH
-20.757792621242846,-17.10000838874098,-26.60427229983697,14.321085450327526,-3.1593277678065497,0.0,2025-06-09,UNH
-12.143205628787317,-6.136060635632758,-19.734009348516164,33.40161668960266,32.4110299045116,0.0,2025-06-10,UNH
14.491333295033138,19.738366772570906,5.995866784302895,65.4641323594183,75.03357901839408,0.0,2025-06-11,UNH
25.04888537810932,6.394957631187325,43.9781114801636,-88.52647123420374,102.42002023619082,0.0,2025-06-12,UNH
2.080873189244502,7.798362569993482,0.6304105669190242,10.783648923215452,-25.959262191123656,0.0,2025-06-13,UNH
-16.324453042478098,-16.249422500935616,-17.58959520838062,-8.733600047044504,2.640990748115928,0.0,2025-06-16,UNH
5.145896656152544,5.853882470072903,5.300518017747055,4.218168486596557,30.95874357895872,0.0,2025-06-17,UNH
4.600798770907024,6.858628860228866,0.9815519724233142,26.316279561816636,-61.00727610930351,0.0,2025-06-18,UNH
-23.04903861074668,-13.419028194007046,-39.58377676575594,76.15939031930894,-90.68090881876442,0.0,2025-06-20,UNH
12.921913984724082,6.5858372948763355,19.145830279701755,-24.421583785134363,51.109773016318464,0.0,2025-06-23,UNH
16.45606520281856,6.904979616253593,27.773247530634738,-51.4470287640729,87.49711488002292,0.0,2025-06-24,UNH
2.525562967225143,-2.4141845507533057,7.136105406305468,-25.137691667256806,-0.14865890683014238,0.0,2025-06-25,UNH
-9.27800694024832,-0.5586643175827825,-14.941247196288215,24.701434595987294,-29.33345882169933,0.0,2025-06-26,UNH
6.266665513198404,-7.55679544683425,22.42024497904257,-90.65481128186475,63.4940554717423,0.0,2025-06-27,UNH
11.693119453836937,1.5751066416712793,25.238802101227815,-69.58097643049368,53.243563194511694,0.0,2025-06-30,UNH
38.74384467084754,32.44847064726161,56.73498001701732,-69.20296740616591,108.304581673505,0.0,2025-07-01,UNH
-30.239227983021994,-13.74577142076268,-47.294906249026404,72.09484161301901,-192.50686627142522,0.0,2025-07-02,UNH
-18.545501830378967,-13.419364225694073,-21.9271878740435,1.7446144316082386,-4.178399193356456,0.0,2025-07-07,UNH
7.902710775167315,5.3018645532321,11.06701563710525,-11.083118396456575,47.04130203674239,0.0,2025-07-08,UNH
5.030212012949909,-0.7386253999496376,9.510301476178993,-21.85032476642648,40.52364068951061,0.0,2025-07-09,UNH
17.72793245268168,13.800082719384129,21.12235767834836,-2.6386189013221863,-62.38538440485383,0.0,2025-07-10,UNH
6.82399699287573,0.7981128987138817,15.272503319570548,-43.867040967281845,99.02764967642494,0.0,2025-07-11,UNH
-10.15663317896609,-9.822078402969643,-9.957490581313893,-11.351488764869812,7.877252064251837,0.0,2025-07-14,UNH
-30.016973619728226,-23.168262403523535,-38.46854033428236,20.692426667594635,-85.0744401404801,0.0,2025-07-15,UNH
-0.8284682440455708,-1.8482166438105003,-4.119013602988711,18.91480390961327,-17.265570416923936,0.0,2025-07-16,UNH
-0.34292371575266234,-2.3663203137789988,6.208483661923628,-39.651367981814346,-2.5361104001837713,0.0,2025-07-17,UNH
-14.837280424816088,-4.457908760807822,-25.138261440173153,46.96860566735036,-30.803371732350104,0.0,2025-07-18,UNH
-12.988706071299392,-5.911570647434546,-20.026804242937374,29.239882958546552,-40.6482149123153,0.0,2025-07-21,UNH
3.2043710227970825,13.473017383213218,-5.747620083137812,56.91631765840645,-2.707641937906826,0.0,2025-07-22,UNH
20.598046518152515,12.781128761227151,33.1662151965191,-54.81096555203516,139.9750989128436,0.0,2025-07-23,UNH
-33.6507455840309,-10.545440916583589,-66.40408068400538,162.86926501582403,-134.17416115905712,0.0,2025-07-24,UNH
2.6406694289271244,6.425339118549505,-0.23478057370141003,19.893369444720427,-67.56514084963759,0.0,2025-07-25,UNH
4.605331363395291,15.374835724084585,-5.363399462665423,64.41771631975958,-2.7056033749306643,0.0,2025-07-28,UNH
-14.753454812397656,-3.548575967943305,-37.136230054848134,119.54319664231373,-214.34829514427716,0.0,2025-07-29,UNH
25.203799932383802,19.37090396423565,23.620641571392138,34.70275009834245,143.87256631138533,0.0,2025-07-30,UNH
-41.78529963435602,-26.259811945286636,-66.48530569344321,106.41473672017719,-161.62364704924704,0.0,2025-07-31,UNH
-32.9716401402748,-4.044355191214599,-58.413416348180014,119.67901710716598,-99.66190358468239,0.0,2025-08-01,UNH
6.664289186546551,9.788223326131778,5.599517037716629,13.052922079521345,48.90317908983436,0.0,2025-08-04,UNH
33.5581296974458,-4.183911149874571,80.75968887314994,-249.65122535676983,148.87100113427138,0.0,2025-08-05,UNH
-34.51252132374149,-31.747369193537338,-41.32399497683946,6.356320594866953,-88.46925464349209,0.0,2025-08-06,UNH
-2.126604827229513,-10.612050569271304,6.468126179817167,-53.69499086950023,76.03443048998021,0.0,2025-08-07,UNH
16.59423312281559,4.015170695199853,28.077860790483726,-52.307532883187484,84.34739104530043,0.0,2025-08-08,UNH
-29.370654212010077,-14.52190975031644,-50.557044964457255,97.74769030268973,-104.54455483216955,0.0,2025-08-11,UNH
17.427236039525624,21.65540769524801,15.857200592192468,26.84744872354206,66.08201239650244,0.0,2025-08-12,UNH
29.081459866342833,20.778094283611914,41.60992971008213,-46.08935919608029,91.26159589249376,0.0,2025-08-13,UNH
-6.109650719367487,-5.612224124515568,-4.764302208869729,-14.181741782356129,26.811310436671125,0.0,2025-08-14,UNH
71.59857942310806,48.96065382859478,92.67316351854326,-54.84892514949191,-11.00223989840932,0.0,2025-08-15,UNH
-9.121891010208765,-6.458133360740039,-14.391230074552064,22.494143375861956,-113.70281940382601,0.0,2025-08-18,UNH
-20.868326529689885,-12.80971593321153,-33.829306416817396,56.89755279309952,14.098840943798773,0.0,2025-08-19,UNH
-28.326926755077857,-28.139656465124148,-25.772340965525718,-43.65444149237739,17.345817615294557,0.0,2025-08-20,UNH
19.240033396708764,18.95547950381871,22.096682824889566,2.100136827642668,-13.04066479070637,0.0,2025-08-21,UNH
-9.976220763967222,-2.0664144214959883,-17.624788818196535,35.915187561416055,-7.166178204454023,0.0,2025-08-22,UNH
-12.38545658159124,-6.995493253848106,-19.31911482675207,29.216492889368176,-26.41238885451068,0.0,2025-08-25,UNH
85.32924465273757,71.05224047233627,88.97424643885313,63.45923393604422,-99.16546983902735,0.0,2025-08-26,UNH
5.218945735979805,-3.037435482469942,16.284199441946825,-61.1725764998017,14.660695678189558,0.0,2025-08-27,UNH
0.7217073708655649,-7.342981970523021,6.132753338724914,-31.744568436283,9.980564938312503,0.0,2025-08-28,UNH
1.3369247471416479,-10.175525032673265,11.986844586084548,-62.562594286510176,143.58074398477024,0.0,2025-08-29,UNH
-8.910046690767357,-2.6435414379427504,-19.31880333991169,53.542493204120596,-55.669079586475696,0.0,2025-09-02,UNH
-5.4993148503743825,-9.295975077334829,-0.19954485734636832,-37.29793480853503,51.08692842993431,0.0,2025-09-03,UNH
19.530133470018196,12.388433834824626,25.971612141262664,-19.118738557446772,47.90857122683604,0.0,2025-09-04,UNH
24.273742198063484,9.395984646784123,40.74655617264128,-74.56314164938155,43.74076763969984,0.0,2025-09-05,UNH
20.10366185451928,4.953875282099246,41.786292123332686,-109.99211975835044,65.76536484326479,0.0,2025-09-08,UNH
64.3803601299276,13.630230370484684,118.45205792529347,-260.04982664225105,172.35693767628405,0.0,2025-09-09,UNH
9.07210953935476,-0.9725851630272864,20.94253468946501,-62.1504413612952,61.17365651793117,0.0,2025-09-10,UNH
11.326674566030913,6.896717427340665,20.379919259643216,-42.992793595642915,-37.92266709866477,0.0,2025-09-11,UNH
-20.174838831692504,-9.207702293196155,-36.59711812169778,78.35883690836305,-124.01802164650957,0.0,2025-09-12,UNH
4.874056250565525,3.3728116585992063,5.63953181195107,0.28120288225878187,-11.484613767311206,0.0,2025-09-15,UNH
-21.797514145663744,-25.87326170129337,-18.70460964615419,-40.35494114269113,-59.372327323368154,0.0,2025-09-16,UNH
3.386349852095764,1.0484038772536974,6.181109296303798,-13.382206813150768,33.90137145602276,0.0,2025-09-17,UNH
-6.6151432174883995,16.674476289967867,-34.4197053469193,160.21222955911878,-125.98520256308773,0.0,2025-09-18,UNH
12.920575035380523,0.20477584153171674,25.15020856798641,-60.457226160256496,-33.51437044318312,0.0,2025-09-19,UNH
35.23519351837522,25.019284220724927,47.853599335913216,-40.4752413868344,53.47337349068293,0.0,2025-09-22,UNH
26.80055481835319,27.832122770398197,27.903789672481867,20.18114569359583,-16.78699234985577,0.0,2025-09-23,UNH
8.61551848305908,-1.6490062061226836,14.979626287265216,-29.569128342163165,13.698572691236784,0.0,2025-09-24,UNH
1.9920856001094491,-4.951938672013149,8.321011774635092,-35.98147144703457,-27.904600054433708,0.0,2025-09-25,UNH
-6.530579687048304,-18.159250692806218,3.8495051011561277,-68.81108841626498,-4.9310424546267395,0.0,2025-09-26,UNH
2.4938631884153066,1.5312847291582612,4.331302625439435,-8.530773433712934,36.84526033690713,0.0,2025-09-29,UNH
-7.509335118690058,1.3210994434351517,-19.680233091444794,65.51605271785154,2.211804510111582,0.0,2025-09-30,UNH
9.664848451653024,17.802364767775373,5.883941206700325,32.35029192138892,61.53370258462266,0.0,2025-10-01,UNH
25.823064040733225,9.944497502373867,38.649510292643825,-51.13561347071259,67.85202678117108,0.0,2025-10-02,UNH
-8.328031215579566,-1.78148692385141,-17.988220837574712,49.63310651641956,-53.59466494152495,0.0,2025-10-03,UNH
-2.022689124119656,-1.5476979670370397,-0.9862268463273612,-8.24146279086237,-31.025987382828486,0.0,2025-10-06,UNH
8.140251990328004,-0.5298243955344861,22.84942877700075,-80.1148087297022,57.41389922181523,0.0,2025-10-07,UNH
0.8671925832735671,-1.1035278386743435,5.631892049710686,-27.721004215338407,-11.523748580365494,0.0,2025-10-08,UNH
-24.408851283543108,-7.561157927217746,-42.030082305853604,81.31853485033062,-100.94503744495157,0.0,2025-10-09,UNH
-39.62055718407919,-26.75717408551375,-58.309481782643225,72.51299040731772,-113.853773916704,0.0,2025-10-10,UNH
19.8837785485103,17.18317707647634,26.883116187650863,-22.11224728632671,41.94936494588361,0.0,2025-10-13,UNH
26.02694864686717,19.741513111724895,29.94106425553267,2.5422549948804964,11.443497286529611,0.0,2025-10-14,UNH
3.715859382300542,19.16805473175229,-6.966100792553153,67.80762043142902,14.305788390935497,0.0,2025-10-15,UNH
-14.392147504317396,-4.765214432801829,-23.034527178741154,37.46213054223311,-38.56657673650223,0.0,2025-10-16,UNH
21.681344688419006,18.652189435888708,24.4740742257731,4.924967464316877,51.4475277773339,0.0,2025-10-17,UNH
17.821823416331412,9.59521835325874,25.93612865208109,-30.864007998146278,44.931189825383576,0.0,2025-10-20,UNH
18.47046421130138,9.550824734686763,27.116445468133612,-33.40542332967498,-47.02620036968554,0.0,2025-10-21,UNH
-6.614351328585402,-4.861953080379167,-5.7158297878832816,-12.005480572779193,-0.35115255332675177,0.0,2025-10-22,UNH
23.844614372612583,15.277184571348393,31.153464741208783,-20.008487838947218,46.61253829481624,0.0,2025-10-23,UNH
4.764752438290119,2.6161319055604344,4.7877051831557065,4.627035969110677,-25.29690536787207,0.0,2025-10-24,UNH
6.874323291393898,6.3107294533035585,9.773392671541334,-10.52009298948135,48.50785937783454,0.0,2025-10-27,UNH
4.437532888932532,-16.065662200124454,16.75316876926413,-69.45628239304014,-55.66622487282984,0.0,2025-10-28,UNH
-18.154071655594073,-1.5333986603502787,-37.79139049316132,99.66984136980945,-110.55714132013772,0.0,2025-10-29,UNH
-20.46176313500405,-19.52287401627187,-21.100935629600954,-16.626728167417685,-47.225708640264806,0.0,2025-10-30,UNH
-3.747796307453515,15.914981003924629,-17.346577204461784,77.84488907461606,-6.840302575722827,0.0,2025-10-31,UNH
-3.522676890515164,-5.451186673817342,13.950342270650602,-108.36079185748576,65.89164473300853,0.0,2025-11-03,UNH
5.562331920798078,6.785612206189317,-5.419147262958967,71.4512070233592,-24.72011406063112,0.0,2025-11-04,UNH
-0.23517606727661286,0.7936511055909509,0.8607183897480758,-6.8105428094108404,21.9573864781341,0.0,2025-11-05,UNH
-31.918309009051193,-29.063107299656522,-51.39963032738774,84.9696189009891,-109.76557328064884,0.0,2025-11-06,UNH
6.165145815589225,17.813684368669225,13.925497659637244,-40.39696524868283,163.82085267406777,0.0,2025-11-07,UNH
-8.833225450232218,-0.3536390482657348,-26.907086082789757,99.60993834513071,20.455703923686098,0.0,2025-11-10,UNH
9.529762169195894,13.733595892446997,20.740975354712848,-57.73751694387952,103.02536244640791,0.0,2025-11-11,UNH
29.862575541131704,32.92514212964898,22.104735154282686,76.40961786223924,11.746201700283832,0.0,2025-11-12,UNH
-9.113687575665328,-9.305019990949441,-22.753174675606406,72.72323502399303,-65.89814014661279,0.0,2025-11-13,UNH
-10.447428960408407,-7.873294041375444,-19.837374806643478,45.89224611701963,-33.54498209149531,0.0,2025-11-14,UNH
4.711457099102245,-1.349615485934205,-8.338782138838818,83.01289252676791,-102.32938552573044,0.0,2025-11-17,UNH
-3.355186868171944,2.9814144982345208,-3.7774753305376194,-0.8214560939633273,45.29615795698078,0.0,2025-11-18,UNH
-17.618152767398776,-11.466697529827965,-20.466925491741193,-0.5255164213295132,34.21103575814445,0.0,2025-11-19,UNH
1.5503644278739157,0.4586864857856866,0.9447321836765246,5.184157893063727,-16.64960963018228,0.0,2025-11-20,UNH
28.105790099331504,19.781432127260747,36.34748607932462,-21.344385780602273,14.49156660892237,0.0,2025-11-21,UNH
-8.718275279818497,-16.70130815706727,-5.257385336204817,-29.48361494149704,-51.942580150150164,0.0,2025-11-24,UNH
13.113126321683955,11.55475977346373,16.76753871687257,-8.813348049428523,20.669787312744834,0.0,2025-11-25,UNH
-3.990351989962962,-4.891193588326565,-6.019575123174174,8.184986809312916,-19.668834637775106,0.0,2025-11-26,UNH
-5.2291647951915445,-7.98177781805465,-11.68067683647459,33.47990745252067,-82.75721708974466,0.0,2025-12-01,UNH
-9.932585322558994,-8.969883168978402,-11.26970728059456,-1.90985357432112,-12.680031875470911,0.0,2025-12-02,UNH
29.865398971051064,23.6452688070765,56.273302385507996,-128.58202151568543,99.24763279441105,0.0,2025-12-03,UNH
-17.948410145661825,-13.86757742757148,-24.844036744624503,23.4253494481245,-4.297664469845155,0.0,2025-12-04,UNH
-7.3922813644127086,-3.1683077607146917,-14.813532753107667,37.13522696776391,-9.375196653807302,0.0,2025-12-05,UNH
-9.851249370335653,-15.454574110819475,-6.142956410402537,-32.10100712990284,-39.182568193077124,0.0,2025-12-08,UNH
-7.943674436410322,-7.201849640024125,-8.589333391739459,-4.069720704424975,-7.160376310469279,0.0,2025-12-09,UNH
12.669616796948626,13.715691937459907,31.771661559492586,-101.94265177829067,101.28237184690487,0.0,2025-12-10,UNH
32.654927482975744,23.605792472822365,49.78023546535252,-70.09692041126792,38.4131035106234,0.0,2025-12-11,UNH
4.559066054045101,4.621397991140409,2.1784319947237543,18.842870409986485,0.4112170197288543,0.0,2025-12-12,UNH
-3.698810937826867,-6.863900269727892,9.575934230040282,-83.34728194500805,23.18859240762171,0.0,2025-12-15,UNH
-13.684998449047184,-10.090907926770486,-25.60153393613921,57.81421447351852,-27.11920539695206,0.0,2025-12-16,UNH
-2.6022475528260745,-1.3704625592112754,-13.581422692070387,63.27280328266711,-46.01076387251353,0.0,2025-12-17,UNH
-1.3978237117218424,-0.20609022076275138,-0.2702054219024221,-8.163533450627954,10.302616003925385,0.0,2025-12-18,UNH
33.51709176523632,17.99601822413676,33.25092833542093,35.11407234415275,-104.51842527684349,0.0,2025-12-19,UNH
-3.7403098214461434,-0.06502690022003711,-17.213367353521804,77.09803537103399,-24.154290076909152,0.0,2025-12-22,UNH
-6.563629780081021,-7.60588059310746,-7.225939536334569,-2.589771242540511,-18.883676890289525,0.0,2025-12-23,UNH
14.132421365547032,15.382409083289078,19.61760926899134,-18.77870605510676,55.606988633436536,0.0,2025-12-26,UNH
-18.699031905693175,-16.63241352686529,-24.477545915561322,15.972052153526048,-34.375156872747766,0.0,2025-12-29,UNH
-0.8455283391946687,1.9311101065826586,-10.447116396655058,56.76400000557791,-24.01690873862883,0.0,2025-12-30,UNH
-6.628237633673881,-8.616389133941611,-7.509005147225679,-1.3436325523493584,-27.468811327834942,0.0,2025-12-31,UNH
25.02982697498531,13.73880668230064,52.330372241613446,-138.77344462478013,26.350564359207358,0.0,2026-01-02,UNH
22.447971708943868,7.301067152929779,56.39993413560377,-181.26380285099555,30.36839265186963,0.0,2026-01-05,UNH
13.48785617167919,6.302908192698158,24.17875118552351,-50.65751391138183,-17.191367325570873,0.0,2026-01-06,UNH
-25.44460864663213,-21.360303829868677,-23.188311661704073,-38.98239055618214,11.987696116942972,0.0,2026-01-07,UNH
15.897473030520946,17.623006702122876,17.26340264959726,7.701895316086053,22.441486733631653,0.0,2026-01-08,UNH
-6.185472245690214,-5.306282494336849,-7.233772307309904,0.10432812404111456,-22.51440184761142,0.0,2026-01-09,UNH
5.180722510305077,6.726845167801019,11.40597284854089,-32.17077951908966,51.97974160221251,0.0,2026-01-12,UNH
-15.921261588501656,-16.504141077340226,-21.460277849138716,17.312835975324095,-41.74012871431852,0.0,2026-01-13,UNH
12.902568319574334,9.388072839857038,5.323478900563455,58.377104833661505,-77.00976948578811,0.0,2026-01-14,UNH
46.33335036439159,39.58565934270588,71.56290527347234,-105.04397909007425,109.96905390887065,0.0,2026-01-15,UNH
-4.71024421117882,-8.65808695426837,-11.96968528400675,38.84640222580242,-62.98638611665743,0.0,2026-01-16,UNH
38.56186283417375,31.596034780028493,60.89928017216537,-95.46264119374715,88.12039748365191,0.0,2026-01-20,UNH
20.15975625915454,25.78495105896201,17.11549911562286,38.42529912036437,60.98742246806253,0.0,2026-01-21,UNH
18.43917068902214,18.349324094353936,21.38293521846859,0.7765835123402337,42.943884611901346,0.0,2026-01-22,UNH
1.852031991415707,4.3809026292718585,3.8720050239754515,-10.267806203920367,25.74944749800922,0.0,2026-01-23,UNH
-2.834428977603967,-0.25028056364531415,0.5220135915323056,-22.97308439239403,33.386412363457794,0.0,2026-01-26,UNH
-90.85555363409206,-78.72817380205832,-124.33249188707943,110.00607588384402,-124.27690709256589,0.0,2026-01-27,UNH
62.92749334158356,57.358327108901506,81.96507027602703,-51.29796826507531,93.63684157580276,0.0,2026-01-28,UNH
0.46433859178326264,2.8059858151260637,-4.072147390195589,27.683254483669984,-4.128692219003786,0.0,2026-01-29,UNH
-22.414459283654292,-7.915175570105579,-37.117256878286874,65.80232628415727,37.182292691657985,0.0,2026-02-03,UNH
-33.57382541378698,-26.045532505236782,-54.83375314767925,93.98574098958306,-64.58543283133909,0.0,2026-02-04,UNH
-32.15624727110842,-19.636338958700154,-64.1165232792354,159.60540877766192,-47.26501174254233,0.0,2026-02-05,UNH
37.892955468207596,30.111143410879567,58.63656728758468,-86.5687154480508,92.9945594711389,0.0,2026-02-06,UNH
6.059928095001276,-3.549253306398105,9.781149424672279,-16.267399883020634,-55.2320468245234,0.0,2026-02-09,UNH
-16.351241286498873,-23.072065097617262,-21.130239831774826,12.322749985167185,-87.30959859529237,0.0,2026-02-10,UNH
37.92091026728391,31.42041137704365,59.58314471012759,-92.05249638976585,84.08700690987581,0.0,2026-02-11,UNH
24.634299271293543,34.072153419373706,22.25838196467661,38.88980311100924,84.61701605855484,0.0,2026-02-12,UNH
17.367066403325772,18.227978814111633,33.80568062235262,-81.26461891082349,128.4347976262799,0.0,2026-02-13,UNH
0.8991908868799137,-6.010999628018839,3.8362701610519045,-16.72328475814422,-60.87819544786121,0.0,2026-02-17,UNH
2.416681902173672,-1.722945751477669,8.788073735357422,-35.81166909691701,-13.28101512408422,0.0,2026-02-18,UNH
-3.016456388022503,-1.4843916075480033,5.279804859177763,-52.79402387120242,45.810194778090896,0.0,2026-02-19,UNH
5.318990876709946,11.017144808058521,12.23674328626202,-36.1875235805946,69.86007949903401,0.0,2026-02-20,UNH
-34.28746992838292,-28.592873399918258,-55.9199829458247,95.50760817627574,-94.92047846184461,0.0,2026-02-23,UNH
-27.546901107294303,-24.066762348367003,-37.32518075675194,31.1227767894701,-26.75735320521492,0.0,2026-02-24,UNH
18.589298659552192,23.64699000136734,22.98212306454644,-7.767647770403209,82.88510136284516,0.0,2026-02-25,UNH
-33.36300352176257,-29.60661113023797,-39.99347382667556,6.419818307729172,-45.31683305345318,0.0,2026-02-26,UNH
12.445105341561646,5.690405659943844,37.44282389765093,-137.5412059949585,68.50134216000602,0.0,2026-02-27,UNH
7.9963471504740715,13.573741512947501,14.13427112422293,-28.831196692001594,82.28626656082305,0.0,2026-03-02,UNH
-3.9835944962044696,-4.7374887924471025,4.351939372780871,-53.99679771010862,33.26609271108565,0.0,2026-03-03,UNH
11.461088169938442,9.415947017742411,12.387901746671341,5.900206709546897,3.1560231716760194,0.0,2026-03-04,UNH
-4.182320479994729,-4.329438569903486,-5.39597883405074,3.0996296443492084,-7.804808072679389,0.0,2026-03-05,UNH
-10.972168211632154,-10.213857658932199,-2.8487183199610904,-59.71286756164463,19.3313133885456,0.0,2026-03-06,UNH
11.925539492215254,8.630738488280132,28.61407286702271,-88.20566075662546,105.72618355649945,0.0,2026-03-09,UNH
-2.657667012558777,-9.906912373684811,7.993619509409995,-66.56538614436339,-21.8650295915277,0.0,2026-03-10,UNH
-1.772065053773739,-15.186793552846025,12.775866463561709,-89.05965415778043,52.21853687087683,0.0,2026-03-11,UNH
-20.689221588442887,-3.075026189300625,-44.34970132656638,121.27365684030823,-97.989081270711,0.0,2026-03-12,UNH
6.94714859063593,4.948025768489014,9.305387167885014,-7.202282872858576,34.77446721101258,0.0,2026-03-13,UNH
14.301441869068647,11.079751454441087,17.47436406725898,-4.736091320065386,-1.7584039483537637,0.0,2026-03-16,UNH
-3.9776586092796666,-3.6673180327493045,-4.151744706583824,-2.933142025436909,14.125170658544475,0.0,2026-03-17,UNH
2.905291958019866,1.674584847173285,1.8632009543418921,9.157837980091692,-41.63485860961937,0.0,2026-03-18,UNH
-17.735381433502752,-17.869186779515136,-21.39783418175517,4.239335056019768,-96.05720263592013,0.0,2026-03-19,UNH
21.72591898327689,23.64282436854283,18.81527165282152,39.18980296601117,-114.73673686933645,0.0,2026-03-20,UNH
-24.661193976175554,5.707920022222078,-55.66914706882413,161.3865245797305,-94.41306552960769,0.0,2026-03-23,UNH
13.169011511285449,9.606738385144384,21.199984825563583,-35.016828374370796,26.294565042488717,0.0,2026-03-24,UNH
-4.17443626452091,-3.436119857008014,-5.436492420180056,3.39790066943607,29.900514344068448,0.0,2026-03-25,UNH
-7.8010071851877365,12.646315413937982,-28.98736029041411,119.31711144617893,-80.58370056015035,0.0,2026-03-26,UNH
-19.58202292554553,5.047741658988734,-43.44532835382566,123.59780964413959,-23.06486099316659,0.0,2026-03-27,UNH
10.784266818092183,4.418695484901803,18.20956006886773,-33.76749268656112,69.09681019719966,0.0,2026-03-30,UNH
34.87357998337695,18.844211629863068,49.07564886979707,-50.33883333512468,90.66936587109008,0.0,2026-03-31,UNH
0.5314476381324887,-6.590398123888894,12.034490335038281,-68.48680854328147,26.670901910894493,0.0,2026-04-01,UNH
2.5149791007655593,-0.5982970324822551,10.726237153318728,-46.752569214545225,33.22340187666235,0.0,2026-04-02,UNH
10.950050831479565,14.609481825153576,5.084152938447233,46.14543818968164,-3.7956327410725716,0.0,2026-04-06,UNH
39.22821730478342,14.528821669450167,60.909837128271285,-90.86150163612896,22.81169082190696,0.0,2026-04-07,UNH
-20.171356933277632,-21.631728506852724,-21.183640994536365,-14.09765256571227,-33.80849933086958,0.0,2026-04-08,UNH
4.823200645833273,5.437116596347945,3.277198812796263,14.099211644060896,18.99348922766435,0.0,2026-04-09,UNH
-10.419259632551478,2.6332605785027265,-22.296801219128586,60.84598988692042,-82.8013969124547,0.0,2026-04-10,UNH
29.078165456012705,9.966063681475738,48.210957124857806,-85.71858455706528,116.79227744218024,0.0,2026-04-13,UNH
-5.707476029375558,11.62043231196321,-23.074242465735775,98.49312258880371,-63.38613998677184,0.0,2026-04-14,UNH
-4.035760236128951,-10.288512437112866,5.0666309026824825,-58.650107068988476,24.162953324857373,0.0,2026-04-15,UNH
-10.244963767213795,-22.69885002763911,-0.2310577528849088,-70.32839985316912,14.979102863392555,0.0,2026-04-16,UNH
18.735282867884692,16.121790977255753,22.618041800067896,-4.561270725196937,41.545507920210866,0.0,2026-04-17,UNH
8.486155746193138,2.2778709136976985,15.59161460789741,-34.146597424009606,2.099484132854554,0.0,2025-05-05,WMT
5.540225092306937,7.78344670939054,2.014978798640415,26.691702854331922,-43.043624411486824,0.0,2025-05-06,WMT
1.167306450052873,1.4838510614237073,-0.8806901772126325,13.455286213654533,-3.748039869947954,0.0,2025-05-07,WMT
-4.781518162758428,-8.516627858783052,-6.382350165683501,4.8234738548021445,-70.56139598595465,0.0,2025-05-08,WMT
1.1669981772032583,0.7161341695154092,1.1263646447703426,1.4107993718139666,-9.954502876362255,0.0,2025-05-09,WMT
-11.759567313179375,-14.946880183600179,-4.174056649106784,-57.272631297609024,42.351723303570814,0.0,2025-05-12,WMT
-8.887348515483822,5.672924875063725,-26.13640096866994,94.60696620363585,-36.35705750023687,0.0,2025-05-13,WMT
8.561034716464427,9.314228028349621,4.243692576175867,34.46508755821634,0.36920865684259496,0.0,2025-05-14,WMT
101.2275883367982,77.82460388634114,136.4995714265538,-110.40431020174148,162.55064579798758,0.0,2025-05-15,WMT
5.586885619904651,9.943358640570734,5.6344762859050705,5.301341623907927,19.57854142374412,0.0,2025-05-16,WMT
27.87575196050305,22.473727500789497,34.522198986726295,-12.002930196813113,52.534615660855884,0.0,2025-05-19,WMT
2.391749360467805,5.721677906842033,0.5783938588997374,13.271882369882029,13.271882369882029,0.0,2025-05-20,WMT
-8.420459645330787,5.106236658868246,-22.974729815429793,78.90516137528967,-43.575790800992294,0.0,2025-05-21,WMT
-0.47112363844184646,-4.61535967686829,1.8663359756660238,-14.495881323062507,-40.45383159029409,0.0,2025-05-22,WMT
9.458416081466199,5.881778699376356,13.649863058440133,-15.690265780378883,40.55946278735654,0.0,2025-05-23,WMT
4.191668849622159,7.105277562246544,3.1531360374827244,10.422865722482106,20.685598985587927,0.0,2025-05-27,WMT
-4.551573221054708,-4.652563502743452,-5.792082502644612,2.891482468505124,-22.75958867123973,0.0,2025-05-28,WMT
10.955866751654574,8.846084749229618,12.399916354625892,2.2915691338529425,-20.829614016478107,0.0,2025-05-29,WMT
-1.7645518253863743,-3.7026379028714924,2.581982008298175,-27.843754827489324,53.17250068712433,0.0,2025-05-30,WMT
-3.8181936368671563,-12.437732257082711,8.654482744697413,-78.6542519262474,85.0179258859449,0.0,2025-06-02,WMT
-7.948180758725135,-13.226749305610324,-4.692352658751795,-27.48314935854091,42.82333968743853,0.0,2025-06-03,WMT
1.3913477176705131,1.7417331058303718,0.5438349728576006,6.476424186550838,-38.14383771766174,0.0,2025-06-04,WMT
-9.625352592043665,-6.2109675915340326,-12.626656832532298,8.38247285089103,-21.03238163433881,0.0,2025-06-05,WMT
-11.910688136958623,-6.070338212698663,-19.22343541643603,31.96579553992474,-17.210070582633225,0.0,2025-06-06,WMT
2.9357673579661463,1.7015878309708576,6.0890214321497504,-15.983757087125264,2.4956873406821853,0.0,2025-06-09,WMT
-8.542855988059209,-5.464399387210175,-11.233990381312307,7.603950371463768,34.923126493670715,0.0,2025-06-10,WMT
-2.723092104486288,5.243569271251123,-11.08484608859422,47.4474318001805,-40.87825285011198,0.0,2025-06-11,WMT
8.424836143941029,7.998026666306232,6.988858000480998,17.040705004711736,31.321467863117892,0.0,2025-06-12,WMT
-5.693136463567448,-2.989909852784563,-7.241793570136121,3.5988061758581122,-19.132654560964557,0.0,2025-06-13,WMT
3.8869130378798067,10.515497837790601,-6.5628470416769495,66.58547351523534,-49.46177939783523,0.0,2025-06-16,WMT
1.567043131358617,0.4800458352422487,6.465672021881839,-27.82473021176264,-8.741223530720177,0.0,2025-06-17,WMT
5.002453302877059,3.3183268869455933,9.128775099794288,-19.755477478629306,5.8133994305182295,0.0,2025-06-18,WMT
4.346476901616287,0.8184852330408676,9.154391443451361,-24.501010349382295,29.76515026654722,0.0,2025-06-20,WMT
8.689394668869605,2.5136931397871223,17.423484364051735,-43.71514350221143,100.28755584578143,0.0,2025-06-23,WMT
17.322467376643047,0.5879889452235209,34.43506914174746,-85.35314321397477,-23.76481898876236,0.0,2025-06-24,WMT
-15.964397022981448,-9.169723878209032,-23.884140179234,31.554061914548406,-29.92069490057166,0.0,2025-06-25,WMT
-6.164888365189695,1.6383329973439567,-14.451821494548065,43.55671041096937,-30.246738351880136,0.0,2025-06-26,WMT
7.151762311559595,0.6982385739164028,14.633036151281244,-37.7358807267586,-4.82320823205077,0.0,2025-06-27,WMT
-7.426681346205549,-10.502182924166425,-2.6395284436063573,-36.1495987617846,65.27025312548429,0.0,2025-06-30,WMT
-3.6341088237209243,4.7586015032840745,-11.023525278397186,40.70238990434242,-20.25487005144579,0.0,2025-07-01,WMT
-5.477705746081141,-6.205182781903536,-9.049599368061418,15.95365598580344,0.07251810241415238,0.0,2025-07-02,WMT
7.317446757905349,0.2942380468264699,14.907877017845959,-38.22513480171525,75.87002322774227,0.0,2025-07-07,WMT
3.82165713342873,2.842306503434365,0.1532603008328808,25.83203812902277,-43.89864694462088,0.0,2025-07-08,WMT
1.9341424739077782,4.788663068952706,-0.4860056572343272,16.45503126077214,-8.827603385589704,0.0,2025-07-09,WMT
-8.018390056732448,-1.6425813324670362,-17.476732988855314,48.73166753600771,-67.481063179825,0.0,2025-07-10,WMT
-7.917821936306108,-3.9579081908267093,-12.47698162833812,19.43713621589646,-44.9185833788343,0.0,2025-07-11,WMT
13.244923141782127,9.298424876646125,20.191951183196537,-28.437245106687936,44.99153412628713,0.0,2025-07-14,WMT
1.2181704509764408,-4.464538046099238,6.724568361348267,-31.820217011239617,2.266777704598371,0.0,2025-07-15,WMT
-6.083480577746971,-4.2449923313164435,-6.865279577681652,-1.392686578141872,14.25006273973842,0.0,2025-07-16,WMT
0.24312408999964802,1.1308703517700638,-3.0119033489230875,19.773288723552483,-5.9596702097966805,0.0,2025-07-17,WMT
5.545693266156675,8.44060740344764,1.375163138583105,30.56887403160856,-7.278424765412891,0.0,2025-07-18,WMT
7.757219755292937,9.915614183240011,8.064643707771458,5.9126760404395755,-26.119987435475707,0.0,2025-07-21,WMT
-2.8134455012603867,-3.473664797873419,-4.566579150585215,7.705356394709312,-20.939535390248317,0.0,2025-07-22,WMT
-2.291141009295327,-1.0433904895382191,-3.4766971259771946,4.82219569080479,-1.9701992112733469,0.0,2025-07-23,WMT
5.941989205855834,6.368472364494707,3.637207914225531,19.770676955649428,10.446658129846853,0.0,2025-07-24,WMT
8.864058250034352,2.373923959210503,17.967169947403065,-45.75461193417792,19.506767674935126,0.0,2025-07-25,WMT
1.5946621633274691,8.113437056176062,-3.3708496969603665,31.38773332507196,2.180171618552833,0.0,2025-07-28,WMT
7.424129429178138,4.627468951633017,12.006332264970283,-20.069087585564606,14.54850290271972,0.0,2025-07-29,WMT
-7.865106331608337,-6.305008749428311,-10.993484469638567,10.90516249657594,-16.53521844971745,0.0,2025-07-30,WMT
2.959242802113232,2.9505147015877964,4.730655368421591,-7.669232595716639,-11.410354602124595,0.0,2025-07-31,WMT
4.2388733914984815,10.61081309204845,-1.248248514676343,37.1616048285561,9.205614148877748,0.0,2025-08-01,WMT
9.118632235708908,6.264943037142159,12.051593123710903,-8.479133092283057,14.64895765741399,0.0,2025-08-04,WMT
-4.431548134706635,-3.661355760816897,-0.7917511105222379,-26.270330279793004,-14.703992470679243,0.0,2025-08-05,WMT
25.139083417654682,6.282091653706932,52.08344894615598,-136.52710975334344,63.556200433610265,0.0,2025-08-06,WMT
-7.665292713653258,-7.6817319105123465,-8.043050530914616,-5.398745810057458,34.48662698286815,0.0,2025-08-07,WMT
4.458597787048307,6.111350014276982,-1.7719069988618246,41.84162650252956,-36.90282308373906,0.0,2025-08-08,WMT
-0.04032915584576717,-5.545352996243334,4.387215523579594,-26.605597232400676,25.28460478921461,0.0,2025-08-11,WMT
6.656637358236661,4.938182980797058,8.526102583379517,-4.560153992593108,-19.967735232814167,0.0,2025-08-12,WMT
-9.620111484157515,0.2292327735427554,-22.466871628911285,67.46044938436509,-56.595952098218866,0.0,2025-08-13,WMT
0.3862882022455597,-0.6254759805723806,0.5144881834010778,-0.38291168467488734,-17.222659861362338,0.0,2025-08-14,WMT
-3.1162032832924695,-7.90478052165769,2.1368746582545137,-34.6346709325502,8.890702183646237,0.0,2025-08-15,WMT
0.9548405246061059,-1.848019616134015,5.936383936767676,-28.934419948349174,18.831499177397536,0.0,2025-08-18,WMT
-3.7660883230896522,4.109570145907357,-12.558213767527112,48.98666434355889,-23.882567503255366,0.0,2025-08-19,WMT
12.050655668727819,12.94091356784917,12.271575268596239,10.725138069532582,28.323864416097585,0.0,2025-08-20,WMT
-13.100767145445776,-6.538771687814364,-13.197959701378018,-12.517611809834923,-1.7999910185328827,0.0,2025-08-21,WMT
-18.515939922378834,-6.675564700348807,-30.096404196097225,50.96684571994607,-73.57514147697513,0.0,2025-08-22,WMT
-17.302316599221435,-6.643857962296732,-34.08422644511492,83.38914247615564,-61.92319115527261,0.0,2025-08-25,WMT
-4.70111305921639,-1.2293999772937054,-5.897511727666605,2.4772789514908284,18.64972773603458,0.0,2025-08-26,WMT
-1.099498000450104,0.3975403412658345,-3.6308878904537494,14.088841339589528,6.27706295122316,0.0,2025-08-27,WMT
5.688544905930595,3.358994849654947,7.556099177601343,-5.516780724076167,-6.036364239585742,0.0,2025-08-28,WMT
5.321887171931094,1.7803541587471094,9.139888045863172,-17.58611807165255,43.86209212485304,0.0,2025-08-29,WMT
9.53369937363086,6.366670038434293,14.774561707271614,-21.91147462820491,40.688173152334315,0.0,2025-09-02,WMT
6.914870796586756,-0.9779998214111687,18.852454265709554,-64.71063001815148,82.30656949895979,0.0,2025-09-03,WMT
8.095418549447183,2.792174424266717,16.413423030230216,-41.81260833522984,28.75219227035685,0.0,2025-09-04,WMT
-16.279334894275745,-14.380876749238658,-16.45877103439565,-15.202718053533617,32.20595277742481,0.0,2025-09-05,WMT
6.455076663197171,0.7495644572520898,13.50434950048425,-35.84056036050574,66.45616823768893,0.0,2025-09-08,WMT
0.8006071950649195,-2.7025404039588588,4.238320261609134,-19.825671204193412,14.434990105285266,0.0,2025-09-09,WMT
-2.6630501710208563,-0.5250812445968751,-11.073193747916259,47.797811290372614,-76.85170457610604,0.0,2025-09-10,WMT
13.211340655057958,13.69188491672501,14.458487752787503,5.72845806868626,48.80619858787458,0.0,2025-09-11,WMT
5.481254347691474,7.181932445706021,4.767203526127265,9.765559277089103,7.346892903071735,0.0,2025-09-12,WMT
2.5359784570160215,2.766312555894125,3.2284407321433513,-1.6187951937301344,2.239809689008633,0.0,2025-09-15,WMT
-3.2593439410651013,-6.146451406218996,0.9158506472063849,-28.310511470684403,-7.054975384946648,0.0,2025-09-16,WMT
17.551368169057838,16.12848647618508,18.220407321763254,13.53713325283616,-68.85704728500527,0.0,2025-09-17,WMT
11.782455926120251,16.70165182352244,8.654812682112734,30.54831539018043,-14.267138565691045,0.0,2025-09-18,WMT
-13.712808189681082,-12.113486888924902,-16.476747672940203,2.8708287098902323,-43.835508198839705,0.0,2025-09-19,WMT
3.482352288594254,6.966044510152773,-0.9202484505878284,29.897956723701963,5.081379083352762,0.0,2025-09-22,WMT
4.418218026540555,-3.3585242756041276,14.758491003515369,-57.62341983529579,50.21663310152772,0.0,2025-09-23,WMT
-4.167312401581894,-6.412606484958448,-1.3066091845660586,-21.331531703671374,-8.197656652840093,0.0,2025-09-24,WMT
3.521093310861318,1.7340789596131545,1.3990654441653543,16.25326051103986,-6.0520791781055845,0.0,2025-09-25,WMT
0.4820070178352105,1.557677882086361,0.3316441915551288,1.3841839755226013,16.92294624907548,0.0,2025-09-26,WMT
-7.414051170013398,0.02169181637703074,-12.466667114812937,22.901644498786606,41.10834711391661,0.0,2025-09-29,WMT
1.5987442502333382,3.420994659439646,1.2646620975664709,3.603237166248293,-28.811502463611347,0.0,2025-09-30,WMT
-1.0582556879154599,-8.150182069332164,9.329761866096861,-63.38636101198098,48.477135727616755,0.0,2025-10-01,WMT
13.865983139974366,1.6741253696402485,28.556322355515697,-74.27605215326379,47.73933211593964,0.0,2025-10-02,WMT
4.639977317342528,-0.07054766085004803,10.318818594751445,-29.433070347106796,-6.916979049040333,0.0,2025-10-03,WMT
6.814458764640343,10.854777266167211,2.207167111711799,34.458208682225454,3.668511265481492,0.0,2025-10-06,WMT
11.06616955531698,6.809444109516351,20.10060475457108,-43.14044164018539,102.17594677602213,0.0,2025-10-07,WMT
-0.9591455348535124,-2.0169267470722883,0.5695240184044698,-10.131162854397258,12.73012079783363,0.0,2025-10-08,WMT
-15.010035609106513,-15.640891977777033,-17.540267281069237,0.17135442268105294,43.41712617455814,0.0,2025-10-09,WMT
-9.411940086054939,-5.856909107202859,-13.771743993101776,16.74688335623856,-57.948939643732714,0.0,2025-10-10,WMT
13.564334956919103,6.645270715453637,22.8283306317259,-42.019639091910534,18.3233774780463,0.0,2025-10-13,WMT
29.2153143042456,6.962201409397802,52.26155094874027,-109.06210556270632,117.57700268195288,0.0,2025-10-14,WMT
8.813723556481467,13.703648505971497,1.3322186862891043,53.70275277764608,19.70780164122662,0.0,2025-10-15,WMT
-23.672124101687274,-2.76135453047655,-46.863597318376485,115.47671519846928,-43.74644966591282,0.0,2025-10-16,WMT
11.171147871779016,5.0625943722866635,17.824025450804434,-28.746117602352324,28.966060896641434,0.0,2025-10-17,WMT
-7.120528253121523,-3.2856585991638916,-11.160519446332437,17.119418906159904,5.433558807867208,0.0,2025-10-20,WMT
-2.0643694490116924,1.737400947387251,-8.097306404202264,34.133252282149044,-50.17159281098047,0.0,2025-10-21,WMT
16.150265322395533,12.805681310730364,19.06946930291925,-1.36495856073748,-6.960981964039553,0.0,2025-10-22,WMT
-6.28308371363261,-2.4657822896243284,-10.405558131634017,18.451762794385164,28.305831394785127,0.0,2025-10-23,WMT
-4.940177659627648,-7.65198729132131,-0.9056107316727945,-29.14757922734339,-1.376411956167379,0.0,2025-10-24,WMT
-7.22222915715529,-2.348900807944732,-15.187138943516864,40.56722956102498,-43.30245921683126,0.0,2025-10-27,WMT
-4.2704197999777,-0.3397910789189925,-13.028954334502485,48.280787407173754,-37.8130538715676,0.0,2025-10-28,WMT
2.7185168320510487,7.366842749339336,-5.870919413166443,54.25513430336015,-28.90653410029516,0.0,2025-10-29,WMT
10.938845960028067,12.520152649331738,7.2319008540291625,33.18051659604086,-43.26775645886343,0.0,2025-10-30,WMT
-14.046169317291167,-10.632711132886552,-16.76848344012788,2.2877154197389693,17.136868289869557,0.0,2025-10-31,WMT
-4.464598822144524,2.026119955727819,-5.076373853267567,-0.7939486353950258,44.68386090423929,0.0,2025-11-03,WMT
3.384180677932321,3.4356343941119145,6.205048253892089,-13.541024777815155,16.32047556599059,0.0,2025-11-04,WMT
11.460256471442872,2.7402679210838135,20.571436395477264,-43.206823072750936,-31.418884396753125,0.0,2025-11-05,WMT
9.699871223777242,7.795767411621933,20.93538361864605,-57.713203145403355,40.02130960753762,0.0,2025-11-06,WMT
2.0063787805634545,1.2472797932703554,7.413405019206106,-30.435778651282753,11.397314158489934,0.0,2025-11-07,WMT
-0.5228050176573882,0.9278820479695257,3.2185976876264695,-22.971221249338274,25.492119189000352,0.0,2025-11-10,WMT
11.773223544107378,11.519949089698745,15.558755939139914,-10.939970826080957,28.784095649242055,0.0,2025-11-11,WMT
2.5972012277469796,3.073362024597661,6.50569856980665,-20.853782824591775,19.33793669707365,0.0,2025-11-12,WMT
-8.87589014465979,-4.488588785469842,-18.852518497196936,50.98387997056585,-9.892801649328446,0.0,2025-11-13,WMT
56.38278604073963,55.13987386381036,74.50954784401537,-52.37778477890355,125.97295363643492,0.0,2025-11-14,WMT
6.394964874035377,6.612871780469011,5.527459435721758,11.599997503929536,10.627412150875696,0.0,2025-11-17,WMT
-4.457661671360592,-5.813372994996944,-12.747063670170414,45.27875032150391,-74.59899890739001,0.0,2025-11-18,WMT
-11.466302885302758,-8.308040246742573,-13.127267312887648,-1.5005163197721698,24.409529478255394,0.0,2025-11-19,WMT
64.17961084201214,66.07677928678093,67.51419534171286,44.172103843826555,73.86005115925909,0.0,2025-11-20,WMT
-26.260528746142306,-17.081647270021712,-49.55393177897998,113.49988945089042,-65.22924325507644,0.0,2025-11-21,WMT
1.988442896542154,0.8925449394797128,-7.513952301686203,59.002814085916356,-74.50703460916138,0.0,2025-11-24,WMT
14.65498423742228,15.015391852483258,20.79947123506716,-22.21193774843765,60.07425150725394,0.0,2025-11-25,WMT
15.59006338282303,9.83369621781726,27.734457679312097,-57.27630239610353,10.623238530760508,0.0,2025-11-26,WMT
10.308553820894776,10.179923418135463,12.75766622747347,-4.386120618562072,29.30241778371979,0.0,2025-12-01,WMT
5.207317408268133,6.716399520499893,15.757566609259886,-58.09417779768238,69.12953802326152,0.0,2025-12-02,WMT
15.20851329619148,14.300471679588913,25.473108898466723,-46.37906031744874,40.03309180583783,0.0,2025-12-03,WMT
8.60356397961629,10.162813301233161,15.620392124943447,-33.497404892347895,72.6317802433304,0.0,2025-12-04,WMT
3.581209449854065,1.690446984869251,-0.554184949553761,28.393575846317024,-28.347110761204487,0.0,2025-12-05,WMT
-10.156632984683352,-5.146799310941136,-13.159808789245027,7.862421842706758,19.770431863432183,0.0,2025-12-08,WMT
-31.484821528673383,-27.102404251843414,-28.29319694350975,-50.63456903963399,83.41366353710147,0.0,2025-12-09,WMT
-13.90779593095609,-11.939429917398133,-34.64921724933808,110.5407319793483,-86.70399338444409,0.0,2025-12-10,WMT
20.761589759633363,19.539216962865478,33.629797923890955,-56.44765922589242,64.18798310615777,0.0,2025-12-11,WMT
-11.989086593561137,-9.40187502594774,-7.762382675871699,-37.34931009967332,32.28329649659878,0.0,2025-12-12,WMT
-5.107323990867794,-3.5348514753081877,-3.124508626789413,-17.00421617531612,27.639751093736095,0.0,2025-12-15,WMT
0.37368278481979506,-4.314144735680318,5.579105625970801,-30.858854262075187,-29.5626982765156,0.0,2025-12-16,WMT
6.067766753414916,0.42946185139515675,11.688010161087213,-27.65369369260414,-11.246575518850893,0.0,2025-12-17,WMT
-3.0927724417501388,-6.174410230159989,-7.818861107675933,25.263759553820638,-45.813444749883644,0.0,2025-12-18,WMT
-10.613717582210402,-7.404341463393017,-11.968345575233801,-2.4859496240476155,17.645248879051664,0.0,2025-12-19,WMT
-14.00976073073152,-13.643647749388679,-16.205319059350288,-0.8364107590050547,-18.569870565271298,0.0,2025-12-22,WMT
5.283423498769396,-0.9318000101250127,5.943763726910821,1.3213821299386899,-56.0852508767073,0.0,2025-12-23,WMT
1.3722399210089726,1.3475275688337947,3.556077448843936,-11.730785245994449,-0.09699295841655395,0.0,2025-12-26,WMT
6.431379474964316,8.156719415137756,7.533939326262161,-0.18397963279997628,22.970116956468242,0.0,2025-12-29,WMT
-1.5826684842994625,-2.293505467710234,-2.7079897273564346,5.1692589740677155,-20.24571988598985,0.0,2025-12-30,WMT
-7.367503625809336,-7.4355874479038455,-9.328015811545763,4.395569488616866,-16.66448354169769,0.0,2025-12-31,WMT
5.873329905736812,3.658743008488129,16.07165914468057,-55.31664552792067,39.96279685506316,0.0,2026-01-02,WMT
12.476367108999922,4.39237454749582,22.802264569513945,-49.479017654079186,-25.139836309115445,0.0,2026-01-05,WMT
13.89609509558972,12.850206349376586,28.74246990986995,-75.18215379008788,66.51300685270083,0.0,2026-01-06,WMT
12.335211651649244,8.986749820524528,14.615938484479626,-1.3491493453092072,-48.58095957291239,0.0,2026-01-07,WMT
52.187522590094744,49.617086475119685,60.9337705807019,-0.28996535354310476,68.72589066223489,0.0,2026-01-08,WMT
18.2809109124441,20.902466325578608,14.468425802245596,41.155821573659935,-5.965351199284661,0.0,2026-01-09,WMT
9.866369924702012,3.7824520418085035,25.114021940144138,-81.61954216794713,0.6028403279861375,0.0,2026-01-12,WMT
21.963153799797304,21.322760285184764,27.556938344423706,-11.599553467945698,54.004503870842484,0.0,2026-01-13,WMT
-2.9149237151736442,-4.5078231403264875,4.639479071362316,-48.24134043438466,11.379682016335197,0.0,2026-01-14,WMT
2.3570826207988445,2.6190418096333272,-9.058726581826917,70.85193783657358,-48.49273410353605,0.0,2026-01-15,WMT
-23.99804292771834,-18.867166301732333,-27.06779213791436,-5.579547666529049,111.97184212131478,0.0,2026-01-16,WMT
-23.73761850118473,-25.17566786205501,-16.68673046826878,-66.04294669865888,4.727024350179188,0.0,2026-01-20,WMT
-0.27802578546609263,7.315768577463845,3.662870421783288,-23.92340302893967,40.834186861289815,0.0,2026-01-21,WMT
-8.8972482543737,-11.564038760325793,-11.639229343410282,7.5546382798493905,-38.51038607144316,0.0,2026-01-22,WMT
6.589812614095706,5.619314071464766,3.2910344170665757,26.382481796283734,-21.071454358338098,0.0,2026-01-23,WMT
-3.8289595472636955,-3.5035798608969984,-7.500180319868648,18.198365088375652,-32.63380178262191,0.0,2026-01-26,WMT
2.746152819265658,3.6024907423510193,11.464993915906746,-49.56689376056866,49.284578999289565,0.0,2026-01-27,WMT
0.752904916012771,3.379092254754622,-8.106953542330446,53.91205566607572,-5.248985931329208,0.0,2026-01-28,WMT
2.808656847268974,2.261055195781117,7.612985992523208,-26.017318024237028,14.93622356179224,0.0,2026-01-29,WMT
19.9870945165381,19.05096891291459,29.852835239642985,-39.20734982208001,72.36621882921865,0.0,2026-02-03,WMT
6.49846871621069,0.745817153013994,14.168959948226945,-39.52447867588463,-15.345918323736957,0.0,2026-02-04,WMT
-21.449978688859854,-17.324038833585618,-37.21350327897274,73.13116885182859,-75.42867217258848,0.0,2026-02-05,WMT
38.32598002192997,37.45492236150098,57.33197821068783,-75.71000911060622,114.72666086796718,0.0,2026-02-06,WMT
-41.86136187459673,-31.64876302955405,-65.60545350071459,100.60318788212135,-52.88073696275629,0.0,2026-02-09,WMT
-14.938343895121461,-12.479878444567658,-25.909147897392735,50.88648011851062,-47.500458628612705,0.0,2026-02-10,WMT
11.008651840710204,6.985059848443894,19.466981241833732,-39.74132456601771,13.530219749472026,0.0,2026-02-11,WMT
14.500994681528045,15.623084476383534,26.21766828330268,-55.79904692910909,40.36720437278226,0.0,2026-02-12,WMT
33.56017525485717,26.8387358300487,44.27170676949087,-30.709013832923738,24.316220493192336,0.0,2026-02-13,WMT
-37.17152347173499,-26.949151689554867,-64.58325749795578,127.29888068560507,-73.40653508528126,0.0,2026-02-17,WMT
12.695673905713697,17.30002161128896,-6.06692793317196,125.2712849390265,-13.56089803596001,0.0,2026-02-18,WMT
-72.27317443766395,-64.34989810919294,-113.28119051571365,173.77492203063866,-193.4735777454701,0.0,2026-02-19,WMT
-9.999914222214281,2.6632045236280777,-20.04591963515569,50.27611825545509,58.043686343246115,0.0,2026-02-20,WMT
18.952589691082476,18.223216032258428,18.44111775366364,22.02142131560001,11.678389579498331,0.0,2026-02-23,WMT
7.825809385455714,4.626153111483238,9.019358007975935,0.6645176503467134,-7.218591187352569,0.0,2026-02-24,WMT
-7.724790103959167,-9.438959667825191,-7.438075684325929,-9.445076621746209,-29.26288789712689,0.0,2026-02-25,WMT
-20.734449953914194,-18.02178051704342,-29.243860688506683,30.322014453645306,-41.717158546578375,0.0,2026-02-26,WMT
23.245161443746586,20.57565355271486,32.40132613201278,-31.69182668584387,48.834089821672904,0.0,2026-02-27,WMT
-1.1486095036388393,-3.8427700772471103,-2.6447896790965197,7.828471549121711,-47.77485423108718,0.0,2026-03-02,WMT
9.870117815731495,10.269113829897254,23.32413887392729,-70.85400853343656,61.280157501625176,0.0,2026-03-03,WMT
4.121622379946081,3.2464209895982017,5.913401896976333,-6.629054722229856,12.184779726831746,0.0,2026-03-04,WMT
-16.93526319834544,-11.137678884818422,-16.702771882497043,-18.330211093421955,34.560476853544685,0.0,2026-03-05,WMT
14.510330348231713,15.839337138496397,11.523506813158274,32.43127155868618,34.05227142748693,0.0,2026-03-06,WMT
-4.318013679892655,-6.914249129657797,7.689386999956103,-76.36241775897945,63.681034750391454,0.0,2026-03-09,WMT
6.524063700286649,1.0145897877491574,12.084770447639167,-26.840176783818247,-12.068868695337798,0.0,2026-03-10,WMT
-6.790886453120478,-0.4909455096689458,-15.500031862101272,45.463986000781475,-46.43732815285098,0.0,2026-03-11,WMT
14.605468761098097,-1.1960732954974782,38.478505731234726,-128.63275305970797,86.22444811199331,0.0,2026-03-12,WMT
0.012313481804673367,-4.7669395307187115,5.950068210486448,-35.61421489027583,34.166398410292125,0.0,2026-03-13,WMT
-3.4430146754280075,0.04711375795239473,-7.175425065391414,18.951447664367134,26.911087254404134,0.0,2026-03-16,WMT
-12.310467844546766,-5.128155285893643,-18.431579725759445,24.41620344273382,-59.425260050320716,0.0,2026-03-17,WMT
-13.132655662918237,-10.211131248220013,-18.46769242879063,18.8775649323254,-59.75109668056437,0.0,2026-03-18,WMT
-12.525190345755025,-17.384662052040333,-10.186209259305798,-26.559076864422106,37.689557141530045,0.0,2026-03-19,WMT
3.0781767146309873,-5.653960581439968,7.285761672605602,-22.167333033198876,-45.58348443666485,0.0,2026-03-20,WMT
5.778011300109828,3.930480616257196,9.91756870667651,-19.059333139285553,14.135907634684123,0.0,2026-03-23,WMT
3.712517600925099,7.946167336563919,1.758976965751285,15.433761411984195,-52.194195670747426,0.0,2026-03-24,WMT
-0.409366742331981,-6.97327010049812,8.698449035208311,-55.05626140757143,12.903626888844466,0.0,2026-03-25,WMT
1.9568671875673609,3.4478681588525593,-1.4899087751176472,22.637522963688998,-34.45268546870841,0.0,2026-03-26,WMT
2.15837159815576,6.698702558660489,-3.2622383753774566,34.68203143937121,-24.973384020280825,0.0,2026-03-27,WMT
-6.8954009525049536,-7.203655237973076,-5.099685057595763,-17.66969632194404,-33.68056064279845,0.0,2026-03-30,WMT
-9.548402471320252,-10.519313579248934,-9.702160580211853,-8.625853817948856,30.112569317684,0.0,2026-03-31,WMT
5.739845649324733,-2.1165107742029665,16.84041017652446,-60.863541513865634,35.67954841618282,0.0,2026-04-01,WMT
10.524549300247973,6.315643829467026,16.79492289680845,-27.09769227909219,45.57509616971336,0.0,2026-04-02,WMT
6.146713432836998,7.716142716195643,6.598494042146728,3.4360297769853574,24.78251277222113,0.0,2026-04-06,WMT
-15.696068362361558,-9.532843235938998,-26.087509216144923,46.652576760350186,-57.230636254959045,0.0,2026-04-07,WMT
64.72730985501038,50.67066926062487,86.08196196497572,-63.40060280477259,175.21212550565656,0.0,2026-04-08,WMT
21.72498252968524,12.053861097893654,29.76366235254853,-26.50709640749892,23.166283911273243,0.0,2026-04-09,WMT
-14.493171864047559,-9.569177324480396,-20.43573561399476,21.16221063564908,-15.063529578452128,0.0,2026-04-10,WMT
-3.3207318425127506,5.155385163546278,-15.902325870553724,72.1688323257365,-14.832950244327765,0.0,2026-04-13,WMT
20.68680376439238,13.463843999580167,30.76051877597222,-39.755486305083224,68.13205117980394,0.0,2026-04-14,WMT
3.9117531243643238,-6.311518614606506,12.798645809970152,-49.40960298924778,35.05402305291716,0.0,2026-04-15,WMT
-3.0469196959201668,-0.6593223206693019,-5.897649309240332,14.057457984017898,-3.5617426623101323,0.0,2026-04-16,WMT
35.58461970657804,16.301156459509762,56.965361146371485,-92.69982893216908,134.2822818204171,0.0,2026-04-17,WMT
-5.850537779649107,-7.333112548427048,-4.670719571721119,-12.929447027199192,-23.553021319302797,0.0,2025-05-05,XOM
11.425468591165986,9.845735409855237,14.73656508692979,-8.44111038339383,-27.48941317524593,0.0,2025-05-06,XOM
-3.9556822322933254,-5.819663047421492,1.0191503463647293,-33.80467770422127,1.0987953330179892,0.0,2025-05-07,XOM
9.542188531364847,1.387649622224234,16.512818195336315,-32.28158945244393,-25.232902831563766,0.0,2025-05-08,XOM
2.26753284206957,-5.487993030140398,12.783905588391196,-60.83070363585488,9.130598651973912,0.0,2025-05-09,XOM
-14.238141105210895,-5.064762397273826,-27.41940380065771,64.84943506748431,0.2840375925677024,0.0,2025-05-12,XOM
6.908145531456716,-0.49978022274676964,10.103252594443802,-12.262496846458031,-37.29569975282963,0.0,2025-05-13,XOM
-3.1362207697245728,-0.6444086510863531,-4.073878201888084,2.489723823263043,5.477294400228781,0.0,2025-05-14,XOM
16.623606968628852,8.730623371358956,29.073459392047976,-58.07550757187535,77.40331209893901,0.0,2025-05-15,XOM
-4.023239495595469,-9.526495029769212,1.2234666632796922,-35.50347644883196,15.420397684613256,0.0,2025-05-16,XOM
-5.8155595711541,-3.9928398589131855,-7.9631676699384935,7.070089021560273,1.9023323621988737,0.0,2025-05-19,XOM
0.038223619177906024,8.77730651141435,-10.48593482123315,63.183174261653676,-43.99855902186756,0.0,2025-05-20,XOM
4.343250554397368,3.389276383854226,0.6789177869687157,26.329247158977456,-59.49669126858522,0.0,2025-05-21,XOM
4.483059240131914,-6.484195755332891,13.819735632426953,-51.53699911363278,18.038884887122414,0.0,2025-05-22,XOM
7.063250440250301,1.573475954547291,12.26440451908717,-24.143674032759854,27.418561465553086,0.0,2025-05-23,XOM
0.8525897490736277,-0.573798893029923,4.409581753769011,-20.489362279069816,10.936541937462325,0.0,2025-05-27,XOM
-11.572725901070916,-12.20237922012744,-17.35299752538445,23.108903844829676,-47.40283628798917,0.0,2025-05-28,XOM
2.2994022534410514,0.6723878851500207,7.320989038814206,-27.83011845878538,39.59916948131974,0.0,2025-05-29,XOM
-7.0611776207342585,-1.6445315643640723,-10.782561748921697,15.26712714840153,23.117031244309167,0.0,2025-05-30,XOM
-5.376430011342666,-2.138865540093824,-7.738385749779611,8.79530441930938,13.302976410084646,0.0,2025-06-02,XOM
13.159151033839112,11.64499890418524,16.436504004933205,-6.504966792709034,-5.5421821747696125,0.0,2025-06-03,XOM
-11.094881175660467,8.199505310537635,-39.90467099994737,161.76385777007886,-64.99177528535992,0.0,2025-06-04,XOM
-5.579365797837874,-5.3686620465424335,-5.529937418047638,-5.875936076565379,-24.959523835690955,0.0,2025-06-05,XOM
11.568058083704871,9.386327449399452,15.364421906794261,-11.210124854810967,21.47346534649242,0.0,2025-06-06,XOM
16.118500953277067,6.018095398105706,22.34672934140079,-21.25086937545578,-16.01914301500302,0.0,2025-06-09,XOM
12.831064100760733,8.67487643114525,20.487968120448944,-33.11036001736058,15.43160269585262,0.0,2025-06-10,XOM
-21.85846791456427,-27.872863350024268,-8.57050820084969,-101.58622619684517,127.20933776228536,0.0,2025-06-11,XOM
10.582822114473355,7.685016419377883,15.831136086617027,-20.907061718387375,15.599729354339214,0.0,2025-06-12,XOM
2.310674644953635,3.1977603358874696,0.3816681008668241,13.884713909491033,31.780758206638005,0.0,2025-06-13,XOM
-5.751318030341793,-4.296285880362343,-3.1995741048777657,-21.061781583106917,45.92294444346958,0.0,2025-06-16,XOM
10.474612085935787,6.0270540877687155,10.213499473202786,12.041287762347478,-20.780772758186455,0.0,2025-06-17,XOM
-11.56179714191758,-10.494979231690523,-18.665526491591958,31.060578956139924,-53.285651459295025,0.0,2025-06-18,XOM
10.793172095283781,8.759226155657627,14.851324202953561,-13.555740550722453,46.878140547856376,0.0,2025-06-20,XOM
-36.263113447712335,-13.69289901309487,-59.809706420761934,105.01644439059903,-151.53244894581277,0.0,2025-06-23,XOM
-20.587450145755408,-7.833780012470227,-34.65616651339847,63.82484806012378,-71.30056837056978,0.0,2025-06-24,XOM
5.972052422372249,4.818052512808253,5.4135872163522425,9.322843658505358,-21.03299289202109,0.0,2025-06-25,XOM
3.5970070520900324,-3.6605792839456575,13.94643019685475,-58.49953181648144,26.092459266617944,0.0,2025-06-26,XOM
-0.5854114912741677,1.7758158053675042,-1.684117920808815,6.00682708596236,18.375387650795773,0.0,2025-06-27,XOM
-0.37439319092217344,4.997895912521682,-7.005114733697518,39.40993606574172,-38.23617504838972,0.0,2025-06-30,XOM
20.42849643223661,4.14194217626008,41.34185586587305,-105.05166016957551,42.56752144971008,0.0,2025-07-01,XOM
3.03844887532786,-10.204652027023627,21.064519910582515,-105.11797733618333,69.40720313782327,0.0,2025-07-02,XOM
-6.674884200779947,3.6536756651773787,-15.865382793278497,48.46810735421775,4.766984561932865,0.0,2025-07-07,XOM
22.140437254172568,10.727985885243633,34.07226282466202,-49.45051616874282,57.99864509496288,0.0,2025-07-08,XOM
-3.9336587937713543,-2.04697193366378,-3.849871236131559,-4.436384139588876,7.877702563407504,0.0,2025-07-09,XOM
7.937713871907478,15.034604122359042,3.4408471525314703,34.91891418816972,26.195306520633817,0.0,2025-07-10,XOM
0.5646767357418444,-0.3888526134947295,2.330315274288025,-10.029154495515519,8.618242116108384,0.0,2025-07-11,XOM
-11.191761187583635,-10.768132064660742,-10.867568929163166,-13.136914738082725,10.143456611251494,0.0,2025-07-14,XOM
-5.839762922699437,-6.414161163454884,-7.023487080574955,1.2625820245612094,-14.655307016225287,0.0,2025-07-15,XOM
0.42454634389161877,-1.0837010926885824,-2.3445527706785434,17.039141031318902,-36.22867871780608,0.0,2025-07-16,XOM
0.5809773630303438,1.1620259602844665,0.1975295524916764,2.8816642262725187,-1.144196494072969,0.0,2025-07-17,XOM
-37.98525080953321,-13.03724268604344,-67.29581740929054,137.8781487890225,-104.97590903732187,0.0,2025-07-18,XOM
7.051824918597337,5.412583259956091,8.690788842223373,-2.7819586231483813,-14.331425262873719,0.0,2025-07-21,XOM
0.2104048439775514,-1.6722555763084979,-0.6180013307904475,5.180841892596032,8.870492387556627,0.0,2025-07-22,XOM
5.816801544553976,2.632608002971343,10.44317836818982,-21.941459397248117,33.70511175588017,0.0,2025-07-23,XOM
10.987046021771045,5.187795596049837,19.235847081552265,-38.50576033691244,38.483279899790546,0.0,2025-07-24,XOM
1.9659873390063116,-7.359043996596247,10.53741983917014,-49.462607661979234,1.7069733233502147,0.0,2025-07-25,XOM
4.69860680762395,6.747995704747317,3.5781835091309735,11.421146598592005,-7.4056583582343976,0.0,2025-07-28,XOM
3.5454812298748783,3.5942658388144264,7.572676733681421,-20.617691792951724,52.380439863161534,0.0,2025-07-29,XOM
3.5055518071281013,3.0032793212931295,2.4312388756653944,9.95142939591704,3.6969122764144506,0.0,2025-07-30,XOM
4.298772265112054,5.449029274723736,-2.406492559285017,44.53036121152243,-11.793863313449556,0.0,2025-07-31,XOM
-23.579719520640616,-19.24977410425486,-27.25398310990605,-1.5341379850363777,-20.653321039024373,0.0,2025-08-01,XOM
-6.982829170823027,5.107888778098818,-20.288990747546066,72.85414028952705,-60.03115271344095,0.0,2025-08-04,XOM
1.5248275630633064,-4.958619545709884,13.12915528223229,-68.10113875193997,17.881780505725004,0.0,2025-08-05,XOM
-8.50376234147597,0.9321285468005321,-19.084748388713727,54.982153941966445,-84.61484961106312,0.0,2025-08-06,XOM
-7.319488773964497,-8.330680570050765,-11.41841431931883,17.274064498185513,-56.517745887940734,0.0,2025-08-07,XOM
5.308944607039056,0.034440544945498225,11.831510713755359,-33.826452033237466,6.44590473500581,0.0,2025-08-08,XOM
-6.656010480192213,-4.94363042650022,-10.067385913251352,13.812242118180038,-20.121757960860048,0.0,2025-08-11,XOM
1.9270512917007676,4.330411003173538,-4.110334717996426,38.151367349894585,-51.374713825825566,0.0,2025-08-12,XOM
1.3666719872859279,5.165375072641448,2.7178031257735933,-6.740114843618739,89.87191251189608,0.0,2025-08-13,XOM
-0.2921055470787999,-2.551685191024716,4.392447625737665,-28.399424583964304,35.6264298756133,0.0,2025-08-14,XOM
8.652813549608858,2.819499218801677,14.351295748308445,-25.53807964257268,-24.6018491325713,0.0,2025-08-15,XOM
4.57382580577145,0.934299952740383,10.142851654431883,-28.84032928618715,9.154753328209765,0.0,2025-08-18,XOM
6.819858054085405,8.30549267441934,7.042295343426543,5.485234318055834,38.18886249297479,0.0,2025-08-19,XOM
10.513601752791404,8.66019580635002,10.98999678079162,7.655231584813608,-28.627378164316244,0.0,2025-08-20,XOM
4.773573792865101,-1.0299433113836816,12.670452922926412,-42.607700987496244,17.946205363985225,0.0,2025-08-21,XOM
6.7096608364087995,1.5993461947671,14.268670994758182,-38.64440011366699,35.29701802412422,0.0,2025-08-22,XOM
3.4795667905740157,1.420122603411988,6.981892821975084,-17.534389397828566,22.82820815622349,0.0,2025-08-25,XOM
-9.988686956287692,-7.098306966638622,-13.436313937335171,10.697074929999745,41.30774378938919,0.0,2025-08-26,XOM
0.8176555728339315,-5.9588493826733915,6.036761870571362,-30.49698221357675,23.747981595565733,0.0,2025-08-27,XOM
0.8571774897309846,-2.874396023690346,5.697629787517877,-28.18553629696776,21.310933916900936,0.0,2025-08-28,XOM
2.028322716062109,-0.2016243480822554,4.049309297381444,-10.097596771846437,6.091151440330137,0.0,2025-08-29,XOM
3.6245414149967545,-2.4661206311346504,8.455681233634591,-25.362297496807926,15.24926139538254,0.0,2025-09-02,XOM
-11.03171255380196,-12.708801640559646,-8.187513250407143,-28.09690837415312,-20.519556071154742,0.0,2025-09-03,XOM
7.057553371546956,-0.04075836622000008,14.63769489416166,-38.423295764123566,-0.1762229679750165,0.0,2025-09-04,XOM
-16.612485943294516,-4.628531214645022,-31.46868564580484,72.52471227177647,-63.000306633437866,0.0,2025-09-05,XOM
1.1512243804864302,-3.303388098253997,13.768267903110003,-74.55103675524981,41.02577213316207,0.0,2025-09-08,XOM
-0.003240916308276267,3.6959822972616854,-7.754046872238216,46.50159481928793,-75.01630922889089,0.0,2025-09-09,XOM
4.940352900511147,1.0638279348397495,8.720029707518428,-17.737707941518583,48.89185860299615,0.0,2025-09-10,XOM
8.93748157319334,9.932171192029637,4.3890092110442325,36.2283157461057,-12.755232769377374,0.0,2025-09-11,XOM
-8.169889521637552,-5.706806185860394,-9.14538672969391,-2.3169062732842036,-6.326116784941304,0.0,2025-09-12,XOM
6.170872684658552,6.424909756941326,7.616773673286785,-2.504533247105771,24.576507202268992,0.0,2025-09-15,XOM
14.846108176029746,2.423641913024961,27.013964530874432,-58.1610299530185,18.267621620652932,0.0,2025-09-16,XOM
2.5184960772084373,2.85488395274181,0.10861888930302066,16.977759204634758,20.454387218512053,0.0,2025-09-17,XOM
-9.699069683801207,-3.228793875468896,-19.751195013895977,50.61368229678111,-20.773083946918636,0.0,2025-09-18,XOM
-9.911965530167503,-8.320690220532967,-14.011462791096719,14.685018035419079,-36.968849548902945,0.0,2025-09-19,XOM
-4.319260578696083,-3.4234791494926395,-4.039667660991727,-5.99681808491588,-2.8733653125964675,0.0,2025-09-22,XOM
8.615292441040852,8.589294669161193,7.061732953349447,17.93664936719551,-16.22132643808165,0.0,2025-09-23,XOM
2.9521051765216293,2.1536752449140946,1.4834155164226057,11.764243137130586,-47.749220892383036,0.0,2025-09-24,XOM
3.881989965485402,-2.3187823600445063,11.261357149920144,-40.39421314110827,19.409773488478255,0.0,2025-09-25,XOM
9.431453059073574,10.038718768925364,5.786154654818585,31.303243484618015,-28.662082908319594,0.0,2025-09-26,XOM
-17.679964341088258,-9.479196851289156,-23.45340957731233,16.960707076258647,-19.302631230290203,0.0,2025-09-29,XOM
-8.39182871955105,-3.415901766450004,-10.622135241662072,4.990010413118866,10.76216615547378,0.0,2025-09-30,XOM
-1.8585722874205481,-1.1565777032849631,-2.4397790579607457,1.6286683358320524,-5.957368888309465,0.0,2025-10-01,XOM
-8.094491479979588,5.304785180885737,-26.01623872462954,99.43599198793031,-41.89762582265579,0.0,2025-10-02,XOM
13.383578073381663,9.086589314814052,16.37706519030327,-4.577344628130412,5.113311671946892,0.0,2025-10-03,XOM
4.458186989010034,4.892333375037064,7.148700979308801,-11.684896952776347,2.327297236013555,0.0,2025-10-06,XOM
7.675735772285448,-0.1871625776902771,24.886533800523004,-95.5890523971261,73.59718713531505,0.0,2025-10-07,XOM
11.325368673253092,7.205568410163976,16.49500847143997,-19.69247011586693,-25.359469297956554,0.0,2025-10-08,XOM
-14.961390675536705,-7.293897226965781,-25.679228049718525,49.34563356956799,-61.98124112206496,0.0,2025-10-09,XOM
-3.111678670012699,-1.5190457107183797,-7.412108393891683,22.6908996732663,-73.21570230523702,0.0,2025-10-10,XOM
0.008207173958521623,-1.2919681170110175,1.7436531209823216,-10.404468508167758,35.647646111770925,0.0,2025-10-13,XOM
13.565594267080295,8.908281897475387,15.038858333855366,4.726009866436203,-1.50632750450754,0.0,2025-10-14,XOM
-12.483435214632278,2.27243571213061,-31.7035406616343,102.83719746738237,-36.38896673583118,0.0,2025-10-15,XOM
5.183140260859312,13.230476763383448,-5.069726360118835,66.70033998674738,-42.1920087400712,0.0,2025-10-16,XOM
5.760423041787069,2.7668347427811186,9.686911754990126,-17.798509237411007,3.5955518599421734,0.0,2025-10-17,XOM
-4.353014290544673,-4.324712834872284,-3.7412686694517916,-8.023488017081743,19.98221295004854,0.0,2025-10-20,XOM
2.8464307833583646,3.3722098743857836,0.23871762887061992,18.49270971029618,-4.565000108128504,0.0,2025-10-21,XOM
-0.3432527956560067,4.977662988232766,-2.6458556606235923,13.472364394159458,41.47837824808252,0.0,2025-10-22,XOM
6.625365966704649,0.6777859647678233,12.205018924196553,-26.852551778225962,-8.761267479657928,0.0,2025-10-23,XOM
-6.016494333875176,-4.610948207378617,-7.974120456118328,5.729262399588657,-12.445583837693013,0.0,2025-10-24,XOM
-2.013534303906328,-0.895089160558478,-0.45794720379893034,-11.347056904540876,31.488847824833147,0.0,2025-10-27,XOM
1.5127523491524275,5.405220091585727,-6.118552705660946,47.30058267804745,-30.262711260275843,0.0,2025-10-28,XOM
5.784323321715498,-1.4021588192312924,13.122177605298374,-38.242802379784194,17.205731499897215,0.0,2025-10-29,XOM
5.080500312648932,-2.1179423876808636,7.483390979228611,-9.336843686805793,-81.89750897133314,0.0,2025-10-30,XOM
7.74411611314756,-6.716390883935454,25.14196698730759,-96.64298913179768,24.776663508909614,0.0,2025-10-31,XOM
4.559148234896542,-3.177405840533108,13.146201905190281,-46.96317378685345,-34.70794847270885,0.0,2025-11-03,XOM
3.973219879200071,5.357074670220401,17.16529484293024,-75.17922990315344,42.67012221335283,0.0,2025-11-04,XOM
8.287734783014812,0.3158969773206685,3.021621584616664,39.88441397342108,-62.36703677182162,0.0,2025-11-05,XOM
-5.658837539048552,-2.2125509011179,-6.158577995494573,-2.6603948003537834,15.268683744949676,0.0,2025-11-06,XOM
10.768039845213588,13.052097870933101,10.005078291058757,15.345809170154721,17.910011963337727,0.0,2025-11-07,XOM
11.34749194771141,13.550178469557364,29.260479350799976,-96.13043247081275,64.5966870448966,0.0,2025-11-10,XOM
13.425477153155306,6.493594475420691,15.037155439040715,3.7554074378641564,-27.051225353477214,0.0,2025-11-11,XOM
-0.9486972846235698,-4.889702415778486,-6.331239204442653,31.346554234298125,-34.02772263969755,0.0,2025-11-12,XOM
0.5524518054017132,-6.431765889538974,4.737288712535961,-24.556569637388254,-18.254954012831547,0.0,2025-11-13,XOM
10.83124326338762,10.93543189166119,25.469781984694993,-76.99998906443508,46.8060045435686,0.0,2025-11-14,XOM
3.4890110726126564,-5.9706989461431546,-2.8656967325046283,41.617257903316364,-60.58097366422244,0.0,2025-11-17,XOM
11.64834445078464,14.419070968779009,23.86069632255164,-61.625766779805375,48.97865156333333,0.0,2025-11-18,XOM
17.73604555165266,12.258651005436446,31.31564331675365,-63.74154103894359,9.61965646631713,0.0,2025-11-19,XOM
-5.040006239107987,-4.498411867899149,-22.074273235511225,97.16559573933317,-63.335973379426996,0.0,2025-11-20,XOM
9.588588671570482,8.472499726334586,17.548549736547393,-38.171177718282486,31.469930249894745,0.0,2025-11-21,XOM
-3.4449603475923007,-4.12551266308078,-3.2295316815007955,-4.737532344131526,0.006943991434295327,0.0,2025-11-24,XOM
-4.556020694441924,-5.316023783644903,-6.753658688415062,8.629807269405566,-27.945553224309844,0.0,2025-11-25,XOM
11.816744961606807,5.26287429070022,14.454321870971885,-4.0087164945775005,-36.04437540546656,0.0,2025-11-26,XOM
5.855335010567194,4.711737664548211,3.002313265389354,22.973465481640318,-15.113892065124059,0.0,2025-12-01,XOM
-7.616874039950824,-6.641060749606605,-6.51814520008183,-14.209247079142608,3.132199197874358,0.0,2025-12-02,XOM
20.515574206924263,18.935840084842788,29.59682045460244,-33.97190327913146,40.59222508497646,0.0,2025-12-03,XOM
-4.1098754087180005,-5.119208146222083,-6.663688412114686,11.213002611670605,-5.1705827383314,0.0,2025-12-04,XOM
7.367055384516611,-3.9389905274025288,7.133972472192376,8.765552858471699,-83.5738673396217,0.0,2025-12-05,XOM
-3.0565594719910028,-0.5750796288740149,-11.268594924232847,46.21565324146251,1.3776567951041383,0.0,2025-12-08,XOM
-3.0471422796416046,-9.975579662518937,-5.351468242442597,10.778813497178705,-48.97439352084212,0.0,2025-12-09,XOM
6.025273190459118,9.019382698327872,9.000107470192338,-11.823732487925907,22.9754310918502,0.0,2025-12-10,XOM
-0.970185174129298,-3.232168680032409,-1.9754202419467202,5.061225232785928,-4.9710177066266725,0.0,2025-12-11,XOM
-8.02812094830841,-6.907302906583601,-6.39407041199846,-17.832424166152556,5.746070134366817,0.0,2025-12-12,XOM
-18.81058487768591,-10.600091612556678,-24.362320104915717,14.499826485700195,19.60558395144222,0.0,2025-12-15,XOM
-10.969958279474602,-13.107562225672753,-11.881823702935247,-5.49876573871073,-37.64617680229035,0.0,2025-12-16,XOM
2.56927945417979,8.355033479579571,16.361407844891037,-80.18349089006576,70.4380014110734,0.0,2025-12-17,XOM
1.8561837155366716,5.356850744198577,0.4965533955142203,10.013965635678701,9.155069490741779,0.0,2025-12-18,XOM
-10.589226905140306,-11.613612982785607,-18.418192462623843,36.38456643977429,-23.47772506802896,0.0,2025-12-19,XOM
2.8667531138624187,3.779652014982593,4.308454100129583,-5.7834528037189035,2.6853751486922985,0.0,2025-12-22,XOM
7.456650950222507,3.8176906602586067,13.30463838222649,-27.631273641788294,4.574795236272485,0.0,2025-12-23,XOM
-6.484526425544703,-1.6999145049210265,-12.995717900567511,32.58262242460408,9.892668716843234,0.0,2025-12-26,XOM
5.619485356785448,4.849995816654498,7.080697447165462,-3.147787185482846,-2.318271033591449,0.0,2025-12-29,XOM
-6.184406016824457,-4.287777773439042,-7.225963879805667,0.06494116107924106,-2.421274998973837,0.0,2025-12-30,XOM
-6.799639380666244,-4.911206215367139,-7.8858362869959056,-0.2824579426764616,6.7858733343300495,0.0,2025-12-31,XOM
15.646205865995624,17.437737214597938,29.831214340126596,-69.46384497877621,65.13180157590601,0.0,2026-01-02,XOM
30.836089441364024,27.92145047740685,47.47297769590897,-68.98524008587378,39.33974662531107,0.0,2026-01-05,XOM
-12.459254315546497,-23.89132901684826,-31.628744259768617,102.55768534980702,-140.03360481718957,0.0,2026-01-06,XOM
-7.1775469365483975,-8.721298256797938,-14.796628931746968,38.5369450346478,-47.55274194067667,0.0,2026-01-07,XOM
5.833391882355024,7.62681464047447,33.27568925357764,-158.8203923449853,75.63007803391216,0.0,2026-01-08,XOM
5.695966995511037,9.394481479239934,12.26771251510351,-33.73450612203234,42.01801295822286,0.0,2026-01-09,XOM
-5.733007296311597,-1.3069081718448068,-4.827172198762719,-11.168017881595661,37.40841500608693,0.0,2026-01-12,XOM
3.5216365187312926,3.362992782831868,7.155078915485332,-18.27901786177605,22.209281082887866,0.0,2026-01-13,XOM
15.503825467863079,10.305599769315595,32.26003938677443,-85.03345804558968,23.474299880636046,0.0,2026-01-14,XOM
5.96407834522053,-0.7295794739797749,10.021963724340218,-18.383233929491002,-18.383233929491002,0.0,2026-01-15,XOM
6.153782949453469,5.39240801372384,8.640322189972384,-8.765452493651258,10.117999017780438,0.0,2026-01-16,XOM
2.2331730144915376,0.46842188208679714,-4.679214635271036,43.70749891308652,-31.16655547384899,0.0,2026-01-20,XOM
9.746101056999247,12.274749612008682,14.798001129886677,-20.56529938030612,36.51657091854265,0.0,2026-01-21,XOM
6.955515947148562,7.918381247779151,15.74448727503966,-45.77831202019375,30.07698919708551,0.0,2026-01-22,XOM
1.9436056404297117,1.991935302659122,-1.497682680053007,22.59133556335544,-22.50556273050294,0.0,2026-01-23,XOM
-10.991600592030377,-9.973111172418232,-11.460647865359379,-8.177316952047942,-4.842150916101851,0.0,2026-01-26,XOM
6.61525354579608,6.360896571299383,17.209424607016604,-56.94977282150831,37.6906748371321,0.0,2026-01-27,XOM
0.17525898782866395,0.1536473422453355,4.169068653259974,-23.787599004746788,12.23513276507631,0.0,2026-01-28,XOM
-2.1536563639697066,-2.5844642694187523,1.5446026447363266,-24.343210416193756,2.731987341337974,0.0,2026-01-29,XOM
7.841752080939144,9.845049526066667,24.696377739228943,-93.28600186879964,37.67665098296574,0.0,2026-02-03,XOM
15.447107974433226,14.828708701788681,37.82891702381828,-118.8437463218771,77.15369456355774,0.0,2026-02-04,XOM
1.4152366588373837,10.681796516050275,3.4292124227740626,-10.66861792477878,39.18972466924784,0.0,2026-02-05,XOM
14.042408323064466,13.798330546233508,12.20322336204943,25.077518089160403,10.300102399893602,0.0,2026-02-06,XOM
5.615573278070268,11.226184733215478,12.567611482179691,-36.09665594657114,63.11659436451108,0.0,2026-02-09,XOM
8.077510724426968,8.530216900687954,16.401752975308742,-41.86794278085991,35.60393912848975,0.0,2026-02-10,XOM
8.772876462679948,4.021944160061765,14.119387646952484,-23.30619064293153,-3.7135927570302787,0.0,2026-02-11,XOM
-28.55398042259508,-33.88294465218114,-50.997708257538676,106.10838658708147,-134.73282492216163,0.0,2026-02-12,XOM
-16.349769962628457,-17.75070529882985,-22.864163631381277,22.736592049899926,-35.34124836755201,0.0,2026-02-13,XOM
-16.02926838255593,-12.504334707330795,-16.27348046117298,-14.56399591085168,5.2815482386458,0.0,2026-02-17,XOM
12.726716939488828,13.320480611328327,24.362589006513687,-57.08851546264706,50.32672770918963,0.0,2026-02-18,XOM
-11.226974522940424,-14.541866298492836,-12.521066496523092,-3.462422681440664,-55.51012447428192,0.0,2026-02-19,XOM
-18.333837751887145,-12.380080182284715,-32.65506079998241,67.59350053669789,-22.4954273388369,0.0,2026-02-20,XOM
7.7075088887162915,10.41405624654376,16.31328105392873,-43.92712410256023,39.943949769198525,0.0,2026-02-23,XOM
2.511622131636446,1.2154959288579696,6.158692940427452,-19.37080272110388,-4.6421296608838505,0.0,2026-02-24,XOM
-5.109261425645566,-0.9155382215702921,-2.169914316741205,-22.745344079077466,28.04779407745199,0.0,2026-02-25,XOM
15.166274514436605,4.497870122669528,19.263290796301767,-9.41582317674296,-53.60737767455877,0.0,2026-02-26,XOM
-13.385515726213299,-3.0154312584562866,3.79074765070039,-116.4430959876973,62.25728462672203,0.0,2026-02-27,XOM
-40.58548634717064,-41.90560892533705,-35.15620780881126,-73.16115757731221,-35.67932252547407,0.0,2026-03-02,XOM
-12.564010772084922,-20.197384453492607,-6.527984252290797,-48.7801698908478,-15.570663432033982,0.0,2026-03-03,XOM
0.999845831076317,0.40753999709895816,6.234668040066368,-30.409087422852593,9.35307941677463,0.0,2026-03-04,XOM
-5.630497471816974,-2.629573562649107,-10.016176156780938,20.683574637987597,23.675793295032715,0.0,2026-03-05,XOM
0.2855732042034949,-2.9419557818084914,-1.4023492085740206,10.413107680879833,-32.78204660536875,0.0,2026-03-06,XOM
3.703560506135205,9.817283569299269,-9.490353933436175,82.8670471435785,-70.60355916830717,0.0,2026-03-09,XOM
-5.097864976296305,1.4755491640388019,-13.338136171277206,44.343762193615824,-55.35449699084672,0.0,2026-03-10,XOM
16.21089924256236,14.447074651366824,17.206061029518118,10.239928520844737,38.723730232195635,0.0,2026-03-11,XOM
10.68204741416856,2.9893676119194033,18.940663961142874,-38.86965186767363,-29.120850550964,0.0,2026-03-12,XOM
6.709615871622023,-6.232575200134743,19.829518646280903,-72.00980077632578,45.402968747759914,0.0,2026-03-13,XOM
15.203199170348695,14.889638942895367,18.28947703401376,-3.3144680116235956,15.157378826406033,0.0,2026-03-16,XOM
6.755243681206561,7.3319639916372905,4.976976405823948,17.424847333512936,-31.84405117711645,0.0,2026-03-17,XOM
-6.477771746121323,-10.218974067939255,-9.460861267179173,11.420765380249044,-78.61293604247888,0.0,2026-03-18,XOM
19.2604068755254,6.262531043814004,32.3521889812587,-59.29028575887797,21.529074306252845,0.0,2026-03-19,XOM
12.60028345246118,-0.1783461472569042,26.420269616161093,-70.3196335297206,-62.23175101940109,0.0,2026-03-20,XOM
33.731332912441644,33.829090398038595,30.89631859629834,50.74141880930502,64.48396365074282,0.0,2026-03-23,XOM
17.508538312441047,20.730594694050414,16.970533855112954,20.73656505642678,-2.8401800793762804,0.0,2026-03-24,XOM
-4.628414624645836,-4.8569467818923755,-5.006266721625241,-2.361302042765939,-36.53787122907894,0.0,2026-03-25,XOM
7.564432011710254,-5.732328777788504,26.251453897007345,-104.55769930006191,46.095506655831265,0.0,2026-03-26,XOM
23.594578199333466,20.216141095238083,31.945718000713864,-26.51226060894056,66.54938658788448,0.0,2026-03-27,XOM
-31.47100710867896,-25.353971030250488,-39.96130424179038,19.470775690002682,-101.7468159737224,0.0,2026-03-30,XOM
17.16498917744608,51.98770132078817,-14.374827739089012,206.40389067666666,-40.74340458010438,0.0,2026-03-31,XOM
-39.12734628936431,-36.2330230412364,-43.43663564810079,-13.27161013692615,-72.55994467034152,0.0,2026-04-01,XOM
-51.59980889795957,-44.064637123005156,-62.39033779285978,13.14336447145402,-59.24516535376361,0.0,2026-04-02,XOM
8.58394855953651,-2.218647650735347,24.284827594148712,-85.62132564813494,91.36082474594204,0.0,2026-04-06,XOM
-17.484607533974575,-1.556242038409668,-30.629863858852705,61.38693041530638,0.04229741216059554,0.0,2026-04-07,XOM
19.587620997588388,20.450801592783503,26.346937151954446,-20.968275928591385,126.16274117264983,0.0,2026-04-08,XOM
-25.680206770496035,-0.929808226838936,-52.66212370859289,136.21129485809777,-88.83824411698733,0.0,2026-04-09,XOM
-7.169594604700336,-5.874198284799846,-8.260963001624027,-0.6213842231507397,-26.814511236131736,0.0,2026-04-10,XOM
-9.986161139613184,-2.810418403931542,-13.829590456390232,13.074414761065855,-9.191175611356998,0.0,2026-04-13,XOM
4.557410216432604,8.748143820931865,5.800796509322776,-2.902907540898851,55.047413070375,0.0,2026-04-14,XOM
9.464085406104058,-0.05895645224094243,18.761654995451828,-46.32133212996349,6.730477714728295,0.0,2026-04-15,XOM
15.963045925864721,3.3464388876867135,27.434888926799697,-52.868012079733894,16.386641133926943,0.0,2026-04-16,XOM
47.966813208328404,30.998975389921117,68.38749172533927,-74.55725789373486,127.40981271896085,0.0,2026-04-17,XOM
