date,ticker,pred
2011-11-30,MMM,0.06457600954848909
2011-11-30,NFLX,-0.18681106791741683
2011-11-30,NEE,-0.01898267119887431
2011-11-30,MSFT,0.01729356099400507
2011-11-30,MS,-0.14670595350970383
2011-11-30,MRK,-0.02641093452812497
2011-11-30,NKE,0.01450875753153693
2011-11-30,MO,-0.012265167294972118
2011-11-30,MET,0.09362570518913016
2011-11-30,LOW,-0.016002731815452285
2011-11-30,MDLZ,0.007115469438232907
2011-11-30,MCD,-0.020485659298059396
2011-11-30,LMT,-0.014239781775010773
2011-11-30,LLY,-0.02263635611226889
2011-11-30,LIN,0.0038830008037000464
2011-11-30,KO,-0.012825612239258504
2011-11-30,JPM,0.056225218836546034
2011-11-30,NVDA,-0.049200702866809234
2011-11-30,MDT,-0.039620139279769366
2011-11-30,ORCL,0.05016679701769339
2011-11-30,XOM,-0.019593732213695134
2011-11-30,PFE,-0.011675516796762807
2011-11-30,JNJ,-0.009738902574401131
2011-11-30,WMT,-0.004118589038785034
2011-11-30,WFC,0.04995517676480576
2011-11-30,VZ,-0.026493493238926868
2011-11-30,USB,0.0062928499847892914
2011-11-30,UPS,-0.010793983948112105
2011-11-30,UNP,0.016955406638635262
2011-11-30,UNH,-0.05425253490233109
2011-11-30,TXN,0.061603423514887144
2011-11-30,TMO,0.05478586714353517
2011-11-30,TGT,0.025382563969605042
2011-11-30,T,-0.01812105582434058
2011-11-30,SPG,-0.010605018280620519
2011-11-30,SO,0.00856850483895269
2011-11-30,SCHW,-0.005924618432306862
2011-11-30,SBUX,-0.05911025130604717
2011-11-30,RTX,0.035118302168977385
2011-11-30,QCOM,0.003592969116096803
2011-11-30,PG,0.004051219790210159
2011-11-30,PEP,-8.925400561401406e-05
2011-11-30,INTC,0.005362369286548257
2011-11-30,EMR,-0.019729572428724394
2011-11-30,HON,-0.01994377320373867
2011-11-30,CAT,-0.028527336286768564
2011-11-30,C,-0.14525994573994588
2011-11-30,BRK-B,0.04062481051066037
2011-11-30,BMY,-0.048846767036236624
2011-11-30,BLK,0.012988138361963417
2011-11-30,BKNG,0.03667634237078807
2011-11-30,IBM,-0.03947653256734609
2011-11-30,BA,0.007061908304078532
2011-11-30,CL,-0.028569463782698718
2011-11-30,AXP,0.06608635273059957
2011-11-30,AMT,-0.01819288287383006
2011-11-30,AMGN,-0.016496751775749153
2011-11-30,AMD,-0.14734116014326187
2011-11-30,AIG,0.017602135269816688
2011-11-30,ADBE,0.07364311051109283
2011-11-30,ACN,-0.023823045235223016
2011-11-30,ABT,-0.021248647472180505
2011-11-30,AAPL,0.03203301323526925
2011-11-30,AMZN,0.08266685824160852
2011-11-30,CMCSA,0.04561816134322211
2011-11-30,BAC,-0.16019453861323396
2011-11-30,COP,-0.012793516777475845
2011-11-30,COF,0.021270038675437933
2011-11-30,GS,0.016879507039973415
2011-11-30,GOOGL,0.0026046348853450184
2011-11-30,GOOG,0.0026046348853450184
2011-11-30,GILD,0.038100467214403425
2011-11-30,GE,0.05876617406970677
2011-11-30,GD,-0.010425290700748753
2011-11-30,FDX,0.03055663361040141
2011-11-30,F,0.0628039700914296
2011-11-30,HD,-0.051041085431463656
2011-11-30,DUK,5.070885755128193e-05
2011-11-30,CRM,0.08769582295276904
2011-11-30,CSCO,0.01836000346930325
2011-11-30,CVS,-0.03319194913853326
2011-11-30,COST,-0.01468076520373399
2011-11-30,DE,-0.015849472544849485
2011-11-30,DHR,0.055653809500241534
2011-11-30,DIS,0.04398637790795908
2011-11-30,CVX,-0.06951345716997155
2011-12-30,MO,0.02340008904584271
2011-12-30,MRK,0.0023871813662414204
2011-12-30,MS,-0.10748692847252488
2011-12-30,NKE,0.042851412569554506
2011-12-30,NEE,0.0038579784129738727
2011-12-30,NFLX,-0.15301028318284307
2011-12-30,MSFT,0.019827235530775363
2011-12-30,MMM,0.036336078123707594
2011-12-30,MCD,0.010616850601738278
2011-12-30,XOM,0.020684211222781926
2011-12-30,MDLZ,0.02340008904584271
2011-12-30,JPM,-0.08394868003348191
2011-12-30,LOW,0.024653093295153385
2011-12-30,LMT,0.02901701420792002
2011-12-30,LLY,0.009672023499019331
2011-12-30,LIN,0.012593832672827942
2011-12-30,KO,0.016459638249410165
2011-12-30,NVDA,0.005215752302455164
2011-12-30,MET,-0.08325735703788331
2011-12-30,ORCL,0.0648597015724659
2011-12-30,T,0.010356581497836312
2011-12-30,PFE,0.0090687869343843
2011-12-30,JNJ,0.022958395898524303
2011-12-30,WMT,0.021580846546162324
2011-12-30,WFC,-0.0023088743339867773
2011-12-30,VZ,0.010934806172505472
2011-12-30,USB,0.012110932863971396
2011-12-30,UPS,0.015880288461662763
2011-12-30,UNP,0.03167852544000513
2011-12-30,UNH,0.022649606645755136
2011-12-30,PEP,0.016151513409603285
2011-12-30,TXN,0.06499093845611625
2011-12-30,TGT,0.051586184044623215
2011-12-30,SPG,0.02412169216973984
2011-12-30,SO,0.020977755367113337
2011-12-30,SCHW,-0.03582624549954146
2011-12-30,SBUX,0.005176343485697058
2011-12-30,RTX,0.05262937577855567
2011-12-30,QCOM,0.0037792187313454508
2011-12-30,PG,0.010421010739766128
2011-12-30,TMO,0.009632058594658953
2011-12-30,INTC,0.04427725531668659
2011-12-30,MDT,0.007251874603377435
2011-12-30,HON,0.01561780023167646
2011-12-30,CAT,0.052045934180193584
2011-12-30,C,0.012996372152316462
2011-12-30,BRK-B,0.06114062960436004
2011-12-30,BMY,0.006251382524381792
2011-12-30,BLK,0.025252161372145403
2011-12-30,BKNG,-0.021494253330401614
2011-12-30,BAC,-0.01933759133677411
2011-12-30,BA,0.042436500805598895
2011-12-30,CL,0.03690222561676645
2011-12-30,AXP,0.05578450929684422
2011-12-30,AMT,0.04667668048189637
2011-12-30,AMGN,0.011130821723931482
2011-12-30,AMD,-0.00046819506186604714
2011-12-30,AIG,-0.026472880618819073
2011-12-30,ADBE,0.008905889531067027
2011-12-30,ACN,0.001770458230596429
2011-12-30,ABT,0.026948831117710875
2011-12-30,AAPL,0.009170437850520928
2011-12-30,AMZN,0.03703631600366474
2011-12-30,CMCSA,0.03473996376964244
2011-12-30,IBM,0.051516387668675605
2011-12-30,COP,0.027673533065547994
2011-12-30,COF,0.022093939968361134
2011-12-30,GS,0.012949003517774777
2011-12-30,GOOGL,0.03336104054923616
2011-12-30,GOOG,0.03336104054923616
2011-12-30,GILD,0.01882296217693624
2011-12-30,GE,0.031492224325470664
2011-12-30,GD,0.019584231073909136
2011-12-30,FDX,0.0020561998930636117
2011-12-30,F,-0.019662128886396922
2011-12-30,HD,0.015190370601839297
2011-12-30,DUK,0.02340008904584271
2011-12-30,EMR,0.053944451507448477
2011-12-30,CRM,-0.012526556595025955
2011-12-30,CSCO,0.04773844111684085
2011-12-30,CVS,0.014044509833747689
2011-12-30,COST,0.06860344739951271
2011-12-30,DE,0.05353576711949465
2011-12-30,DHR,0.06397678124588958
2011-12-30,DIS,0.017931829582486396
2011-12-30,CVX,0.024032751994979167
2012-01-31,MO,0.07043844250644969
2012-01-31,MRK,0.026885825872608737
2012-01-31,NFLX,0.13902223340769207
2012-01-31,MSFT,0.007735636709052567
2012-01-31,NEE,0.03838687491768761
2012-01-31,MMM,0.04322276786370922
2012-01-31,MS,-0.05215890264245676
2012-01-31,MET,0.015130568446914188
2012-01-31,JNJ,0.028437568402373894
2012-01-31,MDLZ,0.01604209139193922
2012-01-31,MCD,0.029841869176650767
2012-01-31,LOW,0.029372911730642638
2012-01-31,LMT,0.02363476311289429
2012-01-31,LLY,0.04644631371392174
2012-01-31,LIN,0.04920174461044606
2012-01-31,KO,0.07072402354130848
2012-01-31,JPM,0.07356838806887087
2012-01-31,NKE,0.018469483832518407
2012-01-31,MDT,0.05087613642188936
2012-01-31,NVDA,0.11347282974808616
2012-01-31,SPG,0.014131412254319183
2012-01-31,PEP,0.037571770109940394
2012-01-31,XOM,0.04851927312554673
2012-01-31,INTC,0.030581230998558553
2012-01-31,WFC,0.09093359498210735
2012-01-31,VZ,0.06988414376010502
2012-01-31,USB,0.02546785907316843
2012-01-31,UPS,0.020755826783874696
2012-01-31,UNP,0.011876516368630305
2012-01-31,UNH,0.05020165420590651
2012-01-31,TXN,0.03337839873367538
2012-01-31,TMO,0.006140996958893418
2012-01-31,TGT,0.03688210552987835
2012-01-31,T,0.04657670048685554
2012-01-31,SO,0.0226759397648295
2012-01-31,SCHW,0.13486692339603343
2012-01-31,SBUX,0.02524649965955731
2012-01-31,RTX,0.05494184565777643
2012-01-31,QCOM,0.01988696036409743
2012-01-31,PG,0.07676336994028185
2012-01-31,PFE,0.04153078679982087
2012-01-31,ORCL,0.04388392907769856
2012-01-31,WMT,0.015871536346577324
2012-01-31,IBM,0.020076456783730184
2012-01-31,HD,0.02233364482689413
2012-01-31,CAT,0.028896734937584056
2012-01-31,C,-0.04485867120989166
2012-01-31,BRK-B,0.048303792543958834
2012-01-31,BMY,0.07627418589857102
2012-01-31,BLK,0.10672872133654468
2012-01-31,BKNG,-0.016681766249369533
2012-01-31,BAC,0.1815910737687574
2012-01-31,AXP,0.027590125862510778
2012-01-31,CL,0.03838687491768761
2012-01-31,AMZN,0.02364674352755302
2012-01-31,AMGN,0.019086896773284366
2012-01-31,AMD,0.005825940849733764
2012-01-31,AIG,0.05513198838457642
2012-01-31,ADBE,0.02895986740762976
2012-01-31,ACN,0.035959413675257464
2012-01-31,ABT,0.05407939802772618
2012-01-31,AAPL,0.014503219514255516
2012-01-31,HON,0.034684702002221506
2012-01-31,AMT,0.024463119080851182
2012-01-31,CMCSA,0.0169257087338543
2012-01-31,BA,0.05426266531185218
2012-01-31,COP,0.07781654690432425
2012-01-31,COF,0.09830373950908534
2012-01-31,GOOGL,0.07171525151248141
2012-01-31,GOOG,0.07171525151248141
2012-01-31,GILD,0.0157742187051286
2012-01-31,GE,0.043489519479721676
2012-01-31,GD,0.03724832668637592
2012-01-31,FDX,0.024688307353877535
2012-01-31,F,-0.007335814271244918
2012-01-31,EMR,0.047662452005487514
2012-01-31,GS,-0.012437207240201411
2012-01-31,DIS,0.054223306433421915
2012-01-31,DUK,0.032789913590570346
2012-01-31,CRM,-0.0018869343438153872
2012-01-31,CSCO,0.03347652600736219
2012-01-31,CVS,0.03113708746953581
2012-01-31,COST,0.042353644475563036
2012-01-31,DE,0.02749099201736907
2012-01-31,DHR,0.013301612159114917
2012-01-31,CVX,0.08446109232954067
2012-02-29,MO,0.005421742575543553
2012-02-29,NKE,0.022118816528031028
2012-02-29,NFLX,0.12805236279812582
2012-02-29,NEE,0.018142026648101897
2012-02-29,MSFT,0.021928518106354
2012-02-29,MS,0.155135609222576
2012-02-29,NVDA,0.09617593218919283
2012-02-29,MRK,0.033387679315453
2012-02-29,MMM,0.020242542710098965
2012-02-29,LOW,0.029189617461579907
2012-02-29,MDLZ,0.025159913091782782
2012-02-29,MCD,0.004046655644904923
2012-02-29,LMT,-8.334709796903642e-05
2012-02-29,LLY,0.0150032035047344
2012-02-29,LIN,0.021963140493077658
2012-02-29,KO,-0.005717527194928965
2012-02-29,JPM,0.06110648110515384
2012-02-29,ORCL,0.0648069248701088
2012-02-29,MDT,0.04415641172271441
2012-02-29,PEP,0.03694487243690753
2012-02-29,JNJ,0.019055376463273228
2012-02-29,PG,-0.012252265029814306
2012-02-29,XOM,0.00948657657711392
2012-02-29,WMT,0.0436903991814031
2012-02-29,WFC,0.025732048345535236
2012-02-29,VZ,0.026625679109948036
2012-02-29,USB,0.03581709397335889
2012-02-29,UPS,-0.0030449371124278263
2012-02-29,UNP,0.05696342221292246
2012-02-29,UNH,0.016446934265293943
2012-02-29,PFE,0.03851037793037507
2012-02-29,TXN,0.050274133052535634
2012-02-29,TGT,0.009750712649300754
2012-02-29,T,0.0064229934211968535
2012-02-29,SPG,0.04593020519045496
2012-02-29,SO,0.036292710759972514
2012-02-29,SCHW,0.04277634029887505
2012-02-29,SBUX,0.02804460568593759
2012-02-29,RTX,0.033488957334236166
2012-02-29,QCOM,-0.0013178348650894022
2012-02-29,TMO,0.02221507443136586
2012-02-29,INTC,0.0332501539864816
2012-02-29,MET,0.055457682638181044
2012-02-29,HON,0.03613337453898139
2012-02-29,CL,0.01095876516439037
2012-02-29,CAT,0.07569049347918816
2012-02-29,C,0.1065508367504857
2012-02-29,BRK-B,0.04522478578914818
2012-02-29,BMY,0.022641866695865587
2012-02-29,BLK,0.017096933411195978
2012-02-29,BKNG,0.004136786970404514
2012-02-29,BAC,0.13496682753317152
2012-02-29,BA,0.022104614649597298
2012-02-29,AXP,0.03451126192041887
2012-02-29,AMZN,0.07990406866966868
2012-02-29,AMT,0.050113286406347525
2012-02-29,AMGN,0.004028147917291111
2012-02-29,AMD,0.07218520400964282
2012-02-29,AIG,0.0462665194179459
2012-02-29,ADBE,0.01588781619948592
2012-02-29,ACN,0.04390516664306749
2012-02-29,ABT,0.01095876516439037
2012-02-29,AAPL,0.012734396751493356
2012-02-29,CMCSA,0.04149352331541517
2012-02-29,COF,0.03153123698770059
2012-02-29,IBM,0.02033196325237544
2012-02-29,COST,0.015009115065396001
2012-02-29,COP,0.017210175685726976
2012-02-29,GS,0.056780332689186266
2012-02-29,GOOGL,0.009346929341931414
2012-02-29,GOOG,0.009346929341931414
2012-02-29,GILD,-0.007655869367735139
2012-02-29,GE,0.013953047159260514
2012-02-29,GD,0.024413992473708197
2012-02-29,FDX,0.06010866173170083
2012-02-29,F,0.09674031161288493
2012-02-29,HD,0.02895231483281876
2012-02-29,CRM,0.02068610280615577
2012-02-29,DUK,0.026322507876751163
2012-02-29,DIS,0.002578177563138339
2012-02-29,DHR,0.04575724889209604
2012-02-29,DE,0.06926484314053319
2012-02-29,CVX,0.041102821053657444
2012-02-29,CVS,0.022030314819273675
2012-02-29,CSCO,0.03552528416084623
2012-02-29,EMR,0.07095440164871777
2012-03-30,NFLX,0.23546410828805972
2012-03-30,NEE,0.01220777741147463
2012-03-30,MSFT,0.01817749442769107
2012-03-30,MS,0.03737377826478647
2012-03-30,MRK,0.02782614590954922
2012-03-30,MO,0.006034676793716284
2012-03-30,MMM,0.03361606419094229
2012-03-30,MET,0.04572426285011655
2012-03-30,JNJ,0.008554383862208104
2012-03-30,MDLZ,0.014737052063406716
2012-03-30,MCD,0.009454417098770497
2012-03-30,LOW,0.041668774206858335
2012-03-30,LMT,0.026290009145432808
2012-03-30,LLY,0.013459994476149827
2012-03-30,LIN,0.03337247337928225
2012-03-30,KO,-0.0008683630881836317
2012-03-30,JPM,0.05196468948413652
2012-03-30,NKE,0.040586026146780946
2012-03-30,MDT,0.03181188123323866
2012-03-30,NVDA,0.012568236421148637
2012-03-30,T,0.014526601244749894
2012-03-30,PEP,0.004254588182015675
2012-03-30,INTC,0.04385057748647422
2012-03-30,WMT,0.007570813557832702
2012-03-30,WFC,0.04071086193952225
2012-03-30,VZ,0.027251491497323484
2012-03-30,USB,0.02652980701798262
2012-03-30,UPS,0.01356723373218704
2012-03-30,UNP,0.05314691417618473
2012-03-30,UNH,0.03030110129986594
2012-03-30,TXN,0.026709727784204693
2012-03-30,TMO,0.04098963994859051
2012-03-30,TGT,0.030739450171963643
2012-03-30,SPG,0.03923286813295802
2012-03-30,SO,0.01621553291417419
2012-03-30,SCHW,0.05841862821802385
2012-03-30,SBUX,0.034018293936717604
2012-03-30,RTX,0.04492843393656262
2012-03-30,QCOM,0.018222624136413137
2012-03-30,PG,0.018401055348962313
2012-03-30,PFE,0.037351184225396294
2012-03-30,ORCL,0.0506048925906039
2012-03-30,XOM,0.028426176758142314
2012-03-30,IBM,0.028367910016941108
2012-03-30,HD,0.022093179576057033
2012-03-30,CAT,0.059206035105287824
2012-03-30,C,0.08977020209455668
2012-03-30,BRK-B,0.03702545779531006
2012-03-30,BMY,0.011136650232210945
2012-03-30,BLK,0.04478356201447526
2012-03-30,BKNG,0.04823409401443431
2012-03-30,BAC,0.03273616344968981
2012-03-30,BA,0.048436397384748295
2012-03-30,CL,0.010940287407658003
2012-03-30,AXP,0.019001872542800825
2012-03-30,AMT,0.03961250489366057
2012-03-30,AMGN,0.022491929422903623
2012-03-30,AMD,0.05518381737276888
2012-03-30,AIG,0.05265660896996952
2012-03-30,ADBE,0.02707282380335672
2012-03-30,ACN,0.033312198372691046
2012-03-30,ABT,-0.00010519017476956613
2012-03-30,AAPL,0.0571420108491986
2012-03-30,AMZN,0.0507390811444252
2012-03-30,CMCSA,0.03788390895296782
2012-03-30,HON,0.03443887526229835
2012-03-30,COP,0.04232557604415089
2012-03-30,GS,0.05967080058960897
2012-03-30,GOOGL,0.03983272982676373
2012-03-30,GOOG,0.03983272982676373
2012-03-30,GILD,0.007556815476005517
2012-03-30,GE,0.031549839110198236
2012-03-30,FDX,0.037434942323012844
2012-03-30,F,0.038846467785418254
2012-03-30,EMR,0.01674812937926024
2012-03-30,GD,0.03192053797847037
2012-03-30,DIS,0.03284246969451525
2012-03-30,DUK,0.014830029595864611
2012-03-30,CRM,0.04284876413265353
2012-03-30,CSCO,0.03531066869224023
2012-03-30,CVS,0.020966138574643443
2012-03-30,COST,0.030960761453958676
2012-03-30,DE,0.039947778221655225
2012-03-30,DHR,0.029919760433120408
2012-03-30,CVX,0.047379552780378885
2012-03-30,COF,0.04032446295803403
2012-04-30,MRK,0.010293336598903313
2012-04-30,MS,-0.10887250744892564
2012-04-30,MSFT,0.017592534011067033
2012-04-30,NVDA,0.01921081898040729
2012-04-30,NFLX,0.10228104876957084
2012-04-30,NKE,0.020448378298211497
2012-04-30,NEE,0.009514104701327868
2012-04-30,MO,0.002618253487870972
2012-04-30,KO,0.008435060751734419
2012-04-30,MET,-0.0009836033151314403
2012-04-30,MDT,0.010463722282358036
2012-04-30,MDLZ,0.002618253487870972
2012-04-30,MCD,0.011781849840840505
2012-04-30,LOW,0.01226538978463877
2012-04-30,LMT,0.01658885835464046
2012-04-30,LLY,0.008379473856753679
2012-04-30,LIN,0.012567552732499371
2012-04-30,ORCL,-0.007089323896594997
2012-04-30,MMM,0.0007613732828108474
2012-04-30,PEP,0.005935965863205471
2012-04-30,TGT,0.01170272358875934
2012-04-30,PG,0.04003071814519352
2012-04-30,JPM,0.001423980011065182
2012-04-30,XOM,0.0016144564849636656
2012-04-30,WMT,0.04154389049144606
2012-04-30,WFC,0.011539187579052911
2012-04-30,VZ,0.004356271545518872
2012-04-30,USB,0.014994508670846698
2012-04-30,UPS,0.021950792127387878
2012-04-30,UNP,0.028941653557071838
2012-04-30,PFE,0.012567552732499371
2012-04-30,UNH,0.05232519415938008
2012-04-30,TMO,0.019272851647721453
2012-04-30,T,0.004356271545518872
2012-04-30,SPG,0.014819184674861239
2012-04-30,SO,0.013796977725175042
2012-04-30,SCHW,0.02878108328321731
2012-04-30,SBUX,0.03646855791467541
2012-04-30,RTX,0.01902526999697884
2012-04-30,QCOM,0.03618894682154961
2012-04-30,TXN,0.02307772684791082
2012-04-30,JNJ,0.0046049154806072365
2012-04-30,INTC,0.015886057066959634
2012-04-30,AAPL,0.04518367944936562
2012-04-30,CL,0.012953718484877048
2012-04-30,CAT,0.025890366518299995
2012-04-30,C,0.02892668313231564
2012-04-30,BRK-B,-0.0009060344454123271
2012-04-30,BMY,0.026582636000036543
2012-04-30,BLK,0.0129376921295774
2012-04-30,BKNG,0.01781907859639911
2012-04-30,BA,0.012602113157596325
2012-04-30,CMCSA,0.011814184800232724
2012-04-30,AXP,0.02090249454578979
2012-04-30,AMT,0.011267660984556314
2012-04-30,AMGN,0.009262248697115703
2012-04-30,AMD,0.020155982622542475
2012-04-30,AIG,-0.015591768891070907
2012-04-30,ADBE,0.018483770624980144
2012-04-30,ACN,0.014104043063638523
2012-04-30,ABT,0.012417632362578401
2012-04-30,IBM,0.011826538765091498
2012-04-30,AMZN,-0.027343326630853315
2012-04-30,COF,0.0313746122485858
2012-04-30,BAC,-0.10668054315686751
2012-04-30,COST,0.022991755673246832
2012-04-30,COP,0.02734340194243799
2012-04-30,HD,0.013035751566853984
2012-04-30,GS,0.0042137450964325925
2012-04-30,GOOGL,0.038725908374846865
2012-04-30,GOOG,0.038725908374846865
2012-04-30,GILD,-0.01761241026307759
2012-04-30,GE,0.01024753097077116
2012-04-30,GD,0.031691329010665445
2012-04-30,FDX,0.025367941520134177
2012-04-30,F,0.028275769248987958
2012-04-30,HON,0.016460855248712502
2012-04-30,CRM,-0.015617970661770118
2012-04-30,DUK,0.005950799300320339
2012-04-30,DIS,0.009470706386975879
2012-04-30,DHR,0.018299812260525426
2012-04-30,DE,0.009589183040173213
2012-04-30,CVX,0.013145438364158369
2012-04-30,CVS,0.012886194124295619
2012-04-30,CSCO,0.016284013716230023
2012-04-30,EMR,-0.0014898619663622087
2012-05-31,MMM,-0.01030394023432064
2012-05-31,NKE,0.021601073623615356
2012-05-31,NFLX,0.0963249256846094
2012-05-31,NEE,0.014401257046973771
2012-05-31,MSFT,0.013754757124354316
2012-05-31,MS,-0.21593409064273938
2012-05-31,MRK,0.009938184676359157
2012-05-31,MO,0.00423949678424368
2012-05-31,MET,0.045037208606346905
2012-05-31,NVDA,0.051384253630438415
2012-05-31,MDLZ,0.022338251685020002
2012-05-31,MCD,0.04720568902020673
2012-05-31,LOW,0.05705797307755463
2012-05-31,LMT,0.018784319700350428
2012-05-31,LLY,0.024775502589283373
2012-05-31,LIN,0.015165523536475156
2012-05-31,KO,0.028533850164244066
2012-05-31,JPM,0.039980424960519845
2012-05-31,MDT,-0.006971801644425766
2012-05-31,ORCL,-0.01001771209944878
2012-05-31,JNJ,0.019025334407648472
2012-05-31,PFE,0.018828584336876376
2012-05-31,XOM,0.025670982368461322
2012-05-31,WMT,0.0035149137863564922
2012-05-31,WFC,-0.07443827857035532
2012-05-31,VZ,0.01142469277640663
2012-05-31,USB,-0.010661829399750251
2012-05-31,UPS,0.009739623291197114
2012-05-31,UNP,0.013538958558917276
2012-05-31,UNH,0.01933546741212168
2012-05-31,TXN,0.027638445428895535
2012-05-31,TMO,0.014608054710999683
2012-05-31,TGT,-0.0011906990957270358
2012-05-31,T,0.007788187018613253
2012-05-31,SPG,0.018331484594354113
2012-05-31,SO,0.010190798740327842
2012-05-31,SCHW,-0.07036542536958337
2012-05-31,SBUX,0.005441828022047358
2012-05-31,RTX,0.030900501109423176
2012-05-31,QCOM,0.011916559146475407
2012-05-31,PG,0.022291542663686225
2012-05-31,PEP,0.015620732113967962
2012-05-31,INTC,0.01612115306681435
2012-05-31,AAPL,-0.0170184503013932
2012-05-31,HON,0.009927232034430154
2012-05-31,CL,0.024767821886056036
2012-05-31,CAT,0.06609885733818353
2012-05-31,C,-0.046456289635169075
2012-05-31,BRK-B,-0.009884812988614725
2012-05-31,BMY,0.01310943836480826
2012-05-31,BLK,-0.06025317430553759
2012-05-31,BKNG,0.020123968388910025
2012-05-31,BA,0.016028091672494447
2012-05-31,CMCSA,-0.009200896568247957
2012-05-31,AXP,0.002427630382329376
2012-05-31,AMT,0.010887196670332507
2012-05-31,AMGN,0.006179458595976933
2012-05-31,AMD,-0.01299391119537556
2012-05-31,AIG,-0.10923644460400302
2012-05-31,ADBE,0.007286135600522712
2012-05-31,ACN,0.019146088968356737
2012-05-31,ABT,0.010405915287803515
2012-05-31,IBM,0.0321235004657774
2012-05-31,AMZN,-0.09644379928734874
2012-05-31,COF,-0.0809431092577141
2012-05-31,BAC,-0.22522054249417195
2012-05-31,COST,0.009972394418600166
2012-05-31,COP,0.0047791284801858205
2012-05-31,GS,-0.009350317599034581
2012-05-31,GOOGL,0.033908843043550546
2012-05-31,GOOG,0.033908843043550546
2012-05-31,GILD,0.03159907416053361
2012-05-31,GE,-0.008707923132326217
2012-05-31,GD,0.006943080225623642
2012-05-31,FDX,0.007174648525685763
2012-05-31,F,-0.06768668254095495
2012-05-31,HD,-0.0033936705351345414
2012-05-31,DUK,0.003787374059849814
2012-05-31,EMR,-0.0003388761718227538
2012-05-31,CSCO,0.060543112302008074
2012-05-31,CVS,0.016114837304963724
2012-05-31,CVX,0.012336966725475166
2012-05-31,CRM,0.03244619490239636
2012-05-31,DHR,0.0037038531014215417
2012-05-31,DIS,-0.003052122011221061
2012-05-31,DE,0.019920955951834032
2012-06-29,MO,0.0066168557532604155
2012-06-29,MRK,-0.0008615555997769565
2012-06-29,NFLX,-0.005632617173349563
2012-06-29,MSFT,0.018944454294116644
2012-06-29,NEE,0.014444971228458094
2012-06-29,MMM,-0.006313518477338502
2012-06-29,MS,-0.15116285275572033
2012-06-29,MET,0.014019668182530408
2012-06-29,JNJ,0.007561314082794579
2012-06-29,MDLZ,0.0017055866466045525
2012-06-29,MCD,0.0380764781767379
2012-06-29,LOW,0.019422127921454264
2012-06-29,LMT,0.004581725959131028
2012-06-29,LLY,0.007463654158400293
2012-06-29,LIN,0.018280274811886772
2012-06-29,KO,0.01649131831117578
2012-06-29,JPM,-0.02290903167728127
2012-06-29,NKE,0.07234273153454955
2012-06-29,MDT,-0.008047173224699352
2012-06-29,NVDA,-0.008257991473765125
2012-06-29,SPG,0.005421398651838751
2012-06-29,PEP,0.012609200596767112
2012-06-29,XOM,-0.002710527898880598
2012-06-29,INTC,0.029018071883279786
2012-06-29,WFC,-0.014095861963592068
2012-06-29,VZ,0.01649131831117578
2012-06-29,USB,0.0050124782601744635
2012-06-29,UPS,0.0013413023054021514
2012-06-29,UNP,0.0065539246421269315
2012-06-29,UNH,0.0053706594307272705
2012-06-29,TXN,0.003795645030223698
2012-06-29,TMO,0.002464035731533588
2012-06-29,TGT,9.22311943333281e-05
2012-06-29,T,0.012255246071211465
2012-06-29,SO,0.023676360281243116
2012-06-29,SCHW,-0.021773370149375196
2012-06-29,SBUX,0.017100637568072157
2012-06-29,RTX,0.0018496692935199407
2012-06-29,QCOM,0.027438318773156452
2012-06-29,PG,0.00703072770644665
2012-06-29,PFE,0.0013413023054021514
2012-06-29,ORCL,-0.013282871496034354
2012-06-29,WMT,0.020323242056223417
2012-06-29,IBM,0.015577200529859761
2012-06-29,HD,0.013538182379630814
2012-06-29,CAT,0.018050266435597404
2012-06-29,C,0.04293809878171227
2012-06-29,BRK-B,-0.011348241416350383
2012-06-29,BMY,0.01076472235005132
2012-06-29,BLK,-0.03812006526245035
2012-06-29,BKNG,0.019696772644260487
2012-06-29,BAC,-0.14948625920469158
2012-06-29,AXP,0.005399509958851694
2012-06-29,CL,0.01649131831117578
2012-06-29,AMZN,-0.010784694973347853
2012-06-29,AMGN,0.005102451340819655
2012-06-29,AMD,-0.026176246272661026
2012-06-29,AIG,-0.0342045578623601
2012-06-29,ADBE,0.003615255782274823
2012-06-29,ACN,0.014618480597166701
2012-06-29,ABT,0.01680633815039324
2012-06-29,AAPL,-0.01023709957768592
2012-06-29,HON,-0.012626491933184155
2012-06-29,AMT,-0.00383096649505407
2012-06-29,CMCSA,0.013996990063771907
2012-06-29,BA,0.007922892198807223
2012-06-29,COP,0.030101225227157347
2012-06-29,COF,0.00565983529272038
2012-06-29,GOOGL,0.007941372125970179
2012-06-29,GOOG,0.007941372125970179
2012-06-29,GILD,0.022864214262436438
2012-06-29,GE,0.0035863103308283774
2012-06-29,GD,0.023196260103455116
2012-06-29,FDX,0.003615255782274823
2012-06-29,F,-0.013694949503529917
2012-06-29,EMR,-0.017870778560898335
2012-06-29,GS,-0.022977938141140252
2012-06-29,DIS,-0.008384535560272367
2012-06-29,DUK,0.012365332566018367
2012-06-29,CRM,-0.01781200116603566
2012-06-29,CSCO,0.031141736067428632
2012-06-29,CVS,0.005102451340819655
2012-06-29,COST,0.006162245399070973
2012-06-29,DE,0.009995660391430747
2012-06-29,DHR,0.005146093836599506
2012-06-29,CVX,0.020154861369572608
2012-07-31,NFLX,0.1627346366497713
2012-07-31,NEE,0.01499018704702904
2012-07-31,MSFT,0.035274194088694075
2012-07-31,MS,-0.02118246040938555
2012-07-31,MRK,0.008684497880909518
2012-07-31,MO,0.0027907322877555136
2012-07-31,MMM,-0.00273287330744551
2012-07-31,MET,0.012809160361561621
2012-07-31,JNJ,0.008607443910848488
2012-07-31,MDLZ,0.009160155079116545
2012-07-31,MCD,0.033508968619122066
2012-07-31,LOW,0.020669151811691648
2012-07-31,LMT,0.011458398225454983
2012-07-31,LLY,0.010314433635221764
2012-07-31,LIN,0.04367875923921513
2012-07-31,KO,0.013205410394317421
2012-07-31,JPM,0.008524249203661604
2012-07-31,NKE,0.04231726761846192
2012-07-31,MDT,0.019591437528171288
2012-07-31,NVDA,-0.018113401945220937
2012-07-31,T,0.013205410394317421
2012-07-31,PEP,0.008607443910848488
2012-07-31,INTC,0.04241986856820704
2012-07-31,WMT,0.007678641902714678
2012-07-31,WFC,-0.032916750000527455
2012-07-31,VZ,0.008911870619520711
2012-07-31,USB,0.0025736070593589265
2012-07-31,UPS,0.03064592123162686
2012-07-31,UNP,0.006901726201530178
2012-07-31,UNH,0.02945085946282539
2012-07-31,TXN,0.028137397544475844
2012-07-31,TMO,0.01657734519124137
2012-07-31,TGT,0.017039462236331633
2012-07-31,SPG,0.010249924435270273
2012-07-31,SO,0.01610624708170896
2012-07-31,SCHW,-0.026166385703332958
2012-07-31,SBUX,0.020315620871260286
2012-07-31,RTX,0.005590137737835043
2012-07-31,QCOM,0.01768660324781646
2012-07-31,PG,0.013313747860729698
2012-07-31,PFE,0.010314433635221764
2012-07-31,ORCL,0.014676403516311243
2012-07-31,XOM,0.0025479811561082612
2012-07-31,IBM,0.02070317519836234
2012-07-31,HD,0.0019659755739535045
2012-07-31,CAT,-0.0074950608970633615
2012-07-31,C,-0.0015922474885007782
2012-07-31,BRK-B,-0.0031343805516072577
2012-07-31,BMY,0.015237643444557764
2012-07-31,BLK,-0.013257532566337509
2012-07-31,BKNG,0.03056143237259182
2012-07-31,BAC,-0.10179376816669002
2012-07-31,BA,0.009279348896518106
2012-07-31,CL,0.013205410394317421
2012-07-31,AXP,0.0045632976125254635
2012-07-31,AMT,-0.0014226744841695559
2012-07-31,AMGN,0.001932651449964018
2012-07-31,AMD,0.04373076553509346
2012-07-31,AIG,-0.029791627822876053
2012-07-31,ADBE,0.015871259560212906
2012-07-31,ACN,0.019822500953636746
2012-07-31,ABT,0.009724890149882431
2012-07-31,AAPL,-0.030314395329605906
2012-07-31,AMZN,-0.04188251281008791
2012-07-31,CMCSA,0.013039179188342465
2012-07-31,HON,0.02318651708377187
2012-07-31,COP,0.03525129533622469
2012-07-31,COF,0.020740802758633454
2012-07-31,GS,0.007488238939032694
2012-07-31,GOOGL,0.029817104761316608
2012-07-31,GOOG,0.029817104761316608
2012-07-31,GILD,-0.013020663788812514
2012-07-31,GE,0.004314966258680643
2012-07-31,FDX,0.0006982733469780086
2012-07-31,F,-0.05137210489730256
2012-07-31,EMR,0.0025917872846444915
2012-07-31,GD,0.025941667669294025
2012-07-31,DIS,0.003018057251787346
2012-07-31,DHR,0.008114575402115885
2012-07-31,COST,0.011458398225454983
2012-07-31,DE,-0.004939430409194026
2012-07-31,CVX,0.019633251633952704
2012-07-31,CVS,0.021307701035332804
2012-07-31,CSCO,0.052398812880115865
2012-07-31,CRM,0.021095918010891446
2012-07-31,DUK,0.005549782073683198
2012-08-31,MO,0.01996117395382841
2012-08-31,MRK,0.016615287385196586
2012-08-31,MS,-0.07665880348526735
2012-08-31,NKE,0.03810105209513083
2012-08-31,NEE,0.01680163339018016
2012-08-31,NFLX,0.07538867014627731
2012-08-31,MMM,0.009930026623267656
2012-08-31,MSFT,0.020731386411327178
2012-08-31,MET,-0.03949104909880356
2012-08-31,LMT,0.013146218054903236
2012-08-31,MDLZ,0.009353627938871815
2012-08-31,MCD,0.017941980361685962
2012-08-31,LOW,0.019034239050005543
2012-08-31,LLY,0.012809668861153064
2012-08-31,LIN,0.025689529957638027
2012-08-31,KO,0.027397627137207448
2012-08-31,JPM,0.013743297258940607
2012-08-31,JNJ,0.013286359144652673
2012-08-31,MDT,0.0013079512456051733
2012-08-31,NVDA,0.04401037102064277
2012-08-31,INTC,0.023082703539812517
2012-08-31,PEP,0.012434766969704539
2012-08-31,WMT,0.0009285497753250528
2012-08-31,WFC,0.019480200579946844
2012-08-31,VZ,0.008581140854677313
2012-08-31,USB,0.01321433061113232
2012-08-31,UPS,0.028019114423661815
2012-08-31,UNP,0.018520202963936448
2012-08-31,UNH,0.034471975279215465
2012-08-31,TXN,0.030188601894296608
2012-08-31,TMO,0.016561683403581415
2012-08-31,TGT,0.012809668861153064
2012-08-31,T,0.0042947104198344
2012-08-31,SPG,0.008614392077831998
2012-08-31,SO,0.03008070391727441
2012-08-31,SCHW,-0.0015003831478185212
2012-08-31,SBUX,0.0067268173633954894
2012-08-31,RTX,0.018349151121307496
2012-08-31,QCOM,0.03394946396987601
2012-08-31,PG,0.009353627938871815
2012-08-31,PFE,0.01083459482463472
2012-08-31,ORCL,0.009165037641702005
2012-08-31,XOM,0.01689052217196943
2012-08-31,IBM,0.02444542663626748
2012-08-31,HD,-0.009470497809773222
2012-08-31,CAT,0.017305667006552134
2012-08-31,C,0.003177888072447891
2012-08-31,BRK-B,0.018712366928705426
2012-08-31,BMY,0.02678753726194804
2012-08-31,BLK,0.004343277900284237
2012-08-31,BKNG,0.015471872357772564
2012-08-31,BAC,0.0036078225007681246
2012-08-31,BA,0.02200286147979206
2012-08-31,CL,0.009789431151625505
2012-08-31,AXP,0.022189440283671105
2012-08-31,AMT,0.02123536194657075
2012-08-31,AMGN,-0.011282787875616093
2012-08-31,AMD,0.08570871253448079
2012-08-31,AIG,-0.06049487533305091
2012-08-31,ADBE,0.03398397791628482
2012-08-31,ACN,0.033338525446603144
2012-08-31,ABT,0.005433010207058659
2012-08-31,AAPL,0.013361718954119936
2012-08-31,AMZN,-0.0015003831478185212
2012-08-31,CMCSA,0.017780400595949094
2012-08-31,HON,0.036147619318536016
2012-08-31,COP,0.016318729018996243
2012-08-31,COF,0.019930665126181708
2012-08-31,GS,0.0025218217582727988
2012-08-31,GOOGL,0.0018761379900774863
2012-08-31,GOOG,0.0018761379900774863
2012-08-31,GILD,0.0034943162249965183
2012-08-31,GE,0.01823466306106539
2012-08-31,FDX,0.0058104689239619235
2012-08-31,F,0.008467393248517528
2012-08-31,EMR,0.018609537919307164
2012-08-31,GD,0.0216191158743843
2012-08-31,DIS,0.016263983818418554
2012-08-31,DHR,0.006310654718937578
2012-08-31,COST,0.007804650883975344
2012-08-31,DE,0.017132733560951366
2012-08-31,CVX,-0.0007156085646209467
2012-08-31,CVS,0.021085259173316474
2012-08-31,CSCO,0.014716821387918117
2012-08-31,CRM,0.006988839582061303
2012-08-31,DUK,0.027145987209476294
2012-09-28,MO,0.0250762400983095
2012-09-28,MRK,0.012097091118399942
2012-09-28,MS,-0.03584511327630555
2012-09-28,NKE,0.038578050718934415
2012-09-28,NEE,0.004767258868049782
2012-09-28,NFLX,-0.053077438589680635
2012-09-28,MMM,0.013682995796271143
2012-09-28,MSFT,0.03729306944937585
2012-09-28,MET,0.011430443094462301
2012-09-28,JPM,0.013070381213947333
2012-09-28,MDLZ,0.013704885016986863
2012-09-28,MCD,0.026616905098719525
2012-09-28,LOW,0.021139559469526552
2012-09-28,LMT,0.004767258868049782
2012-09-28,LLY,0.01316957152113151
2012-09-28,LIN,0.03108292767557109
2012-09-28,KO,0.017491553425061104
2012-09-28,NVDA,0.002757299504343143
2012-09-28,MDT,0.011020626200690107
2012-09-28,ORCL,0.015246852108273144
2012-09-28,XOM,0.01704905811321282
2012-09-28,PFE,0.0056172849833903415
2012-09-28,JNJ,0.011217783447816595
2012-09-28,WMT,0.00935286442703256
2012-09-28,WFC,0.019641710794871384
2012-09-28,VZ,0.010170895773768587
2012-09-28,USB,0.010398600727644407
2012-09-28,UPS,0.03151567243891778
2012-09-28,UNP,0.03679538912357599
2012-09-28,UNH,0.026402703495365217
2012-09-28,PEP,0.01243293784450795
2012-09-28,TXN,0.04471653056622914
2012-09-28,TGT,0.012610515393539573
2012-09-28,SPG,0.02772933063498432
2012-09-28,SO,0.01285087696692788
2012-09-28,SCHW,-0.0010270292053361496
2012-09-28,SBUX,0.022885360341710043
2012-09-28,RTX,0.02984596953304343
2012-09-28,QCOM,0.029237769712617667
2012-09-28,PG,0.00869735840086573
2012-09-28,TMO,0.014202993059900772
2012-09-28,INTC,0.04056417755348312
2012-09-28,T,0.011766628477557604
2012-09-28,HON,0.019240248732880084
2012-09-28,CAT,0.029140780430633846
2012-09-28,C,8.873706873343146e-05
2012-09-28,BRK-B,0.017601547296233828
2012-09-28,BMY,0.024839471067227864
2012-09-28,BLK,-0.025154520319135298
2012-09-28,BKNG,0.01049666528729774
2012-09-28,BAC,0.02121433360779807
2012-09-28,BA,0.03613772957330491
2012-09-28,CL,0.009538221157267879
2012-09-28,AXP,0.011398202361472707
2012-09-28,AMT,0.01589092504292801
2012-09-28,AMGN,0.010061540888056879
2012-09-28,AMD,0.059966435027188535
2012-09-28,AIG,-0.02261833318589377
2012-09-28,ADBE,0.045149526568327165
2012-09-28,ACN,0.019621995517708796
2012-09-28,ABT,0.008932360273287226
2012-09-28,IBM,0.014274226539552065
2012-09-28,AMZN,-0.012883622117187073
2012-09-28,CMCSA,0.013067250986692163
2012-09-28,AAPL,0.028969298120073584
2012-09-28,COP,0.01748542351052757
2012-09-28,COF,0.007157965622609539
2012-09-28,GS,-0.011626802831532527
2012-09-28,GOOGL,0.009764497012727722
2012-09-28,GOOG,0.009764497012727722
2012-09-28,GILD,0.002086831679230342
2012-09-28,GE,0.010353161696731597
2012-09-28,FDX,0.030823578032862464
2012-09-28,F,0.008208697859939626
2012-09-28,EMR,0.0344242125096193
2012-09-28,GD,0.019246204089782483
2012-09-28,COST,0.014286800963272832
2012-09-28,DUK,0.013271381120673212
2012-09-28,CRM,0.019659337571698132
2012-09-28,CSCO,0.016711964174343546
2012-09-28,CVS,0.014477835399662168
2012-09-28,HD,0.010061540888056879
2012-09-28,DE,0.02611079368953364
2012-09-28,DHR,0.016302319810493793
2012-09-28,DIS,0.016784370994646063
2012-09-28,CVX,0.015988445619471065
2012-10-31,MO,0.03181821461306597
2012-10-31,NKE,0.035195661013818214
2012-10-31,NFLX,-0.12494156642807135
2012-10-31,NEE,0.008517594109626863
2012-10-31,MSFT,0.020665612371535576
2012-10-31,MS,0.002746498907468494
2012-10-31,MRK,0.010936897748104578
2012-10-31,NVDA,0.03460620496782936
2012-10-31,MMM,0.029635616979947918
2012-10-31,JPM,-0.01944209908771129
2012-10-31,MDT,0.013048847668245567
2012-10-31,MDLZ,0.03629585828432627
2012-10-31,MCD,0.023735340534242262
2012-10-31,LOW,0.02252601842073666
2012-10-31,LMT,0.00613929453784545
2012-10-31,LLY,0.023865191612382628
2012-10-31,LIN,0.01586955879223677
2012-10-31,KO,0.015004514226541449
2012-10-31,MET,0.008859834737369074
2012-10-31,ORCL,0.0020861461594466942
2012-10-31,T,0.02196166398060274
2012-10-31,PFE,0.02043212877428702
2012-10-31,JNJ,0.007149117452440029
2012-10-31,XOM,0.020432155749782067
2012-10-31,WMT,0.009106630520928236
2012-10-31,WFC,0.01988649466458271
2012-10-31,VZ,0.008570159600897458
2012-10-31,USB,0.01601418727888198
2012-10-31,UPS,0.017929128457481798
2012-10-31,UNP,0.016889697518095572
2012-10-31,PEP,0.012910837638692664
2012-10-31,UNH,0.016889697518095572
2012-10-31,TMO,0.012483017044043367
2012-10-31,TGT,0.01281584771885912
2012-10-31,SPG,0.018568428944151026
2012-10-31,SO,0.007149117452440029
2012-10-31,SCHW,0.009385793185984079
2012-10-31,SBUX,0.032847465970870675
2012-10-31,QCOM,0.018215688456662087
2012-10-31,PG,0.009010126770832889
2012-10-31,TXN,0.027457841197923105
2012-10-31,INTC,0.04410124529436555
2012-10-31,RTX,0.01586955879223677
2012-10-31,HON,0.013489706002553102
2012-10-31,CAT,0.013042027810562311
2012-10-31,C,0.002821162540485109
2012-10-31,IBM,0.02551267572806536
2012-10-31,BRK-B,0.020902434718019107
2012-10-31,BMY,0.02896331083277615
2012-10-31,BLK,0.002004732098707442
2012-10-31,BKNG,0.03558672727645482
2012-10-31,BAC,0.009852173695602841
2012-10-31,CL,0.012027763813064135
2012-10-31,BA,0.02549532807236679
2012-10-31,AMZN,0.0135901960902718
2012-10-31,AMT,0.012805852568967985
2012-10-31,AMGN,0.01229265386822735
2012-10-31,AMD,-0.06402317666014312
2012-10-31,AIG,0.029914335879036837
2012-10-31,ADBE,0.017138880891168277
2012-10-31,ACN,0.015138826222958281
2012-10-31,ABT,0.033341523112760264
2012-10-31,AXP,0.023331488176490247
2012-10-31,CMCSA,0.012805852568967985
2012-10-31,AAPL,0.03464611140371958
2012-10-31,COP,0.009429782857049417
2012-10-31,HD,0.014597986599507255
2012-10-31,GS,0.004875995661667316
2012-10-31,GOOGL,0.01598744670619203
2012-10-31,GOOG,0.01598744670619203
2012-10-31,GILD,0.015253134155021055
2012-10-31,COF,0.0048922721258319556
2012-10-31,GD,0.010059485711478978
2012-10-31,FDX,0.014261386254695809
2012-10-31,F,0.022502543587126493
2012-10-31,GE,0.01794802433105163
2012-10-31,DUK,0.011118814009151129
2012-10-31,EMR,0.008716364293232201
2012-10-31,CRM,-0.004450248732891231
2012-10-31,CSCO,0.05118096811346471
2012-10-31,CVS,0.015236736393620302
2012-10-31,COST,0.009032232912099241
2012-10-31,DE,0.016634736366593062
2012-10-31,DHR,0.041268091813763876
2012-10-31,DIS,0.026010434786460524
2012-10-31,CVX,0.025604129732471805
2012-11-30,MRK,0.007163428477115563
2012-11-30,MS,0.0005457632804980002
2012-11-30,MSFT,0.029356794940255563
2012-11-30,NVDA,0.035061544733517455
2012-11-30,NFLX,-0.012512895871112697
2012-11-30,NKE,0.01874345587692069
2012-11-30,NEE,-0.006325383117179851
2012-11-30,MO,0.008108702725300057
2012-11-30,KO,-0.002740983177570799
2012-11-30,MET,0.00962369154395604
2012-11-30,MDT,0.01635420565706122
2012-11-30,MDLZ,0.011317977867378693
2012-11-30,MCD,-0.005757570029777694
2012-11-30,LOW,0.018124766249894127
2012-11-30,LMT,-0.005142315895049118
2012-11-30,LLY,0.00444584817376346
2012-11-30,LIN,0.010641672376679382
2012-11-30,ORCL,0.009549726990738623
2012-11-30,MMM,0.009438239538089943
2012-11-30,PEP,0.001561986553209448
2012-11-30,TGT,0.001393379506696169
2012-11-30,PG,-0.0037268554402546668
2012-11-30,JPM,0.01426438364300405
2012-11-30,XOM,0.013750902740532653
2012-11-30,WMT,0.007410665133011755
2012-11-30,WFC,0.009459434390996117
2012-11-30,VZ,0.002566773687422701
2012-11-30,USB,0.019439943397334444
2012-11-30,UPS,0.013601001846624694
2012-11-30,UNP,0.015271414829909053
2012-11-30,PFE,-0.015440026884926086
2012-11-30,UNH,0.015682785966806275
2012-11-30,TMO,0.0018801233689147768
2012-11-30,T,-0.0019960689185520367
2012-11-30,SPG,0.010538427294738362
2012-11-30,SO,0.0029841018804872667
2012-11-30,SCHW,0.009788047846853764
2012-11-30,SBUX,0.028760808465882248
2012-11-30,RTX,0.014898610295973025
2012-11-30,QCOM,0.019961268311903927
2012-11-30,TXN,0.026618625434937985
2012-11-30,JNJ,-0.00030149208992411556
2012-11-30,INTC,0.03478123787145502
2012-11-30,AAPL,0.031020884813957934
2012-11-30,CL,-0.0037591642959540253
2012-11-30,CAT,0.028054340821950123
2012-11-30,C,9.059509080599554e-05
2012-11-30,BRK-B,-0.0027028654598586317
2012-11-30,BMY,0.014708301277622536
2012-11-30,BLK,0.004043371012039777
2012-11-30,BKNG,0.022975331288259175
2012-11-30,BA,0.015984695440002073
2012-11-30,CMCSA,0.014179739418221293
2012-11-30,AXP,0.018085979537183477
2012-11-30,AMT,0.0128713064992077
2012-11-30,AMGN,0.003881632693302699
2012-11-30,AMD,0.13438733635529712
2012-11-30,AIG,0.01441661565932332
2012-11-30,ADBE,0.0012214275940109814
2012-11-30,ACN,0.012859958996857528
2012-11-30,ABT,0.0017444143690165538
2012-11-30,IBM,0.02894706022828871
2012-11-30,AMZN,0.015214018156377084
2012-11-30,COF,0.021834647798601226
2012-11-30,BAC,0.00605966839024403
2012-11-30,COST,0.016266092723773027
2012-11-30,COP,0.010641672376679382
2012-11-30,HD,0.011938966296517568
2012-11-30,GS,0.01921050050731562
2012-11-30,GOOGL,0.020316845764281444
2012-11-30,GOOG,0.020316845764281444
2012-11-30,GILD,0.005856676315613497
2012-11-30,GE,0.014723019483419003
2012-11-30,GD,0.024482418881347747
2012-11-30,FDX,0.01746686283366554
2012-11-30,F,0.024749942867053756
2012-11-30,HON,0.00898247173858672
2012-11-30,CRM,0.022043551013445017
2012-11-30,DUK,2.9518991803102954e-05
2012-11-30,DIS,0.01426609899282201
2012-11-30,DHR,0.017103316932881203
2012-11-30,DE,0.013873404482638723
2012-11-30,CVX,0.021957179177495862
2012-11-30,CVS,0.009903354586504758
2012-11-30,CSCO,0.019961268311903927
2012-11-30,EMR,0.015000267312472993
2012-12-31,NFLX,0.059985108891520554
2012-12-31,NEE,-0.0011677767640868289
2012-12-31,MSFT,0.03223245150876818
2012-12-31,MS,0.01067573999091212
2012-12-31,MRK,0.029533109023518418
2012-12-31,MO,0.026995104054074737
2012-12-31,MMM,5.707824300628844e-05
2012-12-31,MET,0.015609258568559947
2012-12-31,JNJ,-0.0010238421528322142
2012-12-31,MDLZ,0.012893409416167621
2012-12-31,MCD,0.0021620072588640236
2012-12-31,LOW,0.018482592657341375
2012-12-31,LMT,0.013512906657721235
2012-12-31,LLY,0.009469169043676137
2012-12-31,LIN,0.009147790405283433
2012-12-31,KO,0.02078648769910107
2012-12-31,JPM,0.0088756721003575
2012-12-31,NKE,0.024004375120781664
2012-12-31,MDT,0.024635448067130045
2012-12-31,NVDA,0.02444508688923701
2012-12-31,T,0.006694784491126014
2012-12-31,PEP,0.013141812855795342
2012-12-31,INTC,0.030608642704332483
2012-12-31,WMT,0.024237538922233747
2012-12-31,WFC,0.01327550100795407
2012-12-31,VZ,0.01963280536989592
2012-12-31,USB,0.02385473838358613
2012-12-31,UPS,-0.001994722237129716
2012-12-31,UNP,0.017764982986839747
2012-12-31,UNH,0.024099727757288716
2012-12-31,TXN,0.022110383438762284
2012-12-31,TMO,0.010900408120328933
2012-12-31,TGT,0.017319820790844626
2012-12-31,SPG,0.005539587456360476
2012-12-31,SO,0.017625747320549143
2012-12-31,SCHW,0.015156861985280538
2012-12-31,SBUX,0.031550068708686214
2012-12-31,RTX,0.01609362463568556
2012-12-31,QCOM,0.024985437238293707
2012-12-31,PG,0.007231508213336934
2012-12-31,PFE,-0.001115785339584348
2012-12-31,ORCL,0.011006492629724751
2012-12-31,XOM,0.010165980355742253
2012-12-31,IBM,0.025100326559656026
2012-12-31,HD,0.021184354430016487
2012-12-31,CAT,0.01926341367439785
2012-12-31,C,0.003254357255093089
2012-12-31,BRK-B,-0.0035077484279988874
2012-12-31,BMY,0.011830979369268585
2012-12-31,BLK,0.00485627824196294
2012-12-31,BKNG,0.0032987891015858854
2012-12-31,BAC,-0.0049783769791373845
2012-12-31,AXP,0.018108524677356092
2012-12-31,CL,0.015817038234605407
2012-12-31,AMZN,0.02426605552268331
2012-12-31,AMGN,0.011392751479278256
2012-12-31,AMD,0.1743670176444428
2012-12-31,AIG,0.016187184070739973
2012-12-31,ADBE,0.01325485544053273
2012-12-31,ACN,0.012764203622563147
2012-12-31,ABT,0.00774583233127457
2012-12-31,AAPL,0.034201101855318966
2012-12-31,HON,0.00718920156769441
2012-12-31,AMT,0.009774774054672164
2012-12-31,CMCSA,0.00996431873938635
2012-12-31,BA,0.011604391256240047
2012-12-31,COP,0.009147790405283433
2012-12-31,COF,0.02341818766374148
2012-12-31,GOOGL,0.024985437238293707
2012-12-31,GOOG,0.024985437238293707
2012-12-31,GILD,0.020200622036061787
2012-12-31,GE,0.019397008324081103
2012-12-31,GD,0.017800881867288957
2012-12-31,FDX,0.01848938186006647
2012-12-31,F,0.018683823093469717
2012-12-31,EMR,0.01543205966110828
2012-12-31,GS,0.018103371882162204
2012-12-31,DIS,0.01497779898736653
2012-12-31,DUK,-0.0027439248564781046
2012-12-31,CRM,0.032580574920568706
2012-12-31,CSCO,0.01626233329563493
2012-12-31,CVS,0.009157813579516883
2012-12-31,COST,0.014045528249280214
2012-12-31,DE,0.012523834327430268
2012-12-31,DHR,0.01832649521004346
2012-12-31,CVX,0.019821871465114372
2013-01-31,NKE,0.023898067590780663
2013-01-31,NFLX,-0.044245186473766004
2013-01-31,NEE,0.008878178047186278
2013-01-31,MSFT,0.03720829637636884
2013-01-31,MS,0.008517011762928047
2013-01-31,MRK,0.026519524842203636
2013-01-31,MO,0.016290464909166174
2013-01-31,MMM,0.004651007317404456
2013-01-31,JPM,0.020987535638733113
2013-01-31,MDT,0.013130762405131604
2013-01-31,MDLZ,0.009197863512900365
2013-01-31,MCD,0.007262004160205352
2013-01-31,LOW,0.020491596606276277
2013-01-31,LMT,0.032614476215353745
2013-01-31,LLY,0.0171034788265221
2013-01-31,LIN,0.019161400733648002
2013-01-31,KO,0.014869913636262284
2013-01-31,NVDA,0.028983574020823143
2013-01-31,MET,0.024849462343086045
2013-01-31,ORCL,0.01827608621702054
2013-01-31,TGT,0.020841702982691307
2013-01-31,PFE,0.0035980697385596533
2013-01-31,JNJ,0.004651007317404456
2013-01-31,XOM,0.01566089194312192
2013-01-31,WMT,0.01612353583971773
2013-01-31,WFC,0.024401146962813224
2013-01-31,VZ,0.016290464909166174
2013-01-31,USB,0.02900739986806952
2013-01-31,UPS,0.01801408126621492
2013-01-31,UNP,0.016301544920385165
2013-01-31,UNH,0.027822413927237156
2013-01-31,TXN,0.021996436400811094
2013-01-31,TMO,0.008551918657391147
2013-01-31,T,0.011064923561223558
2013-01-31,SPG,0.020051147911693476
2013-01-31,SO,0.010710334742178243
2013-01-31,SCHW,0.020213346590477334
2013-01-31,SBUX,0.017974487966045515
2013-01-31,RTX,0.0224132412816197
2013-01-31,QCOM,0.021704021952942833
2013-01-31,PG,0.004657325755266771
2013-01-31,PEP,0.006543496510822924
2013-01-31,INTC,0.03861749367614987
2013-01-31,IBM,0.0114909044970501
2013-01-31,HON,0.011328862572337289
2013-01-31,CL,0.02128215924745353
2013-01-31,CAT,0.023694669045149115
2013-01-31,C,0.020223320457550577
2013-01-31,BRK-B,0.004657325755266771
2013-01-31,BMY,0.01245348294181095
2013-01-31,BLK,0.01746565514280066
2013-01-31,BKNG,-0.0009613527196026188
2013-01-31,BA,0.02958965221584069
2013-01-31,CMCSA,0.01950018122744751
2013-01-31,AXP,0.0270295690130082
2013-01-31,AMT,0.018914831051210373
2013-01-31,AMGN,0.023063355318635168
2013-01-31,AMD,0.09751585804759669
2013-01-31,AIG,0.0093600526976189
2013-01-31,ADBE,0.017772527654785025
2013-01-31,ACN,0.022384067186009004
2013-01-31,ABT,0.0020588643283421327
2013-01-31,AAPL,0.03368311679215928
2013-01-31,AMZN,0.02970340555335812
2013-01-31,COF,0.03630113619468863
2013-01-31,BAC,0.017609240183134277
2013-01-31,COST,0.01986419525768136
2013-01-31,COP,0.03294589147947053
2013-01-31,GS,0.02711551074588368
2013-01-31,GOOGL,0.01843300817810805
2013-01-31,GOOG,0.01843300817810805
2013-01-31,GILD,0.028977120407781175
2013-01-31,GE,0.023879295532958627
2013-01-31,GD,0.035557801633497234
2013-01-31,FDX,0.01331821791640244
2013-01-31,F,0.02877260620752213
2013-01-31,HD,0.019471850870553756
2013-01-31,DUK,0.004657325755266771
2013-01-31,EMR,0.009379432785664827
2013-01-31,CSCO,0.0208055210252481
2013-01-31,CVS,0.012646834677248453
2013-01-31,CVX,0.015478146641881907
2013-01-31,CRM,0.036547388592207485
2013-01-31,DHR,0.018547354522436464
2013-01-31,DIS,0.0172164713151955
2013-01-31,DE,0.009165030572171502
2013-02-28,MMM,0.010352940067218127
2013-02-28,NKE,0.022697007979475634
2013-02-28,NFLX,0.1345687168919964
2013-02-28,NEE,0.005902987110451311
2013-02-28,MSFT,0.0257411984108613
2013-02-28,MS,0.01931784539378067
2013-02-28,MRK,0.02541094898996321
2013-02-28,MO,0.021035897211954046
2013-02-28,MET,0.002489156169313289
2013-02-28,LOW,0.021296757950865285
2013-02-28,MDLZ,0.018751382946427617
2013-02-28,MCD,0.012506648839203126
2013-02-28,NVDA,0.011980558547627577
2013-02-28,LMT,0.02248235852427944
2013-02-28,LLY,0.014397235609515844
2013-02-28,LIN,0.01016200150578514
2013-02-28,KO,0.013984076273128004
2013-02-28,JPM,0.008042650058760568
2013-02-28,MDT,0.009716205036881304
2013-02-28,ORCL,0.02223060015640116
2013-02-28,JNJ,0.010185991779982433
2013-02-28,PFE,0.003843580725294896
2013-02-28,XOM,0.013541647581769518
2013-02-28,WMT,0.016544208087888777
2013-02-28,WFC,0.012046749960157315
2013-02-28,VZ,0.010185991779982433
2013-02-28,USB,0.014245345538086878
2013-02-28,UPS,0.010525073154679557
2013-02-28,UNP,0.01493170038527313
2013-02-28,UNH,0.03533679012904706
2013-02-28,TXN,0.018669584639662836
2013-02-28,TMO,0.017580364039468274
2013-02-28,TGT,0.015954909707426534
2013-02-28,T,0.012273128292838291
2013-02-28,SPG,0.017323970754774643
2013-02-28,SO,0.013541647581769518
2013-02-28,SCHW,0.017209960027040484
2013-02-28,SBUX,0.0032268422691990213
2013-02-28,RTX,0.010373074185412825
2013-02-28,QCOM,0.022830161233418272
2013-02-28,PG,0.010525073154679557
2013-02-28,PEP,0.010352940067218127
2013-02-28,INTC,0.028075783483171093
2013-02-28,AAPL,0.055156735276885305
2013-02-28,HON,0.009220397256626385
2013-02-28,CL,0.010118279839139203
2013-02-28,CAT,-0.015260911063889347
2013-02-28,C,0.02963959753783347
2013-02-28,BRK-B,0.010118279839139203
2013-02-28,BMY,0.011388084930740216
2013-02-28,BLK,0.017147362775388638
2013-02-28,BKNG,-0.0008646300409242264
2013-02-28,BAC,0.01788170276758926
2013-02-28,CMCSA,0.01980557829683487
2013-02-28,BA,0.01951753146384704
2013-02-28,AMZN,0.026170032350699132
2013-02-28,AMT,0.014810120512646881
2013-02-28,AMGN,0.011685302668758666
2013-02-28,AMD,0.013046155586536032
2013-02-28,AIG,0.020352104193958397
2013-02-28,ADBE,0.020964966528778346
2013-02-28,ACN,0.02021210374968056
2013-02-28,ABT,0.010633880353386698
2013-02-28,AXP,0.01372872998719991
2013-02-28,COF,0.03946973461935323
2013-02-28,IBM,0.016338054923247466
2013-02-28,COST,0.0050019028646620285
2013-02-28,HD,0.014391697241734475
2013-02-28,GS,0.022597741161701
2013-02-28,GOOGL,0.016785528459142177
2013-02-28,GOOG,0.016785528459142177
2013-02-28,GILD,-0.008719331981145936
2013-02-28,COP,0.035466277591036044
2013-02-28,GD,0.03178443961636229
2013-02-28,FDX,0.010373074185412825
2013-02-28,F,0.027995471779047657
2013-02-28,GE,0.019164245046504845
2013-02-28,DUK,0.013541647581769518
2013-02-28,DIS,0.005605676877738137
2013-02-28,DHR,0.01565662205442314
2013-02-28,DE,0.02034093337111843
2013-02-28,CVX,0.012986733866106574
2013-02-28,CVS,0.01338233376202622
2013-02-28,CSCO,0.015199595429264391
2013-02-28,CRM,0.00122162853923952
2013-02-28,EMR,0.011573850355690014
2013-03-28,NFLX,0.15854539217890104
2013-03-28,NEE,0.009740423405033345
2013-03-28,MSFT,0.01573230160741411
2013-03-28,MS,0.0379118793311223
2013-03-28,MRK,0.02538550722090861
2013-03-28,MO,0.01686616149966553
2013-03-28,MMM,0.011328739947073438
2013-03-28,MET,0.029785322425890114
2013-03-28,JPM,0.01673205651731128
2013-03-28,MDLZ,0.022867530386429833
2013-03-28,MCD,0.010664683035642589
2013-03-28,MA,0.021472948466330254
2013-03-28,LOW,0.020487787311895614
2013-03-28,LMT,0.019788284565437478
2013-03-28,LLY,-0.00983970504492868
2013-03-28,LIN,0.015530956806646724
2013-03-28,KO,0.016439104597561354
2013-03-28,NKE,0.023092606574766323
2013-03-28,MDT,0.013014737987317641
2013-03-28,NVDA,5.0081837369564093e-05
2013-03-28,T,0.014841555856488437
2013-03-28,PEP,0.023008249374986817
2013-03-28,JNJ,0.023662765732374295
2013-03-28,WMT,0.014335885062771751
2013-03-28,WFC,0.01639923680674532
2013-03-28,VZ,0.007831948190566122
2013-03-28,USB,0.01622678799954578
2013-03-28,UPS,0.01455550732662648
2013-03-28,UNP,0.0131752236769455
2013-03-28,UNH,0.022890747335982453
2013-03-28,TXN,0.020970465220290845
2013-03-28,TMO,0.017069880663150443
2013-03-28,TGT,0.01970247035979458
2013-03-28,SPG,0.021136531515142783
2013-03-28,SO,0.024355574916157828
2013-03-28,SCHW,0.020565546331675
2013-03-28,SBUX,0.0072668048436583975
2013-03-28,RTX,0.01369953767533908
2013-03-28,QCOM,0.01853487106930737
2013-03-28,PG,0.01259672091492371
2013-03-28,PFE,-0.004758001327391333
2013-03-28,ORCL,0.03254785848195067
2013-03-28,XOM,0.013484493839380537
2013-03-28,INTC,0.01945201158175653
2013-03-28,HON,0.01336583783347922
2013-03-28,CAT,0.007348769903699244
2013-03-28,C,0.016017673648152896
2013-03-28,BRK-B,0.012143140259574475
2013-03-28,BMY,0.012915199423025938
2013-03-28,BLK,0.022064968338992148
2013-03-28,BKNG,0.008775406564648185
2013-03-28,BAC,0.02439455932903514
2013-03-28,AXP,0.013653327740771479
2013-03-28,CL,0.013862698142842944
2013-03-28,AMZN,0.024839062335471496
2013-03-28,AMGN,0.0058623090148735854
2013-03-28,AMD,-0.011182792868906138
2013-03-28,AIG,0.0033948446375054973
2013-03-28,ADBE,0.015328972337818507
2013-03-28,ACN,0.021038598329224348
2013-03-28,ABT,0.020381926435295905
2013-03-28,AAPL,0.0583170935733595
2013-03-28,IBM,0.0139446028829675
2013-03-28,AMT,0.023692827774711083
2013-03-28,CMCSA,0.0179282225441282
2013-03-28,BA,0.018938509708701503
2013-03-28,COP,0.027129742707134783
2013-03-28,COF,0.030882003770939498
2013-03-28,GS,0.02996761690606543
2013-03-28,GOOGL,0.022985206181999784
2013-03-28,GOOG,0.022985206181999784
2013-03-28,GILD,0.006595087961293454
2013-03-28,GE,0.021464309549731463
2013-03-28,GD,0.02487235306170648
2013-03-28,FDX,0.030616625752656498
2013-03-28,F,0.020377357038956306
2013-03-28,EMR,0.021914965634930516
2013-03-28,HD,0.019776985240928052
2013-03-28,COST,0.012061062263515379
2013-03-28,DIS,0.009703129861362033
2013-03-28,DHR,0.013143523776057443
2013-03-28,DE,0.03593506000995087
2013-03-28,CVX,0.01749821525527242
2013-03-28,CVS,0.0138168334896303
2013-03-28,CSCO,0.017221381643663897
2013-03-28,CRM,0.019695918731558057
2013-03-28,DUK,0.011328739947073438
2013-04-30,NFLX,-0.061379329701106336
2013-04-30,NEE,0.014395733783382011
2013-04-30,MSFT,0.018370894918105975
2013-04-30,MS,0.012016383502716419
2013-04-30,MRK,0.02837821768032025
2013-04-30,MO,0.014499763282403056
2013-04-30,MMM,0.017178614930193476
2013-04-30,MET,0.02425761177019085
2013-04-30,JPM,0.018531364189965923
2013-04-30,MDLZ,0.020898312698986024
2013-04-30,MCD,0.014798472751682246
2013-04-30,MA,0.01961521483392509
2013-04-30,LOW,0.01826555567051377
2013-04-30,LMT,0.014129396110466536
2013-04-30,LLY,0.004985092301410849
2013-04-30,LIN,0.01540923960494204
2013-04-30,KO,0.021679745561364715
2013-04-30,NKE,0.021251706073237633
2013-04-30,MDT,0.017652043537789847
2013-04-30,NVDA,0.00555435024472198
2013-04-30,T,0.019571045539156652
2013-04-30,PEP,0.017539542551689883
2013-04-30,JNJ,0.025997659739386298
2013-04-30,WMT,0.011616391599503506
2013-04-30,WFC,0.014258102107451633
2013-04-30,VZ,0.006136044254017683
2013-04-30,USB,0.022098956467102387
2013-04-30,UPS,0.014499763282403056
2013-04-30,UNP,0.017560858580102718
2013-04-30,UNH,0.0232020736203872
2013-04-30,TXN,0.019482495493871745
2013-04-30,TMO,0.017998070568128393
2013-04-30,TGT,0.016057092716945984
2013-04-30,SPG,0.014624005434099821
2013-04-30,SO,0.017376887605574126
2013-04-30,SCHW,0.016291491392730742
2013-04-30,SBUX,0.01857861205294419
2013-04-30,RTX,0.017676324299552907
2013-04-30,QCOM,0.03871262001549367
2013-04-30,PG,0.02837821768032025
2013-04-30,PFE,0.023439034996616703
2013-04-30,ORCL,0.026395054643813625
2013-04-30,XOM,0.017928675131017306
2013-04-30,IBM,0.014442116105864098
2013-04-30,HON,0.015573016260564782
2013-04-30,CAT,0.014359650751913056
2013-04-30,C,0.010214233991099574
2013-04-30,BRK-B,0.01652040889135966
2013-04-30,BMY,0.021005211417216643
2013-04-30,BLK,0.01742978007525718
2013-04-30,BKNG,0.005369660030076338
2013-04-30,BAC,0.03195880425710377
2013-04-30,AXP,0.020004374040786855
2013-04-30,CL,0.014421617737007715
2013-04-30,AMZN,0.02848968747831973
2013-04-30,AMGN,0.02666074003690643
2013-04-30,AMD,0.0477727064813635
2013-04-30,AIG,0.017047947566127482
2013-04-30,ADBE,0.013457300362756651
2013-04-30,ACN,0.020443842601518096
2013-04-30,ABT,0.021332202088820484
2013-04-30,AAPL,0.018223835298421268
2013-04-30,INTC,0.017345640698285526
2013-04-30,AMT,0.02518632771060794
2013-04-30,CMCSA,0.02494625588508373
2013-04-30,BA,0.02027248184734408
2013-04-30,COP,0.01706387748365412
2013-04-30,COF,0.022550691986066462
2013-04-30,GS,0.019844778980764404
2013-04-30,GOOGL,0.016594726312868138
2013-04-30,GOOG,0.016594726312868138
2013-04-30,GILD,0.02541009519354599
2013-04-30,GE,0.025326725563391213
2013-04-30,GD,0.021251706073237633
2013-04-30,FDX,0.029234879164890492
2013-04-30,F,0.02205744385283729
2013-04-30,EMR,0.023701498264364986
2013-04-30,HD,0.021434270302505474
2013-04-30,COST,0.008626359024498495
2013-04-30,DIS,0.019613969921813978
2013-04-30,DHR,0.0170101502857674
2013-04-30,DE,0.019771155365504518
2013-04-30,CVX,0.014129396110466536
2013-04-30,CVS,0.018639568755056315
2013-04-30,CSCO,0.018556818611525742
2013-04-30,CRM,0.027055788120775345
2013-04-30,DUK,0.016343163613966323
2013-05-31,NFLX,0.09930296387529011
2013-05-31,NEE,0.02183985911503909
2013-05-31,MSFT,0.021579218909221636
2013-05-31,MS,0.010455294022212807
2013-05-31,MRK,0.026904494547023997
2013-05-31,MO,0.021816738835000238
2013-05-31,MMM,0.016367157944848235
2013-05-31,MET,0.021129426017318174
2013-05-31,JPM,0.021004761113720287
2013-05-31,MDLZ,0.038395816586551494
2013-05-31,MCD,0.02435161140631941
2013-05-31,MA,0.024967032690991764
2013-05-31,LOW,0.02277929504209295
2013-05-31,LMT,0.012964949566045752
2013-05-31,LLY,0.029089361982292516
2013-05-31,LIN,0.02118296287761244
2013-05-31,KO,0.03721372362806382
2013-05-31,NKE,0.029690358769047583
2013-05-31,MDT,0.02563646911510342
2013-05-31,NVDA,0.013387858923172924
2013-05-31,T,0.031286639905702074
2013-05-31,PEP,0.02030822040885397
2013-05-31,JNJ,0.0007728040998540211
2013-05-31,WMT,0.023812777680101517
2013-05-31,WFC,0.01671243544306855
2013-05-31,VZ,0.03235357349278463
2013-05-31,USB,0.017780749633091918
2013-05-31,UPS,0.017780749633091918
2013-05-31,UNP,0.025058835229082827
2013-05-31,UNH,0.025630563416717895
2013-05-31,TXN,0.01650840330151757
2013-05-31,TMO,0.020522288389383383
2013-05-31,TGT,0.01981575562673348
2013-05-31,SPG,0.02603747217809636
2013-05-31,SO,0.030080340469780916
2013-05-31,SCHW,0.0018582053548808833
2013-05-31,SBUX,0.0016603819151551772
2013-05-31,RTX,0.01759520352086671
2013-05-31,QCOM,0.03374957300432389
2013-05-31,PG,0.028855196326915807
2013-05-31,PFE,0.03772700484405952
2013-05-31,ORCL,0.02887545021568569
2013-05-31,XOM,0.028158193072594723
2013-05-31,INTC,0.02852246177910572
2013-05-31,HON,0.024967032690991764
2013-05-31,CAT,0.035119120747547306
2013-05-31,C,0.024951744862967543
2013-05-31,BRK-B,0.0021853665348597474
2013-05-31,BMY,0.009629686925698816
2013-05-31,BLK,0.02652912399626809
2013-05-31,BKNG,0.010341978508200672
2013-05-31,BAC,0.017567119210400252
2013-05-31,AXP,0.019062586909561682
2013-05-31,CL,0.030804900728660548
2013-05-31,AMZN,0.03224684605205993
2013-05-31,AMGN,0.027305782199550658
2013-05-31,AMD,0.006312558675528216
2013-05-31,AIG,0.02901921816259226
2013-05-31,ADBE,0.033719829233769455
2013-05-31,ACN,0.02516868693334184
2013-05-31,ABT,0.029355569433047315
2013-05-31,AAPL,0.02606110315964543
2013-05-31,IBM,0.019502094598876737
2013-05-31,AMT,0.0334150362697932
2013-05-31,CMCSA,0.031867131668715104
2013-05-31,BA,0.02020292931565826
2013-05-31,COP,0.022223157546879393
2013-05-31,COF,0.023281141335300366
2013-05-31,GS,0.019613252831497435
2013-05-31,GOOGL,0.024591081796264243
2013-05-31,GOOG,0.024591081796264243
2013-05-31,GILD,0.025993922849687656
2013-05-31,GE,0.02751757744840534
2013-05-31,GD,0.02611735193725954
2013-05-31,FDX,0.03280618274860938
2013-05-31,F,0.012363365233033786
2013-05-31,EMR,0.02616492637426932
2013-05-31,HD,-0.0014286131257723134
2013-05-31,COST,0.00658256396614284
2013-05-31,DIS,0.0304189235359727
2013-05-31,DHR,0.022384118216254707
2013-05-31,DE,0.02893234168140629
2013-05-31,CVX,0.021277905108782344
2013-05-31,CVS,0.033065747732972134
2013-05-31,CSCO,0.021129426017318174
2013-05-31,CRM,0.025278245114156196
2013-05-31,DUK,0.02435161140631941
2013-06-28,MO,0.031060002558979685
2013-06-28,MRK,0.026359077208967838
2013-06-28,MS,0.02708328998596131
2013-06-28,NKE,0.01295532607622416
2013-06-28,NEE,0.016801282568145736
2013-06-28,NFLX,0.031243617856156685
2013-06-28,MMM,0.00843733083019103
2013-06-28,MSFT,0.019327210798425008
2013-06-28,MET,0.008569901232263059
2013-06-28,LOW,0.025002842980404928
2013-06-28,MDLZ,0.026161455664324953
2013-06-28,MCD,0.016813629489496586
2013-06-28,MA,0.021249098958296207
2013-06-28,LMT,-0.006847504857444443
2013-06-28,LLY,0.02982895517067508
2013-06-28,LIN,0.02140457045214284
2013-06-28,KO,0.02891319277311512
2013-06-28,JPM,0.027411137600258886
2013-06-28,MDT,0.02856247003039039
2013-06-28,NVDA,0.03296482570675299
2013-06-28,JNJ,0.006477496963854811
2013-06-28,PEP,0.014496132744707835
2013-06-28,WMT,0.024723967080969293
2013-06-28,WFC,0.021673134380275457
2013-06-28,VZ,0.024289521289975417
2013-06-28,USB,0.011957203310419884
2013-06-28,UPS,0.015688258362126496
2013-06-28,UNP,0.029519424992198888
2013-06-28,UNH,0.021424436517483714
2013-06-28,TXN,0.022526236680890994
2013-06-28,TMO,0.027411137600258886
2013-06-28,TGT,0.01760465891248055
2013-06-28,T,0.02862678901903398
2013-06-28,SPG,0.033324177148865604
2013-06-28,SO,0.019710351722913716
2013-06-28,SCHW,-0.003095332577465093
2013-06-28,SBUX,0.01785260403765403
2013-06-28,RTX,0.016597037883997964
2013-06-28,QCOM,0.0373006007893806
2013-06-28,PG,0.02463846953860605
2013-06-28,PFE,0.020869096870871184
2013-06-28,ORCL,0.034160308075656426
2013-06-28,INTC,0.026360675757605506
2013-06-28,XOM,0.01811044114177692
2013-06-28,HON,0.022225374083526275
2013-06-28,CAT,0.03537013436710404
2013-06-28,C,0.03134366800687083
2013-06-28,BRK-B,0.014232623448453332
2013-06-28,BMY,0.026571387196868555
2013-06-28,BLK,0.00747010015514692
2013-06-28,BKNG,0.013263192702866812
2013-06-28,BAC,0.01861241862486372
2013-06-28,BA,0.015595277118947957
2013-06-28,CL,0.030846288778349197
2013-06-28,AXP,0.027009744926497128
2013-06-28,AMT,0.029420321232834487
2013-06-28,AMGN,0.01276389861248926
2013-06-28,AMD,0.022891423907928875
2013-06-28,AIG,0.004893884019203826
2013-06-28,ADBE,0.021144890164839898
2013-06-28,ACN,0.0018034699138146254
2013-06-28,ABT,0.03529855629005201
2013-06-28,AAPL,0.029716525767362462
2013-06-28,AMZN,0.0313305920555576
2013-06-28,CMCSA,0.01809626689768141
2013-06-28,IBM,0.027894255866394674
2013-06-28,COP,0.025095379524485796
2013-06-28,HD,0.016894442526022988
2013-06-28,GS,0.02499158967165766
2013-06-28,GOOGL,0.021424504288856693
2013-06-28,GOOG,0.021424504288856693
2013-06-28,GILD,0.025740258163298155
2013-06-28,GE,0.030379008915718392
2013-06-28,GD,0.015686368775533758
2013-06-28,FDX,0.02635267373802863
2013-06-28,F,0.020305911374489432
2013-06-28,COF,0.02319194475004738
2013-06-28,DUK,0.019710351722913716
2013-06-28,DIS,0.029419790327547806
2013-06-28,DHR,0.02267707963767235
2013-06-28,DE,0.038561234166373796
2013-06-28,CVX,0.018246177498057348
2013-06-28,CVS,0.03499405943531089
2013-06-28,CSCO,0.00734301735090605
2013-06-28,CRM,0.035221492308830905
2013-06-28,COST,0.01316121715768429
2013-06-28,EMR,0.02670016474942183
2013-07-31,NFLX,0.18208674211251016
2013-07-31,NEE,0.018577434536179833
2013-07-31,MSFT,0.03150920117409986
2013-07-31,MS,0.02048318191248289
2013-07-31,MRK,0.0234267401504182
2013-07-31,MO,0.0280164157907232
2013-07-31,MMM,0.01162190447605712
2013-07-31,MET,0.01833468183807491
2013-07-31,JPM,0.01841918032789948
2013-07-31,MDLZ,0.014859420355751676
2013-07-31,MCD,0.019716622516216326
2013-07-31,MA,0.014199391803082374
2013-07-31,LOW,0.02289353287525813
2013-07-31,LMT,0.01025285153718649
2013-07-31,LLY,0.026581972906915705
2013-07-31,LIN,0.013046032930692602
2013-07-31,KO,0.0313566810931602
2013-07-31,NKE,0.017026585007598603
2013-07-31,MDT,0.013769801385531348
2013-07-31,NVDA,0.020642479812903455
2013-07-31,T,0.028816307335998242
2013-07-31,PEP,0.020569919710160922
2013-07-31,JNJ,0.0091847410380684
2013-07-31,WMT,0.014665277064213783
2013-07-31,WFC,0.018742752744357286
2013-07-31,VZ,0.028922958634638028
2013-07-31,USB,0.014711933297401383
2013-07-31,UPS,0.022569151096414556
2013-07-31,UNP,0.02196549451118194
2013-07-31,UNH,0.015409081428257743
2013-07-31,TXN,0.012669474890323825
2013-07-31,TMO,0.016441170554518846
2013-07-31,TGT,0.02104766310801491
2013-07-31,SPG,0.029742490356388925
2013-07-31,SO,0.03130805783414967
2013-07-31,SCHW,0.026737317569760746
2013-07-31,SBUX,0.02289353287525813
2013-07-31,RTX,0.014109338420106643
2013-07-31,QCOM,0.02403363418670175
2013-07-31,PG,0.019384048453420285
2013-07-31,PFE,0.02327365111481344
2013-07-31,ORCL,0.032415507919160945
2013-07-31,XOM,0.014665277064213783
2013-07-31,INTC,0.02882978990822347
2013-07-31,HON,0.015794467392099568
2013-07-31,CAT,0.0341301257061209
2013-07-31,C,0.014998126111857562
2013-07-31,BRK-B,0.006969503257815317
2013-07-31,BMY,0.021564827714848214
2013-07-31,BLK,0.015156074282262419
2013-07-31,BKNG,0.009473745695724008
2013-07-31,BAC,0.008255760909187754
2013-07-31,AXP,0.0269339279055598
2013-07-31,CL,0.02106667904163361
2013-07-31,AMZN,0.023873207325194712
2013-07-31,AMGN,0.023600363661507123
2013-07-31,AMD,0.06540016401066757
2013-07-31,AIG,0.023103554253180374
2013-07-31,ADBE,0.021997213938487466
2013-07-31,ACN,0.028617650597770668
2013-07-31,ABT,0.021198624615091612
2013-07-31,AAPL,-0.0007499663355531813
2013-07-31,IBM,0.03254318061722162
2013-07-31,AMT,0.03317570910970953
2013-07-31,CMCSA,0.009928238410357363
2013-07-31,BA,0.01770496509568618
2013-07-31,COP,0.013373872358722288
2013-07-31,COF,0.018158048557216887
2013-07-31,GS,0.02589083178115778
2013-07-31,GOOGL,0.019654901489307822
2013-07-31,GOOG,0.019654901489307822
2013-07-31,GILD,0.005444904213549351
2013-07-31,GE,0.023300477872388654
2013-07-31,GD,0.010730808303732325
2013-07-31,FDX,0.021501330909701598
2013-07-31,F,0.026287530192928937
2013-07-31,EMR,0.01839365476937929
2013-07-31,HD,0.01956544381646691
2013-07-31,COST,0.012462876945732941
2013-07-31,DIS,0.022921839812667284
2013-07-31,DHR,0.018437276804636176
2013-07-31,DE,0.02962395122017471
2013-07-31,CVX,0.016567172392277514
2013-07-31,CVS,0.013199427309401478
2013-07-31,CSCO,0.022542908432153713
2013-07-31,CRM,0.014843602004333442
2013-07-31,DUK,0.016567172392277514
2013-08-30,NFLX,0.1320723816485961
2013-08-30,NEE,0.024528796867278328
2013-08-30,MSFT,0.023536674076570754
2013-08-30,MS,0.0558223762760125
2013-08-30,MRK,0.02705896229327377
2013-08-30,MO,0.02580505854184762
2013-08-30,MMM,0.014635206111469947
2013-08-30,MET,0.03141946844654444
2013-08-30,JPM,0.028029117071541057
2013-08-30,MDLZ,0.031291931281361034
2013-08-30,MCD,0.02310208210708397
2013-08-30,MA,0.029734429282833715
2013-08-30,LOW,0.024521949223092757
2013-08-30,LMT,0.005438708566364694
2013-08-30,LLY,0.028113614510782998
2013-08-30,LIN,0.014855068365043278
2013-08-30,KO,0.023673356340553404
2013-08-30,NKE,0.024047598735122227
2013-08-30,MDT,0.014127593877225297
2013-08-30,NVDA,0.01902715673920147
2013-08-30,T,0.0228310835156023
2013-08-30,PEP,0.019210732916110904
2013-08-30,JNJ,0.005771825343245972
2013-08-30,WMT,0.020680359965749996
2013-08-30,WFC,0.026214252365488785
2013-08-30,VZ,0.03186302066314497
2013-08-30,USB,0.019049272248049386
2013-08-30,UPS,0.02523101482590712
2013-08-30,UNP,0.025417512730658877
2013-08-30,UNH,0.023021775004008396
2013-08-30,TXN,0.023539394017754435
2013-08-30,TMO,0.017129816998122584
2013-08-30,TGT,0.024814815846776077
2013-08-30,SPG,0.029767343428143613
2013-08-30,SO,0.027405391512432795
2013-08-30,SCHW,0.031039909673122625
2013-08-30,SBUX,0.02791559740016811
2013-08-30,RTX,0.02268246779879679
2013-08-30,QCOM,0.02340792751759842
2013-08-30,PG,0.01882940999447605
2013-08-30,PFE,0.01923709906890398
2013-08-30,ORCL,0.03344134195303568
2013-08-30,XOM,0.024443058061858206
2013-08-30,INTC,0.028010678934508773
2013-08-30,HON,0.023253841652515404
2013-08-30,CAT,0.027456379421145805
2013-08-30,C,0.010287198481903721
2013-08-30,BRK-B,0.0090193997685249
2013-08-30,BMY,0.0276447876936381
2013-08-30,BLK,0.024334857158406175
2013-08-30,BKNG,0.014477996929818139
2013-08-30,BAC,0.016671559152817667
2013-08-30,AXP,0.026388215569200017
2013-08-30,CL,0.022493583976486292
2013-08-30,AMZN,0.029869197729079162
2013-08-30,AMGN,0.02829803566830134
2013-08-30,AMD,-0.0028383166286583706
2013-08-30,AIG,0.024981053712658068
2013-08-30,ADBE,0.02498304793382736
2013-08-30,ACN,0.025485849759876753
2013-08-30,ABT,0.03024333271338611
2013-08-30,AAPL,0.036144416835199394
2013-08-30,IBM,0.029774617876612425
2013-08-30,AMT,0.03266458309918789
2013-08-30,CMCSA,0.029742224983371764
2013-08-30,BA,0.019511669020123742
2013-08-30,COP,0.01311359308178251
2013-08-30,COF,0.023708799900788058
2013-08-30,GS,0.029780877865738173
2013-08-30,GOOGL,0.016557421184758794
2013-08-30,GOOG,0.016557421184758794
2013-08-30,GILD,0.03948020531927449
2013-08-30,GE,0.02950950452459295
2013-08-30,GD,0.007028553970973331
2013-08-30,FDX,0.03130998017828725
2013-08-30,F,0.02853411259292682
2013-08-30,EMR,0.023249198765203205
2013-08-30,HD,0.02647784399991047
2013-08-30,COST,0.01860872263222134
2013-08-30,DIS,0.029030763195274124
2013-08-30,DHR,0.02813570465822584
2013-08-30,DE,0.02751332119348208
2013-08-30,CVX,0.01841091181122395
2013-08-30,CVS,0.01875557060915606
2013-08-30,CSCO,0.029613130448451416
2013-08-30,CRM,0.0038287639319697555
2013-08-30,DUK,0.023263542775145488
2013-09-30,MO,0.017923737372913223
2013-09-30,MRK,0.020755373870918793
2013-09-30,MS,0.013965225102754634
2013-09-30,NKE,0.008607751372424035
2013-09-30,NEE,0.022549464084278263
2013-09-30,NFLX,0.1597018722754336
2013-09-30,MMM,0.007392641481345853
2013-09-30,MSFT,0.011441883681860122
2013-09-30,MET,0.027793800381912124
2013-09-30,LOW,0.02162208524235738
2013-09-30,MDLZ,0.027102052208924657
2013-09-30,MCD,0.017923737372913223
2013-09-30,MA,0.016603238633459836
2013-09-30,LMT,-0.009460722501103759
2013-09-30,LLY,0.02841810156671562
2013-09-30,LIN,0.010105194296805049
2013-09-30,KO,0.017923737372913223
2013-09-30,JPM,0.024679895860167163
2013-09-30,MDT,0.016085743631987386
2013-09-30,NVDA,0.006067406316267787
2013-09-30,XOM,0.018883449968718824
2013-09-30,PEP,0.017923737372913223
2013-09-30,WMT,0.017923737372913223
2013-09-30,WFC,0.023232421695127077
2013-09-30,VZ,0.031931707440289704
2013-09-30,USB,0.01211691520185678
2013-09-30,UPS,0.011482541535000577
2013-09-30,UNP,0.02089252704700014
2013-09-30,UNH,0.022527930786634745
2013-09-30,TXN,-0.00456437609495298
2013-09-30,TMO,-0.0017612730450686797
2013-09-30,TGT,0.017923737372913223
2013-09-30,T,0.017923737372913223
2013-09-30,SPG,0.026829043741273748
2013-09-30,SO,0.017923737372913223
2013-09-30,SCHW,0.02585195024673208
2013-09-30,SBUX,0.016096868101215082
2013-09-30,RTX,0.011062854735733676
2013-09-30,QCOM,0.026171868478935413
2013-09-30,PG,0.019967469513931663
2013-09-30,PFE,0.015250560980329541
2013-09-30,ORCL,0.019285534542387402
2013-09-30,JNJ,0.016726003781129078
2013-09-30,INTC,0.026984765802049324
2013-09-30,HON,0.0020388308840770812
2013-09-30,CAT,0.026800579654457528
2013-09-30,C,0.027322870310359113
2013-09-30,BRK-B,0.015634371606013817
2013-09-30,BMY,0.017016838759674413
2013-09-30,BLK,0.018648612482423235
2013-09-30,BKNG,0.006557669029159734
2013-09-30,BAC,0.026678589353650032
2013-09-30,BA,0.008076025478280496
2013-09-30,CL,0.0160440537259523
2013-09-30,AXP,0.017854029199420886
2013-09-30,AMT,0.024621350357827133
2013-09-30,AMGN,0.033766157755038356
2013-09-30,AMD,0.07110178146395718
2013-09-30,AIG,0.01895277014329631
2013-09-30,ADBE,0.010264228579552262
2013-09-30,ACN,0.026980569572456117
2013-09-30,ABT,0.024655927354473646
2013-09-30,AAPL,0.02487072811431645
2013-09-30,AMZN,0.022885517173168363
2013-09-30,CMCSA,0.012021163062359537
2013-09-30,IBM,0.03845563870537185
2013-09-30,COP,0.010105194296805049
2013-09-30,COF,0.008452637690547686
2013-09-30,GS,0.025909338223644253
2013-09-30,GOOGL,0.02094451257720623
2013-09-30,GOOG,0.02094451257720623
2013-09-30,GILD,0.01806991018404608
2013-09-30,GE,0.018048806129552095
2013-09-30,GD,0.012600449707809588
2013-09-30,FDX,0.016096868101215082
2013-09-30,F,0.02539425661471946
2013-09-30,HD,0.02456712724723366
2013-09-30,DUK,0.015846904855114634
2013-09-30,EMR,0.012258727773980842
2013-09-30,CRM,0.01635151646924245
2013-09-30,CSCO,0.0267932743671863
2013-09-30,CVS,0.018911922518532367
2013-09-30,COST,0.015483585218449997
2013-09-30,DE,0.02962508342586342
2013-09-30,DHR,0.014206059985026467
2013-09-30,DIS,0.022432940345798815
2013-09-30,CVX,0.017923737372913223
2013-10-31,MMM,-0.00528513935916476
2013-10-31,NFLX,0.07341932840085508
2013-10-31,NEE,0.016463572872202254
2013-10-31,MSFT,0.015776559260023852
2013-10-31,MS,0.014612117174860398
2013-10-31,MRK,0.02650077601996769
2013-10-31,MO,0.00867729243351082
2013-10-31,NKE,0.011399276478661673
2013-10-31,MA,0.011617658810782604
2013-10-31,MDLZ,0.018380615785830726
2013-10-31,MCD,0.011500115662187475
2013-10-31,LOW,0.02583141204754279
2013-10-31,LMT,0.01233160953367186
2013-10-31,LLY,0.027222159026925725
2013-10-31,LIN,0.009939155132649877
2013-10-31,KO,0.010498478887294821
2013-10-31,NVDA,0.012512798093156818
2013-10-31,MET,0.031253804177583694
2013-10-31,ORCL,0.015193502382184868
2013-10-31,T,0.00867729243351082
2013-10-31,PFE,0.01142521540834771
2013-10-31,XOM,0.008937518357757223
2013-10-31,WMT,0.010498478887294821
2013-10-31,WFC,0.014947768659672515
2013-10-31,VZ,0.019892000119913697
2013-10-31,USB,0.014968052400831764
2013-10-31,UPS,0.007087405223089794
2013-10-31,UNP,0.0262359653899837
2013-10-31,UNH,0.029890960154530865
2013-10-31,TXN,-0.0052180068258242595
2013-10-31,TMO,-0.0006635224805004084
2013-10-31,TGT,0.021851451044999946
2013-10-31,JPM,0.02820579946312912
2013-10-31,SPG,0.027388179366452554
2013-10-31,SO,0.02071299707598882
2013-10-31,SCHW,0.01789068630370567
2013-10-31,SBUX,0.009122430709240105
2013-10-31,RTX,0.01488174539892163
2013-10-31,QCOM,0.017659068971858892
2013-10-31,PG,0.01070245477046882
2013-10-31,PEP,0.010498478887294821
2013-10-31,JNJ,0.008908591676873794
2013-10-31,MDT,0.010647664139487019
2013-10-31,INTC,0.017679850404753426
2013-10-31,CL,0.008937518357757223
2013-10-31,CAT,0.028195736443663216
2013-10-31,C,0.026507582643673682
2013-10-31,BRK-B,0.01743794715195918
2013-10-31,BMY,0.014229470608556272
2013-10-31,BLK,0.020553227796143877
2013-10-31,BKNG,0.02265241501219379
2013-10-31,BA,0.009622796170986202
2013-10-31,AXP,0.01684402968622195
2013-10-31,AMZN,0.01894352109995562
2013-10-31,AMT,0.02314504885302356
2013-10-31,AMGN,0.030857693061664016
2013-10-31,AMD,0.0051505869314503305
2013-10-31,AIG,0.01639432589226059
2013-10-31,ADBE,0.013417050978578697
2013-10-31,ACN,0.02751764116762727
2013-10-31,ABT,0.02610881169377229
2013-10-31,AAPL,0.018796788461864014
2013-10-31,IBM,0.03444626275847578
2013-10-31,CMCSA,0.015115576726052085
2013-10-31,COF,0.023294067107654297
2013-10-31,BAC,0.02237048112570289
2013-10-31,COST,0.01126395392857655
2013-10-31,COP,0.0073476311473361965
2013-10-31,HD,0.020168287303524407
2013-10-31,GS,0.026111138137241956
2013-10-31,GOOGL,-0.0002490987711907728
2013-10-31,GOOG,-0.0002490987711907728
2013-10-31,GILD,0.008992455235708761
2013-10-31,GE,0.016786032693075218
2013-10-31,GD,0.01792599135242909
2013-10-31,FDX,0.013036914878306367
2013-10-31,F,0.025212525871288558
2013-10-31,HON,0.0129326288418385
2013-10-31,DUK,0.010498478887294821
2013-10-31,EMR,0.00044161619631258114
2013-10-31,CSCO,0.031162756172658273
2013-10-31,CVS,0.009562694189328279
2013-10-31,CVX,0.017121230583403497
2013-10-31,CRM,0.02757701117243834
2013-10-31,DHR,0.011427221558903548
2013-10-31,DIS,0.0169613239482593
2013-10-31,DE,0.024902911402610514
2013-11-29,KO,0.013887590346350872
2013-11-29,MO,0.01829721178813033
2013-11-29,MRK,0.012661564808343769
2013-11-29,NKE,0.013982418989980783
2013-11-29,MSFT,0.017090315153134535
2013-11-29,NEE,0.014356950549679396
2013-11-29,NFLX,0.027125730553701356
2013-11-29,MS,0.021877647370890686
2013-11-29,MMM,0.00019082341893953095
2013-11-29,MCD,0.01787730964172725
2013-11-29,XOM,0.012366132997178425
2013-11-29,MDLZ,0.024558995659452652
2013-11-29,MA,0.012262997362649337
2013-11-29,LOW,0.03455709800836171
2013-11-29,LMT,0.011713340353473158
2013-11-29,LLY,0.027234994320352004
2013-11-29,LIN,0.012826016431571526
2013-11-29,NVDA,0.02346657100691724
2013-11-29,MET,0.021559602933301367
2013-11-29,ORCL,0.005079086099402152
2013-11-29,T,0.020436000116466846
2013-11-29,PFE,0.012369504203789591
2013-11-29,JPM,0.02064879544665112
2013-11-29,WMT,0.009722228903830852
2013-11-29,WFC,0.005900821634650318
2013-11-29,VZ,0.026077385599676168
2013-11-29,USB,0.010023697707957711
2013-11-29,UPS,-0.0014776979413442509
2013-11-29,UNP,0.014879175758986425
2013-11-29,UNH,0.01857853145970378
2013-11-29,PEP,0.01829721178813033
2013-11-29,TXN,0.009189157267455138
2013-11-29,TGT,0.027102186995418845
2013-11-29,SPG,0.031466169488018544
2013-11-29,SO,0.02342880920332098
2013-11-29,SCHW,0.023076511572920597
2013-11-29,SBUX,0.016742218863622375
2013-11-29,RTX,0.00222989563897996
2013-11-29,QCOM,0.01568431323382349
2013-11-29,PG,0.013512596741506486
2013-11-29,TMO,0.011686494833320963
2013-11-29,JNJ,0.005420904994785332
2013-11-29,MDT,0.004805184388858202
2013-11-29,INTC,0.024558995659452652
2013-11-29,CL,0.011958002784824565
2013-11-29,CAT,0.02179301877852047
2013-11-29,C,0.022997474258247278
2013-11-29,BRK-B,0.01743463674084005
2013-11-29,BMY,0.02910472242957856
2013-11-29,BLK,0.02559403778068004
2013-11-29,BKNG,0.012650276931693768
2013-11-29,BAC,0.015004994404462286
2013-11-29,BA,0.01802339893115958
2013-11-29,AXP,0.013919826485378603
2013-11-29,AMZN,0.0208612384528097
2013-11-29,AMT,0.0301496341138228
2013-11-29,AMGN,0.027534512388792655
2013-11-29,AMD,0.012675342549909617
2013-11-29,AIG,0.028306616658485818
2013-11-29,ADBE,0.01802339893115958
2013-11-29,ACN,0.020745576578505762
2013-11-29,ABT,0.02226158903922457
2013-11-29,AAPL,0.007365584194747213
2013-11-29,CMCSA,0.016437984683883765
2013-11-29,COF,0.018223066211779892
2013-11-29,IBM,0.028473512030428305
2013-11-29,COST,0.010023697707957711
2013-11-29,HON,0.015170588830711944
2013-11-29,HD,0.015055045015436043
2013-11-29,GS,0.018784183159213784
2013-11-29,GOOGL,0.01122426237742729
2013-11-29,GOOG,0.01122426237742729
2013-11-29,COP,0.0058876903670570776
2013-11-29,GE,0.02094380058651146
2013-11-29,GD,0.011028022749435793
2013-11-29,FDX,0.01605631590898742
2013-11-29,GILD,0.011001281610226598
2013-11-29,EMR,0.014045671930656822
2013-11-29,F,0.01933898797909319
2013-11-29,CSCO,0.03371299476223357
2013-11-29,CVS,0.0034971599062806843
2013-11-29,CVX,0.01468569611744362
2013-11-29,CRM,0.02970032023930097
2013-11-29,DHR,0.014062570191593713
2013-11-29,DIS,0.01796750885489418
2013-11-29,DUK,0.020436000116466846
2013-11-29,DE,0.019039876599002616
2013-12-31,MRK,0.014698296792476095
2013-12-31,MS,0.01831926092714326
2013-12-31,MSFT,0.02352773463004469
2013-12-31,NVDA,0.021686643624018086
2013-12-31,NFLX,0.05711958166412861
2013-12-31,NKE,0.012080393362501815
2013-12-31,MO,0.010121344870450416
2013-12-31,NEE,0.015490765903434832
2013-12-31,MMM,0.00442064703140569
2013-12-31,MA,0.013621313994189508
2013-12-31,MDT,0.0043378392994973605
2013-12-31,MDLZ,0.01639022690737002
2013-12-31,MCD,0.01657415053831773
2013-12-31,LOW,0.023517168175764745
2013-12-31,LMT,0.011248208120806081
2013-12-31,LLY,0.02383999021422792
2013-12-31,LIN,0.009512484888057414
2013-12-31,KO,0.011166514917710589
2013-12-31,MET,0.018724422315670453
2013-12-31,ORCL,0.017284512742716106
2013-12-31,JPM,0.01977566584106606
2013-12-31,PFE,0.0232416706603819
2013-12-31,XOM,0.009512484888057414
2013-12-31,WMT,0.012777261249407628
2013-12-31,WFC,0.003672605663217897
2013-12-31,VZ,0.02565849737976744
2013-12-31,USB,0.009512484888057414
2013-12-31,UPS,0.003011182807486642
2013-12-31,UNP,0.013829174186986678
2013-12-31,UNH,0.019967908279436612
2013-12-31,TXN,0.013059700034778228
2013-12-31,TMO,0.013621313994189508
2013-12-31,TGT,0.019750811365434388
2013-12-31,T,0.01351842312385269
2013-12-31,SPG,0.02829601789075222
2013-12-31,SO,0.01657415053831773
2013-12-31,SCHW,0.015351211644423978
2013-12-31,SBUX,0.023746381180587747
2013-12-31,RTX,0.0026263737391209
2013-12-31,QCOM,0.01708905595160772
2013-12-31,PG,0.023109433096254278
2013-12-31,PEP,0.01657415053831773
2013-12-31,JNJ,0.016664324660431315
2013-12-31,INTC,0.017030618683687417
2013-12-31,IBM,0.02125925856795941
2013-12-31,CL,0.012777261249407628
2013-12-31,CAT,0.017365765324848514
2013-12-31,C,0.0177178470615678
2013-12-31,BRK-B,0.012777261249407628
2013-12-31,BMY,0.02048129329813035
2013-12-31,BLK,0.022258513668757262
2013-12-31,BKNG,0.03528476564375182
2013-12-31,BAC,0.019353757145084444
2013-12-31,CMCSA,0.014755849648237352
2013-12-31,BA,0.019189943009607555
2013-12-31,AMZN,0.0109556982777912
2013-12-31,AMT,0.020925000421571138
2013-12-31,AMGN,0.03008816048643234
2013-12-31,AMD,0.02606001732710561
2013-12-31,AIG,0.024815234255323688
2013-12-31,ADBE,0.015593915019877969
2013-12-31,ACN,0.017841687687480713
2013-12-31,ABT,0.023711801401855085
2013-12-31,AXP,0.013621313994189508
2013-12-31,COF,0.01422221706802855
2013-12-31,AAPL,-0.00044923223126656166
2013-12-31,COST,0.01885695587876295
2013-12-31,HON,0.015044983115153556
2013-12-31,HD,0.0164010972061983
2013-12-31,GS,0.01739103338444939
2013-12-31,GOOGL,0.015378338578756796
2013-12-31,GOOG,0.015378338578756796
2013-12-31,COP,0.012777261249407628
2013-12-31,GE,0.01402288720767094
2013-12-31,GD,0.010686663862425318
2013-12-31,FDX,0.015937037238135603
2013-12-31,GILD,0.030581903051067446
2013-12-31,EMR,0.013829174186986678
2013-12-31,F,0.03174356423264151
2013-12-31,CSCO,0.022765264823458
2013-12-31,CVS,0.008713525830276856
2013-12-31,CVX,0.012189871449419217
2013-12-31,CRM,0.021134001072462775
2013-12-31,DHR,0.015403480071355332
2013-12-31,DIS,0.013621313994189508
2013-12-31,DUK,0.019387072328888682
2013-12-31,DE,0.013638272103113316
2014-01-31,NKE,0.025647113052677747
2014-01-31,NFLX,0.024500459677077462
2014-01-31,NEE,0.008351041980165595
2014-01-31,MSFT,0.015315431229121696
2014-01-31,MS,0.03499376245614193
2014-01-31,MRK,0.015887612790892
2014-01-31,MO,0.02184307924207755
2014-01-31,MMM,0.017747183735092414
2014-01-31,KO,0.02184307924207755
2014-01-31,MDT,0.0273443797318779
2014-01-31,MDLZ,0.03056006455954279
2014-01-31,MCD,0.019768601347738547
2014-01-31,MA,0.03513864191239532
2014-01-31,LOW,0.030964999557162056
2014-01-31,LMT,0.014347822113895358
2014-01-31,LLY,0.01521786048387696
2014-01-31,LIN,0.02184307924207755
2014-01-31,NVDA,0.026463914076367803
2014-01-31,MET,0.03237429687392158
2014-01-31,ORCL,0.025011082590429914
2014-01-31,TGT,0.029773819343235673
2014-01-31,PFE,0.027086134405806046
2014-01-31,JPM,0.029332956779318173
2014-01-31,WMT,0.020926867805999533
2014-01-31,WFC,0.013847686684296426
2014-01-31,VZ,0.023017403423202937
2014-01-31,USB,0.017299119987381432
2014-01-31,UPS,0.016370545010735427
2014-01-31,UNP,0.016092528583494334
2014-01-31,UNH,0.024239068337515813
2014-01-31,TXN,0.025870425993982676
2014-01-31,TMUS,0.0566995028180323
2014-01-31,TMO,0.013439489460309423
2014-01-31,T,0.022148496781321147
2014-01-31,SPG,0.019160035153067117
2014-01-31,SO,0.011240644470086691
2014-01-31,SCHW,0.031523814733361466
2014-01-31,SBUX,0.0323810430987711
2014-01-31,RTX,0.005774405901341064
2014-01-31,QCOM,0.01684387986267473
2014-01-31,PG,0.02184307924207755
2014-01-31,PEP,0.02184307924207755
2014-01-31,XOM,0.024844530331858853
2014-01-31,JNJ,0.01981375632858383
2014-01-31,IBM,0.030773965995309235
2014-01-31,CL,0.02084050582661167
2014-01-31,CAT,0.016043467601902936
2014-01-31,C,0.03351432383182141
2014-01-31,BRK-B,0.02084050582661167
2014-01-31,BMY,0.03211475377416227
2014-01-31,BLK,0.030553318334693266
2014-01-31,BKNG,0.03162908246139364
2014-01-31,BAC,0.02196797527302082
2014-01-31,BA,0.04122950302715333
2014-01-31,AXP,0.0272789104434385
2014-01-31,AMZN,0.03783853213348513
2014-01-31,AMT,0.02130602143349975
2014-01-31,AMGN,0.031061387683383075
2014-01-31,AMD,-0.0573732293715317
2014-01-31,AIG,0.030553318334693266
2014-01-31,ADBE,0.03377519507227058
2014-01-31,ACN,0.03036800434124843
2014-01-31,ABT,0.028118112418272792
2014-01-31,AAPL,0.03414613345295557
2014-01-31,CMCSA,0.014599679918740205
2014-01-31,COF,0.024239068337515813
2014-01-31,INTC,0.029750155196116675
2014-01-31,COST,0.02533963214303111
2014-01-31,COP,0.02163473486781214
2014-01-31,HON,0.015297327262530889
2014-01-31,HD,0.02772284880747563
2014-01-31,GS,0.02903829512157748
2014-01-31,GOOGL,0.011126495829198278
2014-01-31,GOOG,0.011126495829198278
2014-01-31,GE,0.030558607844397023
2014-01-31,GD,0.01275829321995903
2014-01-31,FDX,0.02786231891042986
2014-01-31,GILD,0.022214062535693115
2014-01-31,EMR,0.028898101543139522
2014-01-31,DUK,0.009602766531282269
2014-01-31,DIS,0.028798952916511394
2014-01-31,CRM,0.018140528449057534
2014-01-31,DHR,0.026707748286774795
2014-01-31,DE,0.026461190293884464
2014-01-31,CVX,0.02533963214303111
2014-01-31,CVS,0.019578238194741415
2014-01-31,CSCO,0.032086625453996286
2014-01-31,F,0.03494977658215923
2014-02-28,MRK,0.012904977312024292
2014-02-28,MS,0.022142556522353057
2014-02-28,MSFT,0.01692025889325925
2014-02-28,NVDA,0.010811418606720212
2014-02-28,NFLX,0.03108615542528719
2014-02-28,NKE,0.013631174075134301
2014-02-28,MO,0.01353211187649488
2014-02-28,NEE,0.006337743479144208
2014-02-28,MMM,0.00390362006017646
2014-02-28,MA,0.020029292140016402
2014-02-28,MDT,0.011850910411481348
2014-02-28,MDLZ,0.020951990500765582
2014-02-28,MCD,0.018336055116182037
2014-02-28,LOW,0.019310397194200003
2014-02-28,LMT,0.013322495669557474
2014-02-28,LLY,0.013987100936985023
2014-02-28,LIN,0.012120021320878336
2014-02-28,KO,0.022378595459174352
2014-02-28,MET,0.01773317402189
2014-02-28,ORCL,0.013709845885824395
2014-02-28,JPM,0.024938605220125126
2014-02-28,PFE,0.01659578297607263
2014-02-28,WMT,0.011671097483387266
2014-02-28,WFC,0.0026557155023262287
2014-02-28,VZ,0.024431820201077505
2014-02-28,USB,0.014800481707458216
2014-02-28,UPS,0.012810160418606437
2014-02-28,UNP,0.013725433700431569
2014-02-28,UNH,0.01331742815824478
2014-02-28,TXN,0.01485670096918981
2014-02-28,TMUS,0.0642163629911262
2014-02-28,TMO,0.013163661877417797
2014-02-28,TGT,0.012004717458436464
2014-02-28,T,0.022442780464450484
2014-02-28,SPG,0.015680346504240706
2014-02-28,SO,0.015083964590594467
2014-02-28,SCHW,0.021094851413520733
2014-02-28,SBUX,0.030292684702283277
2014-02-28,RTX,0.007960403359273142
2014-02-28,QCOM,0.01637220292250112
2014-02-28,PG,0.01188419935520298
2014-02-28,PEP,0.01006181620661213
2014-02-28,JNJ,0.00792871255995106
2014-02-28,XOM,0.00914660527337889
2014-02-28,IBM,0.01847885329977933
2014-02-28,CL,0.008849457993162467
2014-02-28,CAT,0.013812106001048565
2014-02-28,C,0.028113179663587614
2014-02-28,BRK-B,0.0074081982164642115
2014-02-28,BMY,0.022916911599964666
2014-02-28,BLK,0.028766367532818575
2014-02-28,BKNG,0.008419023924309127
2014-02-28,BAC,0.022071177406887854
2014-02-28,BA,0.026574843089287026
2014-02-28,AXP,0.012697567138875291
2014-02-28,AMZN,0.03353167328711202
2014-02-28,AMT,0.0203013298941818
2014-02-28,AMGN,0.021319951654579537
2014-02-28,AMD,0.022422402338323485
2014-02-28,AIG,0.017521377515090582
2014-02-28,ADBE,0.010774067817425249
2014-02-28,ACN,0.019874451715637415
2014-02-28,ABT,0.014717403443407164
2014-02-28,AAPL,0.02515618006424119
2014-02-28,CMCSA,0.02418449318602749
2014-02-28,COF,0.015688244863610486
2014-02-28,INTC,0.019780815550694948
2014-02-28,COST,0.017743594020111473
2014-02-28,HON,0.011795082561805953
2014-02-28,HD,0.014487570763087584
2014-02-28,GS,0.019780815550694948
2014-02-28,GOOGL,0.015688244863610486
2014-02-28,GOOG,0.015688244863610486
2014-02-28,GE,0.02026919900448858
2014-02-28,GD,0.013061401762193626
2014-02-28,FDX,0.021623679283008564
2014-02-28,F,0.03254647612680101
2014-02-28,GILD,0.029014549141769992
2014-02-28,DUK,0.014297271275027152
2014-02-28,EMR,0.021483979258550702
2014-02-28,CRM,0.025279723476407088
2014-02-28,CSCO,0.024658066948745082
2014-02-28,CVS,0.01140904930881138
2014-02-28,COP,0.01188419935520298
2014-02-28,DE,0.017302087070100648
2014-02-28,DHR,0.019380281816339235
2014-02-28,DIS,0.01263704024462626
2014-02-28,CVX,0.026339574547798075
2014-03-31,KO,0.019074454225177295
2014-03-31,MRK,0.01581335283264566
2014-03-31,MS,0.026748045139614998
2014-03-31,NVDA,0.028699044028719988
2014-03-31,NEE,0.006666970736790839
2014-03-31,NFLX,0.11637029258535272
2014-03-31,NKE,0.03326494143729207
2014-03-31,MSFT,0.017861898048837793
2014-03-31,MO,0.010512277094115374
2014-03-31,MA,0.03413098306369105
2014-03-31,MDT,0.013486929347327056
2014-03-31,MDLZ,0.020891218255628223
2014-03-31,MCD,0.012081304279532376
2014-03-31,LOW,0.02837472661531451
2014-03-31,LMT,0.014966152513587355
2014-03-31,LLY,0.016608823019338574
2014-03-31,LIN,0.008837930505128606
2014-03-31,ORCL,0.01265948402968231
2014-03-31,MMM,0.0173931641586451
2014-03-31,PEP,0.007454177226711141
2014-03-31,TMO,0.021412824528469765
2014-03-31,PG,0.015457597701660358
2014-03-31,JPM,0.013962464607647091
2014-03-31,XOM,0.01674997160688828
2014-03-31,WMT,0.012805979745925025
2014-03-31,WFC,0.0063308406357817
2014-03-31,VZ,0.024363617890831284
2014-03-31,USB,0.006666970736790839
2014-03-31,UPS,0.012914478668399386
2014-03-31,UNP,0.013237547592335277
2014-03-31,UNH,0.01373127235320969
2014-03-31,TXN,0.013237547592335277
2014-03-31,TMUS,0.024816704311723992
2014-03-31,TGT,0.024085613900503518
2014-03-31,T,0.011282964019530021
2014-03-31,SPG,0.01744301698462697
2014-03-31,SO,0.011029358005730296
2014-03-31,SCHW,0.024045933057012362
2014-03-31,SBUX,0.027489783884953135
2014-03-31,RTX,0.012471443267458955
2014-03-31,QCOM,0.015370129811198969
2014-03-31,PFE,0.020799009504173648
2014-03-31,JNJ,0.0069296578409094945
2014-03-31,MET,0.019088166615039676
2014-03-31,IBM,0.014572023019981312
2014-03-31,CMCSA,0.025640812655045378
2014-03-31,CL,0.00872282894419214
2014-03-31,CAT,0.015584868580783433
2014-03-31,C,0.03573229161861154
2014-03-31,BRK-B,0.0069296578409094945
2014-03-31,BMY,0.03441418603380412
2014-03-31,BLK,0.01757464089753243
2014-03-31,BKNG,0.045503007295293496
2014-03-31,BAC,0.016624992803683316
2014-03-31,BA,0.03109831113056031
2014-03-31,AXP,0.027269255308350643
2014-03-31,AMZN,0.03759701642905312
2014-03-31,AMT,0.021275817271847124
2014-03-31,AMGN,0.03369763037329863
2014-03-31,AMD,0.030205344195261805
2014-03-31,AIG,0.020737604825561775
2014-03-31,ADBE,0.02763780883734089
2014-03-31,ACN,0.030628020344221817
2014-03-31,ABT,0.025874873718779
2014-03-31,COF,0.01265948402968231
2014-03-31,COP,0.0069296578409094945
2014-03-31,AAPL,0.025042002322361142
2014-03-31,CRM,0.02756826327640399
2014-03-31,COST,0.02051937576099045
2014-03-31,HON,0.01640723809206801
2014-03-31,HD,0.02360903928911248
2014-03-31,GS,0.0270885181936165
2014-03-31,GOOGL,0.035258049177731066
2014-03-31,GOOG,0.035258049177731066
2014-03-31,GILD,0.04765382160943808
2014-03-31,GE,0.020632624720090302
2014-03-31,GD,0.01581335283264566
2014-03-31,FDX,0.024673928670707064
2014-03-31,INTC,0.014644656312652026
2014-03-31,EMR,0.020632624720090302
2014-03-31,DUK,0.011327871066480899
2014-03-31,DIS,0.02163990456397718
2014-03-31,DHR,0.021428229363094208
2014-03-31,DE,0.012338605664023276
2014-03-31,CVX,0.016758633908862865
2014-03-31,CVS,0.014280694310696833
2014-03-31,CSCO,0.015902813554057073
2014-03-31,F,0.02032986659819793
2014-04-30,MMM,0.006026821179932316
2014-04-30,NKE,0.025406736002429445
2014-04-30,NFLX,0.051788522705961446
2014-04-30,NEE,0.01056530066327585
2014-04-30,MSFT,0.017928268386808128
2014-04-30,MS,0.022946695208958392
2014-04-30,MRK,0.014416153292726063
2014-04-30,MO,0.007903166202252766
2014-04-30,MET,0.017789455885355295
2014-04-30,KO,0.016901557244264228
2014-04-30,MDLZ,0.01795463213322917
2014-04-30,MCD,0.014422407734591023
2014-04-30,MA,0.02670362334975369
2014-04-30,LOW,0.03030417861116882
2014-04-30,LMT,0.015820965720559823
2014-04-30,LLY,0.0196259058479417
2014-04-30,LIN,0.01054956584162996
2014-04-30,NVDA,0.022322027916482124
2014-04-30,MDT,0.023064456035045533
2014-04-30,ORCL,0.015548163873774494
2014-04-30,XOM,0.007903166202252766
2014-04-30,PFE,0.02706286644207531
2014-04-30,JPM,0.02797216300036679
2014-04-30,WMT,0.014118467926194705
2014-04-30,WFC,0.006337534883722087
2014-04-30,VZ,0.026220517071337678
2014-04-30,USB,0.012340869949807659
2014-04-30,UPS,0.011258448569587819
2014-04-30,UNP,0.012739043993871687
2014-04-30,UNH,0.026543824297840024
2014-04-30,TXN,0.029213622321535675
2014-04-30,TMUS,0.019518516670304166
2014-04-30,TMO,0.02977348130647477
2014-04-30,TGT,0.01957926041882395
2014-04-30,SPG,0.014090283543732717
2014-04-30,SO,0.017553430326751766
2014-04-30,SCHW,0.029217290926955936
2014-04-30,SBUX,0.029771794284485613
2014-04-30,RTX,0.011733960223697196
2014-04-30,QCOM,0.019496920752398617
2014-04-30,PG,0.009589651697201584
2014-04-30,PEP,0.010846890009469264
2014-04-30,JNJ,0.009343447741526394
2014-04-30,T,0.017251709168664305
2014-04-30,IBM,0.01665018606122365
2014-04-30,CL,0.008801243240415492
2014-04-30,CAT,0.013786343735336399
2014-04-30,C,0.031069961900449236
2014-04-30,BRK-B,0.009343447741526394
2014-04-30,BMY,0.031648569125554304
2014-04-30,BLK,0.026548982901066713
2014-04-30,BKNG,0.03348468847921232
2014-04-30,BAC,0.03270862054142417
2014-04-30,BA,0.02041436850294593
2014-04-30,AXP,0.026967028351571467
2014-04-30,AMZN,0.03621876150495578
2014-04-30,AMT,0.011469723194113872
2014-04-30,AMGN,0.03480551758732649
2014-04-30,AMD,0.03324077802146149
2014-04-30,AIG,0.01073220183306419
2014-04-30,ADBE,0.028215487650391367
2014-04-30,ACN,0.02008910167933586
2014-04-30,ABT,0.019127967516045813
2014-04-30,INTC,0.015487919924978508
2014-04-30,CMCSA,0.016056283101717108
2014-04-30,COF,0.02620781110360577
2014-04-30,AAPL,0.011975407188728237
2014-04-30,COST,0.01264662047269677
2014-04-30,COP,0.009273679441292001
2014-04-30,HD,0.02170122646486398
2014-04-30,GS,0.025839408880379774
2014-04-30,GOOGL,0.032009479000572216
2014-04-30,GOOG,0.03270862054142417
2014-04-30,GILD,0.005200718697539234
2014-04-30,GD,0.016067169676235015
2014-04-30,FDX,0.0039740950892167845
2014-04-30,F,0.016748044391895606
2014-04-30,GE,0.008801243240415492
2014-04-30,DUK,0.01501521266315404
2014-04-30,CRM,0.041067949420381895
2014-04-30,EMR,0.017505436495910968
2014-04-30,CVS,0.021674246679893927
2014-04-30,CVX,0.01495747681043291
2014-04-30,CSCO,0.01634668497914932
2014-04-30,DHR,0.026543603300943946
2014-04-30,DIS,0.018987079491886705
2014-04-30,DE,0.009877240818906079
2014-04-30,HON,0.02077994667050481
2014-05-30,NVDA,0.014742068460981996
2014-05-30,MO,0.008494289318937314
2014-05-30,MRK,0.014510926522687085
2014-05-30,MS,0.024632153645525366
2014-05-30,NKE,0.017319016275842754
2014-05-30,NEE,0.007370284865667884
2014-05-30,NFLX,-0.03823110077527897
2014-05-30,MMM,0.008610438965950293
2014-05-30,MSFT,0.016329561678911066
2014-05-30,MET,0.02413821134102958
2014-05-30,LOW,0.024080127597737522
2014-05-30,MDLZ,0.011688672137482778
2014-05-30,MCD,0.010110463646383254
2014-05-30,MA,0.023813634955720708
2014-05-30,LMT,0.017775319193221478
2014-05-30,LLY,0.016835320417954887
2014-05-30,LIN,0.011439421628036222
2014-05-30,KO,0.013985205665693768
2014-05-30,JPM,0.023757637257525964
2014-05-30,MDT,0.009826739777500834
2014-05-30,ORCL,0.016781657699879143
2014-05-30,XOM,0.012999538793761535
2014-05-30,PFE,0.024407523094761477
2014-05-30,WMT,0.0113600797715277
2014-05-30,WFC,0.008778141921379845
2014-05-30,VZ,0.01418246667919332
2014-05-30,USB,0.008912266122093074
2014-05-30,UPS,0.005580183455818233
2014-05-30,UNP,0.005378010918983253
2014-05-30,UNH,0.01722074303786596
2014-05-30,TXN,0.013049726017757335
2014-05-30,TMUS,0.01140897291838908
2014-05-30,TMO,0.021855863054983684
2014-05-30,TGT,0.022914982815093726
2014-05-30,T,0.014683012006765776
2014-05-30,SPG,0.015236424345272658
2014-05-30,SO,0.010715587198637196
2014-05-30,SCHW,0.031984692006373744
2014-05-30,SBUX,0.02262775790411068
2014-05-30,RTX,0.01709959871100158
2014-05-30,QCOM,0.01590827429973155
2014-05-30,PG,0.012503118976189338
2014-05-30,PEP,0.009695943440840214
2014-05-30,JNJ,0.010452696350764484
2014-05-30,INTC,0.015507648355434056
2014-05-30,HON,0.016267431097217733
2014-05-30,CAT,0.020149547662322367
2014-05-30,C,0.022247085752602983
2014-05-30,BRK-B,0.011367170006172244
2014-05-30,BMY,0.029216942871234757
2014-05-30,BLK,0.019754131159607842
2014-05-30,BKNG,0.010439056845390704
2014-05-30,BAC,0.0303297891762143
2014-05-30,BA,0.014134768989797781
2014-05-30,CL,0.009976635804316666
2014-05-30,AXP,0.016717022269613687
2014-05-30,AMT,0.013927659932670275
2014-05-30,AMGN,0.033980355424770306
2014-05-30,AMD,0.039783047575475454
2014-05-30,AIG,0.016781657699879143
2014-05-30,ADBE,0.017945800593034095
2014-05-30,ACN,0.016904225005129697
2014-05-30,ABT,0.016673458993343996
2014-05-30,AAPL,0.00994183800077368
2014-05-30,AMZN,0.03724594549126529
2014-05-30,CMCSA,0.018804667441783312
2014-05-30,IBM,0.022914982815093726
2014-05-30,COP,0.005046611757270112
2014-05-30,HD,0.01566697519188621
2014-05-30,GS,0.025656063860627156
2014-05-30,GOOGL,0.018193669319969602
2014-05-30,GOOG,0.020564683191968046
2014-05-30,GILD,0.021840029618203888
2014-05-30,COF,0.014550007100816654
2014-05-30,GD,0.009699416969044895
2014-05-30,FDX,0.004323508164508356
2014-05-30,F,0.020013297016459142
2014-05-30,GE,0.012212414677718695
2014-05-30,DUK,0.011955108793505968
2014-05-30,EMR,0.02012342273717293
2014-05-30,CRM,0.029259778753054425
2014-05-30,CSCO,0.015647766708789253
2014-05-30,CVS,0.004382983197923039
2014-05-30,COST,0.012212414677718695
2014-05-30,DE,0.012475305525591405
2014-05-30,DHR,0.01611439909773914
2014-05-30,DIS,0.011506972966399326
2014-05-30,CVX,0.01566697519188621
2014-06-30,MET,0.019560279959542664
2014-06-30,NFLX,0.04486484149049865
2014-06-30,NEE,0.0056380594697746705
2014-06-30,MSFT,0.018822265214000992
2014-06-30,MS,0.012861204493635012
2014-06-30,MRK,0.01082939380567117
2014-06-30,MO,0.009577636670743007
2014-06-30,MMM,0.013286006503644759
2014-06-30,NKE,0.019622827619068663
2014-06-30,KO,0.007640833228538209
2014-06-30,MDLZ,0.017499458337510983
2014-06-30,MCD,0.014714518639858806
2014-06-30,MA,0.03080161568265445
2014-06-30,LOW,0.020103301808467953
2014-06-30,LMT,0.027117990030789994
2014-06-30,LLY,0.015548576029616607
2014-06-30,LIN,0.012051924131222694
2014-06-30,NVDA,0.018407521806178617
2014-06-30,MDT,0.0133396368560306
2014-06-30,ORCL,0.021042947750397622
2014-06-30,WMT,0.018562315512933514
2014-06-30,PFE,0.022918551476308092
2014-06-30,XOM,0.01698239861134888
2014-06-30,JPM,0.01898179860762292
2014-06-30,WFC,0.007201894435101729
2014-06-30,VZ,0.017758654099245503
2014-06-30,USB,0.0117283161943787
2014-06-30,UPS,0.012678934019802496
2014-06-30,UNP,0.012222083363074385
2014-06-30,UNH,0.017494624923798156
2014-06-30,TXN,0.01725448580986522
2014-06-30,PEP,0.010511725873484222
2014-06-30,TMUS,0.023176911495285047
2014-06-30,TGT,0.02480548335509289
2014-06-30,T,0.013135537716745025
2014-06-30,SPG,0.012757943316860998
2014-06-30,SO,0.009160439425891967
2014-06-30,SCHW,0.031914421848797975
2014-06-30,SBUX,0.020099159405692152
2014-06-30,RTX,0.019666674137199393
2014-06-30,QCOM,0.015904365018867047
2014-06-30,PG,0.019558110537420837
2014-06-30,TMO,0.023547916241815018
2014-06-30,JNJ,0.012192565019467376
2014-06-30,F,0.017563524880381567
2014-06-30,IBM,0.02568200782474023
2014-06-30,CAT,0.012649024977744117
2014-06-30,C,0.026396303612466965
2014-06-30,BRK-B,0.01747537017222155
2014-06-30,BMY,0.03204847247865001
2014-06-30,BLK,0.01564128127076004
2014-06-30,BKNG,0.02987180806563479
2014-06-30,BAC,0.03062944833579191
2014-06-30,INTC,0.012962901518096637
2014-06-30,CL,0.013003780758400857
2014-06-30,AXP,0.016984179443692043
2014-06-30,AMT,0.01692463774066495
2014-06-30,AMGN,0.02639719534448071
2014-06-30,AMD,0.027364690409366402
2014-06-30,AIG,0.019889590791896138
2014-06-30,ADBE,0.013823015352333037
2014-06-30,ACN,0.026679490966593136
2014-06-30,ABT,0.01683470651328652
2014-06-30,AAPL,0.012581931814458195
2014-06-30,AMZN,0.03801475136411155
2014-06-30,CMCSA,0.017335080955802367
2014-06-30,BA,0.026921624021135113
2014-06-30,COP,-0.003990213918982254
2014-06-30,COF,0.01355310392355883
2014-06-30,HON,0.020908227207113366
2014-06-30,HD,0.013725893289177551
2014-06-30,GS,0.018747193188323696
2014-06-30,GOOGL,0.02277565922018013
2014-06-30,GOOG,0.02277565922018013
2014-06-30,GE,0.018712766387683953
2014-06-30,GD,0.02227924128897257
2014-06-30,FDX,0.01053780502675103
2014-06-30,GILD,0.021650389760688324
2014-06-30,DUK,0.007066972046742302
2014-06-30,EMR,0.019666674137199393
2014-06-30,CRM,0.011049281359392175
2014-06-30,CSCO,0.016608923893238207
2014-06-30,CVS,0.01155261907289286
2014-06-30,COST,0.01912733995135462
2014-06-30,DE,0.0134023008895725
2014-06-30,DHR,0.02255768372428757
2014-06-30,DIS,0.015089746835524833
2014-06-30,CVX,0.008049682274843331
2014-07-31,NVDA,0.027072163811263195
2014-07-31,NKE,0.02870989897208234
2014-07-31,NFLX,0.08256458065466668
2014-07-31,NEE,0.02146597524800603
2014-07-31,MSFT,0.009926087238999305
2014-07-31,MS,0.028818199542078145
2014-07-31,MRK,0.02355328367161511
2014-07-31,MO,0.019057284302106618
2014-07-31,LIN,0.02038580184160181
2014-07-31,MET,0.029515888648390443
2014-07-31,MDT,0.027076359003529723
2014-07-31,MDLZ,0.029393577343708194
2014-07-31,MCD,0.01100651017318132
2014-07-31,MA,0.026420709195872926
2014-07-31,LOW,0.024102836184194492
2014-07-31,LMT,0.022898851394297606
2014-07-31,LLY,0.0274491559303186
2014-07-31,ORCL,0.025513909744951123
2014-07-31,MMM,0.019292506406328916
2014-07-31,PEP,0.019688112735289514
2014-07-31,TMO,0.02515801974671247
2014-07-31,PG,0.020359165691114182
2014-07-31,KO,0.02038580184160181
2014-07-31,XOM,0.020980327103011003
2014-07-31,WMT,0.020359165691114182
2014-07-31,WFC,0.019292506406328916
2014-07-31,VZ,0.02268778393257135
2014-07-31,USB,0.02038580184160181
2014-07-31,UPS,0.020000256813289874
2014-07-31,UNP,0.018901615845523446
2014-07-31,UNH,0.030184139488709818
2014-07-31,TXN,0.029647201381380245
2014-07-31,TMUS,0.01334063206014257
2014-07-31,TGT,0.028376905780563413
2014-07-31,T,0.018362810413696373
2014-07-31,SPG,0.012599716559791843
2014-07-31,SO,0.018812461106779754
2014-07-31,SCHW,0.031208794287793915
2014-07-31,SBUX,0.02937204054547161
2014-07-31,RTX,0.02320174814995513
2014-07-31,QCOM,0.029188922423715968
2014-07-31,PFE,0.020980327103011003
2014-07-31,JPM,0.030295460871212054
2014-07-31,JNJ,0.02038580184160181
2014-07-31,AAPL,0.018213904943368192
2014-07-31,CMCSA,0.02888670430611669
2014-07-31,CL,0.020980327103011003
2014-07-31,CAT,0.02793073605256921
2014-07-31,C,0.022959647038506246
2014-07-31,BRK-B,0.019030894890853415
2014-07-31,BMY,0.021193098646658984
2014-07-31,BLK,0.023421278771974603
2014-07-31,BKNG,0.027960562988835917
2014-07-31,BA,0.02185445583181169
2014-07-31,AXP,0.029962647677977655
2014-07-31,AMZN,0.04739885531297971
2014-07-31,AMT,0.012017954657399344
2014-07-31,AMGN,0.01536640606558791
2014-07-31,AMD,0.03365150636182388
2014-07-31,AIG,0.029497948754761007
2014-07-31,ADBE,0.03016757458539168
2014-07-31,ACN,0.02856825318880844
2014-07-31,ABT,0.018803217431756444
2014-07-31,INTC,0.005536848586937081
2014-07-31,COF,0.02744948311447461
2014-07-31,COP,0.010574420403694608
2014-07-31,BAC,0.030024540793830646
2014-07-31,CRM,0.04538407696452264
2014-07-31,COST,0.019878417873939132
2014-07-31,HON,0.020980327103011003
2014-07-31,HD,0.018376948579946203
2014-07-31,GS,0.024772905100416312
2014-07-31,GOOGL,0.026773364678155533
2014-07-31,GOOG,0.026969487222453733
2014-07-31,GILD,0.012710591878552252
2014-07-31,GE,0.020980327103011003
2014-07-31,GD,0.024670809347518707
2014-07-31,FDX,0.027607381057518754
2014-07-31,IBM,0.02272893187450511
2014-07-31,EMR,0.020980327103011003
2014-07-31,DUK,0.020150579737379513
2014-07-31,DIS,0.024992502154960784
2014-07-31,DHR,0.029562526554055737
2014-07-31,DE,0.020980327103011003
2014-07-31,CVX,0.019688112735289514
2014-07-31,CVS,0.018877059983580653
2014-07-31,CSCO,0.02317477844866483
2014-07-31,F,0.02852438517231928
2014-08-29,MO,0.0038517497837706636
2014-08-29,MRK,0.011391783795237132
2014-08-29,MS,0.009939389869984255
2014-08-29,NKE,0.02213603836111052
2014-08-29,NEE,0.008580950569523346
2014-08-29,NFLX,0.016456200741915627
2014-08-29,MMM,0.010413215922183456
2014-08-29,MSFT,0.010090439549896775
2014-08-29,MET,0.017543901701041135
2014-08-29,JPM,0.0165474489701922
2014-08-29,MDLZ,0.023722872559203585
2014-08-29,MCD,0.03117388762663584
2014-08-29,MA,0.02497365024240414
2014-08-29,LOW,0.010364748243565947
2014-08-29,LMT,0.013785611899377413
2014-08-29,LLY,0.010335731874196723
2014-08-29,LIN,0.009577233989493587
2014-08-29,KO,0.005264037496967883
2014-08-29,NVDA,0.013383359774339323
2014-08-29,MDT,0.01015774231422323
2014-08-29,ORCL,0.016792007568133947
2014-08-29,T,0.009614353486400233
2014-08-29,PFE,0.015639803865441552
2014-08-29,JNJ,0.0062549358863388475
2014-08-29,WMT,0.011666481780803378
2014-08-29,WFC,0.00635972104879715
2014-08-29,VZ,0.008929339901928474
2014-08-29,USB,0.007465045397435099
2014-08-29,UPS,0.016049658482925565
2014-08-29,UNP,0.005006761709733349
2014-08-29,UNH,0.01365287994794038
2014-08-29,TXN,0.014607920733063825
2014-08-29,TMUS,0.02949948667333625
2014-08-29,TMO,0.02217726562657326
2014-08-29,TGT,0.020160102224044782
2014-08-29,SPG,0.005317581691261632
2014-08-29,SO,0.006823762485975208
2014-08-29,SCHW,0.017704993376904253
2014-08-29,SBUX,0.025695472342442804
2014-08-29,RTX,0.018495228939472096
2014-08-29,QCOM,0.02448787652096469
2014-08-29,PG,0.005714349783019947
2014-08-29,PEP,0.005413068887062498
2014-08-29,XOM,0.01345441942868206
2014-08-29,INTC,0.01506488569220184
2014-08-29,HON,0.013442039519870302
2014-08-29,CAT,0.011682923820186781
2014-08-29,C,0.014293449519106443
2014-08-29,BRK-B,0.00519116523915533
2014-08-29,BMY,0.010043171618344338
2014-08-29,BLK,0.013454252775971053
2014-08-29,BKNG,0.026599474793097686
2014-08-29,BAC,0.017442875827674422
2014-08-29,BA,0.024176525249780513
2014-08-29,CL,0.014352801187986888
2014-08-29,AXP,0.02342046763391785
2014-08-29,AMT,0.004855464252165925
2014-08-29,AMGN,0.013297741394270082
2014-08-29,AMD,0.021761195296142084
2014-08-29,AIG,0.014965227041082692
2014-08-29,ADBE,0.01605181051985868
2014-08-29,ACN,0.01958694704251494
2014-08-29,ABT,0.014099355562914778
2014-08-29,AAPL,0.0015565168853088874
2014-08-29,AMZN,0.024677272326351047
2014-08-29,CMCSA,0.018258638629889575
2014-08-29,IBM,0.01638925687627213
2014-08-29,COP,0.01800259667586663
2014-08-29,COF,0.013816294903816544
2014-08-29,HD,0.010834231580813479
2014-08-29,GS,0.013261128440500964
2014-08-29,GOOGL,0.0197415656489162
2014-08-29,GOOG,0.021321584473800843
2014-08-29,GILD,0.004522758410589097
2014-08-29,GD,0.009662091452062753
2014-08-29,FDX,0.025221111036039773
2014-08-29,F,0.01910756928376055
2014-08-29,GE,0.016847097277191192
2014-08-29,DUK,0.005874401211797027
2014-08-29,DIS,0.013999284359101834
2014-08-29,DHR,0.02126717993273852
2014-08-29,COST,0.009486589834509907
2014-08-29,DE,0.017109052424889196
2014-08-29,CVX,0.006435043812724165
2014-08-29,CVS,0.0022151322592367274
2014-08-29,CSCO,0.012348794052391492
2014-08-29,CRM,0.017401916625866907
2014-08-29,EMR,0.019092556104279696
2014-09-30,NVDA,0.02999780374318489
2014-09-30,MO,0.00379489912687373
2014-09-30,MRK,0.02176164789368044
2014-09-30,MS,0.01875966930112587
2014-09-30,NKE,0.01152435473745149
2014-09-30,NEE,0.017205958491064436
2014-09-30,NFLX,0.0418417636866548
2014-09-30,MMM,0.01818493913743401
2014-09-30,MSFT,0.016072812415142374
2014-09-30,MET,0.027333990196976528
2014-09-30,MA,0.030094342360532492
2014-09-30,MDT,0.023612849588955626
2014-09-30,MDLZ,0.027851413776287283
2014-09-30,MCD,0.018037468900535276
2014-09-30,LOW,0.025269138401068644
2014-09-30,LMT,0.010171581428670785
2014-09-30,LLY,0.012282062662027582
2014-09-30,LIN,0.01825198390636054
2014-09-30,KO,0.007685785095006546
2014-09-30,XOM,0.025915995947462696
2014-09-30,ORCL,0.029382055691316838
2014-09-30,JPM,0.020123757321129452
2014-09-30,PFE,0.018398863879025073
2014-09-30,WMT,0.008354085080962075
2014-09-30,WFC,0.010479741724836069
2014-09-30,VZ,0.010680222876190288
2014-09-30,USB,0.01523516192868822
2014-09-30,UPS,0.01160488584928064
2014-09-30,UNP,0.004082827206922658
2014-09-30,UNH,0.019679640308635282
2014-09-30,TXN,0.02595075751735801
2014-09-30,TMUS,0.029431998459167934
2014-09-30,TMO,0.024245082169349338
2014-09-30,TGT,0.018011072568034407
2014-09-30,T,0.011147830465542267
2014-09-30,SPG,0.012925712752728613
2014-09-30,SO,0.008989074842613777
2014-09-30,SCHW,0.020630229503218488
2014-09-30,SBUX,0.025324828490943058
2014-09-30,RTX,0.02260628833115895
2014-09-30,QCOM,0.02741635620401396
2014-09-30,PG,0.013072454083320757
2014-09-30,PEP,0.008583484681722263
2014-09-30,JNJ,0.00693222588892593
2014-09-30,F,0.03452395071159294
2014-09-30,IBM,0.016814096218988113
2014-09-30,CAT,0.025187169805294563
2014-09-30,C,0.021593537709295535
2014-09-30,BRK-B,0.008711131150461281
2014-09-30,BMY,0.01675130873351553
2014-09-30,BLK,0.02307135656032854
2014-09-30,BKNG,0.03017488258629431
2014-09-30,BAC,0.01624125382483333
2014-09-30,BA,0.02903105710116609
2014-09-30,CL,0.016790054183545223
2014-09-30,AXP,0.028995582281461728
2014-09-30,AMT,0.011819967189633698
2014-09-30,AMGN,0.015760907170123826
2014-09-30,AMD,0.06009682093699505
2014-09-30,AIG,0.026024505384964588
2014-09-30,ADBE,0.023346935793228586
2014-09-30,ACN,0.010438887175636019
2014-09-30,ABT,0.018192404825825022
2014-09-30,AAPL,0.01657372664870426
2014-09-30,AMZN,0.03834105184238629
2014-09-30,CMCSA,0.02685425867793859
2014-09-30,INTC,0.019061150820809714
2014-09-30,COP,0.020816954565821055
2014-09-30,HON,0.019685064054588305
2014-09-30,HD,0.010030521278165689
2014-09-30,GS,0.01706882754608892
2014-09-30,GOOGL,0.022639054881980227
2014-09-30,GOOG,0.021791727797324228
2014-09-30,COF,0.02176164789368044
2014-09-30,GE,0.016926309962264737
2014-09-30,GD,0.012702681221408758
2014-09-30,FDX,0.010581647076767805
2014-09-30,GILD,0.021118493331359282
2014-09-30,DUK,0.008703409948966664
2014-09-30,EMR,0.023029888547304984
2014-09-30,CRM,0.026212441435383906
2014-09-30,CSCO,0.0160423247730769
2014-09-30,CVS,0.014627402384987782
2014-09-30,COST,0.007662286858573598
2014-09-30,DE,0.01825198390636054
2014-09-30,DHR,0.028523496841426462
2014-09-30,DIS,0.0211289796146746
2014-09-30,CVX,0.019179677725488137
2014-10-31,MRK,0.02060794575451166
2014-10-31,MS,0.016423501921055347
2014-10-31,MSFT,0.012220171355452206
2014-10-31,NVDA,0.016231683324644624
2014-10-31,NFLX,0.03856322642304623
2014-10-31,NKE,0.015818115180967575
2014-10-31,MO,0.004239257372137253
2014-10-31,NEE,0.006935043131431198
2014-10-31,MMM,0.007642034269562218
2014-10-31,KO,0.011687020011436722
2014-10-31,MDT,0.012848687029256407
2014-10-31,MDLZ,0.01296270000025161
2014-10-31,MCD,0.01075986067382721
2014-10-31,MA,0.012130856206590835
2014-10-31,LOW,0.01284521174475476
2014-10-31,LMT,0.008588858340173047
2014-10-31,LLY,0.007192171747640226
2014-10-31,LIN,0.017745612945583203
2014-10-31,ORCL,0.01834764969438657
2014-10-31,MET,0.0165126752477683
2014-10-31,PEP,0.005690109385684443
2014-10-31,TGT,0.018794508274059932
2014-10-31,PG,0.004878594554054209
2014-10-31,JPM,0.015875171087898675
2014-10-31,XOM,0.008503447764581111
2014-10-31,WMT,0.01275424231629883
2014-10-31,WFC,0.011755750437914925
2014-10-31,VZ,0.009321680236900437
2014-10-31,USB,0.009277183037190197
2014-10-31,UPS,0.011276817712691727
2014-10-31,UNP,0.008268540599142568
2014-10-31,UNH,0.010977405104053543
2014-10-31,TXN,0.0066811648364636924
2014-10-31,TMUS,0.018698949164751722
2014-10-31,TMO,0.024571587851691785
2014-10-31,T,0.009592492431134195
2014-10-31,SPG,0.004534754084196683
2014-10-31,SO,0.004534754084196683
2014-10-31,SCHW,0.019931910591387353
2014-10-31,SBUX,0.029711823186042364
2014-10-31,RTX,0.01594125852529051
2014-10-31,QCOM,0.012652216935090973
2014-10-31,PFE,0.016968121179074404
2014-10-31,JNJ,0.015527086929426597
2014-10-31,BA,0.023973197330671516
2014-10-31,IBM,0.027662968638101873
2014-10-31,CL,0.006563264721727021
2014-10-31,CAT,0.011544138886447806
2014-10-31,C,0.01356703103860565
2014-10-31,BRK-B,0.008455987803823865
2014-10-31,BMY,0.009284409384887176
2014-10-31,BLK,0.013375275798072244
2014-10-31,BKNG,0.025907156921965234
2014-10-31,BAC,0.014930604790470783
2014-10-31,CMCSA,0.01323219008928271
2014-10-31,INTC,0.017987193161793896
2014-10-31,AMZN,0.022547116042901782
2014-10-31,AMT,0.009771201824770374
2014-10-31,AMGN,0.008602728077472208
2014-10-31,AMD,0.02913847874146835
2014-10-31,AIG,0.01716337421283513
2014-10-31,ADBE,0.018911077671041974
2014-10-31,ACN,0.009535840832145316
2014-10-31,ABT,0.010834804625412376
2014-10-31,AXP,0.013609315987902817
2014-10-31,COF,0.015653509621965316
2014-10-31,AAPL,0.00807696791125653
2014-10-31,COST,0.008254867078902146
2014-10-31,HON,0.008074656161989185
2014-10-31,HD,0.005880361232209915
2014-10-31,GS,0.01399587015783853
2014-10-31,GOOGL,0.02024476298907192
2014-10-31,GOOG,0.020359623996096532
2014-10-31,COP,0.01915824847655733
2014-10-31,GE,0.010226745625191562
2014-10-31,GD,0.007755003123216472
2014-10-31,FDX,0.010249324693099405
2014-10-31,GILD,0.013266240354442259
2014-10-31,EMR,0.013631324608201267
2014-10-31,F,0.02966649933135056
2014-10-31,CSCO,0.018651432862499935
2014-10-31,CVS,0.0052725805896369155
2014-10-31,CVX,0.011371092444203404
2014-10-31,CRM,0.006980408194912188
2014-10-31,DHR,0.012044634144876908
2014-10-31,DIS,0.010977405104053543
2014-10-31,DUK,0.006899514474457635
2014-10-31,DE,0.015397035074377763
2014-11-28,ORCL,0.013269243111112322
2014-11-28,MRK,0.013946220510972407
2014-11-28,MS,0.018900994911271906
2014-11-28,MSFT,0.016371918135366325
2014-11-28,NVDA,0.010568785632801465
2014-11-28,NFLX,-0.006584159000380771
2014-11-28,NKE,0.015230451593188407
2014-11-28,MO,0.0010012260846500413
2014-11-28,NEE,0.01306012152959053
2014-11-28,MMM,0.008239013486835284
2014-11-28,MA,0.011785535750003732
2014-11-28,MDT,0.010093248738250609
2014-11-28,MDLZ,0.013389997397220918
2014-11-28,MCD,0.011080667010335025
2014-11-28,LOW,0.013179274790992661
2014-11-28,LMT,0.010266833430974856
2014-11-28,LLY,0.009773495260744402
2014-11-28,LIN,0.02157057349240112
2014-11-28,KO,0.008218034195564857
2014-11-28,MET,0.01617909663519927
2014-11-28,PEP,0.0066488419025044
2014-11-28,XOM,0.0372258216105771
2014-11-28,PG,0.0066488419025044
2014-11-28,JPM,0.022578312341382037
2014-11-28,WMT,0.009961303395504936
2014-11-28,WFC,0.013303856077844763
2014-11-28,VZ,0.009135585475302344
2014-11-28,USB,0.00912980431634972
2014-11-28,UPS,0.012965267274349377
2014-11-28,UNP,0.025119279409803633
2014-11-28,UNH,0.01121938256806522
2014-11-28,TXN,0.011420383536805061
2014-11-28,TMUS,0.018771456602529983
2014-11-28,TMO,0.008908577911426168
2014-11-28,TGT,0.009268614843106475
2014-11-28,T,0.008204089206936167
2014-11-28,SPG,0.007684748865991107
2014-11-28,SO,0.008269015598692621
2014-11-28,SCHW,0.0269465296270362
2014-11-28,SBUX,0.013752599737142386
2014-11-28,RTX,0.017044844850826586
2014-11-28,QCOM,0.0221665113089014
2014-11-28,PFE,0.014263846060095675
2014-11-28,JNJ,0.016600889553501214
2014-11-28,INTC,0.008400952776114053
2014-11-28,IBM,0.030343374284614012
2014-11-28,CL,0.007245599684372304
2014-11-28,CAT,0.031136949898337016
2014-11-28,C,0.017745994115874127
2014-11-28,BRK-B,0.006234316018957302
2014-11-28,BMY,0.015230451593188407
2014-11-28,BLK,0.01415002378829125
2014-11-28,BKNG,0.036583501265581866
2014-11-28,BAC,0.02462634723566134
2014-11-28,CMCSA,0.0081812072389225
2014-11-28,BA,0.016140112794251343
2014-11-28,AMZN,0.012610392519182976
2014-11-28,AMT,0.009504759219238984
2014-11-28,AMGN,0.011110284479361533
2014-11-28,AMD,0.04284887731753112
2014-11-28,AIG,0.016006261387231664
2014-11-28,ADBE,0.02704297978148776
2014-11-28,ACN,0.008813465299581711
2014-11-28,ABT,0.013400098234942029
2014-11-28,AXP,0.016006261387231664
2014-11-28,COF,0.016616977142842333
2014-11-28,AAPL,0.00741237707346665
2014-11-28,COST,0.008710386171471842
2014-11-28,HON,0.00990051492302497
2014-11-28,HD,0.012617023979173874
2014-11-28,GS,0.01814759983901978
2014-11-28,GOOGL,0.02838306531621194
2014-11-28,GOOG,0.027460291289763832
2014-11-28,COP,0.03076182260029553
2014-11-28,GE,0.017626465637798638
2014-11-28,GD,0.009474087897101033
2014-11-28,FDX,0.013531694627425308
2014-11-28,GILD,0.029994013793514587
2014-11-28,EMR,0.025888073620899732
2014-11-28,F,0.014990352899929848
2014-11-28,CSCO,0.011042466747418581
2014-11-28,CVS,0.01037288608973302
2014-11-28,CVX,0.03431006444234811
2014-11-28,CRM,0.02236385370031215
2014-11-28,DHR,0.01248690396455361
2014-11-28,DIS,0.013963425786986939
2014-11-28,DUK,0.01675981756250945
2014-11-28,DE,0.022124408704434727
2014-12-31,MRK,0.034776249996646046
2014-12-31,NVDA,0.029117396288670588
2014-12-31,NKE,0.018966988194806616
2014-12-31,NFLX,0.026539210344144307
2014-12-31,NEE,0.01735147211866619
2014-12-31,MSFT,0.031438932896248994
2014-12-31,ORCL,0.01522154749986142
2014-12-31,MS,0.014758325574337136
2014-12-31,MO,0.00963142406007455
2014-12-31,MCD,0.026007174777574797
2014-12-31,MET,0.02927331145318913
2014-12-31,MDT,0.02509303900436538
2014-12-31,MDLZ,0.03294448234564832
2014-12-31,MA,0.02737407525050233
2014-12-31,LOW,0.011139375771733736
2014-12-31,LMT,0.02068116947358
2014-12-31,LLY,0.0229825068704679
2014-12-31,LIN,0.015550999691007792
2014-12-31,PEP,0.02273773320972945
2014-12-31,MMM,0.008494769001896503
2014-12-31,PFE,0.01918387906847764
2014-12-31,KO,0.019696808613802547
2014-12-31,PM,0.03217760719148204
2014-12-31,XOM,0.0154374472659373
2014-12-31,WMT,0.012794856944275849
2014-12-31,WFC,0.020057345448560714
2014-12-31,VZ,0.03239454631918285
2014-12-31,V,0.02477875643557567
2014-12-31,USB,0.01817386723017674
2014-12-31,UPS,0.02027180729530746
2014-12-31,UNP,0.012105121687548083
2014-12-31,UNH,0.013370891232241385
2014-12-31,PG,0.009214816089309895
2014-12-31,TXN,0.026048104944331095
2014-12-31,TMO,0.032398313404141746
2014-12-31,TGT,0.01580372906056812
2014-12-31,T,0.03239454631918285
2014-12-31,SPG,0.023003003015760463
2014-12-31,SO,0.015567485865360628
2014-12-31,SCHW,0.028064513422566068
2014-12-31,SBUX,0.01983654433450661
2014-12-31,RTX,0.010047105187471832
2014-12-31,QCOM,0.02144343223516693
2014-12-31,TMUS,0.02971647542475022
2014-12-31,JPM,0.017195239213354335
2014-12-31,JNJ,0.020749495040384917
2014-12-31,INTC,0.026511152876134356
2014-12-31,CMCSA,0.01012609573960511
2014-12-31,CL,0.010541779225575537
2014-12-31,CAT,0.03729109541409747
2014-12-31,C,0.02198592684104876
2014-12-31,BRK-B,0.012047390198675954
2014-12-31,BMY,0.02587710338495424
2014-12-31,BLK,0.022062943437712212
2014-12-31,BKNG,0.036182688093252126
2014-12-31,BA,0.02863883522190605
2014-12-31,AXP,0.024849735793887225
2014-12-31,AMZN,0.025428153734507457
2014-12-31,AMT,0.023854079803124952
2014-12-31,AMGN,0.02508664862900553
2014-12-31,AMD,0.030503456566024368
2014-12-31,AIG,0.017640075033189317
2014-12-31,ADBE,0.028551564907564192
2014-12-31,ACN,0.014161755960330384
2014-12-31,ABT,0.01704637695649589
2014-12-31,AAPL,0.02759135268765879
2014-12-31,COF,0.022432043483718817
2014-12-31,COP,0.03808286555269354
2014-12-31,BAC,0.016312363623919364
2014-12-31,CRM,0.0407074588251009
2014-12-31,COST,0.019989442244346706
2014-12-31,HON,0.010225775068869175
2014-12-31,HD,0.009309208048795928
2014-12-31,GS,0.017640075033189317
2014-12-31,GOOGL,0.03334304772536864
2014-12-31,GOOG,0.030198286543806123
2014-12-31,GILD,-0.0006432943315576875
2014-12-31,GE,0.023732960368969918
2014-12-31,GD,0.03087557635265626
2014-12-31,FDX,0.02509992246641318
2014-12-31,IBM,0.01685732521552715
2014-12-31,EMR,0.02373144100023369
2014-12-31,DUK,0.011163760496816463
2014-12-31,DIS,0.01764673395891147
2014-12-31,DHR,0.016588708295628887
2014-12-31,DE,0.016461442813857273
2014-12-31,CVX,0.01662624956588187
2014-12-31,CVS,0.011760889276094004
2014-12-31,CSCO,0.016831000287093997
2014-12-31,F,0.027119326806455023
2015-01-30,MRK,0.023174293690452485
2015-01-30,MS,0.033746456836254844
2015-01-30,MSFT,0.0423473330473659
2015-01-30,ORCL,0.02914919024658477
2015-01-30,NFLX,0.010440197691655466
2015-01-30,NKE,0.029203908272260926
2015-01-30,NVDA,0.0316002872317135
2015-01-30,NEE,0.015754710133477134
2015-01-30,MO,0.0005414925031804357
2015-01-30,LIN,0.03754446264418728
2015-01-30,MET,0.03917817582268028
2015-01-30,MDT,0.028520585191636538
2015-01-30,MDLZ,0.0324294001386204
2015-01-30,MCD,0.009550476715640573
2015-01-30,MA,0.02602604018761383
2015-01-30,LOW,0.018740772386694297
2015-01-30,LMT,0.028456205522398064
2015-01-30,LLY,0.010482989157085577
2015-01-30,PEP,0.031875496353325004
2015-01-30,MMM,0.017946628188531103
2015-01-30,PFE,0.023181194138319493
2015-01-30,TMO,0.025195420837562384
2015-01-30,PM,0.03143299198475897
2015-01-30,KO,0.03263100347136605
2015-01-30,WMT,0.023423889707345446
2015-01-30,WFC,0.023860861655109488
2015-01-30,VZ,0.030511996479658073
2015-01-30,V,0.02141999028486463
2015-01-30,USB,0.024774265206766198
2015-01-30,UPS,0.03625194995859836
2015-01-30,UNP,0.023575617190975083
2015-01-30,UNH,0.015657608002254478
2015-01-30,TXN,0.022087960520486418
2015-01-30,TMUS,0.015128350872684231
2015-01-30,TGT,0.02143204682708497
2015-01-30,T,0.01956460567067558
2015-01-30,SPG,0.006554172548754403
2015-01-30,SO,0.020428698830829463
2015-01-30,SCHW,0.03793154816368679
2015-01-30,SBUX,0.012436402815379112
2015-01-30,RTX,0.021594754413700363
2015-01-30,QCOM,0.04971850352384522
2015-01-30,PG,0.03339393740953914
2015-01-30,XOM,0.029721088018357662
2015-01-30,JPM,0.037996619270051595
2015-01-30,INTC,0.0360464780538708
2015-01-30,CL,0.021309019593122536
2015-01-30,CAT,0.03922290174395376
2015-01-30,C,0.03793154816368679
2015-01-30,BRK-B,0.024585428561510785
2015-01-30,BMY,0.021433108313706897
2015-01-30,BLK,0.03127991082351208
2015-01-30,BKNG,0.037489988016282935
2015-01-30,BAC,0.03793154816368679
2015-01-30,BA,0.01041503063164761
2015-01-30,AXP,0.037485275715540806
2015-01-30,AMZN,0.005612106488245925
2015-01-30,AMT,0.026623981903223442
2015-01-30,AMGN,0.027952187070391467
2015-01-30,AMD,0.049305369028763896
2015-01-30,AIG,0.03707171979768602
2015-01-30,ADBE,0.03318038971239208
2015-01-30,ACN,0.02889979782452706
2015-01-30,ABT,0.014301730525900199
2015-01-30,AAPL,0.010195813814719089
2015-01-30,CMCSA,0.037485275715540806
2015-01-30,COF,0.03983794118941746
2015-01-30,JNJ,0.034739722344914056
2015-01-30,COST,0.01384025772993945
2015-01-30,IBM,0.02982981465412367
2015-01-30,HON,0.030462675086791156
2015-01-30,HD,0.01858494471787724
2015-01-30,GS,0.036031069274806794
2015-01-30,GOOGL,0.018373093028386155
2015-01-30,COP,0.04681703065257981
2015-01-30,GILD,0.008534705226337955
2015-01-30,GE,0.028885161293121114
2015-01-30,GD,0.03038621293610922
2015-01-30,FDX,0.030450328103156784
2015-01-30,GOOG,0.017853412177619012
2015-01-30,EMR,0.034117323072452084
2015-01-30,DUK,0.0054490547641110896
2015-01-30,DIS,0.03166895217197501
2015-01-30,DHR,0.025052342832298947
2015-01-30,DE,0.020707550853539196
2015-01-30,CVX,0.032260773451713014
2015-01-30,CVS,0.013107825747819043
2015-01-30,CSCO,0.030757571147774995
2015-01-30,CRM,0.03436069766098106
2015-01-30,F,0.029669091426276595
2015-02-27,ORCL,0.01645654296547822
2015-02-27,MRK,0.0304167514850385
2015-02-27,MS,0.018718110584225137
2015-02-27,MSFT,0.018718110584225137
2015-02-27,NVDA,0.017929912956987475
2015-02-27,NFLX,0.026841077697638625
2015-02-27,NKE,0.013015065417396906
2015-02-27,MO,0.008132944810460983
2015-02-27,NEE,0.025256398892452354
2015-02-27,XOM,0.02268985164310014
2015-02-27,MCD,0.002159619332295666
2015-02-27,MET,0.017645326450686758
2015-02-27,MDT,0.012974300927248475
2015-02-27,MDLZ,0.015358662326660288
2015-02-27,MA,0.013915242862183248
2015-02-27,LOW,0.009871212702359267
2015-02-27,LMT,0.009860428088457676
2015-02-27,LLY,0.018490918453873365
2015-02-27,LIN,0.016171147602395877
2015-02-27,MMM,0.011751679497041886
2015-02-27,PEP,0.01292860841917461
2015-02-27,WMT,0.01353538179850305
2015-02-27,PG,0.019297354786918124
2015-02-27,KO,0.013434350385716274
2015-02-27,WFC,0.006498462249183425
2015-02-27,VZ,0.0022905139384089565
2015-02-27,V,0.014295279431928022
2015-02-27,USB,0.004569374887593397
2015-02-27,UPS,0.011802808715472584
2015-02-27,UNP,0.021432586713132126
2015-02-27,UNH,0.010137928101327581
2015-02-27,TXN,0.010776014258105872
2015-02-27,PFE,0.0021883838007430165
2015-02-27,TMUS,0.008473754579211975
2015-02-27,TGT,0.011979981259123229
2015-02-27,T,0.010344807496184003
2015-02-27,SPG,0.011165650726650435
2015-02-27,SO,0.023961768722086926
2015-02-27,SCHW,0.02381620514426378
2015-02-27,SBUX,0.01110529794435789
2015-02-27,RTX,0.010440507459225014
2015-02-27,QCOM,0.017246843237528748
2015-02-27,PM,0.015862471471239113
2015-02-27,TMO,0.014891278517148355
2015-02-27,JPM,0.012794054383488443
2015-02-27,F,0.013945405663651753
2015-02-27,INTC,0.024532105143482086
2015-02-27,CL,0.001961230252156938
2015-02-27,CAT,0.023118899713147407
2015-02-27,C,0.013245224330854968
2015-02-27,BRK-B,0.020750306343163688
2015-02-27,BMY,0.019907187117674825
2015-02-27,BLK,0.014244526548435266
2015-02-27,BKNG,0.017561406986097313
2015-02-27,BAC,0.023118899713147407
2015-02-27,AXP,0.02762485571511845
2015-02-27,AMZN,0.0053372879754968044
2015-02-27,AMT,0.011189533480293036
2015-02-27,AMGN,0.016714907836742305
2015-02-27,AMD,0.03177234322738268
2015-02-27,AIG,0.008686387854272727
2015-02-27,ADBE,0.013273148628529637
2015-02-27,ACN,0.0059179612917451075
2015-02-27,ABT,0.005672366434935872
2015-02-27,AAPL,0.0030662128330800915
2015-02-27,JNJ,0.009189377634206734
2015-02-27,CMCSA,0.012115907858006132
2015-02-27,COF,0.012079872963204551
2015-02-27,BA,0.012046239879292663
2015-02-27,COST,0.0029003501741081687
2015-02-27,COP,0.023747941123696648
2015-02-27,HON,0.00884173314783724
2015-02-27,HD,0.010448702633174562
2015-02-27,GS,0.011792147457642628
2015-02-27,GOOGL,0.01283654015134318
2015-02-27,GOOG,0.01283654015134318
2015-02-27,GE,0.011621262157525257
2015-02-27,GD,0.016844759451126828
2015-02-27,FDX,0.01541608975214907
2015-02-27,GILD,0.026359994778355385
2015-02-27,CRM,-0.004526857615056304
2015-02-27,EMR,0.021366418845484715
2015-02-27,CSCO,0.010776014258105872
2015-02-27,CVS,0.010114314226860821
2015-02-27,CVX,0.022486259715642318
2015-02-27,IBM,0.015190592365129601
2015-02-27,DHR,0.010451252662221177
2015-02-27,DIS,0.009923144474752043
2015-02-27,DUK,0.02435854342355803
2015-02-27,DE,0.0022905139384089565
2015-03-31,MS,0.027412965247339764
2015-03-31,MSFT,0.0329257556184156
2015-03-31,NEE,0.013575414757075402
2015-03-31,ORCL,0.024327515405325364
2015-03-31,NKE,0.014773271318385892
2015-03-31,NVDA,0.03845571963564287
2015-03-31,MRK,0.027005324392776277
2015-03-31,NFLX,0.0056809051480430535
2015-03-31,MO,0.027310535405763496
2015-03-31,LIN,0.027353040471977154
2015-03-31,MET,0.027409184086424683
2015-03-31,MDT,0.01926154946218568
2015-03-31,MDLZ,0.022135849012155106
2015-03-31,MCD,0.010852948595971015
2015-03-31,MA,0.028872996194779683
2015-03-31,LOW,0.017665306404146524
2015-03-31,LMT,0.015980429898918333
2015-03-31,LLY,0.014496637446846468
2015-03-31,PEP,0.01738061752040702
2015-03-31,MMM,0.013830609130894187
2015-03-31,PFE,0.011925894729794452
2015-03-31,TGT,0.010246135840423469
2015-03-31,PM,0.03751276638411991
2015-03-31,KO,0.021173986717244356
2015-03-31,WMT,0.011479645159371539
2015-03-31,WFC,0.01695356556328395
2015-03-31,VZ,0.01901262358946931
2015-03-31,V,0.02471601601732995
2015-03-31,USB,0.011541695887331551
2015-03-31,UPS,0.022163026772018177
2015-03-31,UNP,0.03887808690985445
2015-03-31,UNH,0.011073871868356476
2015-03-31,TXN,0.022500766869592456
2015-03-31,TMUS,0.025243212842530924
2015-03-31,TMO,0.016577756165872343
2015-03-31,T,0.02271102762744676
2015-03-31,SPG,0.003726491316618343
2015-03-31,SO,0.012653972505871755
2015-03-31,SCHW,0.024669941896221077
2015-03-31,SBUX,0.019532800249214395
2015-03-31,RTX,0.014851864735852234
2015-03-31,QCOM,0.026703116956629854
2015-03-31,PG,0.029078578389659777
2015-03-31,XOM,0.021519987764094587
2015-03-31,JPM,0.02056866395816049
2015-03-31,INTC,0.03274935286517661
2015-03-31,CL,0.012166853862763375
2015-03-31,CAT,0.0321660414184901
2015-03-31,C,0.025366989257214933
2015-03-31,BRK-B,0.02522191615963217
2015-03-31,BMY,0.014163710968997897
2015-03-31,BLK,0.02324657719106959
2015-03-31,BKNG,0.025310488798428486
2015-03-31,BA,0.022982543381492353
2015-03-31,AXP,0.03225151735803096
2015-03-31,AMZN,0.027924243390709858
2015-03-31,AMT,0.031930809939558304
2015-03-31,AMGN,0.02386445131039779
2015-03-31,AMD,0.005298309259467666
2015-03-31,AIG,0.016679660670022585
2015-03-31,ADBE,0.02723352562171018
2015-03-31,ACN,0.008239903647780737
2015-03-31,ABT,0.0166859924603719
2015-03-31,AAPL,0.023062885171576543
2015-03-31,JNJ,0.02146921831231722
2015-03-31,CMCSA,0.028290629130294224
2015-03-31,COF,0.01580807414377703
2015-03-31,BAC,0.031766980434884094
2015-03-31,COST,0.0061490610874440025
2015-03-31,COP,0.03384716323796959
2015-03-31,HON,0.015161659225384145
2015-03-31,HD,0.01979102260750527
2015-03-31,GS,0.022256209793125346
2015-03-31,GOOGL,0.025765659447422
2015-03-31,GOOG,0.025871092995058766
2015-03-31,GILD,0.02864377772159953
2015-03-31,GE,0.0271881103104687
2015-03-31,GD,0.023385878761430418
2015-03-31,FDX,0.031159975360592885
2015-03-31,IBM,0.02117906797270873
2015-03-31,EMR,0.025512166053553147
2015-03-31,F,0.023443404242081013
2015-03-31,CSCO,0.0211639237814596
2015-03-31,CVS,0.011421014394934644
2015-03-31,CVX,0.02634174515848501
2015-03-31,CRM,0.028113581357506263
2015-03-31,DHR,0.020190844887893557
2015-03-31,DIS,0.021487997852208805
2015-03-31,DUK,0.015377408503675501
2015-03-31,DE,0.020182882260552166
2015-04-30,MO,0.022440575803473053
2015-04-30,NKE,0.02079069070378811
2015-04-30,NFLX,0.0055436380614725216
2015-04-30,NEE,0.032653707625514186
2015-04-30,MSFT,0.0032018256430548144
2015-04-30,MS,0.013081648374168298
2015-04-30,NVDA,0.02068266788716482
2015-04-30,MRK,0.013716318051343556
2015-04-30,MMM,0.02678652561645626
2015-04-30,MA,0.013716318051343556
2015-04-30,MDT,0.029561207288305677
2015-04-30,MDLZ,0.01147578335665145
2015-04-30,MCD,0.00785910534759889
2015-04-30,LOW,0.029561207288305677
2015-04-30,LMT,0.037084406444055265
2015-04-30,LLY,0.015624446071194306
2015-04-30,LIN,0.020157307226123276
2015-04-30,KO,0.016773868322267366
2015-04-30,ORCL,0.022213144001406178
2015-04-30,MET,0.02178513963073229
2015-04-30,PEP,0.014607409570219443
2015-04-30,JPM,0.012037035386971621
2015-04-30,PG,0.02028632759856591
2015-04-30,WMT,0.02626418037176438
2015-04-30,WFC,0.013614294347194635
2015-04-30,VZ,0.0055434384488573015
2015-04-30,V,0.02162653280263717
2015-04-30,USB,0.016908638258172466
2015-04-30,UPS,0.011902339324314167
2015-04-30,UNP,0.02627465062512145
2015-04-30,UNH,0.027049527291113987
2015-04-30,TXN,0.03170986555178962
2015-04-30,PFE,0.02016795926192334
2015-04-30,TMUS,0.01683047329970184
2015-04-30,TGT,0.024013001632641022
2015-04-30,T,0.010025682943071575
2015-04-30,SPG,0.02866385940561791
2015-04-30,SO,0.01109797732161318
2015-04-30,SCHW,0.020950012505449256
2015-04-30,SBUX,0.011778630135589276
2015-04-30,RTX,0.026485363379936955
2015-04-30,QCOM,0.026637027581739484
2015-04-30,PM,0.006569244551013855
2015-04-30,TMO,0.03441601227963011
2015-04-30,XOM,0.01989000165916334
2015-04-30,JNJ,0.020466228654604148
2015-04-30,IBM,0.013817094161407707
2015-04-30,CL,0.025865637046690135
2015-04-30,CAT,0.013203137198950587
2015-04-30,C,0.013716318051343556
2015-04-30,BRK-B,0.015505073702219528
2015-04-30,BMY,0.02189915545517645
2015-04-30,BLK,0.02446792225015806
2015-04-30,BKNG,0.019696113400099535
2015-04-30,BAC,0.013854553676630969
2015-04-30,BA,0.030878255319520816
2015-04-30,AXP,0.02376493076585245
2015-04-30,AMZN,0.014054067960312638
2015-04-30,AMT,0.01862792053652051
2015-04-30,AMGN,0.02344180576066756
2015-04-30,AMD,0.0026628619240499428
2015-04-30,AIG,0.013728450283645022
2015-04-30,ADBE,0.01851527052879885
2015-04-30,ACN,0.014939049503336774
2015-04-30,ABT,0.02076912879883655
2015-04-30,AAPL,0.022942782729487927
2015-04-30,CMCSA,0.021228773670596494
2015-04-30,COF,0.014931084060919315
2015-04-30,INTC,0.02006068672459331
2015-04-30,COST,0.023491593713936918
2015-04-30,COP,0.0184463280543796
2015-04-30,HON,0.026308324023202354
2015-04-30,HD,0.029561207288305677
2015-04-30,GS,0.016045964043790262
2015-04-30,GOOGL,0.02508703228356459
2015-04-30,GOOG,0.02627465062512145
2015-04-30,GE,0.008881151031187336
2015-04-30,GD,0.014535397216392042
2015-04-30,FDX,0.018274644252413538
2015-04-30,GILD,0.02242561930935649
2015-04-30,EMR,0.014851359283764843
2015-04-30,DUK,0.018324570070422583
2015-04-30,DIS,0.0076298208349886145
2015-04-30,CRM,-0.001159270513008226
2015-04-30,DHR,0.0200844731294605
2015-04-30,DE,0.014251204706281778
2015-04-30,CVX,0.013817094161407707
2015-04-30,CVS,0.016709001458676955
2015-04-30,CSCO,0.011427124449089771
2015-04-30,F,0.022485766653945458
2015-05-29,MS,0.019267582900734718
2015-05-29,MSFT,0.02791825234236461
2015-05-29,NEE,0.019384930863358442
2015-05-29,ORCL,0.02562329943944552
2015-05-29,NKE,0.01920018090779267
2015-05-29,NVDA,0.02040850532389322
2015-05-29,MRK,0.015881148228576523
2015-05-29,NFLX,0.010108192480337792
2015-05-29,MO,0.01119783658976368
2015-05-29,LIN,0.015793561178377633
2015-05-29,MET,0.022608201214597848
2015-05-29,MDT,0.022788046571225823
2015-05-29,MDLZ,0.010493992860194682
2015-05-29,MCD,0.008662903302739887
2015-05-29,MA,0.01574172476316008
2015-05-29,LOW,0.020628765519252728
2015-05-29,LMT,0.018178063835799677
2015-05-29,LLY,0.006963354582068098
2015-05-29,PEP,0.01038377016123438
2015-05-29,MMM,0.017159475631909102
2015-05-29,PFE,0.007031896298934331
2015-05-29,XOM,0.026775878764693836
2015-05-29,PM,0.015696965383784782
2015-05-29,KO,0.010054239054045452
2015-05-29,WMT,0.031355357858423465
2015-05-29,WFC,0.011363541759231561
2015-05-29,VZ,0.0090886843328434
2015-05-29,V,0.01723046279273322
2015-05-29,USB,0.017669174538157906
2015-05-29,UPS,0.021691404362567855
2015-05-29,UNP,0.03160763443385306
2015-05-29,UNH,0.009797933359053969
2015-05-29,PG,0.02388174223360472
2015-05-29,TXN,0.01936619669448196
2015-05-29,TMO,0.022372767391272485
2015-05-29,TGT,0.016760872693277442
2015-05-29,T,0.014222610010679334
2015-05-29,SPG,0.020141484942511605
2015-05-29,SO,0.00986732345451559
2015-05-29,SCHW,0.015561108160362373
2015-05-29,SBUX,0.011587872214359658
2015-05-29,RTX,0.006449638581690488
2015-05-29,QCOM,0.02302820870900027
2015-05-29,TMUS,0.0197961749442128
2015-05-29,JPM,0.013625474223888403
2015-05-29,JNJ,0.018754898651295683
2015-05-29,INTC,0.017032879967833082
2015-05-29,CMCSA,0.02244449847589952
2015-05-29,CL,0.02354466081921085
2015-05-29,CAT,0.02661045155974153
2015-05-29,C,0.021141843260049586
2015-05-29,BRK-B,0.01912180277281084
2015-05-29,BMY,0.02657352986649512
2015-05-29,BLK,0.02300750368187999
2015-05-29,BKNG,0.02962916148461053
2015-05-29,BAC,0.019203391045920285
2015-05-29,BA,0.028395172580873228
2015-05-29,AXP,0.019221401010648675
2015-05-29,AMZN,0.016841894836029752
2015-05-29,AMT,0.02587459799869097
2015-05-29,AMGN,0.027415084710092467
2015-05-29,AMD,0.08807669588970153
2015-05-29,AIG,0.009834105091259326
2015-05-29,ADBE,0.018079102323881303
2015-05-29,ACN,0.010274504153284734
2015-05-29,ABT,0.012831273472186485
2015-05-29,COF,0.01265400617127166
2015-05-29,COP,0.02618943014608678
2015-05-29,AAPL,0.017537768725640727
2015-05-29,CRM,0.020935052579024737
2015-05-29,COST,0.018726616572821302
2015-05-29,IBM,0.022581139319981715
2015-05-29,HON,0.01468109016032511
2015-05-29,HD,0.0175267346471415
2015-05-29,GS,0.012550587246623935
2015-05-29,GOOGL,0.027033260468670543
2015-05-29,GILD,0.012859989095157238
2015-05-29,GE,0.016303941150101916
2015-05-29,GD,0.016325448594597978
2015-05-29,GOOG,0.027444187035786112
2015-05-29,F,0.02870849147643093
2015-05-29,EMR,0.018277035177429436
2015-05-29,DUK,0.023264574579173736
2015-05-29,CSCO,0.01787346721118721
2015-05-29,DIS,0.01382962781332835
2015-05-29,DHR,0.008705206866195598
2015-05-29,DE,0.010283545051655305
2015-05-29,CVX,0.02870849147643093
2015-05-29,CVS,0.013154898352215836
2015-05-29,FDX,0.020942560623738615
2015-06-30,ORCL,0.03279394689943897
2015-06-30,MO,0.0161410543164967
2015-06-30,NKE,0.00633802289295545
2015-06-30,NFLX,0.030948201491361873
2015-06-30,NEE,0.028468493501108454
2015-06-30,MSFT,0.033606880944596115
2015-06-30,MS,0.01988611069077208
2015-06-30,MRK,0.030156562458286174
2015-06-30,NVDA,0.036325873482962824
2015-06-30,MCD,0.014614820780826031
2015-06-30,MDT,0.02486742002300081
2015-06-30,MDLZ,0.015915348849660838
2015-06-30,MA,0.017247996835155613
2015-06-30,LOW,0.02797909818791713
2015-06-30,LMT,0.01778310665125146
2015-06-30,LLY,0.010024586038291523
2015-06-30,LIN,0.016958175288725244
2015-06-30,PEP,0.015099024773960312
2015-06-30,MET,0.012263459120402265
2015-06-30,PFE,0.013113767174900997
2015-06-30,TMO,0.019790320862086815
2015-06-30,PM,0.015736454942075956
2015-06-30,XOM,0.02057874842959145
2015-06-30,WMT,0.03124228670682491
2015-06-30,WFC,0.00831297998563115
2015-06-30,VZ,0.018112147554959917
2015-06-30,V,0.02247552322479435
2015-06-30,USB,0.014583084572761537
2015-06-30,UPS,0.024366505172693866
2015-06-30,UNP,0.03526649826332801
2015-06-30,UNH,0.013650331846456474
2015-06-30,PG,0.014090308978058998
2015-06-30,TXN,0.034191145517039445
2015-06-30,KO,0.019440888424358392
2015-06-30,TGT,0.016107525763985903
2015-06-30,T,0.010481629895006166
2015-06-30,SPG,0.027670096925331723
2015-06-30,SO,0.016210126354080312
2015-06-30,SCHW,0.015258937904609452
2015-06-30,SBUX,0.012746066781386982
2015-06-30,RTX,0.022671367342216187
2015-06-30,QCOM,0.03712548241894959
2015-06-30,TMUS,0.01676140939653106
2015-06-30,JPM,0.014100832234293507
2015-06-30,MMM,0.02061127256644778
2015-06-30,INTC,0.03428226268142427
2015-06-30,CL,0.016464238828812826
2015-06-30,CAT,0.026804765471377227
2015-06-30,C,0.01970434612735555
2015-06-30,BRK-B,0.0311871434818231
2015-06-30,BMY,0.01587296209584227
2015-06-30,BLK,0.02993407783364218
2015-06-30,BKNG,0.01810176982316115
2015-06-30,BAC,0.016989638536039537
2015-06-30,BA,0.024712945697691894
2015-06-30,AXP,0.025090337733895348
2015-06-30,AMZN,0.021949278759313944
2015-06-30,AMT,0.02365501646884587
2015-06-30,AMGN,0.024869143510966796
2015-06-30,AMD,0.06279617733975078
2015-06-30,AIG,0.010012781498024514
2015-06-30,ADBE,0.01970434612735555
2015-06-30,ACN,0.012275428765418235
2015-06-30,ABT,0.016160735463135418
2015-06-30,AAPL,0.02525163675944824
2015-06-30,CMCSA,0.014100832234293507
2015-06-30,COF,0.008969736762816904
2015-06-30,JNJ,0.01855118716842756
2015-06-30,COST,0.027590737296337185
2015-06-30,COP,0.04175421307200462
2015-06-30,IBM,0.024737506564160416
2015-06-30,HON,0.017224813324148647
2015-06-30,HD,0.019170488417743752
2015-06-30,GS,0.01641610892303769
2015-06-30,GOOGL,0.024712945697691894
2015-06-30,GILD,0.01583780468782711
2015-06-30,GE,0.021970791354327612
2015-06-30,GD,0.01971673678012086
2015-06-30,FDX,0.026396584861596052
2015-06-30,GOOG,0.0256361142691827
2015-06-30,EMR,0.031325220625207935
2015-06-30,DUK,0.028048976941998822
2015-06-30,DIS,0.010267471402943968
2015-06-30,CRM,0.0365184495036952
2015-06-30,DHR,0.010148540535776625
2015-06-30,DE,0.008153452444951095
2015-06-30,CVX,0.03077910551313553
2015-06-30,CVS,0.00609886174089872
2015-06-30,CSCO,0.030314225995244713
2015-06-30,F,0.01977262017983621
2015-07-31,ORCL,0.019245827066896582
2015-07-31,MO,0.009515402525777213
2015-07-31,NKE,0.009707092165364518
2015-07-31,NFLX,-0.0037949118050932085
2015-07-31,NEE,0.010734282787467157
2015-07-31,MSFT,0.012184016763833978
2015-07-31,MS,0.019245827066896582
2015-07-31,MRK,0.014164797243416878
2015-07-31,NVDA,0.022959492495345235
2015-07-31,MCD,0.0060675253377310895
2015-07-31,MDT,0.011760117444104164
2015-07-31,MDLZ,0.0108269895602887
2015-07-31,MA,0.014470588742680698
2015-07-31,LOW,0.013886750181437866
2015-07-31,LMT,0.006827739625601058
2015-07-31,LLY,0.01587615750586882
2015-07-31,LIN,0.02267784303584342
2015-07-31,PEP,0.008926154044902528
2015-07-31,MET,0.019245827066896582
2015-07-31,PFE,0.005289023753005483
2015-07-31,TMO,0.010798326519897658
2015-07-31,PM,0.010156756039112915
2015-07-31,XOM,0.02595368450616347
2015-07-31,WMT,0.016480112682592356
2015-07-31,WFC,0.006919409552133852
2015-07-31,VZ,0.010630256103422976
2015-07-31,V,0.010263959793207478
2015-07-31,USB,0.00904577343331388
2015-07-31,UPS,0.010894648252286709
2015-07-31,UNP,0.02012620342155712
2015-07-31,UNH,0.016219162125004124
2015-07-31,PG,0.024230027177231946
2015-07-31,TXN,0.023155131812387635
2015-07-31,KO,0.007401783592460745
2015-07-31,TGT,0.01646269875388955
2015-07-31,T,0.008224590317852276
2015-07-31,SPG,0.010739843311227674
2015-07-31,SO,0.004715276907634048
2015-07-31,SCHW,0.012897965052091492
2015-07-31,SBUX,0.008560978821579163
2015-07-31,RTX,0.030788916106828088
2015-07-31,QCOM,0.0163725288224516
2015-07-31,TMUS,0.018764225076059862
2015-07-31,JPM,0.015513472371883948
2015-07-31,MMM,0.021826004457407334
2015-07-31,INTC,0.018291982559860556
2015-07-31,CL,0.003181446437421912
2015-07-31,CAT,0.014049010644125247
2015-07-31,C,0.012184016763833978
2015-07-31,BRK-B,0.009993983980607319
2015-07-31,BMY,0.021531633499851134
2015-07-31,BLK,0.023460161931165943
2015-07-31,BKNG,0.018126326756524962
2015-07-31,BAC,0.013272829754111284
2015-07-31,BA,0.015561421395121164
2015-07-31,AXP,0.00992772928714729
2015-07-31,AMZN,0.0026179459642783664
2015-07-31,AMT,0.017848528684603054
2015-07-31,AMGN,0.010319992955480055
2015-07-31,AMD,0.021811182738160895
2015-07-31,AIG,0.013165759931837112
2015-07-31,ADBE,0.015326669240906896
2015-07-31,ACN,0.009146994546417373
2015-07-31,ABT,0.013198178971795956
2015-07-31,AAPL,0.02669892849315078
2015-07-31,CMCSA,0.016818737035129216
2015-07-31,COF,0.035348909489777494
2015-07-31,JNJ,0.006379659735405917
2015-07-31,COST,0.006520804849456648
2015-07-31,COP,0.03160611104446757
2015-07-31,IBM,0.01560840692408489
2015-07-31,HON,0.012816945523199626
2015-07-31,HD,0.011154471968340436
2015-07-31,GS,0.021625972395756282
2015-07-31,GOOGL,0.0070266731641850265
2015-07-31,GILD,0.017280723804378995
2015-07-31,GE,0.018401150615678017
2015-07-31,GD,0.012455977747090605
2015-07-31,FDX,0.019043127784221524
2015-07-31,GOOG,0.0014820459883315284
2015-07-31,EMR,0.013031596697473455
2015-07-31,DUK,0.01182865630150498
2015-07-31,DIS,0.010210151016639328
2015-07-31,CRM,0.014830275107300972
2015-07-31,DHR,0.006976801291423453
2015-07-31,DE,0.015400208940872842
2015-07-31,CVX,0.027848830348365036
2015-07-31,CVS,0.0016911598066502464
2015-07-31,CSCO,0.020606749501316298
2015-07-31,F,0.017010474749136025
2015-08-31,ORCL,0.028897234752094627
2015-08-31,MO,0.0166749490550255
2015-08-31,NKE,0.01901256312086908
2015-08-31,NFLX,0.02933608238689151
2015-08-31,NEE,0.03043869662026459
2015-08-31,MSFT,0.027565773086287562
2015-08-31,MS,0.028512647660341162
2015-08-31,MRK,0.0329268143016293
2015-08-31,NVDA,0.005177156589199668
2015-08-31,MCD,0.02267097436362738
2015-08-31,MDT,0.031418431120403316
2015-08-31,MDLZ,0.023512521628526708
2015-08-31,MA,0.02663773323043592
2015-08-31,LOW,0.018292092453430088
2015-08-31,LMT,0.02038219736954517
2015-08-31,LLY,0.019602734714703206
2015-08-31,LIN,0.00850809682819646
2015-08-31,PEP,0.015432503117877932
2015-08-31,MET,0.028596431558220125
2015-08-31,PFE,0.0326477266664993
2015-08-31,TMO,0.028773671231639243
2015-08-31,PM,0.024526981855557586
2015-08-31,XOM,0.018516150555596213
2015-08-31,WMT,0.029271170551411922
2015-08-31,WFC,0.02796896372535083
2015-08-31,VZ,0.008489301346102863
2015-08-31,V,0.023016748574120536
2015-08-31,USB,0.02773689429695853
2015-08-31,UPS,0.022254285635865893
2015-08-31,UNP,0.03700288673699809
2015-08-31,UNH,0.024910071057973073
2015-08-31,PG,0.019927403690625504
2015-08-31,TXN,0.0264455441427235
2015-08-31,KO,0.014417484636484068
2015-08-31,TGT,0.022518318557239656
2015-08-31,T,0.016455027975052543
2015-08-31,SPG,0.027440852994163482
2015-08-31,SO,0.01684121817500923
2015-08-31,SCHW,0.030538356142545377
2015-08-31,SBUX,0.021708625336443004
2015-08-31,RTX,0.03124373530114609
2015-08-31,QCOM,0.029661527568323447
2015-08-31,TMUS,0.019734958487813693
2015-08-31,JPM,0.025006727353021587
2015-08-31,MMM,0.02377056772688683
2015-08-31,INTC,0.0218100964259265
2015-08-31,CL,0.027750788965748115
2015-08-31,CAT,0.018018202120596176
2015-08-31,C,0.025982725665843177
2015-08-31,BRK-B,0.024601594390559114
2015-08-31,BMY,0.031348390033672555
2015-08-31,BLK,0.028734629112681324
2015-08-31,BKNG,0.019260762382453216
2015-08-31,BAC,0.025352734867691813
2015-08-31,BA,0.028773671231639243
2015-08-31,AXP,0.017800813662551946
2015-08-31,AMZN,0.03205887471071235
2015-08-31,AMT,0.022500620037021957
2015-08-31,AMGN,0.041993175448162674
2015-08-31,AMD,0.18400360871009974
2015-08-31,AIG,0.023842439695317772
2015-08-31,ADBE,0.025991365661824677
2015-08-31,ACN,0.028558037259926932
2015-08-31,ABT,0.031305650201252866
2015-08-31,AAPL,0.03536172933722198
2015-08-31,CMCSA,0.02783125689685338
2015-08-31,COF,0.04183110425495578
2015-08-31,JNJ,0.021736316915491397
2015-08-31,COST,0.01957930964657083
2015-08-31,COP,0.03801882977740044
2015-08-31,IBM,0.016329836451536364
2015-08-31,HON,0.02645989414906098
2015-08-31,HD,0.019376020551006973
2015-08-31,GS,0.027906242925666458
2015-08-31,GOOGL,0.02422844303187776
2015-08-31,GILD,0.03558014395460777
2015-08-31,GE,0.02212351552391232
2015-08-31,GD,0.02594290569821561
2015-08-31,FDX,0.03182528704528113
2015-08-31,GOOG,0.03072665312869826
2015-08-31,EMR,-5.1230605061957164e-05
2015-08-31,DUK,0.022500620037021957
2015-08-31,DIS,0.030920856968070114
2015-08-31,CRM,0.02571447614350436
2015-08-31,DHR,0.022873118672417876
2015-08-31,DE,0.0288419492411138
2015-08-31,CVX,0.036384786855082535
2015-08-31,CVS,0.032848737681913674
2015-08-31,CSCO,0.028773671231639243
2015-08-31,F,0.021949307272024876
2015-09-30,ORCL,0.022763706700317365
2015-09-30,MO,0.014443332253026733
2015-09-30,NKE,0.005890504872629404
2015-09-30,NFLX,0.01085512121683304
2015-09-30,NEE,0.0168550560381497
2015-09-30,MSFT,0.022841519302994884
2015-09-30,MS,0.027042924438741848
2015-09-30,MRK,0.022464251026748244
2015-09-30,NVDA,0.00062317718381039
2015-09-30,MCD,0.011026480910231928
2015-09-30,MDT,0.02414380200579228
2015-09-30,MDLZ,0.01174847249701708
2015-09-30,MA,0.0226533813723719
2015-09-30,LOW,0.01740036159094661
2015-09-30,LMT,0.010498225221847266
2015-09-30,LLY,0.021898272414899014
2015-09-30,LIN,0.0006038034604445839
2015-09-30,PEP,0.001458904295173152
2015-09-30,MET,0.02002700817270443
2015-09-30,PFE,0.018386147774639566
2015-09-30,TMO,0.019311016276851528
2015-09-30,PM,0.01621441652251609
2015-09-30,XOM,0.01492571842316216
2015-09-30,WMT,0.008942698905957757
2015-09-30,WFC,0.01419598478160568
2015-09-30,VZ,0.009963231249744407
2015-09-30,V,0.019084880080896698
2015-09-30,USB,0.01378012703000544
2015-09-30,UPS,0.015105371616253242
2015-09-30,UNP,0.022952544982822384
2015-09-30,UNH,0.01809263224714461
2015-09-30,PG,-0.006734317450391398
2015-09-30,TXN,0.01694057409160963
2015-09-30,KO,0.007424459681383272
2015-09-30,TGT,0.01621441652251609
2015-09-30,T,0.008723513023225252
2015-09-30,SPG,0.013334287346763892
2015-09-30,SO,0.008158133716593534
2015-09-30,SCHW,0.04610213921556701
2015-09-30,SBUX,0.008471633721779313
2015-09-30,RTX,0.016612403584212468
2015-09-30,QCOM,0.015937175615729753
2015-09-30,TMUS,0.021293918895778967
2015-09-30,JPM,0.020176013564776413
2015-09-30,MMM,0.0168550560381497
2015-09-30,INTC,0.007329222998958311
2015-09-30,CL,0.011838756103326874
2015-09-30,CAT,0.021134112069370305
2015-09-30,C,0.023187961688780928
2015-09-30,BRK-B,0.012485431557402948
2015-09-30,BMY,0.025317078765949547
2015-09-30,BLK,0.015092904695202643
2015-09-30,BKNG,0.023203039367795362
2015-09-30,BAC,0.026971049205666453
2015-09-30,BA,0.01911149259290524
2015-09-30,AXP,0.0207036153997575
2015-09-30,AMZN,0.040293121392049776
2015-09-30,AMT,0.01927417128572235
2015-09-30,AMGN,0.039170954418713065
2015-09-30,AMD,0.06523703545047514
2015-09-30,AIG,0.017455769153835503
2015-09-30,ADBE,0.013474866485667845
2015-09-30,ACN,0.011273202495286065
2015-09-30,ABT,0.02764632807951937
2015-09-30,AAPL,0.03875848590251322
2015-09-30,CMCSA,0.01717039084783916
2015-09-30,COF,0.03452110373403372
2015-09-30,JNJ,0.0012532162241857979
2015-09-30,COST,0.012045409036333858
2015-09-30,COP,0.04365814608418717
2015-09-30,IBM,0.015319854777840782
2015-09-30,HON,0.01713159802794517
2015-09-30,HD,0.015815639359908422
2015-09-30,GS,0.02479771042940194
2015-09-30,GOOGL,0.028275565788903417
2015-09-30,GILD,0.05092793048525405
2015-09-30,GE,0.014620535510360307
2015-09-30,GD,0.020148299117586616
2015-09-30,FDX,0.016102432279364084
2015-09-30,GOOG,0.018307027961100817
2015-09-30,EMR,0.022981579100012715
2015-09-30,DUK,0.014624158336144027
2015-09-30,DIS,0.014871276977712686
2015-09-30,CRM,0.03322222842493199
2015-09-30,DHR,0.017138894202140348
2015-09-30,DE,0.0209682620223644
2015-09-30,CVX,0.036056092953389234
2015-09-30,CVS,0.023097392448081202
2015-09-30,CSCO,0.01688059489089956
2015-09-30,F,0.017701738864831555
2015-10-30,ORCL,0.01184574353802564
2015-10-30,MO,0.009447277380944521
2015-10-30,NKE,0.008598371597200697
2015-10-30,NFLX,-0.01526328591089446
2015-10-30,NEE,0.011793549718352975
2015-10-30,MSFT,0.005520946514239622
2015-10-30,MS,0.021827999474800495
2015-10-30,MRK,0.008666040426039825
2015-10-30,NVDA,-0.0021183143375524648
2015-10-30,MCD,0.0047660472775623896
2015-10-30,MDT,0.009825250851134495
2015-10-30,MDLZ,0.008721930714492877
2015-10-30,MA,0.00704501415100599
2015-10-30,LOW,0.012273723523993902
2015-10-30,LMT,0.008025262524836293
2015-10-30,LLY,0.02891466332142299
2015-10-30,LIN,0.00751273914227383
2015-10-30,PEP,0.001126764063581548
2015-10-30,MET,0.008815222522374993
2015-10-30,PFE,0.016104939118363946
2015-10-30,TMO,0.004869898390545409
2015-10-30,PM,0.009105547718836706
2015-10-30,XOM,0.007478790688880728
2015-10-30,WMT,0.044311616195495104
2015-10-30,WFC,0.011998599328811936
2015-10-30,VZ,0.002125907810133179
2015-10-30,V,0.006511197646982692
2015-10-30,USB,0.014525254276879111
2015-10-30,UPS,0.013082060358145305
2015-10-30,UNP,0.03532071343126352
2015-10-30,UNH,0.03118236608777733
2015-10-30,PG,-0.0003482219999661932
2015-10-30,TXN,-0.0006492170364469856
2015-10-30,KO,0.008833502094632463
2015-10-30,TGT,0.023533377172820204
2015-10-30,T,0.0042733418413148025
2015-10-30,SPG,0.009818315353862954
2015-10-30,SO,0.013734601817963531
2015-10-30,SCHW,0.015824580303459002
2015-10-30,SBUX,0.00665588070911816
2015-10-30,RTX,0.011731248738498198
2015-10-30,QCOM,0.030441783730073096
2015-10-30,TMUS,0.029207894504675994
2015-10-30,JPM,0.010609236033189563
2015-10-30,MMM,0.009015444494001589
2015-10-30,INTC,0.012034882752570067
2015-10-30,CL,0.017051494066377473
2015-10-30,CAT,0.0195011400207249
2015-10-30,C,0.010514585064872538
2015-10-30,BRK-B,0.013501261751132622
2015-10-30,BMY,0.009289486483374387
2015-10-30,BLK,-0.00024302662017154536
2015-10-30,BKNG,0.010444525725709964
2015-10-30,BAC,0.013488993882404984
2015-10-30,BA,0.007037677289437644
2015-10-30,AXP,0.02182842281302968
2015-10-30,AMZN,-0.010380617367219147
2015-10-30,AMT,0.007560139133738597
2015-10-30,AMGN,0.019915452539645134
2015-10-30,AMD,-0.039445518164451146
2015-10-30,AIG,0.006000016583625993
2015-10-30,ADBE,0.01265034928610695
2015-10-30,ACN,0.007991689489603071
2015-10-30,ABT,0.00877388656138682
2015-10-30,AAPL,0.013790800443770818
2015-10-30,CMCSA,0.00872291992872948
2015-10-30,COF,0.017048298499219426
2015-10-30,JNJ,0.006291363045860214
2015-10-30,COST,0.007761667275576572
2015-10-30,COP,0.02304701621263017
2015-10-30,IBM,0.03167346182486032
2015-10-30,HON,0.0067828596451768915
2015-10-30,HD,0.009788653828956441
2015-10-30,GS,0.009931342931063973
2015-10-30,GOOGL,0.017853825787691107
2015-10-30,GILD,0.02146314275469512
2015-10-30,GE,0.006511197646982692
2015-10-30,GD,0.008830766064076475
2015-10-30,FDX,0.008660669343512983
2015-10-30,GOOG,0.012363632117515825
2015-10-30,EMR,0.020840078791640057
2015-10-30,DUK,0.012210436459964885
2015-10-30,DIS,0.01062064495652749
2015-10-30,CRM,0.018038847857841406
2015-10-30,DHR,0.007501853065857679
2015-10-30,DE,0.016750738134922324
2015-10-30,CVX,0.013031486915753268
2015-10-30,CVS,0.020338261766399957
2015-10-30,CSCO,0.006511197646982692
2015-10-30,F,0.008332773161943738
2015-11-30,MRK,0.02094742624741606
2015-11-30,NVDA,0.007001550560499705
2015-11-30,NKE,0.017807146202168802
2015-11-30,NFLX,-0.009357235104209344
2015-11-30,NEE,0.01663353238848674
2015-11-30,MSFT,0.022636982112753626
2015-11-30,ORCL,0.019230547977548047
2015-11-30,MS,0.02026449492926036
2015-11-30,MO,0.019856407195190537
2015-11-30,MCD,0.012829038340573508
2015-11-30,MET,0.018219179868777156
2015-11-30,MDT,0.01707286747877986
2015-11-30,MDLZ,0.021484914762382082
2015-11-30,MA,0.021484914762382082
2015-11-30,LOW,0.01288328208475686
2015-11-30,LMT,0.017781069922148944
2015-11-30,LLY,0.036023339306392406
2015-11-30,LIN,0.00504751766446238
2015-11-30,PEP,0.010776482467610805
2015-11-30,MMM,0.016620817595536175
2015-11-30,PFE,0.02134202154761744
2015-11-30,KO,0.009458753933231891
2015-11-30,PM,0.017091272939421514
2015-11-30,XOM,0.016758224062281706
2015-11-30,WMT,0.05009721778809173
2015-11-30,WFC,0.01773390931800404
2015-11-30,VZ,0.00704928143187349
2015-11-30,V,0.018453101357616877
2015-11-30,USB,0.013885330064597197
2015-11-30,UPS,0.01663353238848674
2015-11-30,UNP,0.0320654544245176
2015-11-30,UNH,0.03345249317747908
2015-11-30,PG,-0.011250371582900681
2015-11-30,TXN,0.02308071705282459
2015-11-30,TMO,0.010234145848023775
2015-11-30,TGT,0.02480518239265553
2015-11-30,T,0.007879251656531824
2015-11-30,SPG,0.02404606411922273
2015-11-30,SO,0.01436893636842296
2015-11-30,SCHW,0.02020364234612306
2015-11-30,SBUX,0.01780328404567812
2015-11-30,RTX,0.015901534369445542
2015-11-30,QCOM,0.0400080095314698
2015-11-30,TMUS,0.03565627218728403
2015-11-30,JPM,0.014749862855530536
2015-11-30,JNJ,0.011328238631380301
2015-11-30,INTC,0.010840440446790316
2015-11-30,CMCSA,0.021879494673110202
2015-11-30,CL,0.02283622735440974
2015-11-30,CAT,0.01702727495673963
2015-11-30,C,0.019269169886676468
2015-11-30,BRK-B,0.011423110407303679
2015-11-30,BMY,0.021082833935954576
2015-11-30,BLK,0.013842239279550044
2015-11-30,BKNG,0.028328663492702938
2015-11-30,BA,0.018761032111381123
2015-11-30,AXP,0.00408825638126363
2015-11-30,AMZN,0.018319673637204503
2015-11-30,AMT,0.018022228955096434
2015-11-30,AMGN,0.030499977348021567
2015-11-30,AMD,0.0061625198352602065
2015-11-30,AIG,0.015459567042003351
2015-11-30,ADBE,0.014683215306526649
2015-11-30,ACN,0.01536284094856457
2015-11-30,ABT,0.02534775958502573
2015-11-30,AAPL,0.027507025018124884
2015-11-30,COF,0.0288016645824346
2015-11-30,COP,0.04131521866833418
2015-11-30,BAC,0.021798867198493964
2015-11-30,CRM,0.019215235208138413
2015-11-30,COST,0.011168610929030036
2015-11-30,HON,0.014274626708147258
2015-11-30,HD,0.009103774081293028
2015-11-30,GS,0.022520828621833182
2015-11-30,GOOGL,0.016329793817037207
2015-11-30,GOOG,0.022206455572507316
2015-11-30,GILD,0.030314299115663374
2015-11-30,GE,0.018046790961223975
2015-11-30,GD,0.01858571575526839
2015-11-30,FDX,0.0113824665286798
2015-11-30,IBM,0.01918699097321887
2015-11-30,EMR,0.010873298609120318
2015-11-30,DUK,0.015314519092898266
2015-11-30,DIS,0.02027540515441846
2015-11-30,DHR,0.011584625064478535
2015-11-30,DE,0.01953693201120666
2015-11-30,CVX,0.023737306660745097
2015-11-30,CVS,0.02390317090445809
2015-11-30,CSCO,0.02188831181970401
2015-11-30,F,0.027428938364933358
2015-12-31,MRK,0.02097210736905333
2015-12-31,MS,0.038388026069632805
2015-12-31,MSFT,0.021414703782685063
2015-12-31,NVDA,0.04836433101121512
2015-12-31,NFLX,0.058021107618765264
2015-12-31,NKE,0.02558938903963124
2015-12-31,MO,0.014623249430410165
2015-12-31,NEE,0.012620335384892085
2015-12-31,MMM,0.02313458267907699
2015-12-31,KO,0.01226608902788712
2015-12-31,MDT,0.016060894325789266
2015-12-31,MDLZ,0.014896956819937215
2015-12-31,MCD,0.012426458069222674
2015-12-31,MA,0.019983677404351124
2015-12-31,LOW,0.01799460035781713
2015-12-31,LMT,0.016136729759519384
2015-12-31,LLY,0.029524156102455672
2015-12-31,LIN,-0.001489453680945892
2015-12-31,ORCL,0.01702912529528339
2015-12-31,MET,0.02432133470135255
2015-12-31,PEP,0.009106269883667273
2015-12-31,TGT,0.02461458088390132
2015-12-31,PG,0.0038268781285213573
2015-12-31,JPM,0.020386260476102806
2015-12-31,WMT,0.009238511411515715
2015-12-31,WFC,0.021329280232997662
2015-12-31,VZ,0.011614592283763355
2015-12-31,V,0.021468455004297827
2015-12-31,USB,0.021500823024501216
2015-12-31,UPS,0.019332414550631248
2015-12-31,UNP,0.01036791209257839
2015-12-31,UNH,0.024472330310470584
2015-12-31,PFE,0.023923732978239725
2015-12-31,TXN,0.031744638660160106
2015-12-31,TMO,0.012905745924047494
2015-12-31,T,0.006899851916521147
2015-12-31,SPG,0.012620335384892085
2015-12-31,SO,0.00928717323667077
2015-12-31,SCHW,0.023939889086668446
2015-12-31,SBUX,0.022289697640039467
2015-12-31,RTX,-0.0046392416955542875
2015-12-31,QCOM,0.04999710914438384
2015-12-31,PM,0.013802767504477086
2015-12-31,TMUS,0.016564263238987523
2015-12-31,XOM,0.019032267636693658
2015-12-31,JNJ,0.007683532666262654
2015-12-31,IBM,0.020380182207917794
2015-12-31,CL,0.016773557654387178
2015-12-31,CAT,0.013115176659067309
2015-12-31,C,0.02818733195671614
2015-12-31,BRK-B,0.015026604144659008
2015-12-31,BMY,0.016631010201986443
2015-12-31,BLK,0.021616975918214165
2015-12-31,BKNG,0.025323004969550315
2015-12-31,BAC,0.02631176951756647
2015-12-31,AXP,-0.04833916435414709
2015-12-31,AMZN,0.022296199712522884
2015-12-31,AMT,0.019935056879799382
2015-12-31,AMGN,0.02376815647017597
2015-12-31,AMD,0.016864702651628222
2015-12-31,AIG,0.019110647902683388
2015-12-31,ADBE,0.014336577205654524
2015-12-31,ACN,0.021468455004297827
2015-12-31,ABT,0.018233235307054393
2015-12-31,AAPL,0.03021434666300335
2015-12-31,INTC,0.018855297759507565
2015-12-31,CMCSA,0.02328488860145025
2015-12-31,COF,0.03310599010427191
2015-12-31,BA,0.02061047748529261
2015-12-31,COST,0.01587542820543995
2015-12-31,COP,0.0438168607111154
2015-12-31,HD,0.01576230841494821
2015-12-31,GS,0.026969409346969807
2015-12-31,GOOGL,0.01466112148794904
2015-12-31,GOOG,0.019130962782003495
2015-12-31,GILD,0.029958528116228775
2015-12-31,GE,0.010211258202364135
2015-12-31,GD,0.024698564293292924
2015-12-31,FDX,0.022119037117129595
2015-12-31,F,0.02097210736905333
2015-12-31,HON,0.01799460035781713
2015-12-31,DUK,0.0018777181450543327
2015-12-31,DIS,0.02442716378369947
2015-12-31,DHR,0.020251276788888342
2015-12-31,DE,0.029777742398263363
2015-12-31,CVX,0.012846266744600652
2015-12-31,CVS,0.01600611400951197
2015-12-31,CSCO,0.01918940900857426
2015-12-31,CRM,0.01619486005740536
2015-12-31,EMR,0.009517123364374066
2016-01-29,MRK,-0.0070909462522112604
2016-01-29,ORCL,0.00040302483983873565
2016-01-29,NVDA,0.03991494042090794
2016-01-29,NKE,0.014676634739664945
2016-01-29,NFLX,-0.0009688566372037211
2016-01-29,NEE,0.007276025441218158
2016-01-29,MSFT,0.015468346525011544
2016-01-29,MS,0.04264257901991701
2016-01-29,MO,0.008931858011895869
2016-01-29,PEP,0.010832420412592303
2016-01-29,MET,0.01787563383826176
2016-01-29,MDT,0.014600414926716996
2016-01-29,MDLZ,0.015408065062311172
2016-01-29,MCD,0.01059499644814533
2016-01-29,MA,0.01694345730611892
2016-01-29,LOW,0.01686723749317097
2016-01-29,LMT,0.017323327532438735
2016-01-29,LLY,0.030225442377187463
2016-01-29,LIN,-0.005234733345242734
2016-01-29,MMM,0.009460802296311464
2016-01-29,PFE,0.01868059692292983
2016-01-29,KO,0.011007572709752788
2016-01-29,PM,0.011658930144553454
2016-01-29,XOM,0.008654484288901145
2016-01-29,WMT,0.0021264813146806482
2016-01-29,WFC,0.01686723749317097
2016-01-29,VZ,0.007455903778803374
2016-01-29,V,0.01571353762206315
2016-01-29,USB,0.005406074823717913
2016-01-29,UPS,0.006838071862737699
2016-01-29,UNP,0.012890982386149333
2016-01-29,UNH,0.017495763611941946
2016-01-29,PG,0.009134955202699115
2016-01-29,TXN,0.01607623623913316
2016-01-29,TMO,0.020356897268191388
2016-01-29,TGT,0.010131587215797487
2016-01-29,T,0.006790758371691612
2016-01-29,SPG,0.008989130237352639
2016-01-29,SO,0.00772853883432757
2016-01-29,SCHW,0.03999574328092559
2016-01-29,SBUX,0.011735149957501403
2016-01-29,RTX,-0.01378371166260155
2016-01-29,QCOM,0.0061382096600681646
2016-01-29,TMUS,0.019830229246477978
2016-01-29,JPM,0.01694345730611892
2016-01-29,JNJ,0.009640680633896686
2016-01-29,INTC,0.0056806274101653224
2016-01-29,CMCSA,0.014600414926716996
2016-01-29,CL,0.009100091075969667
2016-01-29,CAT,-0.026784090051312884
2016-01-29,C,0.028701956796090757
2016-01-29,BRK-B,0.004627145985845665
2016-01-29,BMY,0.02399755089023807
2016-01-29,BLK,0.010935895262671637
2016-01-29,BKNG,0.0460969152818842
2016-01-29,BA,0.02103706633644307
2016-01-29,AXP,0.01357270553043102
2016-01-29,AMZN,0.045294115604602454
2016-01-29,AMT,-0.0011374466419402604
2016-01-29,AMGN,0.020477653413569257
2016-01-29,AMD,0.034482965093562065
2016-01-29,AIG,0.020100361651546828
2016-01-29,ADBE,0.01571353762206315
2016-01-29,ACN,0.011735149957501403
2016-01-29,ABT,0.02042355002642924
2016-01-29,AAPL,0.02820191700348716
2016-01-29,COF,0.009267002024823251
2016-01-29,COP,0.0022172391611988227
2016-01-29,BAC,0.02314109143678744
2016-01-29,CRM,0.02676456078983745
2016-01-29,COST,0.02043311708113934
2016-01-29,HON,0.012220118650980783
2016-01-29,HD,0.016645302994895028
2016-01-29,GS,0.013154112997874138
2016-01-29,GOOGL,0.018508552624694682
2016-01-29,GOOG,0.016229800981057016
2016-01-29,GILD,0.03570698658275545
2016-01-29,GE,0.016645302994895028
2016-01-29,GD,0.010590089939925162
2016-01-29,FDX,-0.01766528279184652
2016-01-29,IBM,0.007951931411437577
2016-01-29,EMR,-0.011200398933181591
2016-01-29,DUK,-0.002112641543406491
2016-01-29,DIS,0.022926013635354237
2016-01-29,DHR,0.01705989258120605
2016-01-29,DE,0.009460802296311464
2016-01-29,CVX,0.021811799715110183
2016-01-29,CVS,0.010920796203973107
2016-01-29,CSCO,0.013073640174019288
2016-01-29,F,0.011509064940797712
2016-02-29,MS,0.052755752651608985
2016-02-29,MSFT,0.018804036398165403
2016-02-29,NEE,0.009019090638618174
2016-02-29,ORCL,0.004831289253221579
2016-02-29,NKE,0.012948815580910867
2016-02-29,NVDA,0.016490198991722126
2016-02-29,MRK,-0.0038659341077252004
2016-02-29,NFLX,-0.03959342671436597
2016-02-29,MO,0.01200470127497231
2016-02-29,LIN,0.004931407229640982
2016-02-29,MET,-0.011099281763869684
2016-02-29,MDT,0.006237648778926913
2016-02-29,MDLZ,0.02700828547021895
2016-02-29,MCD,0.015151082686993134
2016-02-29,MA,0.016415160186580104
2016-02-29,LOW,0.0151438279192113
2016-02-29,LMT,0.009209298567695999
2016-02-29,LLY,0.024979319229601255
2016-02-29,PEP,0.0120156658580582
2016-02-29,MMM,0.0016415227660534879
2016-02-29,PFE,-0.0007692191410400526
2016-02-29,TGT,0.006293681686315284
2016-02-29,PM,0.012286822100089082
2016-02-29,KO,0.010054300441189138
2016-02-29,WMT,-0.004067735082043955
2016-02-29,WFC,0.013029272299550134
2016-02-29,VZ,0.008036093427423723
2016-02-29,V,0.011346653952360133
2016-02-29,USB,0.011783456831118375
2016-02-29,UPS,0.005196196964902513
2016-02-29,UNP,0.02858769711769909
2016-02-29,UNH,0.009399925928161584
2016-02-29,TXN,0.01615901593270984
2016-02-29,TMUS,0.032178924087569095
2016-02-29,TMO,0.010110648111599858
2016-02-29,T,0.008692014394192952
2016-02-29,SPG,0.005350077889138568
2016-02-29,SO,0.012917494249112621
2016-02-29,SCHW,0.03391820168141047
2016-02-29,SBUX,0.014029686487291535
2016-02-29,RTX,0.0034758073132003103
2016-02-29,QCOM,0.024223626069693575
2016-02-29,PG,0.011561095070786344
2016-02-29,XOM,0.0024764227521105477
2016-02-29,JPM,0.03277394955051133
2016-02-29,INTC,0.010997969928702368
2016-02-29,CL,0.013229630865780868
2016-02-29,CAT,0.005276933090458499
2016-02-29,C,0.016130004629315606
2016-02-29,BRK-B,0.003925401038417431
2016-02-29,BMY,0.009374019496612073
2016-02-29,BLK,0.016342538337000834
2016-02-29,BKNG,-0.0024011348106770707
2016-02-29,BA,0.00824443666428743
2016-02-29,AXP,0.031280121336480844
2016-02-29,AMZN,0.033387343874281494
2016-02-29,AMT,0.008901600742101319
2016-02-29,AMGN,0.022011627674451195
2016-02-29,AMD,0.053559314303898875
2016-02-29,AIG,0.010410243101474983
2016-02-29,ADBE,0.03459246329350805
2016-02-29,ACN,0.015461578213934736
2016-02-29,ABT,0.018877250171112893
2016-02-29,AAPL,0.018588868896555442
2016-02-29,JNJ,0.00793117772280658
2016-02-29,CMCSA,0.008875716559519584
2016-02-29,COF,0.0275533219159146
2016-02-29,BAC,0.02938984716373568
2016-02-29,COST,0.01252780854980234
2016-02-29,COP,0.057912563747606234
2016-02-29,HON,0.013248111985726894
2016-02-29,HD,0.014261906283337187
2016-02-29,GS,0.015973194700864057
2016-02-29,GOOGL,0.0185617127721729
2016-02-29,GOOG,0.020122838443950786
2016-02-29,GILD,0.022800896264866873
2016-02-29,GE,0.009579881032030895
2016-02-29,GD,0.008349476802484749
2016-02-29,FDX,0.0018637683449010936
2016-02-29,IBM,0.002980475076438846
2016-02-29,EMR,0.002736906691222424
2016-02-29,F,0.00014362564149839784
2016-02-29,CSCO,-0.0012844199361514064
2016-02-29,CVS,0.008936859268969503
2016-02-29,CVX,0.027788057049612517
2016-02-29,CRM,0.0318576493846018
2016-02-29,DHR,0.008897308032768194
2016-02-29,DIS,0.010379779703411788
2016-02-29,DUK,0.011634922972497993
2016-02-29,DE,0.0009578752095214687
2016-03-31,MRK,0.010330285110742347
2016-03-31,MS,0.023808674517065646
2016-03-31,MSFT,0.015268243292086599
2016-03-31,NVDA,0.011011178864631436
2016-03-31,NFLX,0.03113824487926155
2016-03-31,NKE,0.016680763822376814
2016-03-31,MO,0.012451394381245732
2016-03-31,NEE,0.009540505226389115
2016-03-31,MMM,0.010587487042040442
2016-03-31,KO,0.004821094009192738
2016-03-31,MDT,0.0100129247927332
2016-03-31,MDLZ,0.032291432192850515
2016-03-31,MCD,0.009459825303604978
2016-03-31,MA,0.009018731782784575
2016-03-31,LOW,0.009456725016084081
2016-03-31,LMT,0.012964410680482574
2016-03-31,LLY,0.02073611401954711
2016-03-31,LIN,0.007949179092126451
2016-03-31,ORCL,0.008739438571874335
2016-03-31,MET,0.02906707211372098
2016-03-31,PEP,0.006247623512436038
2016-03-31,TGT,0.011382273372265397
2016-03-31,PG,0.011258670925411354
2016-03-31,XOM,0.010898259616050739
2016-03-31,JPM,0.037601922196924785
2016-03-31,WFC,0.018509974123310124
2016-03-31,VZ,0.00848285928852577
2016-03-31,V,0.011847639971203068
2016-03-31,USB,0.013013757037431422
2016-03-31,UPS,0.00917187297935705
2016-03-31,UNP,0.013439606479728541
2016-03-31,UNH,0.009080500606622749
2016-03-31,PFE,0.004368949391122383
2016-03-31,TXN,0.021181440145899504
2016-03-31,TMO,0.00985558281052938
2016-03-31,T,0.004589525644264983
2016-03-31,SPG,0.009790179687021798
2016-03-31,SO,0.004523399880811048
2016-03-31,SCHW,0.022882076125999018
2016-03-31,SBUX,0.01415491921450948
2016-03-31,RTX,0.014567882656914041
2016-03-31,QCOM,0.035579934066539726
2016-03-31,PM,0.005138338691454272
2016-03-31,TMUS,0.029014920084894223
2016-03-31,WMT,0.006181227535667867
2016-03-31,JNJ,0.012528036447376836
2016-03-31,IBM,0.007939241440483026
2016-03-31,CL,0.009790179687021798
2016-03-31,CAT,0.016550548701282485
2016-03-31,C,0.04172290846207333
2016-03-31,BRK-B,0.010033609365872137
2016-03-31,BMY,0.009657467923003774
2016-03-31,BLK,0.013833813060063328
2016-03-31,BKNG,0.036633048875656264
2016-03-31,BAC,0.03749489353799409
2016-03-31,AXP,0.024852565655425055
2016-03-31,AMZN,0.03352403946546286
2016-03-31,AMT,0.009169895479422333
2016-03-31,AMGN,0.013786136178091265
2016-03-31,AMD,0.05935152023580403
2016-03-31,AIG,0.010738423531793653
2016-03-31,ADBE,0.017569370901424783
2016-03-31,ACN,0.00897843302964616
2016-03-31,ABT,0.009594443626040417
2016-03-31,AAPL,0.019447261812829877
2016-03-31,INTC,0.009465233606947928
2016-03-31,CMCSA,0.010948048590599191
2016-03-31,COF,0.034965932713211446
2016-03-31,BA,0.03188457133025781
2016-03-31,COST,0.010475867018128845
2016-03-31,COP,0.014512760688568861
2016-03-31,HD,0.009169895479422333
2016-03-31,GS,0.036967765413491234
2016-03-31,GOOGL,0.013059257383831726
2016-03-31,GOOG,0.01327096020689804
2016-03-31,GILD,0.02081442040926018
2016-03-31,GE,0.008839541096005512
2016-03-31,GD,0.01447675969692209
2016-03-31,FDX,0.008364322584608579
2016-03-31,F,0.01679774562784751
2016-03-31,HON,0.007622331764817232
2016-03-31,DUK,0.009793948138655098
2016-03-31,DIS,0.012393737897567434
2016-03-31,DHR,0.010368971360846982
2016-03-31,DE,0.014041936956464222
2016-03-31,CVX,0.014421661526770234
2016-03-31,CVS,0.008456747202121044
2016-03-31,CSCO,0.011089915256621088
2016-03-31,CRM,0.0079991609072662
2016-03-31,EMR,0.009169895479422333
2016-04-29,MRK,0.011316461618048442
2016-04-29,MS,0.02161775205700024
2016-04-29,MSFT,0.021070463257130155
2016-04-29,NVDA,0.0377146141972834
2016-04-29,NFLX,0.017714026238990124
2016-04-29,NKE,0.019270354135942754
2016-04-29,MO,0.009706625648307602
2016-04-29,NEE,0.012637608811876725
2016-04-29,MMM,0.009737922247673952
2016-04-29,KO,0.014183065430548368
2016-04-29,MDT,0.009770079442824053
2016-04-29,MDLZ,0.011919207740626521
2016-04-29,MCD,0.012188564614476444
2016-04-29,MA,0.01098272637740401
2016-04-29,LOW,0.0119671694421549
2016-04-29,LMT,0.005404885118608068
2016-04-29,LLY,0.014963249919408225
2016-04-29,LIN,0.010479260590163656
2016-04-29,ORCL,0.011836613571738435
2016-04-29,MET,0.041033884146127304
2016-04-29,PEP,0.007631707372321213
2016-04-29,TGT,0.015682601184834846
2016-04-29,PG,0.00972094355654599
2016-04-29,JPM,0.011487619013657593
2016-04-29,WMT,-0.0021129673949966056
2016-04-29,WFC,0.012469881586741444
2016-04-29,VZ,0.014137933003062656
2016-04-29,V,0.014663709612869835
2016-04-29,USB,0.01083796036690718
2016-04-29,UPS,0.009944745118447276
2016-04-29,UNP,0.01502079870685565
2016-04-29,UNH,0.011651544834376828
2016-04-29,PFE,0.00833756177128514
2016-04-29,TXN,0.013931499551555435
2016-04-29,TMO,0.010996137463008593
2016-04-29,T,0.00717637910033813
2016-04-29,SPG,0.016081405434727237
2016-04-29,SO,0.01062843452835941
2016-04-29,SCHW,0.04248885799562209
2016-04-29,SBUX,0.019392503465560127
2016-04-29,RTX,0.008301882679113411
2016-04-29,QCOM,0.01699575897900598
2016-04-29,PM,0.009582287727538122
2016-04-29,TMUS,0.03536866655064243
2016-04-29,XOM,0.003565621572889012
2016-04-29,JNJ,0.007313215174188664
2016-04-29,IBM,0.013087366216860897
2016-04-29,CL,0.008189001603441437
2016-04-29,CAT,0.017666576891380077
2016-04-29,C,0.018559075285582906
2016-04-29,BRK-B,0.00833854804065107
2016-04-29,BMY,0.011197734424981065
2016-04-29,BLK,0.01433333218531924
2016-04-29,BKNG,0.031725964733745
2016-04-29,BAC,0.0223433257541595
2016-04-29,AXP,0.007520045200521273
2016-04-29,AMZN,0.01209349527398239
2016-04-29,AMT,0.010354922669394176
2016-04-29,AMGN,0.014336312230100928
2016-04-29,AMD,0.042698290710517665
2016-04-29,AIG,0.011714279997901688
2016-04-29,ADBE,0.023104946310554826
2016-04-29,ACN,0.013360310088165071
2016-04-29,ABT,0.018598321972975885
2016-04-29,AAPL,0.03000958742816115
2016-04-29,INTC,0.013650330095279113
2016-04-29,CMCSA,0.011855870562644085
2016-04-29,COF,0.016393046205050145
2016-04-29,BA,0.012241787546502255
2016-04-29,COST,0.020921559484270987
2016-04-29,COP,0.028123083023370996
2016-04-29,HD,0.01206004032322883
2016-04-29,GS,0.016608521168977496
2016-04-29,GOOGL,0.015815669198456037
2016-04-29,GOOG,0.015757430594839975
2016-04-29,GILD,0.024531513007146476
2016-04-29,GE,0.01391193078623478
2016-04-29,GD,0.009997442429235275
2016-04-29,FDX,0.009892812017266791
2016-04-29,F,0.012194552446596665
2016-04-29,HON,0.01098272637740401
2016-04-29,DUK,0.013883723393851341
2016-04-29,DIS,0.011377877864940341
2016-04-29,DHR,0.008629311702482783
2016-04-29,DE,0.012176598319142322
2016-04-29,CVX,0.012638456247795256
2016-04-29,CVS,0.013844093841495918
2016-04-29,CSCO,0.013167803159194021
2016-04-29,CRM,0.02163404719590075
2016-04-29,EMR,0.01042492943570308
2016-05-31,MRK,0.0052616444938265935
2016-05-31,MS,0.01660463012878888
2016-05-31,MSFT,0.012601293563650057
2016-05-31,NVDA,-0.019646808669754986
2016-05-31,NFLX,0.011503199610117221
2016-05-31,NKE,0.016358238435189947
2016-05-31,MO,0.010940413919599368
2016-05-31,NEE,0.00834565572033924
2016-05-31,MMM,0.00908481079591141
2016-05-31,KO,0.01262249625782378
2016-05-31,MDT,0.006605671855910929
2016-05-31,MDLZ,0.01077657874729938
2016-05-31,MCD,0.01416050446930432
2016-05-31,MA,0.0081494582527603
2016-05-31,LOW,0.006430709026171873
2016-05-31,LMT,0.010985376858207987
2016-05-31,LLY,0.011671900877276344
2016-05-31,LIN,0.007039279029438687
2016-05-31,ORCL,0.009942449793590234
2016-05-31,MET,0.011806539009555575
2016-05-31,PEP,0.01034431072474039
2016-05-31,TGT,0.015066419167933694
2016-05-31,PG,0.00826324560499744
2016-05-31,JPM,0.010171277832871698
2016-05-31,WMT,0.009134909961880044
2016-05-31,WFC,0.004438102520624248
2016-05-31,VZ,0.011262394789581142
2016-05-31,V,0.01234554275532997
2016-05-31,USB,0.010477943563257276
2016-05-31,UPS,0.009697381190407662
2016-05-31,UNP,0.010927631280947366
2016-05-31,UNH,0.00796067661735445
2016-05-31,PFE,0.008195412097085682
2016-05-31,TXN,0.011693992876724825
2016-05-31,TMO,0.005966406813472559
2016-05-31,T,0.006733216357423684
2016-05-31,SPG,0.013058925277648927
2016-05-31,SO,0.00916188742074062
2016-05-31,SCHW,0.011481499158320224
2016-05-31,SBUX,0.015901918484278115
2016-05-31,RTX,-0.008025980544276017
2016-05-31,QCOM,0.006462838165191606
2016-05-31,PM,0.00962624068271925
2016-05-31,TMUS,0.00933187510402019
2016-05-31,XOM,0.006441311524960781
2016-05-31,JNJ,0.012974954957010471
2016-05-31,IBM,0.005816744420398663
2016-05-31,CL,0.009697381190407662
2016-05-31,CAT,0.01410903976641822
2016-05-31,C,0.01380599047113373
2016-05-31,BRK-B,0.011157438615213032
2016-05-31,BMY,0.010811580354555183
2016-05-31,BLK,0.009591215282099674
2016-05-31,BKNG,0.016211559144975414
2016-05-31,BAC,0.011806539009555575
2016-05-31,BA,0.014193286996682392
2016-05-31,AXP,0.002528299520969881
2016-05-31,AMZN,0.008216378505578615
2016-05-31,AMT,0.011347074124222225
2016-05-31,AMGN,0.009942449793590234
2016-05-31,AMD,0.02375657725876279
2016-05-31,AIG,0.009657141656163715
2016-05-31,ADBE,0.0125093219420222
2016-05-31,ACN,0.008330183183175873
2016-05-31,ABT,0.011600103727700069
2016-05-31,AAPL,0.023004695255278335
2016-05-31,CMCSA,0.004387977509132209
2016-05-31,COF,0.01038757130608962
2016-05-31,INTC,0.008329232946194526
2016-05-31,COST,0.013212392664108423
2016-05-31,COP,0.0009437697622556576
2016-05-31,HON,0.008846302396332755
2016-05-31,HD,0.011026329322335913
2016-05-31,GS,0.012561808880622265
2016-05-31,GOOGL,0.010667604903599567
2016-05-31,GOOG,0.009502590130123736
2016-05-31,GE,0.009630945384110454
2016-05-31,GD,0.013819939692912337
2016-05-31,FDX,0.010907047552765187
2016-05-31,GILD,0.017887100798540848
2016-05-31,EMR,0.007423658859943343
2016-05-31,DUK,0.008538066365617188
2016-05-31,DIS,0.012877862178903339
2016-05-31,CRM,0.007910429460691176
2016-05-31,DHR,0.008945708642168914
2016-05-31,DE,0.00984722097159669
2016-05-31,CVX,0.009942449793590234
2016-05-31,CVS,0.014832463814881649
2016-05-31,CSCO,0.008195412097085682
2016-05-31,F,0.010749712644782534
2016-06-30,MRK,0.008323515924850379
2016-06-30,MS,0.034651086289492934
2016-06-30,MSFT,0.014242510029196302
2016-06-30,NVDA,-0.025353637810643183
2016-06-30,NFLX,0.01448692361198058
2016-06-30,NKE,0.013339092576451347
2016-06-30,MO,0.005046612244121832
2016-06-30,NEE,0.006966814482763774
2016-06-30,MMM,0.0076856029729950506
2016-06-30,KO,0.009728354464536251
2016-06-30,MDT,0.008262551135121827
2016-06-30,MDLZ,0.010693770235067492
2016-06-30,MCD,0.012457477359028826
2016-06-30,MA,0.015212520670384533
2016-06-30,LOW,0.010140346108524448
2016-06-30,LMT,0.005383591161616498
2016-06-30,LLY,0.007368872689891519
2016-06-30,LIN,0.006255720340118209
2016-06-30,ORCL,0.008323515924850379
2016-06-30,MET,0.014178629372350248
2016-06-30,PEP,0.004747895812856205
2016-06-30,TGT,0.01328098539016764
2016-06-30,PG,0.00026544230036351527
2016-06-30,JPM,0.010059273366602091
2016-06-30,WMT,0.010054666701926132
2016-06-30,WFC,0.004408662153406098
2016-06-30,VZ,0.009446070737170461
2016-06-30,V,0.016041798775660514
2016-06-30,USB,0.005772766942326228
2016-06-30,UPS,0.006533804128060923
2016-06-30,UNP,0.010038468559394133
2016-06-30,UNH,0.004716035488045872
2016-06-30,PFE,0.006899394093367075
2016-06-30,TXN,0.010585553864131436
2016-06-30,TMO,0.010988645599576354
2016-06-30,T,0.003673357370915696
2016-06-30,SPG,0.009658988416042952
2016-06-30,SO,0.006966814482763774
2016-06-30,SCHW,0.037824910937431865
2016-06-30,SBUX,0.01102075336669032
2016-06-30,RTX,0.005997771565343638
2016-06-30,QCOM,0.012103701337563675
2016-06-30,PM,0.01009993096898654
2016-06-30,TMUS,0.010878638922010072
2016-06-30,XOM,0.004853919783927388
2016-06-30,JNJ,0.00451513261715183
2016-06-30,IBM,0.010205021308154195
2016-06-30,CL,0.008431360769801475
2016-06-30,CAT,0.009298436627797444
2016-06-30,C,0.011630573238108828
2016-06-30,BRK-B,0.010513207109870821
2016-06-30,BMY,0.010585553864131436
2016-06-30,BLK,0.01239198291700197
2016-06-30,BKNG,0.03240340221749829
2016-06-30,BAC,0.019254525564227416
2016-06-30,BA,0.01057944766836898
2016-06-30,AXP,0.004528088832370832
2016-06-30,AMZN,0.021876416904966445
2016-06-30,AMT,0.005971563173160444
2016-06-30,AMGN,0.00876520820169188
2016-06-30,AMD,0.05950001750239698
2016-06-30,AIG,0.009640462312124091
2016-06-30,ADBE,0.017176448064150876
2016-06-30,ACN,0.01294850323571223
2016-06-30,ABT,0.011226565848618109
2016-06-30,AAPL,0.009804510498594663
2016-06-30,CMCSA,0.005435935211044237
2016-06-30,COF,0.01216488953473821
2016-06-30,INTC,0.009988299917792742
2016-06-30,COST,0.012345748230780215
2016-06-30,COP,0.01855085811387737
2016-06-30,HON,0.00746801394272705
2016-06-30,HD,0.013518903717328846
2016-06-30,GS,0.008439870087406414
2016-06-30,GOOGL,0.012929112944818289
2016-06-30,GOOG,0.01328455403702335
2016-06-30,GE,0.0080858135143137
2016-06-30,GD,0.008755334872747943
2016-06-30,FDX,0.013062142357084052
2016-06-30,GILD,0.017031805494239924
2016-06-30,EMR,0.010205021308154195
2016-06-30,DUK,0.00668650927761154
2016-06-30,DIS,-0.008347040992725261
2016-06-30,CRM,0.012324581938521269
2016-06-30,DHR,0.009248438634217211
2016-06-30,DE,0.013323405680335377
2016-06-30,CVX,0.005576559040795601
2016-06-30,CVS,0.007171806753608528
2016-06-30,CSCO,0.011477121180252313
2016-06-30,F,0.014420892043167578
2016-07-29,ORCL,0.009729223260910039
2016-07-29,MO,0.013801953491863875
2016-07-29,NKE,0.015287362780469152
2016-07-29,NFLX,-0.009481603162603915
2016-07-29,NEE,0.012174650265689558
2016-07-29,MSFT,0.011089570561337239
2016-07-29,MS,0.016948236414847807
2016-07-29,MRK,0.009097962454858673
2016-07-29,NVDA,0.02450693972011332
2016-07-29,MCD,0.02237578698389927
2016-07-29,MDT,0.010406260535337873
2016-07-29,MDLZ,0.01352049475078495
2016-07-29,MA,0.009307506253949858
2016-07-29,LOW,0.008863562355688196
2016-07-29,LMT,0.009085098929418145
2016-07-29,LLY,0.011000990750894342
2016-07-29,LIN,0.009161780667358092
2016-07-29,PEP,0.0057213598616820925
2016-07-29,MET,0.01995104401378292
2016-07-29,PFE,0.006156572372789347
2016-07-29,TMO,0.00875154271331556
2016-07-29,PM,0.011869640143960978
2016-07-29,XOM,0.016563700776487025
2016-07-29,WMT,0.011515395563063123
2016-07-29,WFC,-0.00063778804266882
2016-07-29,VZ,0.010257033250983455
2016-07-29,V,0.014006761428336664
2016-07-29,USB,0.007013978420556129
2016-07-29,UPS,0.012549353508422671
2016-07-29,UNP,0.010312523219097617
2016-07-29,UNH,0.009349899956357276
2016-07-29,PG,0.009086929411395146
2016-07-29,TXN,0.010321182244222474
2016-07-29,KO,0.015884916521761622
2016-07-29,TGT,0.0068394167456993825
2016-07-29,T,0.006837779488215715
2016-07-29,SPG,0.00831067753020399
2016-07-29,SO,0.011564717423890638
2016-07-29,SCHW,0.015727409186880554
2016-07-29,SBUX,0.01236590108766844
2016-07-29,RTX,0.008398693677086285
2016-07-29,QCOM,0.0016209276442309673
2016-07-29,TMUS,0.008946625875271026
2016-07-29,JPM,0.00992174610497017
2016-07-29,MMM,0.00905032427542988
2016-07-29,INTC,0.010035643109047391
2016-07-29,CL,0.008007259162986368
2016-07-29,CAT,0.00906608705331369
2016-07-29,C,0.028130280303607893
2016-07-29,BRK-B,0.011117384744428
2016-07-29,BMY,0.011827197175851319
2016-07-29,BLK,0.01071440943366496
2016-07-29,BKNG,0.01304849370658108
2016-07-29,BAC,0.015101103921155953
2016-07-29,BA,0.011424647777337657
2016-07-29,AXP,0.004341175769444215
2016-07-29,AMZN,0.006872993647508728
2016-07-29,AMT,0.009848717720842705
2016-07-29,AMGN,0.009233819852740476
2016-07-29,AMD,0.059204745053617044
2016-07-29,AIG,0.01432331768645362
2016-07-29,ADBE,0.011349725063963848
2016-07-29,ACN,0.014143129459622615
2016-07-29,ABT,0.004321303790210745
2016-07-29,AAPL,0.012348729118528752
2016-07-29,CMCSA,0.006784872108531196
2016-07-29,COF,0.01691134738070387
2016-07-29,JNJ,0.007263255864313161
2016-07-29,COST,0.010118910114049813
2016-07-29,COP,-0.014055779654798428
2016-07-29,IBM,0.008550943260500028
2016-07-29,HON,0.010655116422492124
2016-07-29,HD,0.009362380120173625
2016-07-29,GS,0.01847254681623124
2016-07-29,GOOGL,0.009771373883261013
2016-07-29,GILD,0.05252879208881815
2016-07-29,GE,0.013034378853338267
2016-07-29,GD,0.009199073132466557
2016-07-29,FDX,0.013211217045615193
2016-07-29,GOOG,0.010043594819770437
2016-07-29,EMR,0.009548462339002476
2016-07-29,DUK,0.010257033250983455
2016-07-29,DIS,-0.014416952317447308
2016-07-29,CRM,0.008152176658613201
2016-07-29,DHR,-0.026291481755393812
2016-07-29,DE,0.017888627535662165
2016-07-29,CVX,0.011991258867159167
2016-07-29,CVS,-0.030112024640995126
2016-07-29,CSCO,0.009835043656231859
2016-07-29,F,0.023470822135509307
2016-08-31,MRK,0.008734701487319764
2016-08-31,MS,0.012970395028300658
2016-08-31,MSFT,0.011631447374874019
2016-08-31,NVDA,-0.006606329747217943
2016-08-31,NFLX,0.023021366993957914
2016-08-31,NKE,0.012362242131477684
2016-08-31,MO,0.010257760606866255
2016-08-31,NEE,0.0163061379784271
2016-08-31,MMM,0.013041054603934874
2016-08-31,KO,0.010333278666418087
2016-08-31,MDT,0.011378733849554038
2016-08-31,MDLZ,0.011167443268887906
2016-08-31,MCD,0.016968043092060677
2016-08-31,MA,0.011831350429344765
2016-08-31,LOW,0.017098838574321106
2016-08-31,LMT,0.015014433350784616
2016-08-31,LLY,0.01071562527570131
2016-08-31,LIN,0.009324637483368462
2016-08-31,ORCL,0.011831350429344765
2016-08-31,MET,0.025851145893392893
2016-08-31,PEP,0.008343501856918262
2016-08-31,TGT,0.013710169836297144
2016-08-31,PG,0.008343501856918262
2016-08-31,XOM,0.013387267487495502
2016-08-31,JPM,0.009973455512357468
2016-08-31,WFC,0.007635369722430827
2016-08-31,VZ,0.01356237903288854
2016-08-31,V,0.009168858561560621
2016-08-31,USB,0.007635369722430827
2016-08-31,UPS,0.006905556134586612
2016-08-31,UNP,0.008641742928815787
2016-08-31,UNH,0.017588719579243784
2016-08-31,PFE,0.01165875515440145
2016-08-31,TXN,0.012453490483861218
2016-08-31,TMO,0.015185341181005965
2016-08-31,T,0.012309259397373927
2016-08-31,SPG,0.012385321342770114
2016-08-31,SO,0.010851997709568375
2016-08-31,SCHW,0.022237254030253006
2016-08-31,SBUX,0.014577790547284043
2016-08-31,RTX,0.011378733849554038
2016-08-31,QCOM,0.007418849748016522
2016-08-31,PM,0.010769775710717475
2016-08-31,TMUS,0.013167641236969894
2016-08-31,WMT,0.02752339294431722
2016-08-31,JNJ,0.010974579167264806
2016-08-31,IBM,0.011831350429344765
2016-08-31,CL,0.013041054603934874
2016-08-31,CAT,0.013365353778586353
2016-08-31,C,0.014155955614759018
2016-08-31,BRK-B,0.005205503133947342
2016-08-31,BMY,0.036860066608393915
2016-08-31,BLK,0.011311505442910251
2016-08-31,BKNG,0.024943766011520842
2016-08-31,BAC,0.012009980563865007
2016-08-31,AXP,0.005213226003648763
2016-08-31,AMZN,0.00653719202141696
2016-08-31,AMT,0.012385321342770114
2016-08-31,AMGN,0.01371470273304283
2016-08-31,AMD,0.10522800587273906
2016-08-31,AIG,0.008734701487319764
2016-08-31,ADBE,0.014754789885799402
2016-08-31,ACN,0.012383364949388851
2016-08-31,ABT,0.013821303364980322
2016-08-31,AAPL,0.011189790333245145
2016-08-31,INTC,0.008394685894608614
2016-08-31,CMCSA,0.016037418906650776
2016-08-31,COF,0.011013258989688315
2016-08-31,BA,0.0153176526310535
2016-08-31,COST,0.01437509815226994
2016-08-31,COP,0.036761437397189456
2016-08-31,HD,0.014013820294891026
2016-08-31,GS,0.01197134425561263
2016-08-31,GOOGL,0.013523657108399182
2016-08-31,GOOG,0.013387267487495502
2016-08-31,GILD,0.019534595206988838
2016-08-31,GE,0.01587560696308494
2016-08-31,GD,0.011474355368963716
2016-08-31,FDX,0.01164565525445923
2016-08-31,F,0.009823992406286619
2016-08-31,HON,0.010238441690543708
2016-08-31,DUK,0.017205234853257114
2016-08-31,DIS,0.012718758646968609
2016-08-31,DHR,-0.0032847035326316054
2016-08-31,DE,0.011573216130439478
2016-08-31,CVX,0.012077172139196667
2016-08-31,CVS,0.0143379369790537
2016-08-31,CSCO,0.009777502093668664
2016-08-31,CRM,0.011596124629306535
2016-08-31,EMR,0.015278085452678824
2016-09-30,MRK,0.011965816085763126
2016-09-30,MS,0.003300548050207146
2016-09-30,MSFT,0.01039568136071929
2016-09-30,NVDA,0.019718734136821736
2016-09-30,NFLX,0.016231969165016156
2016-09-30,NKE,0.01609393603894291
2016-09-30,MO,0.014018819522219571
2016-09-30,NEE,0.019196377940677512
2016-09-30,MMM,0.01299247129013564
2016-09-30,KO,0.0127159816307598
2016-09-30,MDT,0.01007247002304213
2016-09-30,MDLZ,0.01285954589307044
2016-09-30,MCD,0.016017392136079518
2016-09-30,MA,0.004907671437134777
2016-09-30,LOW,0.015333126543238111
2016-09-30,LMT,0.015504237683213306
2016-09-30,LLY,0.004806463605696038
2016-09-30,LIN,0.009492909576527474
2016-09-30,ORCL,0.012654959794232557
2016-09-30,MET,0.010803536591877917
2016-09-30,PEP,0.006692045821480569
2016-09-30,TGT,0.010836399336289979
2016-09-30,PG,0.006681414398708148
2016-09-30,JPM,0.006211608748465894
2016-09-30,WMT,0.007907586148640837
2016-09-30,WFC,0.016723006806069585
2016-09-30,VZ,0.010194616792648149
2016-09-30,V,0.007616857557474791
2016-09-30,USB,0.010603427680507338
2016-09-30,UPS,0.008141895305675929
2016-09-30,UNP,0.010872001553310896
2016-09-30,UNH,0.007291188096656466
2016-09-30,PFE,0.011696870330515
2016-09-30,TXN,0.011742290590991597
2016-09-30,TMO,0.007617649145504959
2016-09-30,T,0.010846451276129015
2016-09-30,SPG,0.02027551443452826
2016-09-30,SO,0.016110117898919814
2016-09-30,SCHW,0.0037172801927060125
2016-09-30,SBUX,0.009452920856619208
2016-09-30,RTX,0.013310174865071047
2016-09-30,QCOM,0.011038851176618939
2016-09-30,PM,0.01803284704710971
2016-09-30,TMUS,0.01252935822445751
2016-09-30,XOM,0.00934495312429807
2016-09-30,JNJ,0.009179307066541657
2016-09-30,IBM,0.008693974459277545
2016-09-30,CL,0.009812883846709853
2016-09-30,CAT,0.011831028984976174
2016-09-30,C,0.003300548050207146
2016-09-30,BRK-B,0.01507797141098965
2016-09-30,BMY,0.04366035373585475
2016-09-30,BLK,0.013032325492282814
2016-09-30,BKNG,0.0038766161309046936
2016-09-30,BAC,0.003867045194674991
2016-09-30,BA,0.0065954973989020135
2016-09-30,AXP,0.0026551252515272608
2016-09-30,AMZN,0.0038564821634485824
2016-09-30,AMT,0.010232190711372907
2016-09-30,AMGN,0.012894088314612783
2016-09-30,AMD,0.10178401027430797
2016-09-30,AIG,0.007921599062279518
2016-09-30,ADBE,0.011831028984976174
2016-09-30,ACN,0.0070120952409040175
2016-09-30,ABT,0.007084606680625529
2016-09-30,AAPL,0.009251715664969561
2016-09-30,CMCSA,0.012089597254275695
2016-09-30,COF,0.011519602436561343
2016-09-30,INTC,0.0070120952409040175
2016-09-30,COST,0.012534093329987272
2016-09-30,COP,-0.007285445339206982
2016-09-30,HON,0.01007247002304213
2016-09-30,HD,0.014249754556168262
2016-09-30,GS,0.013983753834863732
2016-09-30,GOOGL,0.008637404376615055
2016-09-30,GOOG,0.008956683612787366
2016-09-30,GE,0.018991186384378432
2016-09-30,GD,0.015427708434248594
2016-09-30,FDX,0.009409432707597545
2016-09-30,GILD,0.0158981720930874
2016-09-30,EMR,0.007617649145504959
2016-09-30,DUK,0.015974902457085643
2016-09-30,DIS,0.01319396015490255
2016-09-30,CRM,0.004443010317739535
2016-09-30,DHR,-0.04934705873636482
2016-09-30,DE,0.010783295948505212
2016-09-30,CVX,0.010872001553310896
2016-09-30,CVS,0.01929538095501902
2016-09-30,CSCO,0.00732907998263456
2016-09-30,F,0.011671878941664817
2016-10-31,MRK,0.017158068083863907
2016-10-31,ORCL,0.007620005616695144
2016-10-31,NVDA,0.013595314329260089
2016-10-31,NKE,-0.011381640753924767
2016-10-31,NFLX,0.010099506488685728
2016-10-31,NEE,0.00959021267730538
2016-10-31,MSFT,0.006712119961868686
2016-10-31,MS,0.00529835345775942
2016-10-31,MO,0.008151665392578406
2016-10-31,MCD,0.010856136284543053
2016-10-31,MET,0.005003943065729046
2016-10-31,MDT,0.012609155456444657
2016-10-31,MDLZ,0.010614497932494103
2016-10-31,PEP,0.00726547942873319
2016-10-31,MA,0.004078174981632926
2016-10-31,LOW,0.0145494765530559
2016-10-31,LMT,0.007457816823651991
2016-10-31,LLY,0.007334571110367363
2016-10-31,LIN,0.0132110675959131
2016-10-31,MMM,0.01725414338284322
2016-10-31,PFE,0.010180059642166506
2016-10-31,KO,0.008722898575017669
2016-10-31,PM,0.00938758136204255
2016-10-31,XOM,0.015909966043186886
2016-10-31,WMT,0.013845199869311795
2016-10-31,WFC,0.0004239316450630361
2016-10-31,VZ,0.015467974495094603
2016-10-31,V,0.00933667593330894
2016-10-31,USB,0.0073918936915106604
2016-10-31,UPS,0.01162864964576053
2016-10-31,UNP,0.015739615068914914
2016-10-31,UNH,0.0099239541938826
2016-10-31,PG,0.009966608290698346
2016-10-31,TXN,0.006681472803204471
2016-10-31,TMO,0.015909966043186886
2016-10-31,TGT,0.010811847099727503
2016-10-31,T,0.020420639689714568
2016-10-31,SPG,0.020269860846793792
2016-10-31,SO,0.009223287722200211
2016-10-31,SCHW,0.003658952802512961
2016-10-31,SBUX,0.00951226092785638
2016-10-31,RTX,0.00798025552776956
2016-10-31,QCOM,0.012755291772547818
2016-10-31,TMUS,0.009608751175267945
2016-10-31,JPM,0.006706240659305972
2016-10-31,AAPL,0.011612700671138752
2016-10-31,INTC,0.013462491829657405
2016-10-31,CMCSA,0.017721392184136847
2016-10-31,CL,0.010162170522362565
2016-10-31,CAT,0.014271869241593248
2016-10-31,C,-0.0020008529302468197
2016-10-31,BRK-B,0.007072293262688389
2016-10-31,BMY,0.027046749098928194
2016-10-31,BLK,0.004231181331933932
2016-10-31,BKNG,0.003448513945391289
2016-10-31,BAC,0.004712907411080906
2016-10-31,BA,0.00958577221620024
2016-10-31,AXP,0.006653933792950618
2016-10-31,AMZN,0.012256889038563578
2016-10-31,AMT,0.01089178842945003
2016-10-31,AMGN,0.01771786662257968
2016-10-31,AMD,0.07090445296459316
2016-10-31,AIG,0.0062917007726046555
2016-10-31,ADBE,0.012299338028016775
2016-10-31,ACN,0.011260379326186787
2016-10-31,ABT,0.015005154767295591
2016-10-31,COF,0.010474590062447588
2016-10-31,COP,0.017386943508366646
2016-10-31,JNJ,0.00889458130304996
2016-10-31,CRM,0.031011003800073465
2016-10-31,COST,0.014876443759745776
2016-10-31,IBM,0.010697563295511251
2016-10-31,HON,0.01932167242344403
2016-10-31,HD,0.017572925267851664
2016-10-31,GS,0.002436599379561887
2016-10-31,GOOGL,0.01233428106443232
2016-10-31,GILD,-0.016847207048361918
2016-10-31,GE,0.0100071651073707
2016-10-31,GD,0.008494299646246881
2016-10-31,GOOG,0.012613738608537815
2016-10-31,F,-0.007815741080051583
2016-10-31,EMR,0.011260379326186787
2016-10-31,DUK,0.011425236381496366
2016-10-31,CSCO,0.009806504428673781
2016-10-31,DIS,-0.034871539598499895
2016-10-31,DHR,-0.0016334954428509443
2016-10-31,DE,0.010720141243626814
2016-10-31,CVX,0.011011310910801576
2016-10-31,CVS,0.013974949185642165
2016-10-31,FDX,0.012152470491371203
2016-11-30,MRK,0.012072317184215956
2016-11-30,MS,-0.006508572155891424
2016-11-30,MSFT,0.010150531606020493
2016-11-30,NVDA,0.009329220686800947
2016-11-30,NFLX,0.011070258551614955
2016-11-30,NKE,-0.002729008703925986
2016-11-30,MO,0.017392074412998566
2016-11-30,NEE,0.02273311413302476
2016-11-30,MMM,0.008352658963409611
2016-11-30,KO,0.02214570760446994
2016-11-30,MDT,0.0182597313167613
2016-11-30,MDLZ,0.02268218593436254
2016-11-30,MCD,0.007783924058795316
2016-11-30,MA,0.013808989551003646
2016-11-30,LOW,0.007598509667049793
2016-11-30,LMT,0.009027844911426509
2016-11-30,LLY,0.028815790716930315
2016-11-30,LIN,0.010705744698877098
2016-11-30,ORCL,0.010340986073169625
2016-11-30,MET,-0.0001031995194211607
2016-11-30,PEP,0.021016026924090915
2016-11-30,TGT,0.007857559924631106
2016-11-30,PG,0.012586872172252022
2016-11-30,JPM,0.008971818768479302
2016-11-30,WMT,0.014336443632202914
2016-11-30,WFC,0.007297775283813901
2016-11-30,VZ,0.01350394189115032
2016-11-30,V,0.017265627951496113
2016-11-30,USB,0.006869198056013215
2016-11-30,UPS,0.003475435254842444
2016-11-30,UNP,0.00866517093577063
2016-11-30,UNH,0.009089013744723573
2016-11-30,PFE,0.010183206809590306
2016-11-30,TXN,0.007617723796751855
2016-11-30,TMO,0.01727644001210448
2016-11-30,T,0.00929739836259045
2016-11-30,SPG,0.0180375608302587
2016-11-30,SO,0.025036206365515488
2016-11-30,SCHW,0.0006402187876791797
2016-11-30,SBUX,0.005675345478722602
2016-11-30,RTX,0.009437716258753955
2016-11-30,QCOM,0.011132407292791467
2016-11-30,PM,0.02456176694409192
2016-11-30,TMUS,0.010405575781608278
2016-11-30,XOM,0.007857559924631106
2016-11-30,JNJ,0.01889653292645889
2016-11-30,IBM,0.008611186971454599
2016-11-30,CL,0.025036206365515488
2016-11-30,CAT,0.010376912305784938
2016-11-30,C,0.007261935796873649
2016-11-30,BRK-B,0.0037747465014908773
2016-11-30,BMY,0.01593334944916891
2016-11-30,BLK,0.010113796362073322
2016-11-30,BKNG,0.010936884047528307
2016-11-30,BAC,-0.008584257747576854
2016-11-30,BA,0.00871102810574386
2016-11-30,AXP,0.00866517093577063
2016-11-30,AMZN,0.019332127402481986
2016-11-30,AMT,0.020002187878537133
2016-11-30,AMGN,0.022848679669266004
2016-11-30,AMD,0.046411376975553364
2016-11-30,AIG,0.00930379841550797
2016-11-30,ADBE,0.01722978883710504
2016-11-30,ACN,0.011803709816704278
2016-11-30,ABT,0.01847277485379933
2016-11-30,AAPL,0.009634504079932054
2016-11-30,CMCSA,0.009460421622328753
2016-11-30,COF,0.012811281058575427
2016-11-30,INTC,0.012733581934505267
2016-11-30,COST,0.009048191047407986
2016-11-30,HON,0.011235220518110049
2016-11-30,HD,0.01196033302352506
2016-11-30,GS,-0.003725527708205157
2016-11-30,GOOGL,0.01620315516015736
2016-11-30,GOOG,0.015925943361619184
2016-11-30,GE,0.010763449359260196
2016-11-30,GD,0.009460421622328753
2016-11-30,FDX,0.00871102810574386
2016-11-30,F,0.012587671923489556
2016-11-30,GILD,0.024713546063010832
2016-11-30,DUK,0.02060290627322898
2016-11-30,EMR,0.00866517093577063
2016-11-30,CRM,0.046596666403331835
2016-11-30,CSCO,0.013389158545963984
2016-11-30,CVS,0.03949078507311101
2016-11-30,COP,-0.004115621335872387
2016-11-30,DE,0.010376912305784938
2016-11-30,DHR,-0.007243625286010073
2016-11-30,DIS,-0.03407557602166181
2016-11-30,CVX,0.008971818768479302
2016-12-30,MSFT,0.01005491232303741
2016-12-30,NEE,0.010880998872756963
2016-12-30,NFLX,0.026728021319632814
2016-12-30,PEP,0.0077262952514309405
2016-12-30,NVDA,0.012708672476951035
2016-12-30,ORCL,0.01611458576078878
2016-12-30,MS,0.012511799459683634
2016-12-30,NKE,0.004946521487169218
2016-12-30,MRK,0.013615414819237764
2016-12-30,MDLZ,0.011527982639810698
2016-12-30,MET,0.012511799459683634
2016-12-30,MDT,0.021157555492749554
2016-12-30,LIN,0.013972748345399607
2016-12-30,MCD,0.008470029961487296
2016-12-30,MA,0.011078738769033206
2016-12-30,LOW,0.01307510476959843
2016-12-30,LMT,0.01617183255372658
2016-12-30,LLY,0.02837528557829349
2016-12-30,PFE,0.010747921058365145
2016-12-30,MO,0.004730992661365743
2016-12-30,PG,0.011141225436734702
2016-12-30,TMO,0.014222275059708031
2016-12-30,QCOM,0.014057337854099843
2016-12-30,KO,0.009466437154127661
2016-12-30,XOM,0.007524446609695861
2016-12-30,WMT,0.014188844065214506
2016-12-30,WFC,0.00868175662941368
2016-12-30,VZ,0.007964969856707596
2016-12-30,V,0.01307510476959843
2016-12-30,USB,0.004847805068744456
2016-12-30,UPS,0.007581783089753837
2016-12-30,UNP,0.009676276236065779
2016-12-30,UNH,0.011475995772275399
2016-12-30,TXN,0.011354961426459646
2016-12-30,TMUS,0.011654056067244024
2016-12-30,TGT,0.013922972527938312
2016-12-30,T,0.00872498497225033
2016-12-30,SPG,0.014924794995790101
2016-12-30,SO,0.01079615448078847
2016-12-30,SCHW,0.020091037587403864
2016-12-30,SBUX,0.016184016730126594
2016-12-30,RTX,0.009392250609180317
2016-12-30,PM,0.011372038687104817
2016-12-30,JPM,0.009099133644603076
2016-12-30,MMM,0.005195464111107052
2016-12-30,INTC,0.009684124370054234
2016-12-30,CMCSA,0.012420776957339003
2016-12-30,CL,0.011897998865663754
2016-12-30,CAT,0.01354325929506141
2016-12-30,C,0.012519976935089933
2016-12-30,BRK-B,0.006168518380992523
2016-12-30,BMY,0.016560331464615326
2016-12-30,BLK,0.012286647524233646
2016-12-30,BKNG,0.01551001272377465
2016-12-30,BAC,0.012511799459683634
2016-12-30,BA,0.009660323301085771
2016-12-30,AXP,0.011959612301825613
2016-12-30,AMZN,0.018782951281665985
2016-12-30,AMT,0.011685006183930502
2016-12-30,AMGN,0.020902721114732382
2016-12-30,AMD,0.05435977416087403
2016-12-30,AIG,0.00894855672022724
2016-12-30,ADBE,0.015317725786236785
2016-12-30,ACN,0.013505143993784397
2016-12-30,ABT,0.00782127528187853
2016-12-30,COF,0.01318842354885171
2016-12-30,COP,0.027329959699796957
2016-12-30,AAPL,0.00894855672022724
2016-12-30,CRM,0.02078015965624584
2016-12-30,COST,0.0060477013390006825
2016-12-30,IBM,0.010738851899429396
2016-12-30,HON,0.011584015199739584
2016-12-30,HD,0.010871166975549044
2016-12-30,GS,0.013865883692097085
2016-12-30,GOOGL,0.01307510476959843
2016-12-30,GOOG,0.014856386960384018
2016-12-30,GILD,0.011022958605832795
2016-12-30,GE,0.006957138719225778
2016-12-30,GD,0.010779615880312444
2016-12-30,JNJ,0.008298679464202353
2016-12-30,F,0.01367718478674909
2016-12-30,EMR,0.010923142462198004
2016-12-30,DUK,0.009724388675661434
2016-12-30,DIS,0.005720666116592647
2016-12-30,DHR,-0.0105775266315612
2016-12-30,DE,0.012329654721491567
2016-12-30,CVX,0.002865793353641215
2016-12-30,CVS,0.03931408178475891
2016-12-30,CSCO,0.01154193840149781
2016-12-30,FDX,0.006449840825166289
2017-01-31,MRK,0.008283988257114724
2017-01-31,MS,0.01598183669388854
2017-01-31,MSFT,0.009554667270810202
2017-01-31,ORCL,0.010495799531920829
2017-01-31,NFLX,-0.0012177851889374816
2017-01-31,NKE,0.012745324444929233
2017-01-31,NVDA,-0.004823609062379544
2017-01-31,NEE,0.010444746200612587
2017-01-31,MO,0.008469774563509794
2017-01-31,LIN,0.01379375989611395
2017-01-31,MET,0.012162472600663745
2017-01-31,MDT,0.009920795066339623
2017-01-31,MDLZ,0.012843174904640457
2017-01-31,MCD,0.006571171110681135
2017-01-31,MA,0.017064587551330886
2017-01-31,LOW,0.010690061968666233
2017-01-31,LMT,0.013787488245579295
2017-01-31,LLY,0.023957103469470185
2017-01-31,PEP,0.009543519257808523
2017-01-31,MMM,0.012050966213225904
2017-01-31,PFE,0.011095016561213443
2017-01-31,TMO,0.007941089047763751
2017-01-31,PM,0.005169951271867903
2017-01-31,KO,0.009538510518113105
2017-01-31,WMT,0.014838875787098367
2017-01-31,WFC,0.009996176100362623
2017-01-31,VZ,0.017211124617271246
2017-01-31,V,0.012964699629935733
2017-01-31,USB,0.012055567580376656
2017-01-31,UPS,0.028567609665589553
2017-01-31,UNP,0.010775388947679095
2017-01-31,UNH,0.010980203885324405
2017-01-31,TXN,0.015349219815341078
2017-01-31,TMUS,0.010614414873118863
2017-01-31,TGT,0.01774506218113608
2017-01-31,T,0.009676263829545293
2017-01-31,SPG,0.011887763873209679
2017-01-31,SO,0.008963361718638044
2017-01-31,SCHW,0.012926536656374363
2017-01-31,SBUX,0.01850071877223377
2017-01-31,RTX,0.008969223531765899
2017-01-31,QCOM,0.035038233905477945
2017-01-31,PG,0.00843595124584672
2017-01-31,JPM,0.010776755251668298
2017-01-31,XOM,0.020782937823939696
2017-01-31,INTC,0.014579644156971388
2017-01-31,CL,0.013111145805596677
2017-01-31,CAT,0.011671360465308336
2017-01-31,C,0.013999664661032895
2017-01-31,BRK-B,0.008422983685703938
2017-01-31,BMY,0.02975447114397217
2017-01-31,BLK,0.011965244139376283
2017-01-31,BKNG,0.010957314082469836
2017-01-31,BAC,0.010943041475368571
2017-01-31,BA,0.005917858623935675
2017-01-31,AXP,0.008146827021561394
2017-01-31,AMZN,0.009956600239018131
2017-01-31,AMT,0.015782312906958057
2017-01-31,AMGN,0.007836316231257225
2017-01-31,AMD,0.14875507580222394
2017-01-31,AIG,0.010845593304322752
2017-01-31,ADBE,0.006777114993193375
2017-01-31,ACN,0.016363595978480694
2017-01-31,ABT,0.008095254079431066
2017-01-31,AAPL,0.005283490239722599
2017-01-31,CMCSA,0.006235975545928654
2017-01-31,COF,0.012556877954575494
2017-01-31,JNJ,0.01145001343449056
2017-01-31,COST,0.008764692419842724
2017-01-31,COP,0.02389849756323843
2017-01-31,IBM,0.01071523508487242
2017-01-31,HON,0.01083102299962424
2017-01-31,HD,0.010627767609633174
2017-01-31,GS,0.013226066675303865
2017-01-31,GOOGL,0.015551212440619785
2017-01-31,GILD,0.008687155261675336
2017-01-31,GE,0.013883758586345898
2017-01-31,GD,0.007559729927190959
2017-01-31,FDX,0.012194858178166016
2017-01-31,GOOG,0.01586103278996547
2017-01-31,EMR,0.008788766938361638
2017-01-31,DUK,0.010251606690601416
2017-01-31,DIS,0.0048388975338732355
2017-01-31,CRM,0.010652575974655477
2017-01-31,DHR,-0.003248897114296608
2017-01-31,DE,0.011277358707482843
2017-01-31,CVX,0.010732418626321719
2017-01-31,CVS,0.04097583758088237
2017-01-31,CSCO,0.012226907457142635
2017-01-31,F,0.011874850038498279
2017-02-28,MSFT,0.007896563447051688
2017-02-28,NEE,0.0057720374592894865
2017-02-28,NFLX,-0.003145768590139176
2017-02-28,PEP,0.004320035713269256
2017-02-28,NVDA,-0.005801752810393876
2017-02-28,ORCL,0.00906204168877017
2017-02-28,MS,0.014687746567103657
2017-02-28,NKE,0.006190291651925414
2017-02-28,MRK,0.007925100744035117
2017-02-28,LLY,0.007757105214323555
2017-02-28,MMM,0.004320035713269256
2017-02-28,MET,0.012468486678582752
2017-02-28,MDT,0.005521194668403826
2017-02-28,MDLZ,0.012773642257559066
2017-02-28,MCD,0.00616307866450183
2017-02-28,MA,0.009104658535075378
2017-02-28,LOW,0.01651048969052509
2017-02-28,LMT,0.004628868356237006
2017-02-28,PFE,0.005656000621091382
2017-02-28,MO,0.004370433852265765
2017-02-28,PG,0.004320035713269256
2017-02-28,TMO,0.009616962520394474
2017-02-28,QCOM,0.027986743336495437
2017-02-28,LIN,0.008835370738725961
2017-02-28,XOM,0.01183085236736262
2017-02-28,WMT,0.009717491787440975
2017-02-28,WFC,0.010068014476357816
2017-02-28,VZ,0.013716084957862787
2017-02-28,V,0.009344570114536233
2017-02-28,USB,0.006678815373293956
2017-02-28,UPS,0.01923916219776777
2017-02-28,UNP,0.010559187484877936
2017-02-28,UNH,0.008406963682252725
2017-02-28,TXN,0.014135313336180294
2017-02-28,TMUS,0.011928532156274742
2017-02-28,TGT,0.03368951197685314
2017-02-28,T,0.007705705125624156
2017-02-28,SPG,0.014005406499034192
2017-02-28,SO,0.004337479827313847
2017-02-28,SCHW,0.021221815361837093
2017-02-28,SBUX,0.012530395888172402
2017-02-28,RTX,0.005825490283047826
2017-02-28,PM,0.0061475384538887375
2017-02-28,KO,0.006672052919374645
2017-02-28,JPM,0.00923305818208921
2017-02-28,AAPL,0.004349502970849783
2017-02-28,CMCSA,0.005791789088913792
2017-02-28,CL,0.004635111540128508
2017-02-28,CAT,0.010981463197367602
2017-02-28,C,0.009960237485501774
2017-02-28,BRK-B,0.00492270543936083
2017-02-28,BMY,0.012635217696574557
2017-02-28,BLK,0.011013627078409275
2017-02-28,BKNG,0.002321024876530898
2017-02-28,BAC,0.010907312026674299
2017-02-28,BA,0.004938429477991645
2017-02-28,AXP,0.00530670782065502
2017-02-28,AMZN,0.012533890534080622
2017-02-28,AMT,0.00539756611712014
2017-02-28,AMGN,0.007757105214323555
2017-02-28,AMD,0.05268167237989611
2017-02-28,AIG,0.010821805042441002
2017-02-28,ADBE,0.008595308891862559
2017-02-28,ACN,0.010058263003134539
2017-02-28,ABT,0.00539756611712014
2017-02-28,COF,0.009383666691894107
2017-02-28,COP,0.0412979824987607
2017-02-28,JNJ,0.004053497569530755
2017-02-28,CRM,0.009177425334576068
2017-02-28,COST,0.005672411613449481
2017-02-28,INTC,0.01476528028436868
2017-02-28,IBM,0.00783780720304527
2017-02-28,HON,0.004370433852265765
2017-02-28,HD,0.004872307300364321
2017-02-28,GS,0.006851041431499153
2017-02-28,GOOG,0.008862207846695714
2017-02-28,GILD,0.010932367974401239
2017-02-28,GE,0.009910286287930439
2017-02-28,GD,0.008886214463150736
2017-02-28,GOOGL,0.008561721671862347
2017-02-28,F,0.012972751079366822
2017-02-28,EMR,0.01081762198884918
2017-02-28,DUK,0.0061475384538887375
2017-02-28,CSCO,0.006933134482862107
2017-02-28,DIS,0.006396174301358813
2017-02-28,DHR,0.015424342886624264
2017-02-28,DE,0.007301294666955498
2017-02-28,CVX,0.008271034789221034
2017-02-28,CVS,0.0017455737084222955
2017-02-28,FDX,0.01081762198884918
2017-03-31,MRK,0.011661312284861943
2017-03-31,MS,0.0151423874203544
2017-03-31,MSFT,0.02837043159233746
2017-03-31,NVDA,0.02419299307366487
2017-03-31,NFLX,0.0013706579992746317
2017-03-31,NKE,0.011246131634778823
2017-03-31,MO,0.011538953284946269
2017-03-31,NEE,0.010419596315644692
2017-03-31,MMM,0.01632933928342574
2017-03-31,KO,0.007036873940064415
2017-03-31,MDT,0.010419596315644692
2017-03-31,MDLZ,0.013195370336139317
2017-03-31,MCD,0.0051132949304018875
2017-03-31,MA,0.013876813155475877
2017-03-31,LOW,0.010435850164882349
2017-03-31,LMT,0.008282161505326046
2017-03-31,LLY,0.008932727167043472
2017-03-31,LIN,0.006637115906612712
2017-03-31,ORCL,0.010985051171019958
2017-03-31,MET,0.012211840689287193
2017-03-31,PEP,0.015444587884994353
2017-03-31,TGT,0.04531569938067159
2017-03-31,PG,0.007306529424661687
2017-03-31,JPM,0.012606604006736147
2017-03-31,WMT,0.008247719420643018
2017-03-31,WFC,0.0113116742074594
2017-03-31,VZ,0.01231132937153189
2017-03-31,V,0.008932727167043472
2017-03-31,USB,0.011228265338315857
2017-03-31,UPS,0.007957645262542655
2017-03-31,UNP,0.01086552227397189
2017-03-31,UNH,0.009428748695407321
2017-03-31,PFE,0.0078032555682775485
2017-03-31,TXN,0.00678881045842559
2017-03-31,TMO,0.015449264735201909
2017-03-31,T,0.008356708236096995
2017-03-31,SPG,0.002278637749482515
2017-03-31,SO,0.009225507072108669
2017-03-31,SCHW,0.012617662430189918
2017-03-31,SBUX,0.012313437419453269
2017-03-31,RTX,0.006869839087495781
2017-03-31,QCOM,0.027820867622416708
2017-03-31,PM,0.008328462816427015
2017-03-31,TMUS,0.011843545367149039
2017-03-31,XOM,0.011377788621642975
2017-03-31,JNJ,0.006938318809283047
2017-03-31,IBM,0.007577750010397137
2017-03-31,CL,0.007147363792646185
2017-03-31,CAT,0.010449387910954493
2017-03-31,C,0.012311908762527891
2017-03-31,BRK-B,0.008282161505326046
2017-03-31,BMY,0.03174555396630684
2017-03-31,BLK,0.008932727167043472
2017-03-31,BKNG,0.0017300469696967305
2017-03-31,BAC,0.015073907698567134
2017-03-31,AXP,0.006060704130756098
2017-03-31,AMZN,0.0046375622546961145
2017-03-31,AMT,0.0069896100548467914
2017-03-31,AMGN,0.012146633470865928
2017-03-31,AMD,0.10387766268194644
2017-03-31,AIG,0.010949874745581123
2017-03-31,ADBE,0.0033789833502669412
2017-03-31,ACN,0.015855324702718127
2017-03-31,ABT,0.009079863703183685
2017-03-31,AAPL,0.008758105447026153
2017-03-31,INTC,0.008932727167043472
2017-03-31,CMCSA,0.0067952923567248325
2017-03-31,COF,0.01239294610369681
2017-03-31,BA,0.01115168836877882
2017-03-31,COST,0.013943489476081913
2017-03-31,COP,0.010146454429288592
2017-03-31,HD,0.006869839087495781
2017-03-31,GS,0.013007551194077508
2017-03-31,GOOGL,0.009645004570336594
2017-03-31,GOOG,0.011847018896931107
2017-03-31,GILD,0.011713308683017778
2017-03-31,GE,0.008523743088665629
2017-03-31,GD,0.007359460388423188
2017-03-31,FDX,0.012072321468673477
2017-03-31,F,0.013252644604609036
2017-03-31,HON,0.006869839087495781
2017-03-31,DUK,0.008241401144657861
2017-03-31,DIS,0.006577557175851854
2017-03-31,DHR,0.008429140439462104
2017-03-31,DE,0.002493693194923958
2017-03-31,CVX,0.009916432745993511
2017-03-31,CVS,-0.03519189912344948
2017-03-31,CSCO,0.0067952923567248325
2017-03-31,CRM,0.005524277118827801
2017-03-31,EMR,0.010501392737562926
2017-04-28,ORCL,0.009014875859945141
2017-04-28,MO,0.00758465198481466
2017-04-28,NKE,0.01033752398719081
2017-04-28,NFLX,0.03231775302313255
2017-04-28,NEE,0.008889648438910333
2017-04-28,MSFT,0.005869552359817216
2017-04-28,MS,0.012844859751860071
2017-04-28,MRK,0.012499409199565428
2017-04-28,NVDA,0.0007147859895932544
2017-04-28,MCD,0.004282364536783971
2017-04-28,MDT,0.011879362002689752
2017-04-28,MDLZ,0.01018894832073683
2017-04-28,MA,0.011020773186308458
2017-04-28,LOW,0.007727308626774913
2017-04-28,LMT,0.00952592655536918
2017-04-28,LLY,0.010753077760169366
2017-04-28,LIN,0.004553766374393894
2017-04-28,PEP,0.011632013680900919
2017-04-28,MET,0.015334642037967859
2017-04-28,PFE,0.012451732139735012
2017-04-28,TMO,0.007697972991747306
2017-04-28,PM,0.01244796164255782
2017-04-28,XOM,0.008007193424755839
2017-04-28,WMT,0.006720859403413968
2017-04-28,WFC,0.012153743537345926
2017-04-28,VZ,0.019902046160589465
2017-04-28,V,0.010141625564118023
2017-04-28,USB,0.01058510219472363
2017-04-28,UPS,0.00839876000213356
2017-04-28,UNP,0.007713288550617944
2017-04-28,UNH,0.0029543686980409503
2017-04-28,PG,0.011535511908518183
2017-04-28,TXN,0.010728234208263649
2017-04-28,KO,0.01150678625986611
2017-04-28,TGT,0.022073525181206637
2017-04-28,T,0.011535511908518183
2017-04-28,SPG,0.004627591000980439
2017-04-28,SO,0.008007193424755839
2017-04-28,SCHW,0.015395358856428482
2017-04-28,SBUX,0.005638658685933564
2017-04-28,RTX,0.004467645920178366
2017-04-28,QCOM,0.017407095168055983
2017-04-28,TMUS,0.00808381509091063
2017-04-28,JPM,0.014033385447897305
2017-04-28,MMM,0.01131413101052341
2017-04-28,INTC,0.012293910263709
2017-04-28,CL,0.01180826020825455
2017-04-28,CAT,0.007536935947090342
2017-04-28,C,0.014131960243148094
2017-04-28,BRK-B,0.00866893617308771
2017-04-28,BMY,0.0308269322106124
2017-04-28,BLK,0.010292629932130185
2017-04-28,BKNG,0.006118175704109487
2017-04-28,BAC,0.013196616965975606
2017-04-28,BA,0.006787666643496548
2017-04-28,AXP,0.010006217257457477
2017-04-28,AMZN,0.00457312093753899
2017-04-28,AMT,0.00784236570294521
2017-04-28,AMGN,0.011564363098454824
2017-04-28,AMD,0.06595867344128457
2017-04-28,AIG,0.01154683302134654
2017-04-28,ADBE,0.005076799246912229
2017-04-28,ACN,0.010479914379588498
2017-04-28,ABT,0.01101777449844953
2017-04-28,AAPL,0.009302808539679686
2017-04-28,CMCSA,0.0031540157202674473
2017-04-28,COF,0.0175663136882067
2017-04-28,JNJ,0.0076118062924231565
2017-04-28,COST,0.007618084105804849
2017-04-28,COP,0.014521303860333267
2017-04-28,IBM,0.015466682450645997
2017-04-28,HON,0.005409124000746398
2017-04-28,HD,0.004467645920178366
2017-04-28,GS,0.012408684363150232
2017-04-28,GOOGL,0.0037944344039543285
2017-04-28,GILD,0.018063826019841734
2017-04-28,GE,0.012484268577710648
2017-04-28,GD,0.003954327766291642
2017-04-28,FDX,0.014364252480925717
2017-04-28,GOOG,0.0037944344039543285
2017-04-28,EMR,0.010506830991114336
2017-04-28,DUK,0.006811168842933495
2017-04-28,DIS,0.01131413101052341
2017-04-28,CRM,0.005642673604117533
2017-04-28,DHR,0.015815274031673973
2017-04-28,DE,0.007969076822134878
2017-04-28,CVX,0.010192624276414052
2017-04-28,CVS,0.014277872709635715
2017-04-28,CSCO,0.006429252429103023
2017-04-28,F,0.006099503582141435
2017-05-31,PFE,0.013359574513350469
2017-05-31,MSFT,0.010149143391060695
2017-05-31,NEE,0.009280236990115334
2017-05-31,NFLX,0.02118646926832894
2017-05-31,PEP,0.010133992156794908
2017-05-31,NVDA,-0.05744710391321395
2017-05-31,ORCL,0.012227738578470398
2017-05-31,MS,0.013402598237690803
2017-05-31,NKE,0.013911592701864563
2017-05-31,MRK,0.0183980360079832
2017-05-31,MCD,0.003325027147631269
2017-05-31,MET,0.025246133735332823
2017-05-31,MDT,0.012331424277136538
2017-05-31,MDLZ,0.006883855821683776
2017-05-31,MA,0.008707279182665634
2017-05-31,LOW,0.015091038921814813
2017-05-31,LMT,0.005629925466645579
2017-05-31,LLY,0.011685142383530574
2017-05-31,LIN,0.005514213961586294
2017-05-31,MO,0.005239054951959479
2017-05-31,PG,0.012764861745511464
2017-05-31,KO,0.010093862484225856
2017-05-31,QCOM,0.022676082213603396
2017-05-31,XOM,0.011294224880900866
2017-05-31,WMT,0.005629925466645579
2017-05-31,WFC,0.01638994642128507
2017-05-31,VZ,0.007589540801447099
2017-05-31,V,0.011228006890487932
2017-05-31,USB,0.010896212338647562
2017-05-31,UPS,0.008959445510884541
2017-05-31,UNP,0.013368605979426566
2017-05-31,UNH,0.009528090774735232
2017-05-31,TXN,0.011941725182534262
2017-05-31,TMUS,0.011476220328850602
2017-05-31,TMO,0.010176418883266976
2017-05-31,TGT,0.0026036364581331767
2017-05-31,T,0.008959445510884541
2017-05-31,SPG,0.006471847923310578
2017-05-31,SO,0.011790268479654819
2017-05-31,SCHW,0.016384203904762105
2017-05-31,SBUX,0.005629925466645579
2017-05-31,RTX,0.011571272080205933
2017-05-31,PM,0.0076829381618758125
2017-05-31,JPM,0.02035908947507899
2017-05-31,MMM,0.010120365120819822
2017-05-31,INTC,0.011102768257521876
2017-05-31,CMCSA,0.004825330137409501
2017-05-31,CL,0.00800374293374605
2017-05-31,CAT,0.008057511509411086
2017-05-31,C,0.010533126348160133
2017-05-31,BRK-B,0.00810880179533805
2017-05-31,BMY,0.02737986022493279
2017-05-31,BLK,0.008061383094122283
2017-05-31,BKNG,0.010430125536293503
2017-05-31,BAC,0.013402598237690803
2017-05-31,COF,0.017179823374252626
2017-05-31,BA,0.007437355006021898
2017-05-31,AMZN,0.006502230546060246
2017-05-31,AMT,0.008989169196692865
2017-05-31,AMGN,0.011975613554823288
2017-05-31,AMD,0.14291910327276544
2017-05-31,AIG,0.009670728104538997
2017-05-31,ADBE,0.006502230546060246
2017-05-31,ACN,0.01161807815471098
2017-05-31,ABT,0.00818668954036435
2017-05-31,AAPL,0.007437355006021898
2017-05-31,AXP,0.01196549941534835
2017-05-31,COP,0.022340511507298256
2017-05-31,JNJ,0.005592212698650584
2017-05-31,CRM,0.00774982345185228
2017-05-31,COST,0.004424087154953416
2017-05-31,HON,0.0072553121059382155
2017-05-31,HD,0.007495494740581808
2017-05-31,GS,0.015289630903387802
2017-05-31,GOOGL,0.0033845398160632935
2017-05-31,GOOG,0.0033845398160632935
2017-05-31,GILD,-0.0220663676590642
2017-05-31,GE,0.013484750988580645
2017-05-31,GD,0.002144308148115645
2017-05-31,FDX,0.011872379431130585
2017-05-31,IBM,0.009789069395969656
2017-05-31,F,0.0037558899434547207
2017-05-31,CVS,0.0024712396792674436
2017-05-31,CVX,0.01352360691170132
2017-05-31,DE,0.005097556261679515
2017-05-31,CSCO,0.020270808929744654
2017-05-31,DIS,0.01279015097641814
2017-05-31,DUK,0.010511235635505923
2017-05-31,EMR,0.01105327000237764
2017-05-31,DHR,0.018382996423242898
2017-06-30,ORCL,0.008315705442184766
2017-06-30,MO,0.008988513375960345
2017-06-30,NKE,0.014174666826355806
2017-06-30,NFLX,0.04744459306922862
2017-06-30,NEE,0.013333216847461476
2017-06-30,MSFT,0.011798737616511939
2017-06-30,MS,0.00940016321129875
2017-06-30,MRK,0.01987237414328877
2017-06-30,NVDA,0.004290742620738287
2017-06-30,MCD,0.009670418580071928
2017-06-30,MDT,0.009799968874483768
2017-06-30,MDLZ,0.009386257239865152
2017-06-30,MA,0.008478294721183126
2017-06-30,LOW,0.011917782017866977
2017-06-30,LMT,0.010035768137866677
2017-06-30,LLY,0.010753678823240525
2017-06-30,LIN,0.00943416455038748
2017-06-30,PEP,0.008317738168595719
2017-06-30,MET,0.00685537134588942
2017-06-30,PFE,0.007492356336317878
2017-06-30,TMO,0.008187986394526737
2017-06-30,PM,0.007985906447145188
2017-06-30,XOM,0.004752803863771366
2017-06-30,WMT,0.013423299591670178
2017-06-30,WFC,0.007579626763355698
2017-06-30,VZ,0.005278507979462314
2017-06-30,V,0.00926073084853942
2017-06-30,USB,0.009627601685715692
2017-06-30,UPS,0.007492356336317878
2017-06-30,UNP,0.013078155963459069
2017-06-30,UNH,0.005563023126657219
2017-06-30,PG,0.010937062007029456
2017-06-30,TXN,0.021193225057347945
2017-06-30,KO,0.018453621408627822
2017-06-30,TGT,0.010661413792993698
2017-06-30,T,0.010843200844086541
2017-06-30,SPG,0.009708231077331571
2017-06-30,SO,0.017257243260462834
2017-06-30,SCHW,0.004935229221831926
2017-06-30,SBUX,0.014088946885567746
2017-06-30,RTX,0.011372427359963947
2017-06-30,QCOM,0.02201545165264513
2017-06-30,TMUS,0.017560114059656986
2017-06-30,JPM,0.007813689777348466
2017-06-30,MMM,0.006961363422671582
2017-06-30,INTC,0.019446747115468007
2017-06-30,CL,0.012057695548160488
2017-06-30,CAT,0.010180102006507803
2017-06-30,C,0.0061261926329714295
2017-06-30,BRK-B,0.007652324333108608
2017-06-30,BMY,0.009234504289348746
2017-06-30,BLK,0.00705598172264087
2017-06-30,BKNG,0.012196309730763421
2017-06-30,BAC,0.004935229221831926
2017-06-30,BA,0.0037256280551913124
2017-06-30,AXP,0.007937580668350297
2017-06-30,AMZN,0.016208908129640476
2017-06-30,AMT,0.010581499709113582
2017-06-30,AMGN,0.006746175603542385
2017-06-30,AMD,0.1645880275277298
2017-06-30,AIG,0.010719886613200455
2017-06-30,ADBE,0.011629412342434248
2017-06-30,ACN,0.010581499709113582
2017-06-30,ABT,0.0055965034779087664
2017-06-30,AAPL,0.017252588778773385
2017-06-30,CMCSA,0.015218620631727181
2017-06-30,COF,0.00677137367169657
2017-06-30,JNJ,0.007652324333108608
2017-06-30,COST,0.017690944950174998
2017-06-30,COP,0.023551958991145063
2017-06-30,IBM,0.010015273648519075
2017-06-30,HON,0.008317738168595719
2017-06-30,HD,0.007626777258158692
2017-06-30,GS,0.01139468020960485
2017-06-30,GOOGL,0.017385146537955656
2017-06-30,GILD,0.008684688807152239
2017-06-30,GE,0.012155203950529601
2017-06-30,GD,0.007780659870489666
2017-06-30,FDX,0.007813689777348466
2017-06-30,GOOG,0.01782921358404995
2017-06-30,EMR,0.01080525501064512
2017-06-30,DUK,0.016866429246813204
2017-06-30,DIS,0.009012151434305333
2017-06-30,CRM,0.011826440928404847
2017-06-30,DHR,0.021128099055291803
2017-06-30,DE,0.010390504744913445
2017-06-30,CVX,0.012223200417444307
2017-06-30,CVS,0.010148590837569324
2017-06-30,CSCO,0.01384402040825453
2017-06-30,F,0.010777343827336435
2017-07-31,PEP,0.00941367547206642
2017-07-31,MS,0.0057363458418354454
2017-07-31,MSFT,0.007023082838035995
2017-07-31,NEE,0.004697244435827443
2017-07-31,ORCL,0.012098189611066531
2017-07-31,NKE,0.006643155809657676
2017-07-31,NVDA,-0.016565970359046545
2017-07-31,MRK,0.010251262808291391
2017-07-31,NFLX,0.024275511884390057
2017-07-31,MO,0.02202355988002319
2017-07-31,MCD,0.008437158869039958
2017-07-31,MET,0.011355724595578657
2017-07-31,MDT,0.010564457971393345
2017-07-31,MDLZ,0.008686768764079426
2017-07-31,MA,0.00481998418409522
2017-07-31,LOW,0.00871475331022959
2017-07-31,LMT,0.004766716202777846
2017-07-31,LLY,0.009408946528098351
2017-07-31,LIN,0.011190527348710117
2017-07-31,MMM,0.010130877591027583
2017-07-31,PFE,0.007920336289404117
2017-07-31,KO,0.009705001957918373
2017-07-31,PM,0.007851322933408724
2017-07-31,WMT,0.0049881740803648985
2017-07-31,WFC,0.011529697996393579
2017-07-31,VZ,0.018360986259401826
2017-07-31,V,0.004022755765038259
2017-07-31,USB,0.00785496457837888
2017-07-31,UPS,0.008804425399750479
2017-07-31,UNP,0.018380719833508172
2017-07-31,UNH,0.00615484604132156
2017-07-31,TXN,0.008795307235761265
2017-07-31,TMUS,0.012499134856245774
2017-07-31,TMO,0.01123936129032436
2017-07-31,TGT,0.01273514815678519
2017-07-31,T,0.006933488320964805
2017-07-31,SPG,0.01436385046932709
2017-07-31,SO,0.007664770731826431
2017-07-31,SCHW,0.010891889629449831
2017-07-31,SBUX,0.017802024620707478
2017-07-31,RTX,0.01174281185357968
2017-07-31,QCOM,0.007599567725808299
2017-07-31,PG,0.006613087317406327
2017-07-31,JPM,0.013833527770047215
2017-07-31,XOM,0.0079561065324641
2017-07-31,INTC,0.007203615314962865
2017-07-31,CL,0.011495949526528418
2017-07-31,CAT,0.00553410816160903
2017-07-31,C,0.013229512629546978
2017-07-31,BRK-B,0.005754784290431625
2017-07-31,BMY,0.01578376068704729
2017-07-31,BLK,0.008598577796878932
2017-07-31,BKNG,0.007408609836513164
2017-07-31,BAC,0.012212160340899544
2017-07-31,BA,0.006347283226195582
2017-07-31,AXP,0.008118472983379421
2017-07-31,AMZN,0.019079561294768347
2017-07-31,AMT,0.011990440059972888
2017-07-31,AMGN,0.0105401886120868
2017-07-31,AMD,0.09812193659468821
2017-07-31,AIG,0.060315935741481586
2017-07-31,ADBE,0.011222706254279357
2017-07-31,ACN,0.008857148767529606
2017-07-31,ABT,0.009659011500463681
2017-07-31,AAPL,0.012218678630889393
2017-07-31,CMCSA,0.008604815585032342
2017-07-31,COF,0.006278957944177082
2017-07-31,JNJ,0.00852472592406256
2017-07-31,COST,0.0077870490220694945
2017-07-31,COP,0.013956655060584888
2017-07-31,HON,0.007064853646378308
2017-07-31,HD,0.010599327699324777
2017-07-31,GS,0.01129297104644338
2017-07-31,GOOGL,0.01150561221726507
2017-07-31,GOOG,0.010002170997970431
2017-07-31,GILD,0.007444975926777818
2017-07-31,GE,0.010012869168132023
2017-07-31,GD,0.01117296105305479
2017-07-31,FDX,0.01633149961185837
2017-07-31,IBM,0.013200352848950684
2017-07-31,EMR,0.01224951968126099
2017-07-31,F,0.010034812520908345
2017-07-31,CSCO,0.01031685618666936
2017-07-31,CVS,0.0012505329013707944
2017-07-31,CVX,0.005219465850159979
2017-07-31,CRM,0.008703394535954541
2017-07-31,DHR,0.0120784243816207
2017-07-31,DIS,0.007480220137385835
2017-07-31,DUK,0.008202691730640492
2017-07-31,DE,0.005990686489938229
2017-08-31,MS,0.013052453224796578
2017-08-31,MSFT,0.008655473559565313
2017-08-31,NEE,0.005401210450915893
2017-08-31,ORCL,0.011132081550410507
2017-08-31,NKE,0.01706565045524213
2017-08-31,NVDA,0.007714940922450004
2017-08-31,MRK,0.010179144760443135
2017-08-31,NFLX,0.036718611591941966
2017-08-31,MO,0.013562614214695375
2017-08-31,LIN,0.008387028533393247
2017-08-31,MET,0.013319732453648552
2017-08-31,MDT,0.009013560898602039
2017-08-31,MDLZ,0.011485216180555468
2017-08-31,MCD,0.006919927069666535
2017-08-31,MA,0.008611844911714184
2017-08-31,LOW,0.012264844355295497
2017-08-31,LMT,0.005782056907745301
2017-08-31,LLY,0.009875453423340145
2017-08-31,PEP,0.008519460305083005
2017-08-31,MMM,0.008936372747614161
2017-08-31,PFE,0.0070107182431871804
2017-08-31,TMO,0.006647748173503582
2017-08-31,PM,0.006860951706633926
2017-08-31,KO,0.010023902088779206
2017-08-31,XOM,0.007266648647608147
2017-08-31,WMT,0.011338198565142376
2017-08-31,WFC,0.012232147531829121
2017-08-31,VZ,0.011414198242135944
2017-08-31,V,0.0073635249417264605
2017-08-31,USB,0.010916255345468319
2017-08-31,UPS,0.007011719073597673
2017-08-31,UNP,0.010362141006171709
2017-08-31,PG,0.008519460305083005
2017-08-31,UNH,0.009360088427739994
2017-08-31,TMUS,0.010113400967472994
2017-08-31,TGT,0.010707323922709606
2017-08-31,T,0.012302323512849385
2017-08-31,SPG,0.01471652882349825
2017-08-31,SO,0.006840132939715741
2017-08-31,SCHW,0.014334735300887368
2017-08-31,SBUX,0.008678777502793488
2017-08-31,RTX,0.008936372747614161
2017-08-31,QCOM,0.004957826173469081
2017-08-31,TXN,0.010451105370355901
2017-08-31,JPM,0.010860309050486641
2017-08-31,JNJ,0.00807261793416743
2017-08-31,INTC,0.013986753736463903
2017-08-31,CMCSA,0.006801356181336154
2017-08-31,CL,0.007874555609446355
2017-08-31,CAT,0.008983353146812296
2017-08-31,C,0.014854160333669875
2017-08-31,BRK-B,0.00739164175411282
2017-08-31,BMY,0.016418371965972667
2017-08-31,BLK,0.009674620705868622
2017-08-31,BKNG,0.017215751245443563
2017-08-31,BA,0.011656506738877076
2017-08-31,AXP,0.009515779818135872
2017-08-31,AMZN,0.014387281368851236
2017-08-31,AMT,0.00768379300494111
2017-08-31,AMGN,0.009120042851875357
2017-08-31,AMD,0.04483629399042349
2017-08-31,AIG,0.01538060157041168
2017-08-31,ADBE,0.008000413195676528
2017-08-31,ACN,0.009498168580388528
2017-08-31,ABT,0.007411463454177998
2017-08-31,AAPL,0.011488708626317099
2017-08-31,COF,0.0152700374834668
2017-08-31,COP,0.018355646956532128
2017-08-31,BAC,0.012322142731911451
2017-08-31,CRM,0.006996746526272138
2017-08-31,COST,0.011173989376961884
2017-08-31,HON,0.007687385883632947
2017-08-31,HD,0.007721032029237258
2017-08-31,GS,0.011666292473653405
2017-08-31,GOOGL,0.00862854530720839
2017-08-31,GOOG,0.01086787766377517
2017-08-31,GILD,0.008996970167230419
2017-08-31,GE,0.008026838896136288
2017-08-31,GD,0.010722782375377236
2017-08-31,FDX,0.0110513592661597
2017-08-31,IBM,0.007319906241102487
2017-08-31,EMR,0.01164278410118019
2017-08-31,DUK,0.008943646260001988
2017-08-31,DIS,0.023096631674000993
2017-08-31,DHR,0.006625535746031961
2017-08-31,DE,0.018874668633518783
2017-08-31,CVX,0.00802837779608118
2017-08-31,CVS,0.005370765778485306
2017-08-31,CSCO,0.011382982894120458
2017-08-31,F,0.010405378180453546
2017-09-29,PEP,0.010528279601495397
2017-09-29,MS,0.00575825657710736
2017-09-29,MSFT,0.008177157581169102
2017-09-29,NEE,0.008887649859541172
2017-09-29,ORCL,0.012865022614030117
2017-09-29,NKE,0.014436384256733489
2017-09-29,NVDA,0.009678028923923925
2017-09-29,MRK,0.008781678805170745
2017-09-29,NFLX,0.030709011263311967
2017-09-29,MO,0.011632169119976546
2017-09-29,MCD,0.008188253796268502
2017-09-29,MET,0.004911366378963034
2017-09-29,MDT,0.011808465629044682
2017-09-29,MDLZ,0.009699653834096255
2017-09-29,MA,0.004763273173399139
2017-09-29,LOW,0.005910145287599333
2017-09-29,LMT,0.008177157581169102
2017-09-29,LLY,0.007305950908929425
2017-09-29,LIN,0.005754117589254948
2017-09-29,MMM,0.007516752806212955
2017-09-29,PFE,0.005876369258750326
2017-09-29,KO,0.011339571093242604
2017-09-29,PM,0.009507775168639541
2017-09-29,WMT,0.008867554710162135
2017-09-29,WFC,0.003338537521875691
2017-09-29,VZ,0.010393517798932416
2017-09-29,V,0.008177157581169102
2017-09-29,USB,0.006253638735111399
2017-09-29,UPS,0.006862205599752682
2017-09-29,UNP,0.008925872072058765
2017-09-29,UNH,0.008271238522027066
2017-09-29,TXN,0.006681316667224929
2017-09-29,TMUS,0.016769530656141497
2017-09-29,TMO,0.008948796515992273
2017-09-29,TGT,0.009737269124318389
2017-09-29,T,0.005278413753002316
2017-09-29,SPG,0.010077691606673461
2017-09-29,SO,0.0077106580041751294
2017-09-29,SCHW,0.00512417546958365
2017-09-29,SBUX,0.01254429692402941
2017-09-29,RTX,0.008311705425165601
2017-09-29,QCOM,0.0021457863211009837
2017-09-29,PG,0.008634628765243502
2017-09-29,JPM,0.007797763272946855
2017-09-29,XOM,0.004700334244498392
2017-09-29,INTC,0.005973086417951179
2017-09-29,CL,0.0072703692118850005
2017-09-29,CAT,0.005451366545628783
2017-09-29,C,0.006774037413470783
2017-09-29,BRK-B,0.007351767378573219
2017-09-29,BMY,0.015174263184402346
2017-09-29,BLK,0.004408095558985128
2017-09-29,BKNG,0.015872261319975378
2017-09-29,BAC,0.003538004227302123
2017-09-29,BA,0.008638697714961762
2017-09-29,AXP,0.005839484735071081
2017-09-29,AMZN,0.015637323201142108
2017-09-29,AMT,0.01772620723187691
2017-09-29,AMGN,0.006765950742263677
2017-09-29,AMD,0.03799487149859718
2017-09-29,AIG,0.00999840006163886
2017-09-29,ADBE,0.014111366728579072
2017-09-29,ACN,0.007221871149447686
2017-09-29,ABT,0.007221316833890676
2017-09-29,AAPL,0.01775439130697486
2017-09-29,CMCSA,0.016079243592580592
2017-09-29,COF,0.004958890558413666
2017-09-29,JNJ,0.008908031440871758
2017-09-29,COST,0.00847743280494313
2017-09-29,COP,0.017925657420818007
2017-09-29,HON,0.007189745920436362
2017-09-29,HD,0.005842578900200502
2017-09-29,GS,0.005545447486486744
2017-09-29,GOOGL,0.008316990219656328
2017-09-29,GOOG,0.00801170380420275
2017-09-29,GILD,0.007545197900826587
2017-09-29,GE,0.005688708934490843
2017-09-29,GD,0.009332764704636846
2017-09-29,FDX,0.007221316833890676
2017-09-29,IBM,0.00780923856264761
2017-09-29,EMR,0.006402307719031635
2017-09-29,F,0.006223563530718878
2017-09-29,CSCO,0.009075901197191316
2017-09-29,CVS,0.0031879611110835013
2017-09-29,CVX,0.005521191644336315
2017-09-29,CRM,0.010524787152017094
2017-09-29,DHR,0.006942472713099141
2017-09-29,DIS,0.011135118085435644
2017-09-29,DUK,0.009296381491992254
2017-09-29,DE,0.007737724896759572
2017-10-31,MRK,0.023468397434421355
2017-10-31,MS,0.012942707980387241
2017-10-31,MSFT,0.008063149144318283
2017-10-31,NVDA,0.008493047961712474
2017-10-31,NFLX,0.00988200911143756
2017-10-31,NKE,0.008125933385217802
2017-10-31,MO,0.014580778973436629
2017-10-31,NEE,0.006501037927018542
2017-10-31,MMM,0.007816786023216123
2017-10-31,KO,0.011094186513770317
2017-10-31,MDT,0.012882124175561425
2017-10-31,MDLZ,0.010814141125540043
2017-10-31,MCD,0.007424877533186696
2017-10-31,MA,0.00767124065428886
2017-10-31,LOW,0.012564334286124882
2017-10-31,LMT,0.010832404979103639
2017-10-31,LLY,0.016845658563600135
2017-10-31,LIN,0.009797811551820584
2017-10-31,ORCL,0.009904150517973173
2017-10-31,MET,0.011599277519759223
2017-10-31,PEP,0.010001959067889405
2017-10-31,TGT,0.00795122826096554
2017-10-31,PG,0.014694622288721083
2017-10-31,JPM,0.009036096583084659
2017-10-31,WMT,0.007215751211852308
2017-10-31,WFC,0.01080471379766051
2017-10-31,VZ,0.01128511348809249
2017-10-31,V,0.00711220632862982
2017-10-31,USB,0.008621783869968208
2017-10-31,UPS,0.010119444595674567
2017-10-31,UNP,0.013296533456731778
2017-10-31,UNH,0.012295420579794554
2017-10-31,PFE,0.010435310921074399
2017-10-31,TXN,0.00679032497765014
2017-10-31,TMO,0.013774271796606553
2017-10-31,T,0.024584074815038125
2017-10-31,SPG,0.005172372844688048
2017-10-31,SO,0.006501037927018542
2017-10-31,SCHW,0.01189001116453484
2017-10-31,SBUX,0.010539850442271428
2017-10-31,RTX,0.004790282404708866
2017-10-31,QCOM,0.004871276302015782
2017-10-31,PM,0.015468401065694776
2017-10-31,TMUS,0.016231943770127287
2017-10-31,XOM,0.008344040637070215
2017-10-31,JNJ,0.007457087506234869
2017-10-31,IBM,0.009008525708036022
2017-10-31,CL,0.0114049972788442
2017-10-31,CAT,0.003389450024885694
2017-10-31,C,0.014419228745749432
2017-10-31,BRK-B,0.010314176735471277
2017-10-31,BMY,0.014839791875376243
2017-10-31,BLK,0.007049385861262667
2017-10-31,BKNG,0.012723232802498222
2017-10-31,BAC,0.004807269948599782
2017-10-31,BA,0.012108288139014626
2017-10-31,AXP,0.0067474010481207046
2017-10-31,AMZN,0.00925620354836088
2017-10-31,AMT,0.009453237388141363
2017-10-31,AMGN,0.02026707551815627
2017-10-31,AMD,0.06707264628818611
2017-10-31,AIG,0.008887377314373522
2017-10-31,ADBE,0.00796693819212627
2017-10-31,ACN,0.006886663189190034
2017-10-31,ABT,0.010533504931544415
2017-10-31,AAPL,0.0077573070252018594
2017-10-31,CMCSA,0.02236644868352119
2017-10-31,COF,0.007886538463200213
2017-10-31,INTC,0.010643658383124819
2017-10-31,COST,0.01479497121058215
2017-10-31,HON,0.010052859954518064
2017-10-31,HD,0.009405895286885546
2017-10-31,GS,0.01322831597571837
2017-10-31,GOOGL,0.009313975247072035
2017-10-31,GOOG,0.009313975247072035
2017-10-31,GE,0.023369660840279215
2017-10-31,GD,0.027577610171596198
2017-10-31,FDX,0.012978930021158257
2017-10-31,F,0.010113628237043738
2017-10-31,GILD,0.013960397538135907
2017-10-31,DUK,0.006865843207527656
2017-10-31,EMR,0.015851329853533824
2017-10-31,CRM,0.00679032497765014
2017-10-31,CSCO,0.011703070669929067
2017-10-31,CVS,0.02074792742991125
2017-10-31,COP,0.01576275120563559
2017-10-31,DE,0.011116727068090021
2017-10-31,DHR,0.008783550765740483
2017-10-31,DIS,0.016687817209762066
2017-10-31,CVX,0.010351986691782738
2017-11-30,MSFT,0.012283098307646286
2017-11-30,NEE,0.009201677062494827
2017-11-30,NFLX,0.03132157392659798
2017-11-30,PEP,0.015759468062999642
2017-11-30,NVDA,0.03637448652218158
2017-11-30,ORCL,0.01399480261079291
2017-11-30,MS,0.010877423837844086
2017-11-30,NKE,0.008378327621906581
2017-11-30,MRK,0.015218664795816517
2017-11-30,MCD,0.010694300892425415
2017-11-30,MET,0.012791319138466388
2017-11-30,MDT,0.004583028162994225
2017-11-30,MDLZ,0.010937622182162187
2017-11-30,MA,0.013726179973803975
2017-11-30,LOW,0.009225025545271718
2017-11-30,LMT,0.007032518525935573
2017-11-30,LLY,0.009382734055156692
2017-11-30,LIN,0.009749952845917483
2017-11-30,PFE,0.007032518525935573
2017-11-30,MO,0.009454456562973142
2017-11-30,PG,0.01625293710188942
2017-11-30,TMO,0.013653529021357797
2017-11-30,QCOM,0.01513940548764158
2017-11-30,XOM,0.008520254915656618
2017-11-30,WMT,0.00905783164650973
2017-11-30,WFC,0.012791319138466388
2017-11-30,VZ,0.010243115646649693
2017-11-30,V,0.012396999138053552
2017-11-30,USB,0.011345434861961736
2017-11-30,UPS,0.008674664779884675
2017-11-30,UNP,0.009274544843547805
2017-11-30,UNH,0.003787904427501296
2017-11-30,TXN,0.013445536079247106
2017-11-30,TMUS,0.016808896280548012
2017-11-30,KO,0.01298661342087105
2017-11-30,TGT,0.020161547867803505
2017-11-30,T,0.007630343965928203
2017-11-30,SPG,0.005143123313675874
2017-11-30,SO,0.008841396475487736
2017-11-30,SCHW,0.007773863796958609
2017-11-30,SBUX,0.008619355442332903
2017-11-30,RTX,0.008074177136385575
2017-11-30,PM,0.013776738089454435
2017-11-30,JPM,0.01092769529309415
2017-11-30,MMM,0.011313771473465213
2017-11-30,INTC,0.013033468583570072
2017-11-30,CMCSA,0.009124229224512607
2017-11-30,CL,0.008965881127775242
2017-11-30,CAT,0.010309319673113361
2017-11-30,C,0.012983678172941552
2017-11-30,BRK-B,0.009637995763933305
2017-11-30,BMY,0.010208470623443789
2017-11-30,BLK,0.006539049487045795
2017-11-30,BKNG,0.03201841518373675
2017-11-30,BAC,0.011588599360519567
2017-11-30,COF,0.011435331350506856
2017-11-30,BA,0.006720696669490541
2017-11-30,AMZN,0.008678176761240147
2017-11-30,AMT,0.012066667355811253
2017-11-30,AMGN,0.012593743139212098
2017-11-30,AMD,0.02180351596949267
2017-11-30,AIG,0.01893700781540651
2017-11-30,ADBE,0.005364880889760896
2017-11-30,ACN,0.007374517750485458
2017-11-30,ABT,0.010694300892425415
2017-11-30,JNJ,0.009517258802543263
2017-11-30,AXP,0.008867060693171426
2017-11-30,COP,0.011646111034376268
2017-11-30,AAPL,0.014390735513729585
2017-11-30,CRM,0.014356768283583506
2017-11-30,COST,0.011045731162595518
2017-11-30,HON,0.017170423598357763
2017-11-30,HD,0.007950005022403915
2017-11-30,GS,0.010668112011404695
2017-11-30,GOOGL,0.013177998821166048
2017-11-30,GOOG,0.012310150256903575
2017-11-30,GILD,0.011042273670848137
2017-11-30,GE,0.06122052795274928
2017-11-30,GD,0.010734984617830741
2017-11-30,FDX,0.013207376052784428
2017-11-30,IBM,0.008473396666817996
2017-11-30,F,0.010845300040257803
2017-11-30,EMR,0.011635617220467678
2017-11-30,DUK,0.01768295254631611
2017-11-30,DIS,0.009451507439942051
2017-11-30,DHR,0.010734984617830741
2017-11-30,DE,0.007779635398636995
2017-11-30,CVX,0.00983147337550194
2017-11-30,CVS,0.00958147688753419
2017-11-30,CSCO,0.008533583132492202
2017-12-29,PEP,0.018476584958738003
2017-12-29,MS,0.0108103328694809
2017-12-29,MSFT,0.006208412587098858
2017-12-29,NEE,0.011885495668287407
2017-12-29,ORCL,0.01789206522912649
2017-12-29,NKE,0.009195282241613445
2017-12-29,NVDA,0.03087341528909269
2017-12-29,MRK,0.009653967760075977
2017-12-29,NFLX,0.010342051217666366
2017-12-29,MO,0.008646180523336391
2017-12-29,MCD,0.010912412580606889
2017-12-29,MET,0.013859287925355039
2017-12-29,MDT,0.007863132746239475
2017-12-29,MDLZ,0.013743612209372225
2017-12-29,MA,0.013213736281240868
2017-12-29,LOW,0.0054384926436165226
2017-12-29,LMT,0.011885495668287407
2017-12-29,LLY,0.009763008149028756
2017-12-29,LIN,0.014483867445049288
2017-12-29,XOM,0.008478528265619066
2017-12-29,PFE,0.009616468915819609
2017-12-29,KO,0.019286843159621116
2017-12-29,PM,0.012471594364192313
2017-12-29,WMT,0.01414855207383564
2017-12-29,WFC,0.007260006846869168
2017-12-29,VZ,0.00820282572603369
2017-12-29,V,0.010889973755186863
2017-12-29,USB,0.011420393758956053
2017-12-29,UPS,0.01151303131509037
2017-12-29,UNP,0.005731138351677709
2017-12-29,UNH,0.00893199270193242
2017-12-29,TXN,0.007517971597442534
2017-12-29,TMUS,0.012146421786895031
2017-12-29,TMO,0.0161834542621279
2017-12-29,TGT,0.018149882009336923
2017-12-29,T,0.006382049857933165
2017-12-29,SPG,0.005372879843231391
2017-12-29,SO,0.014432002276946028
2017-12-29,SCHW,0.006600025529574586
2017-12-29,SBUX,0.012894490641327853
2017-12-29,RTX,0.005786217441838188
2017-12-29,QCOM,0.026228752648643282
2017-12-29,PG,0.019221251432990527
2017-12-29,JPM,0.011999629844887514
2017-12-29,MMM,0.014483867445049288
2017-12-29,INTC,0.006673957230842232
2017-12-29,CL,0.00852416398147614
2017-12-29,CAT,0.00675176284975165
2017-12-29,C,0.014570263539084733
2017-12-29,BRK-B,0.0069839002026535636
2017-12-29,BMY,0.012261708174467565
2017-12-29,BLK,0.010827450207795858
2017-12-29,BKNG,0.030823724236081654
2017-12-29,BAC,0.007939654335105871
2017-12-29,BA,0.005771457069463107
2017-12-29,AXP,0.009856748775280921
2017-12-29,AMZN,0.012668471789698958
2017-12-29,AMT,0.008918824467088434
2017-12-29,AMGN,0.012064913478515786
2017-12-29,AMD,0.039574011810217184
2017-12-29,AIG,0.015455283302142167
2017-12-29,ADBE,0.014875944934399152
2017-12-29,ACN,0.0069839002026535636
2017-12-29,ABT,0.016531951262839364
2017-12-29,AAPL,0.020712018503803543
2017-12-29,CMCSA,0.008370487246347808
2017-12-29,COF,0.006880019046499268
2017-12-29,JNJ,0.009750131666181187
2017-12-29,COST,0.008648199725111607
2017-12-29,IBM,0.005274221325731824
2017-12-29,HON,0.01855466539903733
2017-12-29,HD,0.005749544749261414
2017-12-29,GS,0.009772788399086216
2017-12-29,GOOGL,0.013294004841334235
2017-12-29,GOOG,0.012404849791081004
2017-12-29,GILD,0.014096295282518267
2017-12-29,GE,0.048678115784826934
2017-12-29,GD,0.010831767552627053
2017-12-29,FDX,0.007260006846869168
2017-12-29,COP,0.006696952777336167
2017-12-29,EMR,0.007260006846869168
2017-12-29,DUK,0.01827839527503542
2017-12-29,DIS,0.00535670732493174
2017-12-29,DHR,0.01042067100531499
2017-12-29,DE,0.009773394558608562
2017-12-29,CVX,0.008064153027582906
2017-12-29,CVS,0.00484110202232551
2017-12-29,CSCO,0.010390342835920177
2017-12-29,CRM,0.018371974718708006
2017-12-29,F,0.01222938424092713
2018-01-31,MS,0.00854060925834582
2018-01-31,MSFT,0.011309244404941956
2018-01-31,NEE,0.015953820777998957
2018-01-31,ORCL,0.009890148984259703
2018-01-31,NKE,0.008064420018214757
2018-01-31,NVDA,0.02683951471790549
2018-01-31,MRK,0.0137499416740991
2018-01-31,NFLX,0.020956659478102095
2018-01-31,MO,0.013561900779898991
2018-01-31,LIN,0.01138690145157405
2018-01-31,MET,0.017930189535391643
2018-01-31,MDT,0.00426725901680964
2018-01-31,MDLZ,0.009938573949337393
2018-01-31,MCD,0.022098449008369762
2018-01-31,MA,0.006284393606841844
2018-01-31,LOW,0.006139422055099626
2018-01-31,LMT,0.010403609904683482
2018-01-31,LLY,0.020854684249009686
2018-01-31,PEP,0.010061131209897347
2018-01-31,MMM,0.008378231198234103
2018-01-31,PFE,0.01471365893260925
2018-01-31,XOM,0.008475591897159592
2018-01-31,PM,0.014875927724652968
2018-01-31,KO,0.008960177013802697
2018-01-31,WMT,0.007978351176688029
2018-01-31,WFC,0.009916761161641363
2018-01-31,VZ,0.011434304647653605
2018-01-31,V,0.009073056707803631
2018-01-31,USB,0.007863477646106818
2018-01-31,UPS,0.003279027633303483
2018-01-31,UNP,0.015309865836154134
2018-01-31,UNH,0.004852779881505395
2018-01-31,PG,0.016485523611691533
2018-01-31,TXN,0.0026404903350590067
2018-01-31,TMO,0.01036517865387496
2018-01-31,TGT,0.016036640735363285
2018-01-31,T,0.012759389512790239
2018-01-31,SPG,0.00992162655609915
2018-01-31,SO,0.013868520557361765
2018-01-31,SCHW,0.009835066883022252
2018-01-31,SBUX,0.017402076972577847
2018-01-31,RTX,0.009060807517964103
2018-01-31,QCOM,0.009020212589354032
2018-01-31,TMUS,0.008527550300602834
2018-01-31,JPM,0.008567158026656039
2018-01-31,JNJ,0.020442114917486064
2018-01-31,INTC,0.01090933841515107
2018-01-31,CMCSA,0.007091734937678959
2018-01-31,CL,0.014120091654331127
2018-01-31,CAT,0.013578184717144498
2018-01-31,C,0.010131364751785854
2018-01-31,BRK-B,0.0071895301489951985
2018-01-31,BMY,0.014877716988459154
2018-01-31,BLK,0.004285516850472892
2018-01-31,BKNG,0.017237338339110928
2018-01-31,BA,0.010012573765171506
2018-01-31,AXP,0.013875760035759433
2018-01-31,AMZN,0.01315448326200798
2018-01-31,AMT,0.014743224494674969
2018-01-31,AMGN,0.01232677994013282
2018-01-31,AMD,-0.057330736192813356
2018-01-31,AIG,0.00911424989453261
2018-01-31,ADBE,0.006436476510990524
2018-01-31,ACN,0.007734457259418536
2018-01-31,ABT,0.009073056707803631
2018-01-31,AAPL,0.02190486701893888
2018-01-31,COF,0.009350481766379148
2018-01-31,COP,0.006486673834080212
2018-01-31,BAC,0.008193357479365235
2018-01-31,CRM,0.005731440961547219
2018-01-31,COST,0.011479638824257858
2018-01-31,HON,0.010481905338004253
2018-01-31,HD,0.009082227323482414
2018-01-31,GS,0.010601838236901041
2018-01-31,GOOGL,0.009352900429457762
2018-01-31,GOOG,0.007574934961206583
2018-01-31,GILD,0.006683473776871383
2018-01-31,GE,0.04269010360212252
2018-01-31,GD,0.0038589978560020673
2018-01-31,FDX,0.008081430820821404
2018-01-31,IBM,0.008395503128064176
2018-01-31,EMR,0.011357084506170012
2018-01-31,DUK,0.013646110302839643
2018-01-31,DIS,0.010160268439092018
2018-01-31,DHR,0.0071895301489951985
2018-01-31,DE,0.014491912177005965
2018-01-31,CVX,0.011123723081576551
2018-01-31,CVS,0.010633817309096207
2018-01-31,CSCO,0.009377061120049903
2018-01-31,F,0.02000990437568766
2018-02-28,MRK,0.01722804507305646
2018-02-28,ORCL,0.011019690056098751
2018-02-28,NVDA,0.04119680990394131
2018-02-28,NKE,0.008821624503328272
2018-02-28,NFLX,0.025695323624124775
2018-02-28,NEE,0.00928019691891841
2018-02-28,MSFT,0.015763992834499654
2018-02-28,MS,0.012376987855809407
2018-02-28,MO,0.01851723163755494
2018-02-28,MCD,0.031718811437807234
2018-02-28,MET,0.01763868966727649
2018-02-28,MDT,0.018473927926503316
2018-02-28,MDLZ,0.006749515388748543
2018-02-28,PEP,0.018167710417994476
2018-02-28,MA,0.010873717829519404
2018-02-28,LOW,0.03115065995844986
2018-02-28,LMT,0.012309608022927994
2018-02-28,LLY,0.02011881433393369
2018-02-28,LIN,0.025192748430472846
2018-02-28,MMM,0.02222009169798533
2018-02-28,PFE,0.007210977327836116
2018-02-28,KO,0.008057452316909179
2018-02-28,PM,0.012478045004110979
2018-02-28,XOM,0.019622477168015483
2018-02-28,WMT,0.029258100785617594
2018-02-28,WFC,0.011108830501131338
2018-02-28,VZ,0.017656332982218116
2018-02-28,V,0.013741256762621811
2018-02-28,USB,0.01584934800659578
2018-02-28,UPS,0.021676832307982456
2018-02-28,UNP,0.01962247908757104
2018-02-28,UNH,0.026107774662293737
2018-02-28,PG,0.01764107351466827
2018-02-28,TXN,0.027834418509696708
2018-02-28,TMO,0.019163225693130607
2018-02-28,TGT,0.010375960460746979
2018-02-28,T,0.015362527278720336
2018-02-28,SPG,0.00741137386803898
2018-02-28,SO,0.004651056085412847
2018-02-28,SCHW,0.014225819930744897
2018-02-28,SBUX,0.010219088408684414
2018-02-28,RTX,0.008000336106191327
2018-02-28,QCOM,0.0070258102959051385
2018-02-28,TMUS,0.012276083929222524
2018-02-28,JPM,0.014512823789569943
2018-02-28,AAPL,0.007345825430785692
2018-02-28,INTC,0.02557153921956239
2018-02-28,CMCSA,0.03816941912908292
2018-02-28,CL,0.020428353296016666
2018-02-28,CAT,0.02238480664080987
2018-02-28,C,0.021269731569744755
2018-02-28,BRK-B,0.005021506653123428
2018-02-28,BMY,0.008141727674245477
2018-02-28,BLK,0.01878609032135711
2018-02-28,BKNG,0.0054557627361334045
2018-02-28,BAC,0.013188048755235183
2018-02-28,BA,0.008736207855164558
2018-02-28,AXP,0.013117769950284616
2018-02-28,AMZN,0.005978370956278608
2018-02-28,AMT,0.017760667905812568
2018-02-28,AMGN,0.013562208502811009
2018-02-28,AMD,0.054254464401897656
2018-02-28,AIG,0.01853965021027925
2018-02-28,ADBE,0.005951465292739314
2018-02-28,ACN,0.014967429207606214
2018-02-28,ABT,0.019100506916716668
2018-02-28,COF,0.010374305755332129
2018-02-28,COP,0.015846193034141542
2018-02-28,JNJ,0.014525806770722875
2018-02-28,CRM,0.01441650382156939
2018-02-28,COST,0.008272342858424006
2018-02-28,IBM,0.008912498823834486
2018-02-28,HON,0.023670905826213038
2018-02-28,HD,0.025054610223650742
2018-02-28,GS,0.011560885371427106
2018-02-28,GOOGL,0.021046067261375142
2018-02-28,GILD,0.021679004978311225
2018-02-28,GE,0.02001843109852411
2018-02-28,GD,0.008125926236277435
2018-02-28,GOOG,0.019877266712860654
2018-02-28,F,0.012150548393892428
2018-02-28,EMR,0.012633673509887344
2018-02-28,DUK,0.01872994830696593
2018-02-28,CSCO,0.010005429498096746
2018-02-28,DIS,0.015702717819374417
2018-02-28,DHR,0.010197128762707489
2018-02-28,DE,0.019784488572718386
2018-02-28,CVX,0.014934403752617651
2018-02-28,CVS,0.019065558384910544
2018-02-28,FDX,0.02084592628598889
2018-03-29,ORCL,0.03319402780124613
2018-03-29,MO,0.008091826298827626
2018-03-29,NKE,0.009280413016745785
2018-03-29,NFLX,0.04157569398772217
2018-03-29,NEE,-0.0031840997787292327
2018-03-29,MSFT,0.029312095386478
2018-03-29,MS,0.017787264993317585
2018-03-29,MRK,0.0030535846786905875
2018-03-29,NVDA,-0.055818654367010154
2018-03-29,MCD,0.014616138399529587
2018-03-29,MDT,0.006773737551063038
2018-03-29,MDLZ,0.00632243122629064
2018-03-29,MA,0.010982252942886928
2018-03-29,LOW,0.025063067256763907
2018-03-29,LMT,0.010612963296131067
2018-03-29,LLY,0.013099210449538495
2018-03-29,LIN,0.01649188669179671
2018-03-29,PEP,0.010945957832603773
2018-03-29,MET,0.014738736892664849
2018-03-29,PFE,0.002896836435869314
2018-03-29,TMO,0.018202149463796113
2018-03-29,PM,0.00985119608570131
2018-03-29,XOM,0.0017195791715464313
2018-03-29,WMT,0.01474995348947297
2018-03-29,WFC,0.013253549340225783
2018-03-29,VZ,0.01151865389652817
2018-03-29,V,0.01379267187131786
2018-03-29,USB,0.01154990762052935
2018-03-29,UPS,0.013099210449538495
2018-03-29,UNP,0.008536265125101484
2018-03-29,UNH,0.031266197128237985
2018-03-29,PG,0.0038412274691511502
2018-03-29,TXN,0.029422766561008378
2018-03-29,KO,0.011913306917547604
2018-03-29,TGT,0.012761847314579081
2018-03-29,T,0.011426928457876566
2018-03-29,SPG,0.008544040800005728
2018-03-29,SO,0.0008165153029632214
2018-03-29,SCHW,0.013169810129155876
2018-03-29,SBUX,0.010621072553235201
2018-03-29,RTX,0.005733127681158888
2018-03-29,QCOM,0.037599778826788124
2018-03-29,TMUS,0.013204057690115536
2018-03-29,JPM,0.014148878179815846
2018-03-29,MMM,0.012229156121858258
2018-03-29,INTC,0.021462129236933334
2018-03-29,CL,0.001055183049422
2018-03-29,CAT,0.03939435925736691
2018-03-29,C,0.032212761628176906
2018-03-29,BRK-B,0.005660822767006293
2018-03-29,BMY,0.010680337009876348
2018-03-29,BLK,0.011172511307881777
2018-03-29,BKNG,0.008705117555810807
2018-03-29,BAC,0.014722014103211842
2018-03-29,BA,0.0404113662767742
2018-03-29,AXP,0.007968876713578267
2018-03-29,AMZN,0.020902359670462493
2018-03-29,AMT,0.008569119452438982
2018-03-29,AMGN,0.013865463294903506
2018-03-29,AMD,0.059175524168590524
2018-03-29,AIG,0.014554300448850362
2018-03-29,ADBE,0.009439151997497838
2018-03-29,ACN,0.013689151791622195
2018-03-29,ABT,0.015480165266840502
2018-03-29,AAPL,0.01330713700806398
2018-03-29,CMCSA,0.014462264835988881
2018-03-29,COF,0.009741073032351192
2018-03-29,JNJ,0.00870457794011943
2018-03-29,COST,0.0073234380961664045
2018-03-29,COP,0.004573608400132335
2018-03-29,IBM,0.009065622851254054
2018-03-29,HON,0.009156058143121142
2018-03-29,HD,0.0056465854052230365
2018-03-29,GS,0.011550670479357032
2018-03-29,GOOGL,0.017485496083761938
2018-03-29,GILD,0.010637216398264171
2018-03-29,GE,0.07605668617274139
2018-03-29,GD,0.006364702173274658
2018-03-29,FDX,0.012819638392678426
2018-03-29,GOOG,0.01854467869728968
2018-03-29,EMR,0.010628182042006794
2018-03-29,DUK,0.0036909455928639924
2018-03-29,DIS,0.011143530011930254
2018-03-29,CRM,0.011733000330128427
2018-03-29,DHR,0.002867870072923711
2018-03-29,DE,0.016120919302089434
2018-03-29,CVX,0.00950627986481393
2018-03-29,CVS,0.025109531817852675
2018-03-29,CSCO,0.013500975530711938
2018-03-29,F,0.005414974516537095
2018-04-30,PEP,0.01493986772930586
2018-04-30,MS,0.03294025257999542
2018-04-30,MSFT,0.03342963288788167
2018-04-30,NEE,0.004224177813619215
2018-04-30,ORCL,0.015729227516146957
2018-04-30,NKE,0.006634867457295342
2018-04-30,NVDA,0.10417978243036007
2018-04-30,MRK,0.0032516421222470926
2018-04-30,NFLX,0.024891403312475677
2018-04-30,MO,0.01903356998525951
2018-04-30,MCD,-0.0028319170427187623
2018-04-30,MET,0.00951041682683228
2018-04-30,MDT,0.010337530022647963
2018-04-30,MDLZ,0.012151797687275432
2018-04-30,MA,0.006610163142028148
2018-04-30,LOW,0.03215345768598741
2018-04-30,LMT,0.023846971538849182
2018-04-30,LLY,0.008113756578545975
2018-04-30,LIN,0.0045365901926926735
2018-04-30,MMM,0.013948459367317572
2018-04-30,PFE,9.555194085245982e-06
2018-04-30,XOM,0.001592891059316895
2018-04-30,PM,0.03695156987712776
2018-04-30,KO,0.007189476572140524
2018-04-30,WMT,0.007939624032195438
2018-04-30,WFC,0.014616373568928235
2018-04-30,VZ,0.008955639165667405
2018-04-30,V,0.003267703010814251
2018-04-30,USB,0.010553223631940428
2018-04-30,UPS,0.001640433166262553
2018-04-30,UNP,0.007555722738831203
2018-04-30,UNH,0.003451558895343823
2018-04-30,PG,0.01607573702120623
2018-04-30,TXN,0.03442171240604129
2018-04-30,TMO,0.011639227768995153
2018-04-30,TGT,0.007981494066120805
2018-04-30,T,0.016916379042145716
2018-04-30,SPG,0.0050304284928364635
2018-04-30,SO,0.004901348719865184
2018-04-30,SCHW,0.014981363621749589
2018-04-30,SBUX,0.013377722142309992
2018-04-30,RTX,0.013749430579876409
2018-04-30,QCOM,0.037288434545922754
2018-04-30,TMUS,0.022939547107217736
2018-04-30,JPM,0.012782168152599417
2018-04-30,JNJ,0.011999003133221746
2018-04-30,INTC,0.02778556594809841
2018-04-30,CMCSA,0.02598033907240533
2018-04-30,CL,0.01878875543143913
2018-04-30,CAT,0.041134159553983564
2018-04-30,C,0.013749430579876409
2018-04-30,BRK-B,0.011495160924312282
2018-04-30,BMY,0.011768577080768679
2018-04-30,BLK,0.01846137931644125
2018-04-30,BKNG,0.004563162902245362
2018-04-30,BAC,0.015112440839262716
2018-04-30,BA,0.047359880446934136
2018-04-30,AXP,0.015409156093933524
2018-04-30,AMZN,0.0142727011429663
2018-04-30,AMT,0.011679708188371708
2018-04-30,AMGN,0.009772982623741015
2018-04-30,AMD,0.01563634125827466
2018-04-30,AIG,0.007423109035073416
2018-04-30,ADBE,0.030499134237782922
2018-04-30,ACN,0.011980915957029051
2018-04-30,ABT,0.019193859867627533
2018-04-30,COF,0.011473183380570103
2018-04-30,COP,0.004025797203522006
2018-04-30,AAPL,0.01024915153968205
2018-04-30,CRM,0.007993056471360416
2018-04-30,COST,0.0038404102744399116
2018-04-30,IBM,0.01509921651472666
2018-04-30,HON,0.014332017405023666
2018-04-30,HD,0.0038730906824902397
2018-04-30,GS,0.012485473170300425
2018-04-30,GOOGL,0.03165101547593451
2018-04-30,GILD,0.01142727505785792
2018-04-30,GE,0.043804539655178554
2018-04-30,GD,0.015818657075840153
2018-04-30,GOOG,0.03165101547593451
2018-04-30,F,0.006827645401827172
2018-04-30,EMR,0.013407274948859762
2018-04-30,DUK,0.0039911580277052815
2018-04-30,CSCO,0.01902610410648597
2018-04-30,DIS,0.0085269666479438
2018-04-30,DHR,0.0067986196694014836
2018-04-30,DE,0.044021322526323854
2018-04-30,CVX,0.0003765103788827707
2018-04-30,CVS,0.0007340388340765777
2018-04-30,FDX,0.009389935556939797
2018-05-31,PEP,0.007488466539130171
2018-05-31,MS,0.01998640969600794
2018-05-31,MSFT,0.006687041398454042
2018-05-31,NEE,0.00901961591693289
2018-05-31,ORCL,0.00999551749679969
2018-05-31,NKE,0.003514174581225653
2018-05-31,NVDA,0.03712954440919259
2018-05-31,MRK,0.007458220826112729
2018-05-31,NFLX,0.035451091084180215
2018-05-31,MO,0.01590724769914955
2018-05-31,MCD,0.013808551907804728
2018-05-31,MET,0.012017067082378473
2018-05-31,MDT,0.004288214498219068
2018-05-31,MDLZ,0.007065428877486268
2018-05-31,MA,0.00628684014303486
2018-05-31,LOW,0.017373676924871104
2018-05-31,LMT,0.013262866663709209
2018-05-31,LLY,0.005669965706802051
2018-05-31,LIN,0.0068842026105456556
2018-05-31,MMM,0.014970469607055018
2018-05-31,PFE,0.01171447152146726
2018-05-31,KO,0.00887792832822267
2018-05-31,PM,0.04072660280575775
2018-05-31,WMT,0.012417463723399096
2018-05-31,WFC,0.009672078215123215
2018-05-31,VZ,0.009954349697931344
2018-05-31,V,0.01227744451422156
2018-05-31,USB,0.006960528036238659
2018-05-31,UPS,0.008928684349194181
2018-05-31,UNP,0.003780689863969262
2018-05-31,UNH,0.01475624362681248
2018-05-31,TXN,0.0032797067152707067
2018-05-31,TMUS,0.01798402419564203
2018-05-31,TMO,0.01520697960117023
2018-05-31,TGT,0.011988224928433216
2018-05-31,T,0.008450642607177367
2018-05-31,SPG,0.007148605680263123
2018-05-31,SO,0.009464190469956103
2018-05-31,SCHW,0.0178658402708911
2018-05-31,SBUX,0.014452492226643776
2018-05-31,RTX,0.010963220501133502
2018-05-31,QCOM,0.005709646933328504
2018-05-31,PG,0.007578919565121092
2018-05-31,JPM,0.02195475024854562
2018-05-31,XOM,-0.004299403840276059
2018-05-31,INTC,0.027560253609345237
2018-05-31,CL,-0.004803100316326366
2018-05-31,CAT,0.013174406641201763
2018-05-31,C,0.01277974330929193
2018-05-31,BRK-B,0.011905680014805709
2018-05-31,BMY,0.011870754777443634
2018-05-31,BLK,0.010562428134802276
2018-05-31,BKNG,0.0048673256670210335
2018-05-31,BAC,0.020693438133928238
2018-05-31,BA,0.012056806167728662
2018-05-31,AXP,0.01526913762297574
2018-05-31,AMZN,0.009569727604916365
2018-05-31,AMT,0.01241339930882853
2018-05-31,AMGN,0.0021999188734337116
2018-05-31,AMD,-0.03347845914199979
2018-05-31,AIG,0.006122639935304437
2018-05-31,ADBE,0.00477334300308079
2018-05-31,ACN,0.00856233247209235
2018-05-31,ABT,0.011690125178678753
2018-05-31,AAPL,0.0031286621962799944
2018-05-31,CMCSA,0.016528701635044874
2018-05-31,COF,0.005783703410334292
2018-05-31,JNJ,0.013581083872822424
2018-05-31,COST,0.007943606420946997
2018-05-31,COP,0.010116000740889733
2018-05-31,HON,0.009443646073372142
2018-05-31,HD,0.00708796224384192
2018-05-31,GS,0.015684832229935025
2018-05-31,GOOGL,0.002562841776045106
2018-05-31,GOOG,0.005077234712363522
2018-05-31,GILD,0.012285536939302804
2018-05-31,GE,0.03852191892455917
2018-05-31,GD,0.013167086249796124
2018-05-31,FDX,0.009619387667215056
2018-05-31,IBM,0.010942011454597353
2018-05-31,EMR,0.008927626218853442
2018-05-31,F,0.0050780892516734495
2018-05-31,CSCO,0.018363621689321073
2018-05-31,CVS,0.00920007947289337
2018-05-31,CVX,0.00708796224384192
2018-05-31,CRM,0.00380618631489292
2018-05-31,DHR,0.013808551907804728
2018-05-31,DIS,0.01592392257731052
2018-05-31,DUK,0.008547841467034217
2018-05-31,DE,0.025663202662201557
2018-06-29,PEP,0.005349625332885575
2018-06-29,MS,0.01683341118016036
2018-06-29,MSFT,0.016306220119916944
2018-06-29,NEE,0.00785758035707408
2018-06-29,ORCL,0.014374785373903229
2018-06-29,NKE,0.0036752295603318017
2018-06-29,NVDA,0.07389228684985143
2018-06-29,MRK,0.007243245710735826
2018-06-29,NFLX,0.0511266224218092
2018-06-29,MO,0.008554360024703575
2018-06-29,MCD,0.014477373711337636
2018-06-29,MET,0.011131797179699195
2018-06-29,MDT,0.010934712051818328
2018-06-29,MDLZ,0.008175137501088618
2018-06-29,MA,0.010749288840818752
2018-06-29,LOW,0.009299039616867169
2018-06-29,LMT,0.017839324621934348
2018-06-29,LLY,0.010141407177025413
2018-06-29,LIN,0.004254062079282851
2018-06-29,MMM,0.010719250587273441
2018-06-29,PFE,0.008047092008799113
2018-06-29,KO,0.006262527212336188
2018-06-29,PM,0.03105971017017296
2018-06-29,WMT,0.012853799926398027
2018-06-29,WFC,0.00375259362261693
2018-06-29,VZ,0.001817368868625835
2018-06-29,V,0.016998414679357234
2018-06-29,USB,0.01124157698170305
2018-06-29,UPS,0.013926693868244619
2018-06-29,UNP,0.008437421402153807
2018-06-29,UNH,0.015845859187035887
2018-06-29,TXN,0.013407405011022045
2018-06-29,TMUS,0.0066378884780217695
2018-06-29,TMO,0.011464455561631264
2018-06-29,TGT,0.008290570511290883
2018-06-29,T,0.00844066094944224
2018-06-29,SPG,0.006896586652056446
2018-06-29,SO,0.008353871966960106
2018-06-29,SCHW,0.017737843791720238
2018-06-29,SBUX,0.016723299778660782
2018-06-29,RTX,0.00971180439646165
2018-06-29,QCOM,0.012011291020867945
2018-06-29,PG,0.01635179199094556
2018-06-29,JPM,0.015022475000195348
2018-06-29,XOM,0.0023772475763935027
2018-06-29,INTC,0.027949005593429502
2018-06-29,CL,-0.0002179789807426929
2018-06-29,CAT,0.02176944272161877
2018-06-29,C,0.010569926834670687
2018-06-29,BRK-B,0.014829510222843975
2018-06-29,BMY,0.005438175771481954
2018-06-29,BLK,0.0182790841601608
2018-06-29,BKNG,0.012253683414075555
2018-06-29,BAC,0.012658661064361965
2018-06-29,BA,0.021423634282453006
2018-06-29,AXP,0.00813404932745163
2018-06-29,AMZN,0.008199925380280625
2018-06-29,AMT,0.008443145222943671
2018-06-29,AMGN,0.008329616620711626
2018-06-29,AMD,0.006994924138570106
2018-06-29,AIG,0.00675806388898338
2018-06-29,ADBE,0.011018265102809848
2018-06-29,ACN,0.004957264961172874
2018-06-29,ABT,0.01651364619412804
2018-06-29,AAPL,0.01278007711674441
2018-06-29,CMCSA,0.003802308155913199
2018-06-29,COF,0.011632521773763307
2018-06-29,JNJ,0.011890362248177471
2018-06-29,COST,0.005621484389140589
2018-06-29,COP,0.008601792870304832
2018-06-29,HON,0.012722645544013426
2018-06-29,HD,0.0091073515280143
2018-06-29,GS,0.013976660761617792
2018-06-29,GOOGL,0.006470528167972357
2018-06-29,GOOG,0.007536518238509343
2018-06-29,GILD,0.005486396288418937
2018-06-29,GE,0.03186909479608768
2018-06-29,GD,0.01742611806773881
2018-06-29,FDX,0.017303165995229727
2018-06-29,IBM,0.009004514814457963
2018-06-29,EMR,0.010837115109216772
2018-06-29,F,0.01463626565947431
2018-06-29,CSCO,0.014256240884873619
2018-06-29,CVS,0.03556422464329181
2018-06-29,CVX,0.006804082896444487
2018-06-29,CRM,0.005113150838486474
2018-06-29,DHR,0.012619462926387714
2018-06-29,DIS,0.007795341894515752
2018-06-29,DUK,0.007350521686691542
2018-06-29,DE,0.0133474988141392
2018-07-31,MRK,0.0076877791051838396
2018-07-31,MS,0.008674117355757802
2018-07-31,MSFT,0.008593957388844952
2018-07-31,NVDA,0.038317582071983054
2018-07-31,NFLX,0.05429822466602143
2018-07-31,NKE,0.007781541061485433
2018-07-31,MO,0.010412518474994527
2018-07-31,NEE,0.008776119638007123
2018-07-31,MMM,0.0073627426655004
2018-07-31,KO,0.003943237461694978
2018-07-31,MDT,0.007131231113394972
2018-07-31,MDLZ,0.0076877791051838396
2018-07-31,MCD,0.014736801400899151
2018-07-31,MA,0.014625694271279369
2018-07-31,LOW,0.0050850822051413174
2018-07-31,LMT,0.008067395359973188
2018-07-31,LLY,0.007317454112926924
2018-07-31,LIN,0.005406197318447514
2018-07-31,ORCL,0.008704514245529071
2018-07-31,MET,0.006504973861047513
2018-07-31,PEP,0.006800507637331402
2018-07-31,TGT,0.004970024461790255
2018-07-31,PG,0.012932325971410887
2018-07-31,JPM,0.003024226125601999
2018-07-31,WMT,0.010339006826814047
2018-07-31,WFC,0.00944124582228728
2018-07-31,VZ,0.010715679306750683
2018-07-31,V,0.01735507974692424
2018-07-31,USB,0.007182142915369603
2018-07-31,UPS,0.0019141387075490924
2018-07-31,UNP,0.0029675327650913316
2018-07-31,UNH,0.012377575922641427
2018-07-31,PFE,0.0073905105779680435
2018-07-31,TXN,0.017213830180019936
2018-07-31,TMO,0.002212856736962038
2018-07-31,T,0.006540433548021532
2018-07-31,SPG,0.009248412382553365
2018-07-31,SO,0.00538675369052024
2018-07-31,SCHW,0.012144232671760005
2018-07-31,SBUX,0.004924433848648011
2018-07-31,RTX,0.007131231113394972
2018-07-31,QCOM,0.005739430778459088
2018-07-31,PM,0.0008856300239433153
2018-07-31,TMUS,0.012011052375691366
2018-07-31,XOM,0.011376329043205841
2018-07-31,JNJ,0.008047613470856571
2018-07-31,IBM,0.010692672166061186
2018-07-31,CL,0.01083064761172118
2018-07-31,CAT,0.0032829232710877903
2018-07-31,C,0.0027255080961890543
2018-07-31,BRK-B,0.010268322908180229
2018-07-31,BMY,0.002879432130704352
2018-07-31,BLK,0.012312773935912312
2018-07-31,BKNG,0.01595429171440081
2018-07-31,BAC,0.004714509000031142
2018-07-31,AXP,0.014673580657817728
2018-07-31,AMZN,0.016206250975412537
2018-07-31,AMT,0.009648060336533038
2018-07-31,AMGN,0.007131231113394972
2018-07-31,AMD,0.012901293083371849
2018-07-31,AIG,0.009458019730860145
2018-07-31,ADBE,0.023441391713959883
2018-07-31,ACN,0.017573386781282993
2018-07-31,ABT,0.004963398997690449
2018-07-31,AAPL,0.008592743227165515
2018-07-31,INTC,0.024187657214084755
2018-07-31,CMCSA,0.004354159133286678
2018-07-31,COF,0.010545509818513772
2018-07-31,BA,0.008015786578492312
2018-07-31,COST,0.013777545554018661
2018-07-31,COP,0.006685466684214797
2018-07-31,HD,0.013334566463050538
2018-07-31,GS,0.010289656031657025
2018-07-31,GOOGL,0.0031147949066192187
2018-07-31,GOOG,0.002767987068770565
2018-07-31,GILD,0.02456597525495618
2018-07-31,GE,0.0022574468427048818
2018-07-31,GD,0.008140907008153668
2018-07-31,FDX,0.003220284962208177
2018-07-31,F,0.01631045866186834
2018-07-31,HON,0.007041950225769753
2018-07-31,DUK,0.008028237627372392
2018-07-31,DIS,0.007874002104715791
2018-07-31,DHR,0.009337455204338301
2018-07-31,DE,0.005367465535713046
2018-07-31,CVX,0.00540914018961511
2018-07-31,CVS,0.021783446344649335
2018-07-31,CSCO,0.01867805078288533
2018-07-31,CRM,0.016535869383913757
2018-07-31,EMR,0.007213960425649987
2018-08-31,MS,0.01431267763854269
2018-08-31,MSFT,0.012445866179210218
2018-08-31,NEE,0.008277503450826345
2018-08-31,ORCL,0.005345617074621893
2018-08-31,NKE,0.003807751898025606
2018-08-31,NVDA,0.02421872745232195
2018-08-31,MRK,0.006508164674365159
2018-08-31,NFLX,0.03339697460681095
2018-08-31,MO,0.011634821105785077
2018-08-31,LIN,0.011935741114579972
2018-08-31,MET,0.013816191271792932
2018-08-31,MDT,0.006508164674365159
2018-08-31,MDLZ,0.010685182697133077
2018-08-31,MCD,0.007550644887482411
2018-08-31,MA,0.011732466142407812
2018-08-31,LOW,0.014599911586773286
2018-08-31,LMT,0.013912228147773624
2018-08-31,LLY,0.0066981024364667725
2018-08-31,PEP,0.00649173543134327
2018-08-31,MMM,0.010832678572593167
2018-08-31,PFE,0.009165040063308913
2018-08-31,TMO,0.009788409403778366
2018-08-31,PM,-0.008103689911037918
2018-08-31,KO,0.011280203843306328
2018-08-31,XOM,0.012270334312708757
2018-08-31,WMT,0.003791237010340315
2018-08-31,WFC,0.010778321530475565
2018-08-31,VZ,0.010254048226945898
2018-08-31,V,0.008972476712617609
2018-08-31,USB,0.010677122355955016
2018-08-31,UPS,0.005609528164965543
2018-08-31,UNP,0.014890432690076592
2018-08-31,PG,0.009228595086339449
2018-08-31,UNH,0.007057463352589942
2018-08-31,TMUS,0.003559283548051056
2018-08-31,TGT,0.013115266127005322
2018-08-31,T,0.009871008690543213
2018-08-31,SPG,0.006508164674365159
2018-08-31,SO,0.020276763330330613
2018-08-31,SCHW,0.012433901425374257
2018-08-31,SBUX,0.0049161355779770875
2018-08-31,RTX,0.013478193521601267
2018-08-31,QCOM,0.006699643829415132
2018-08-31,TXN,0.017134237887223482
2018-08-31,JNJ,0.010032983706143531
2018-08-31,F,0.015605378701991315
2018-08-31,INTC,0.01597247673429617
2018-08-31,CL,0.011649309790322304
2018-08-31,CAT,0.012583071503483744
2018-08-31,C,0.012036743554664964
2018-08-31,BRK-B,0.008552898356109567
2018-08-31,BMY,0.008135788555207977
2018-08-31,BLK,0.01376062805666457
2018-08-31,BKNG,0.009098405864567668
2018-08-31,JPM,0.014041914073231297
2018-08-31,BA,0.01938846651729438
2018-08-31,AXP,0.008202903266141044
2018-08-31,AMZN,0.006351619140014638
2018-08-31,AMT,0.01143641333355607
2018-08-31,AMGN,0.009598471641676752
2018-08-31,AMD,0.02900104666450926
2018-08-31,AIG,0.014535135314488716
2018-08-31,ADBE,0.010686654941690809
2018-08-31,ACN,0.008027906361428498
2018-08-31,ABT,0.010162610243932115
2018-08-31,AAPL,0.00682482531065936
2018-08-31,CMCSA,0.006918079930334218
2018-08-31,COF,0.011301043497979626
2018-08-31,BAC,0.015466503851001387
2018-08-31,COST,0.03829209083655373
2018-08-31,COP,0.009809161175750385
2018-08-31,HON,0.011265791933244474
2018-08-31,HD,0.04010588544105429
2018-08-31,GS,0.014038951021966213
2018-08-31,GOOGL,0.012139476377241023
2018-08-31,GOOG,0.012723304226648536
2018-08-31,GILD,0.006587706173729728
2018-08-31,GE,-0.0335972777903431
2018-08-31,GD,0.014450677727659548
2018-08-31,FDX,0.012758814764267018
2018-08-31,IBM,0.010832678572593167
2018-08-31,EMR,0.0057134734492266396
2018-08-31,CSCO,0.009835915552297996
2018-08-31,CVS,0.005253981054918195
2018-08-31,CVX,0.01454686432614239
2018-08-31,CRM,0.005205355917056256
2018-08-31,DHR,0.010222921468245145
2018-08-31,DIS,0.009914882690795178
2018-08-31,DUK,0.00899664162405019
2018-08-31,DE,0.011421106803642866
2018-09-28,MS,0.01644245135594461
2018-09-28,MSFT,0.01434524112609772
2018-09-28,NEE,0.007584303471966184
2018-09-28,ORCL,0.00739968908140634
2018-09-28,NKE,0.013745291410320154
2018-09-28,NVDA,0.026212475321146636
2018-09-28,MRK,0.00967916585811309
2018-09-28,NFLX,0.0467061962964831
2018-09-28,MO,0.006090170143692702
2018-09-28,LIN,0.013575175267014015
2018-09-28,MET,0.011655668469089511
2018-09-28,MDT,0.008042885005896946
2018-09-28,MDLZ,0.011579565310410522
2018-09-28,MCD,0.010262141803852157
2018-09-28,MA,0.016215845844166462
2018-09-28,LOW,0.017771960494453655
2018-09-28,LMT,0.008996385736075214
2018-09-28,LLY,0.008990071604320582
2018-09-28,PEP,0.01269560549772787
2018-09-28,MMM,0.0128498393626839
2018-09-28,PFE,0.007515047820384333
2018-09-28,TMO,0.011457575391104795
2018-09-28,PM,0.0024676579373488416
2018-09-28,KO,0.006753331699010395
2018-09-28,XOM,0.007649681510909361
2018-09-28,WMT,0.008507657218500116
2018-09-28,WFC,0.01758611572590537
2018-09-28,VZ,0.010592984326882469
2018-09-28,V,0.015631565068924318
2018-09-28,USB,0.01105869315833934
2018-09-28,UPS,0.009473538863282656
2018-09-28,UNP,0.008363634666329733
2018-09-28,PG,0.007974020872462751
2018-09-28,UNH,0.015461425489100022
2018-09-28,TMUS,0.002029836170609475
2018-09-28,TGT,0.016615293004108318
2018-09-28,T,0.003403054242721493
2018-09-28,SPG,0.010315648471811384
2018-09-28,SO,0.006963594748691424
2018-09-28,SCHW,0.016246561366283652
2018-09-28,SBUX,0.007927017365980444
2018-09-28,RTX,0.009959520994604223
2018-09-28,QCOM,0.007341450731211344
2018-09-28,TXN,0.0156154774506539
2018-09-28,JPM,0.016793136307236098
2018-09-28,JNJ,0.010568731874205376
2018-09-28,INTC,0.01111910274270436
2018-09-28,CMCSA,0.014409387358642785
2018-09-28,CL,0.011923413436268926
2018-09-28,CAT,0.007631124750213767
2018-09-28,C,0.011381798880585423
2018-09-28,BRK-B,0.01429596489050416
2018-09-28,BMY,0.011105743693795642
2018-09-28,BLK,0.015098415142885731
2018-09-28,BKNG,0.005166934137616568
2018-09-28,BA,0.006421904661244562
2018-09-28,AXP,0.011990345818413177
2018-09-28,AMZN,0.011314823689491287
2018-09-28,AMT,0.010592984326882469
2018-09-28,AMGN,0.010886387360243633
2018-09-28,AMD,0.003366170791062582
2018-09-28,AIG,0.009460956288839719
2018-09-28,ADBE,0.01011549169703086
2018-09-28,ACN,0.01422703168816596
2018-09-28,ABT,0.0071626449005201456
2018-09-28,AAPL,0.010364833548793176
2018-09-28,COF,0.01472774277428778
2018-09-28,COP,0.004308647681080868
2018-09-28,BAC,0.018769369161791474
2018-09-28,CRM,0.011399257899517444
2018-09-28,COST,0.015631565068924318
2018-09-28,HON,0.011962606750942824
2018-09-28,HD,0.008949878019779794
2018-09-28,GS,0.019060135686216628
2018-09-28,GOOGL,0.011788417914135107
2018-09-28,GOOG,0.01276240037609344
2018-09-28,GILD,0.003881810278553066
2018-09-28,GE,0.002840272519392794
2018-09-28,GD,0.011213113019055237
2018-09-28,FDX,0.011381798880585423
2018-09-28,IBM,0.010119162710267589
2018-09-28,EMR,0.010638220096730747
2018-09-28,DUK,0.010324158994731557
2018-09-28,DIS,0.00967916585811309
2018-09-28,DHR,0.0071219033762819975
2018-09-28,DE,0.010985916760217023
2018-09-28,CVX,0.011646546593268406
2018-09-28,CVS,0.012563362595470183
2018-09-28,CSCO,0.016354535023519516
2018-09-28,F,0.013872044818588633
2018-10-31,MRK,0.013211819870551214
2018-10-31,MS,0.0031418534184309036
2018-10-31,MSFT,0.006205817920436902
2018-10-31,NVDA,0.017589100555167495
2018-10-31,NFLX,0.03897568000979833
2018-10-31,NKE,0.009980097873120769
2018-10-31,MO,0.0009727276853308827
2018-10-31,NEE,0.011678755997271702
2018-10-31,MMM,0.0094780007385959
2018-10-31,KO,0.00838479444610093
2018-10-31,MDT,0.015904328407218518
2018-10-31,MDLZ,0.011544423584074722
2018-10-31,MCD,0.003203227959775841
2018-10-31,MA,0.008476189414592453
2018-10-31,LOW,0.023925086120194464
2018-10-31,LMT,0.014471799092311903
2018-10-31,LLY,0.010289548132644507
2018-10-31,LIN,0.0033847634131287862
2018-10-31,ORCL,0.007407843447414669
2018-10-31,MET,0.013454678525535982
2018-10-31,PEP,0.009230431360690022
2018-10-31,TGT,0.012377784450088938
2018-10-31,PG,-0.0009621539543009171
2018-10-31,JPM,0.008226627969449108
2018-10-31,WMT,0.0017469765594167422
2018-10-31,WFC,0.005190707081052682
2018-10-31,VZ,0.0044445339395272196
2018-10-31,V,0.00945804971186182
2018-10-31,USB,0.011854092091077814
2018-10-31,UPS,0.009670090050744587
2018-10-31,UNP,0.012623988555130633
2018-10-31,UNH,0.007746564789156891
2018-10-31,PFE,0.010046765336220625
2018-10-31,TXN,0.021564787689254936
2018-10-31,TMO,0.004780852590950502
2018-10-31,T,0.00729422219917845
2018-10-31,SPG,0.004850243097756577
2018-10-31,SO,0.006672116545440305
2018-10-31,SCHW,0.011156623489370372
2018-10-31,SBUX,0.005595276331591485
2018-10-31,RTX,0.009907978922150978
2018-10-31,QCOM,0.012176599767950179
2018-10-31,PM,0.005341225029152601
2018-10-31,TMUS,0.003752237284118521
2018-10-31,XOM,0.01340270500082641
2018-10-31,JNJ,0.008763486123962851
2018-10-31,IBM,0.016821210931966316
2018-10-31,CL,0.01629291468717282
2018-10-31,CAT,0.034495569460813495
2018-10-31,C,0.009857733590368243
2018-10-31,BRK-B,0.008740274279187603
2018-10-31,BMY,0.010528848680732346
2018-10-31,BLK,0.009444340494270852
2018-10-31,BKNG,0.004915926317829857
2018-10-31,BAC,0.009567002005965122
2018-10-31,AXP,0.009942410973238407
2018-10-31,AMZN,0.03809002301546051
2018-10-31,AMT,0.0009513594181085268
2018-10-31,AMGN,0.003675616860565453
2018-10-31,AMD,0.025618784643023633
2018-10-31,AIG,0.006984171836232371
2018-10-31,ADBE,0.029769320113466786
2018-10-31,ACN,0.007090651797916329
2018-10-31,ABT,0.010289548132644507
2018-10-31,AAPL,0.005641952406084302
2018-10-31,INTC,0.005368716882498624
2018-10-31,CMCSA,0.0034575228703101844
2018-10-31,COF,0.009132725876827199
2018-10-31,BA,0.013286338824145342
2018-10-31,COST,0.01014736672286954
2018-10-31,COP,0.011117004016072638
2018-10-31,HD,0.014388971783391543
2018-10-31,GS,0.0032534571078212866
2018-10-31,GOOGL,0.00797660887616534
2018-10-31,GOOG,0.008266743134453315
2018-10-31,GILD,0.012658796205017678
2018-10-31,GE,0.06061828573934881
2018-10-31,GD,0.011438259497676734
2018-10-31,FDX,0.00729422219917845
2018-10-31,F,0.007165695748213908
2018-10-31,HON,0.015157458791218848
2018-10-31,DUK,0.010235173628332598
2018-10-31,DIS,0.003942590546997824
2018-10-31,DHR,0.014975037183503792
2018-10-31,DE,0.018702363112722498
2018-10-31,CVX,0.009642326705128995
2018-10-31,CVS,0.010017638496392818
2018-10-31,CSCO,0.005649945737916204
2018-10-31,CRM,0.02556842688390139
2018-10-31,EMR,0.00927755523939632
2018-11-30,MS,0.015429606225410415
2018-11-30,MSFT,0.012797662607596292
2018-11-30,NEE,0.00709891406101315
2018-11-30,ORCL,0.002975842846589735
2018-11-30,NKE,0.005002848195711189
2018-11-30,NVDA,0.08601606454562
2018-11-30,MRK,0.007638812981658278
2018-11-30,NFLX,0.07780629256692027
2018-11-30,MO,0.01110993851859218
2018-11-30,LIN,0.006516674211993453
2018-11-30,MET,-0.0021717762843790414
2018-11-30,MDT,0.0032242998832258452
2018-11-30,MDLZ,0.007666277144953361
2018-11-30,MCD,2.068779307135868e-05
2018-11-30,MA,0.021767373331006486
2018-11-30,LOW,0.011327998846312179
2018-11-30,LMT,0.008661647359718553
2018-11-30,LLY,0.00199234119863768
2018-11-30,PEP,0.0023243801266930684
2018-11-30,MMM,0.011278036357343223
2018-11-30,PFE,0.0023056715826977087
2018-11-30,XOM,0.0033465401966100918
2018-11-30,PM,0.008879338060528335
2018-11-30,KO,0.006250296333961488
2018-11-30,WMT,0.006906902567261097
2018-11-30,WFC,0.003545768868008076
2018-11-30,VZ,0.004582955671213786
2018-11-30,V,0.003832452046603306
2018-11-30,USB,0.008727364955180611
2018-11-30,UPS,2.068779307135868e-05
2018-11-30,UNP,0.0013729893999617174
2018-11-30,UNH,0.0028856829367790633
2018-11-30,TXN,0.013536448632747423
2018-11-30,TMUS,0.004711661176270215
2018-11-30,TGT,0.015324090546734812
2018-11-30,T,0.004936829182194708
2018-11-30,SPG,0.0060121818447558765
2018-11-30,SO,0.0004825636230164889
2018-11-30,SCHW,0.01742957774705057
2018-11-30,SBUX,0.00036979730770530297
2018-11-30,RTX,0.013117142330209471
2018-11-30,QCOM,0.024131983872558122
2018-11-30,PG,-0.0015873311592030665
2018-11-30,JPM,0.005743165487867753
2018-11-30,TMO,-0.00041600952320536804
2018-11-30,INTC,0.018365357206001957
2018-11-30,CL,0.0009854744319222834
2018-11-30,CAT,0.022031014735591693
2018-11-30,C,0.012392757036408339
2018-11-30,BRK-B,0.000541645113572116
2018-11-30,BMY,-0.0015609677762590639
2018-11-30,BLK,0.008989912991071691
2018-11-30,BKNG,0.0043192775921337785
2018-11-30,AAPL,0.028264391304119552
2018-11-30,BA,0.014551144428647614
2018-11-30,AXP,2.068779307135868e-05
2018-11-30,AMZN,0.026488014780323244
2018-11-30,AMT,0.0030415689756411513
2018-11-30,AMGN,0.001201023953867973
2018-11-30,AMD,-0.009462053013003978
2018-11-30,AIG,0.02321202833482648
2018-11-30,ADBE,0.026818216809994844
2018-11-30,ACN,0.0024703098530688638
2018-11-30,ABT,-0.001217949354738719
2018-11-30,JNJ,0.0066602011598070904
2018-11-30,CMCSA,0.008926983068947264
2018-11-30,COF,0.006977613648752313
2018-11-30,BAC,0.00672410175812747
2018-11-30,COST,0.005440514652896565
2018-11-30,COP,0.008189825794717895
2018-11-30,HON,0.009610186429024418
2018-11-30,HD,0.006410764011715783
2018-11-30,GS,0.0236518525983206
2018-11-30,GOOGL,0.0049630792774267496
2018-11-30,GOOG,0.005011002422171344
2018-11-30,GE,0.023804824312492968
2018-11-30,GD,0.0034835419378477484
2018-11-30,FDX,0.009327707489661247
2018-11-30,F,0.012755073677796169
2018-11-30,GILD,0.0005078849789966346
2018-11-30,CRM,0.059132880224307564
2018-11-30,EMR,0.010000389547602084
2018-11-30,CSCO,0.0029634833261409418
2018-11-30,CVS,0.002144736248962098
2018-11-30,CVX,0.003220696193839743
2018-11-30,IBM,0.013417327591149029
2018-11-30,DHR,0.0032242998832258452
2018-11-30,DIS,0.0037347474356097714
2018-11-30,DUK,0.006926948614919406
2018-11-30,DE,0.002144736248962098
2018-12-31,MO,0.013367615257222158
2018-12-31,NKE,0.026374627684849047
2018-12-31,NFLX,0.03788158978978618
2018-12-31,NEE,0.009865842913534007
2018-12-31,MSFT,0.028963086578064394
2018-12-31,MS,0.028378146843368948
2018-12-31,NVDA,0.06610572457176762
2018-12-31,MRK,0.0067441600850915665
2018-12-31,MMM,0.008276716884002038
2018-12-31,MCD,0.0008409176939727569
2018-12-31,MET,0.013939288660810793
2018-12-31,MDT,0.004053679286422607
2018-12-31,MDLZ,0.011946522851402457
2018-12-31,MA,0.024565358579194885
2018-12-31,LOW,0.00908713166996284
2018-12-31,LMT,0.011929990290611843
2018-12-31,LLY,0.0017492985877129918
2018-12-31,LIN,0.00518128463157907
2018-12-31,ORCL,0.006693450416020288
2018-12-31,XOM,0.010643587539088586
2018-12-31,PEP,0.00834685497968493
2018-12-31,KO,0.008042264321176017
2018-12-31,PG,0.005773584474089202
2018-12-31,WMT,0.0014229620445752145
2018-12-31,WFC,0.01107462574414974
2018-12-31,VZ,0.0021940709350463067
2018-12-31,V,0.025013899719069532
2018-12-31,USB,0.012272378546465512
2018-12-31,UPS,0.02160405488047624
2018-12-31,UNP,0.007743055761775343
2018-12-31,UNH,0.007204635173117199
2018-12-31,TXN,0.027548480110388733
2018-12-31,PFE,0.005948349767560353
2018-12-31,TMUS,0.005528976751048231
2018-12-31,TGT,0.03191922197904834
2018-12-31,T,0.013367615257222158
2018-12-31,SPG,0.009290760185309822
2018-12-31,SO,0.011159505484864763
2018-12-31,SCHW,0.03616633443926974
2018-12-31,SBUX,0.0018970384741288616
2018-12-31,RTX,0.012184066643845599
2018-12-31,QCOM,0.021462909846765747
2018-12-31,PM,0.025437062197636286
2018-12-31,TMO,0.007471279824205459
2018-12-31,JPM,0.008605876679457088
2018-12-31,FDX,0.019688150904040868
2018-12-31,INTC,0.02785280677460327
2018-12-31,CL,0.01115767933663251
2018-12-31,CAT,0.024580397997412167
2018-12-31,C,0.01290523548568406
2018-12-31,BRK-B,0.0018387764146602765
2018-12-31,BMY,0.020238206902237953
2018-12-31,BLK,0.027147468268027927
2018-12-31,BKNG,0.01015296302134281
2018-12-31,BAC,0.00956126727021775
2018-12-31,AXP,0.007453279154172685
2018-12-31,AMZN,0.025785763170305745
2018-12-31,AMT,0.0022914893931139076
2018-12-31,AMGN,0.0018970384741288616
2018-12-31,AMD,-7.091277446585484e-05
2018-12-31,AIG,0.02744249164167297
2018-12-31,ADBE,0.03701450967333062
2018-12-31,ACN,0.008673177477549037
2018-12-31,ABT,0.0024590581442846364
2018-12-31,AAPL,0.029419127527837065
2018-12-31,JNJ,0.0058697550563887564
2018-12-31,CMCSA,0.01653904868515249
2018-12-31,COF,0.011685337162307708
2018-12-31,BA,0.025321038073020254
2018-12-31,COST,0.023731816387281262
2018-12-31,COP,0.025876889432930743
2018-12-31,HON,0.01122834227203044
2018-12-31,HD,0.008060907145972638
2018-12-31,GS,0.024869948459177265
2018-12-31,GOOGL,0.031770104659053916
2018-12-31,GOOG,0.031770104659053916
2018-12-31,GE,0.05794848995904737
2018-12-31,GD,0.011685337162307708
2018-12-31,F,0.014830234379134045
2018-12-31,GILD,0.02068767063857137
2018-12-31,CRM,0.021566103529024765
2018-12-31,EMR,0.006842567736014716
2018-12-31,CSCO,0.024864782399075105
2018-12-31,CVS,0.031165374334931654
2018-12-31,CVX,0.007104539293174681
2018-12-31,IBM,0.03349712298487625
2018-12-31,DHR,0.0021339417145530945
2018-12-31,DIS,0.0021339417145530945
2018-12-31,DUK,0.005332235474878643
2018-12-31,DE,0.026158565888852285
2019-01-31,MS,0.020275710345772843
2019-01-31,MSFT,0.027158617344458045
2019-01-31,NEE,0.003258221903447928
2019-01-31,ORCL,-0.001694763028630182
2019-01-31,NKE,0.012272301566187343
2019-01-31,NVDA,0.10249935994251727
2019-01-31,MRK,0.006578832512669611
2019-01-31,NFLX,0.03312838916799411
2019-01-31,MO,0.005540592003595531
2019-01-31,LIN,0.0010310830495181417
2019-01-31,MET,-0.001232948420097266
2019-01-31,MDT,0.004283701029680124
2019-01-31,MDLZ,-0.0015976970290214635
2019-01-31,MCD,0.0062559278454280085
2019-01-31,MA,0.024690083214943512
2019-01-31,LOW,-5.566021339790642e-05
2019-01-31,LMT,0.013833178265390104
2019-01-31,LLY,0.0021794761361371307
2019-01-31,PEP,0.004465840627901605
2019-01-31,MMM,-0.002877221677670245
2019-01-31,PFE,0.0031139661410770213
2019-01-31,TMO,0.0003110286456144582
2019-01-31,PM,0.004189069842841879
2019-01-31,KO,0.008721284250675157
2019-01-31,XOM,0.006154651696759339
2019-01-31,WMT,0.0012892456702467145
2019-01-31,WFC,0.012554634415719615
2019-01-31,VZ,-1.6935220178115851e-06
2019-01-31,V,0.005649327895519892
2019-01-31,USB,0.006710633179008678
2019-01-31,UPS,0.015517386756060994
2019-01-31,UNP,0.015611021137572232
2019-01-31,PG,-0.0008440372259968257
2019-01-31,UNH,-0.0009685397753305295
2019-01-31,TMUS,-0.0002940585346516385
2019-01-31,TGT,0.021327813217433177
2019-01-31,T,0.007500927204076066
2019-01-31,SPG,-0.0023339464257417517
2019-01-31,SO,0.0026046213513352145
2019-01-31,SCHW,0.006794985269108158
2019-01-31,SBUX,0.00047879171941332026
2019-01-31,RTX,0.011706195184478017
2019-01-31,QCOM,0.021731986492066785
2019-01-31,TXN,0.019920358100081546
2019-01-31,JPM,-2.562835368852429e-05
2019-01-31,BAC,0.010067840515448439
2019-01-31,INTC,0.03559615602577072
2019-01-31,CMCSA,0.0024276413497962977
2019-01-31,CL,0.003910237225924336
2019-01-31,CAT,0.034793849177605946
2019-01-31,C,0.011526440337524447
2019-01-31,BRK-B,0.0019679232122841385
2019-01-31,BMY,0.02856398142289031
2019-01-31,BLK,0.0030579635690386347
2019-01-31,BKNG,-0.0010813730898684224
2019-01-31,JNJ,0.0033675618835641765
2019-01-31,BA,0.020567314767059242
2019-01-31,AXP,-0.0013850897010927927
2019-01-31,AMZN,0.025127256833358168
2019-01-31,AMT,0.0028853516857821255
2019-01-31,AMGN,0.007438893215370953
2019-01-31,AMD,0.15235136314725767
2019-01-31,AIG,0.010923317361006463
2019-01-31,ADBE,0.035760211965497696
2019-01-31,ACN,0.0009993678493349113
2019-01-31,ABT,0.002923915382799415
2019-01-31,COF,0.005728436126085285
2019-01-31,COP,0.011895892002520182
2019-01-31,AAPL,0.02148142618135815
2019-01-31,CRM,0.03633810199148205
2019-01-31,COST,0.0011693894270464879
2019-01-31,IBM,0.0021350919945891025
2019-01-31,HON,0.0009090734090902952
2019-01-31,HD,-0.0009232750925598767
2019-01-31,GS,0.01964380414009083
2019-01-31,GOOGL,0.004534531783548973
2019-01-31,GILD,0.0035758374174854803
2019-01-31,GE,-0.03766844796617677
2019-01-31,GD,0.010836364687244651
2019-01-31,GOOG,0.00916777768154402
2019-01-31,F,0.017673907964244895
2019-01-31,EMR,0.0007514939805259294
2019-01-31,DUK,0.008974260832641606
2019-01-31,CSCO,0.009827122517936875
2019-01-31,DIS,-0.0006349679240011765
2019-01-31,DHR,-0.00014794394372508242
2019-01-31,DE,0.02019090520339208
2019-01-31,CVX,-0.0012173266272939307
2019-01-31,CVS,0.008464041697253698
2019-01-31,FDX,0.028958020750544693
2019-02-28,MS,0.02264104311041942
2019-02-28,MSFT,0.0009286837264614842
2019-02-28,NEE,0.0004887654939314388
2019-02-28,ORCL,0.0008937130212320072
2019-02-28,NKE,0.0006342207575803999
2019-02-28,NVDA,0.06721910807429894
2019-02-28,MRK,0.0015791703749105986
2019-02-28,NFLX,0.04982344890785957
2019-02-28,MO,0.0017630000473491698
2019-02-28,MDLZ,0.0030521406160049194
2019-02-28,MET,0.002372032602066796
2019-02-28,MDT,0.007023718681939375
2019-02-28,LIN,0.0008937130212320072
2019-02-28,MCD,0.009535712652888283
2019-02-28,MA,0.0015461679575743106
2019-02-28,LOW,0.0009286837264614842
2019-02-28,LMT,0.001718885129197254
2019-02-28,LLY,0.0007845391111824357
2019-02-28,PEP,0.0030521406160049194
2019-02-28,MMM,0.0020164754820108204
2019-02-28,PFE,0.0025019806109201894
2019-02-28,TMO,0.0016227508532427727
2019-02-28,PM,0.0025648955211935746
2019-02-28,KO,0.0076585594237065955
2019-02-28,XOM,0.0016227508532427727
2019-02-28,WMT,-7.271816967362516e-05
2019-02-28,WFC,0.0009030162713263873
2019-02-28,VZ,0.0025019806109201894
2019-02-28,V,0.0008937130212320072
2019-02-28,USB,0.007231748132182741
2019-02-28,UPS,0.0011913033740455744
2019-02-28,UNP,-0.0009444224534104312
2019-02-28,PG,0.0015791703749105986
2019-02-28,UNH,0.024884086569911135
2019-02-28,TMUS,0.0004704213459222254
2019-02-28,TGT,0.00743551019435617
2019-02-28,T,0.0017359272252557498
2019-02-28,SPG,0.0060850447587835425
2019-02-28,SO,0.004890724504448902
2019-02-28,SCHW,0.018106811656918926
2019-02-28,SBUX,-0.00045238889008736587
2019-02-28,RTX,0.0019203412060563398
2019-02-28,QCOM,0.005995762307972875
2019-02-28,TXN,0.026510608055722872
2019-02-28,JPM,0.0023577136603887047
2019-02-28,BA,0.020904773300107232
2019-02-28,INTC,0.023491271860473697
2019-02-28,CMCSA,0.0008937130212320072
2019-02-28,CL,0.008746050022523082
2019-02-28,CAT,0.02824786508830008
2019-02-28,C,0.006577362591943706
2019-02-28,BRK-B,0.008574513632847607
2019-02-28,BMY,0.02494755002058126
2019-02-28,BLK,0.0017630000473491698
2019-02-28,BKNG,0.04780046250155574
2019-02-28,BAC,0.006877587282170336
2019-02-28,AXP,0.0016227508532427727
2019-02-28,AMZN,0.05008790480761583
2019-02-28,AMT,0.009292735278658643
2019-02-28,AMGN,0.008190302752325131
2019-02-28,AMD,0.11495523465560936
2019-02-28,AIG,0.027690607563000614
2019-02-28,ADBE,0.03635796783223958
2019-02-28,ACN,0.0011913033740455744
2019-02-28,ABT,0.0008937130212320072
2019-02-28,JNJ,0.0016227508532427727
2019-02-28,COF,0.007568023633421958
2019-02-28,COP,0.007768509010045212
2019-02-28,AAPL,0.029446837393297842
2019-02-28,CRM,0.03838739784275626
2019-02-28,COST,0.0044022701948831676
2019-02-28,HON,0.0030521406160049194
2019-02-28,HD,0.006684189467793963
2019-02-28,GS,0.025943972872539363
2019-02-28,GOOGL,0.0009286837264614842
2019-02-28,GOOG,0.0009286837264614842
2019-02-28,GILD,0.022693367037898933
2019-02-28,GE,0.01699344857685576
2019-02-28,GD,0.012225721702382461
2019-02-28,FDX,0.03760482654066731
2019-02-28,IBM,0.004597300929370621
2019-02-28,F,0.02203021289139742
2019-02-28,EMR,0.0011913033740455744
2019-02-28,DUK,0.005108644374727731
2019-02-28,DIS,0.0060850447587835425
2019-02-28,DHR,0.0016227508532427727
2019-02-28,DE,0.023884331387386555
2019-02-28,CVX,-0.0022782522094758058
2019-02-28,CVS,0.029166698004301498
2019-02-28,CSCO,0.0008937130212320072
2019-03-29,MRK,0.011389165260959068
2019-03-29,NVDA,0.09198606321073761
2019-03-29,NKE,0.005418920979863754
2019-03-29,NFLX,0.049981987409989395
2019-03-29,NEE,0.006486473125312865
2019-03-29,MSFT,0.0014791343944702026
2019-03-29,ORCL,0.005143333817459066
2019-03-29,MS,0.007254201819358037
2019-03-29,MO,0.002707839600293048
2019-03-29,MCD,0.006634608126059059
2019-03-29,MET,0.004725762035150692
2019-03-29,MDT,0.002697889184877576
2019-03-29,MDLZ,0.0054530543975933885
2019-03-29,MA,0.004200496146588355
2019-03-29,LOW,0.003653293712541521
2019-03-29,LMT,0.006083962640153331
2019-03-29,LLY,0.004392637190916705
2019-03-29,LIN,0.00022699976576646603
2019-03-29,PEP,0.0056233768011861385
2019-03-29,MMM,-0.00013002426846577464
2019-03-29,PFE,0.0072702900082062556
2019-03-29,KO,0.0030635715924609607
2019-03-29,PM,0.012539170684810268
2019-03-29,XOM,0.007148010687174927
2019-03-29,WMT,0.008123773180177502
2019-03-29,WFC,0.007790395198954803
2019-03-29,VZ,0.008235288975893729
2019-03-29,V,0.0012112387044956804
2019-03-29,USB,0.014166310112422375
2019-03-29,UPS,0.002465532776734667
2019-03-29,UNP,0.00335255001364129
2019-03-29,UNH,0.005941431213693954
2019-03-29,PG,0.004314739718404074
2019-03-29,TXN,0.009040443508935198
2019-03-29,TMO,-0.0024301619189637602
2019-03-29,TGT,0.0019793073514855677
2019-03-29,T,0.005451206777508955
2019-03-29,SPG,0.007941019579159563
2019-03-29,SO,0.007958500959783408
2019-03-29,SCHW,0.02000960721044377
2019-03-29,SBUX,0.0031569451959787345
2019-03-29,RTX,-0.0012040312521182446
2019-03-29,QCOM,0.0019793073514855677
2019-03-29,TMUS,0.004886062403694283
2019-03-29,JPM,0.009542797311571953
2019-03-29,JNJ,0.008639153479591922
2019-03-29,INTC,0.0034614588440010333
2019-03-29,CMCSA,0.004031455913146336
2019-03-29,CL,0.0065119043629192335
2019-03-29,CAT,0.02432434622491627
2019-03-29,C,0.004125480201082339
2019-03-29,BRK-B,0.006784908854446741
2019-03-29,BMY,0.05451956428978066
2019-03-29,BLK,0.003440672897821851
2019-03-29,BKNG,0.030783141315712748
2019-03-29,BA,0.00786609163568304
2019-03-29,AXP,0.006057405546090185
2019-03-29,AMZN,0.019148169810320567
2019-03-29,AMT,0.019521405357306284
2019-03-29,AMGN,-0.000695766741314461
2019-03-29,AMD,0.05519542085840138
2019-03-29,AIG,0.010023546898625748
2019-03-29,ADBE,0.02118605326128396
2019-03-29,ACN,0.0028451079445558788
2019-03-29,ABT,0.003558883081593316
2019-03-29,AAPL,0.015265476715302631
2019-03-29,COF,0.005544042407195743
2019-03-29,COP,0.012290825726865892
2019-03-29,BAC,0.0057558790489973255
2019-03-29,CRM,0.007235635061156864
2019-03-29,COST,0.0032162364015421896
2019-03-29,HON,0.007958500959783408
2019-03-29,HD,0.006237022218398955
2019-03-29,GS,0.01152727857762602
2019-03-29,GOOGL,0.004031455913146336
2019-03-29,GOOG,0.0019793073514855677
2019-03-29,GILD,0.003541576207192101
2019-03-29,GE,0.020891109797790155
2019-03-29,GD,0.004005359333981168
2019-03-29,FDX,0.01045766360518565
2019-03-29,IBM,0.002465532776734667
2019-03-29,EMR,0.0005425948172419673
2019-03-29,DUK,0.007467198637191058
2019-03-29,DIS,0.010409696727572812
2019-03-29,DHR,0.0025419481585327247
2019-03-29,DE,0.00933157508602246
2019-03-29,CVX,0.005521496018063881
2019-03-29,CVS,0.03523913517966107
2019-03-29,CSCO,0.005741842853837699
2019-03-29,F,0.0057003916257060425
2019-04-30,MRK,0.013480575455434223
2019-04-30,MS,0.005784837452534184
2019-04-30,MSFT,0.0013276068177047447
2019-04-30,ORCL,0.004396570188043052
2019-04-30,NFLX,0.021727993091190795
2019-04-30,NKE,0.011036518893146137
2019-04-30,NVDA,0.026339115476485653
2019-04-30,NEE,0.006706121827160643
2019-04-30,MO,0.005468003766629344
2019-04-30,LIN,0.004781325445852554
2019-04-30,MET,0.0021700626638872043
2019-04-30,MDT,0.010120207703307871
2019-04-30,MDLZ,0.005296422932081895
2019-04-30,MCD,0.0057636716267889495
2019-04-30,MA,-0.0005492259933823481
2019-04-30,LOW,0.0004545318114381966
2019-04-30,LMT,0.003330248014946791
2019-04-30,LLY,0.014398134145647933
2019-04-30,PEP,0.00619158323682338
2019-04-30,MMM,0.031574072479348965
2019-04-30,PFE,0.009840583705376795
2019-04-30,TMO,0.0020833066840905694
2019-04-30,PM,0.006135458729911583
2019-04-30,KO,0.005380746653618729
2019-04-30,WMT,0.006015216313675464
2019-04-30,WFC,0.007845816324690313
2019-04-30,VZ,0.008833612962219847
2019-04-30,V,0.005521091191324829
2019-04-30,USB,0.0045015495174445305
2019-04-30,UPS,0.0062794917597765315
2019-04-30,UNP,0.00461207713774847
2019-04-30,UNH,0.01938037380686722
2019-04-30,TXN,0.00903990448610691
2019-04-30,TMUS,0.0038493241888709158
2019-04-30,TGT,0.017322760770063016
2019-04-30,T,0.005326979720414215
2019-04-30,SPG,0.013859883479084335
2019-04-30,SO,0.029103193621282587
2019-04-30,SCHW,0.007381365478502953
2019-04-30,SBUX,0.004492950071165109
2019-04-30,RTX,0.00399188004725379
2019-04-30,QCOM,0.06570905904686106
2019-04-30,PG,0.010031538161893854
2019-04-30,JPM,0.002019097811054996
2019-04-30,XOM,0.010704526017443238
2019-04-30,INTC,0.014553195421637839
2019-04-30,CL,0.006015216313675464
2019-04-30,CAT,0.026324550475812215
2019-04-30,C,0.0021700626638872043
2019-04-30,BRK-B,0.004012121574045797
2019-04-30,BMY,0.016470462043546765
2019-04-30,BLK,0.00311433156511112
2019-04-30,BKNG,0.011777628209113017
2019-04-30,BAC,0.0026781812165445
2019-04-30,BA,0.012494713336872649
2019-04-30,AXP,0.006015216313675464
2019-04-30,AMZN,0.023728058052248324
2019-04-30,AMT,0.012954909117810273
2019-04-30,AMGN,0.005740082961957525
2019-04-30,AMD,0.029814754594819665
2019-04-30,AIG,0.007849833834007624
2019-04-30,ADBE,0.02176595665108496
2019-04-30,ACN,0.006205315341475236
2019-04-30,ABT,0.009227914424615338
2019-04-30,AAPL,0.019698969300902966
2019-04-30,CMCSA,0.0007774979874970888
2019-04-30,COF,0.0021700626638872043
2019-04-30,JNJ,0.017669214208042912
2019-04-30,COST,0.005758676236172323
2019-04-30,COP,0.018260378694823512
2019-04-30,IBM,0.0055743894812037365
2019-04-30,HON,0.005317883059985157
2019-04-30,HD,0.0061559920346626
2019-04-30,GS,0.006990321918394181
2019-04-30,GOOGL,0.011864356609645509
2019-04-30,GILD,0.0037432999037529486
2019-04-30,GE,0.01940596038988404
2019-04-30,GD,0.0030661168435821102
2019-04-30,FDX,0.012166804946567926
2019-04-30,GOOG,0.011864356609645509
2019-04-30,EMR,0.00591818893964471
2019-04-30,DUK,0.006706121827160643
2019-04-30,DIS,0.0026343014998002462
2019-04-30,CRM,0.012323420863292411
2019-04-30,DHR,0.0025525389217530402
2019-04-30,DE,0.011739008401188331
2019-04-30,CVX,0.0064731227171049115
2019-04-30,CVS,0.013826033615090954
2019-04-30,CSCO,0.00593523024313838
2019-04-30,F,0.0072411776651494265
2019-05-31,MRK,0.01268983696214211
2019-05-31,MS,0.016864528553693237
2019-05-31,MSFT,0.006032343171538361
2019-05-31,NVDA,0.053158529861921155
2019-05-31,NFLX,0.03723849527165351
2019-05-31,NKE,0.023431324509265074
2019-05-31,MO,0.01182054701388951
2019-05-31,NEE,0.0059575794355838044
2019-05-31,MMM,0.03418521839944492
2019-05-31,KO,0.008653892255649201
2019-05-31,MDT,0.006973337737497367
2019-05-31,MDLZ,0.00992887669252011
2019-05-31,MCD,0.00814121095495576
2019-05-31,MA,0.009508945102150841
2019-05-31,LOW,0.03314651459998622
2019-05-31,LMT,0.0029715970125753013
2019-05-31,LLY,0.009094871184893038
2019-05-31,LIN,-0.00020976796535477618
2019-05-31,ORCL,0.011346665646085934
2019-05-31,MET,0.004395356109123795
2019-05-31,PEP,0.007201223899796236
2019-05-31,TGT,0.004327235557428331
2019-05-31,PG,0.016103175341155667
2019-05-31,JPM,0.008822032548666458
2019-05-31,WMT,0.007525655527967246
2019-05-31,WFC,0.01380954748770209
2019-05-31,VZ,0.021001741521255387
2019-05-31,V,0.007617622889222828
2019-05-31,USB,0.013454146951522613
2019-05-31,UPS,0.01805302810588757
2019-05-31,UNP,0.006654095540574585
2019-05-31,UNH,0.0115913911272769
2019-05-31,PFE,0.008971418789907572
2019-05-31,TXN,0.01674130898965314
2019-05-31,TMO,0.003911192831764127
2019-05-31,T,0.005682093597306749
2019-05-31,SPG,0.019740465187342696
2019-05-31,SO,0.006145009846133012
2019-05-31,SCHW,0.019477180273441166
2019-05-31,SBUX,0.007281046948230809
2019-05-31,RTX,0.0031119604553589957
2019-05-31,QCOM,0.05279627654727579
2019-05-31,PM,0.01108180306061858
2019-05-31,TMUS,0.002549169667997169
2019-05-31,XOM,0.020310702653985335
2019-05-31,JNJ,0.012776611110280382
2019-05-31,IBM,0.009955582382474614
2019-05-31,CL,0.010878975668569052
2019-05-31,CAT,0.013538136728496275
2019-05-31,C,0.009015395414070846
2019-05-31,BRK-B,0.013821854062064914
2019-05-31,BMY,0.018881082002273408
2019-05-31,BLK,0.008836887971417389
2019-05-31,BKNG,0.01619243675007661
2019-05-31,BAC,0.014546901445204877
2019-05-31,AXP,0.010587046749369661
2019-05-31,AMZN,0.0314216805906267
2019-05-31,AMT,0.006068859388035722
2019-05-31,AMGN,0.009755069023901093
2019-05-31,AMD,0.08654133435782443
2019-05-31,AIG,0.0027995942611407547
2019-05-31,ADBE,0.016206516310592847
2019-05-31,ACN,0.00777503129973434
2019-05-31,ABT,0.0045863330246541205
2019-05-31,AAPL,0.00591811365875972
2019-05-31,INTC,0.023660865047951726
2019-05-31,CMCSA,0.010646006982474044
2019-05-31,COF,0.009560137033895503
2019-05-31,BA,0.012653620506182671
2019-05-31,COST,0.004893945888261732
2019-05-31,COP,0.018645928653356736
2019-05-31,HD,0.01116955406264028
2019-05-31,GS,0.010906927676121305
2019-05-31,GOOGL,0.009000208766592502
2019-05-31,GOOG,0.009000208766592502
2019-05-31,GILD,0.00787958929164884
2019-05-31,GE,0.03804296241107068
2019-05-31,GD,0.00824969940979758
2019-05-31,FDX,0.029978785163992428
2019-05-31,F,0.011050823776784876
2019-05-31,HON,0.010684440238022987
2019-05-31,DUK,0.008644603591353687
2019-05-31,DIS,0.010852587418511231
2019-05-31,DHR,0.006595491703919195
2019-05-31,DE,0.004895744741540875
2019-05-31,CVX,0.004062333567734654
2019-05-31,CVS,0.014532822181942857
2019-05-31,CSCO,0.006955043420319392
2019-05-31,CRM,0.021437888983675928
2019-05-31,EMR,0.007704100321765953
2019-06-28,MRK,0.006709738634018367
2019-06-28,NVDA,-0.08248072648846816
2019-06-28,NKE,0.00408717495399442
2019-06-28,NFLX,0.02920810669286261
2019-06-28,NEE,0.00552840009284964
2019-06-28,MSFT,-0.0020575062699989383
2019-06-28,ORCL,0.00042056723987457463
2019-06-28,MS,0.0022151139394745705
2019-06-28,MO,0.00696869528785786
2019-06-28,MCD,0.006021746060900021
2019-06-28,MET,0.0026834492732741044
2019-06-28,MDT,0.0049837863998949345
2019-06-28,MDLZ,0.004436622195887236
2019-06-28,MA,-0.0009921867224342545
2019-06-28,LOW,0.019784013261232122
2019-06-28,LMT,0.0013889985775515673
2019-06-28,LLY,0.012710419208234113
2019-06-28,LIN,0.0005155499968706188
2019-06-28,PEP,0.007369122369753096
2019-06-28,MMM,0.014204402485508456
2019-06-28,PFE,0.007699381231147117
2019-06-28,KO,0.007350858309204023
2019-06-28,PM,0.0022979158096100996
2019-06-28,XOM,0.0058862848858776875
2019-06-28,WMT,0.0037454470750267017
2019-06-28,WFC,-0.0009238686573268169
2019-06-28,VZ,0.009060499475100098
2019-06-28,V,0.002576841367081674
2019-06-28,USB,0.0071524332548780255
2019-06-28,UPS,0.0035581810631765396
2019-06-28,UNP,0.004121082963334074
2019-06-28,UNH,0.009696082392506066
2019-06-28,PG,0.010044003830047587
2019-06-28,TXN,0.002597618394621072
2019-06-28,TMO,-0.0006242955527709198
2019-06-28,TGT,0.0038221459443338554
2019-06-28,T,0.002457736426744497
2019-06-28,SPG,0.011094495582955353
2019-06-28,SO,0.0068074291795291635
2019-06-28,SCHW,0.015353460106483618
2019-06-28,SBUX,0.007833818296489721
2019-06-28,RTX,0.0022979158096100996
2019-06-28,QCOM,0.047910487614953534
2019-06-28,TMUS,0.00429830648640188
2019-06-28,JPM,0.002563034353993755
2019-06-28,JNJ,0.006179197982123176
2019-06-28,INTC,0.005706161527569634
2019-06-28,CMCSA,0.0048085082658401385
2019-06-28,CL,0.008271940814884762
2019-06-28,CAT,0.018298350503027926
2019-06-28,C,0.0016230275164602053
2019-06-28,BRK-B,0.0030252877397604883
2019-06-28,BMY,0.010777604717869252
2019-06-28,BLK,0.0003382639256378763
2019-06-28,BKNG,0.0037798142174227944
2019-06-28,BAC,0.0003382639256378763
2019-06-28,BA,0.00771259308591583
2019-06-28,AXP,0.004440357270220075
2019-06-28,AMZN,0.0295761492973312
2019-06-28,AMT,0.014848210850437318
2019-06-28,AMGN,0.0018749283658271436
2019-06-28,AMD,0.0803314547029409
2019-06-28,AIG,0.004590092549327116
2019-06-28,ADBE,0.00469708223526664
2019-06-28,ACN,0.0057637236024055336
2019-06-28,ABT,0.0010759607905571076
2019-06-28,COF,0.002412629991133649
2019-06-28,COP,0.008024055429670614
2019-06-28,AAPL,0.005739882707607757
2019-06-28,CRM,0.020746815347427044
2019-06-28,COST,0.003357069252512529
2019-06-28,IBM,0.0030151740506107623
2019-06-28,HON,0.004572672799395472
2019-06-28,HD,0.003315486618792259
2019-06-28,GS,0.002846598993916463
2019-06-28,GOOGL,0.014929469669753542
2019-06-28,GILD,0.0006700454383899173
2019-06-28,GE,0.015898690139672954
2019-06-28,GD,-0.00027214357775098006
2019-06-28,GOOG,0.014929469669753542
2019-06-28,F,0.003337817426199117
2019-06-28,EMR,0.0006700454383899173
2019-06-28,DUK,0.007877830443299509
2019-06-28,CSCO,0.003735676323143232
2019-06-28,DIS,0.005073840902540412
2019-06-28,DHR,0.005976894596948753
2019-06-28,DE,0.0036986332880210356
2019-06-28,CVX,-0.0011497438994186066
2019-06-28,CVS,0.0090258523971602
2019-06-28,FDX,0.008435169188530652
2019-07-31,MS,0.0039902228259411365
2019-07-31,MSFT,0.003572243510520782
2019-07-31,NEE,0.00904805563258968
2019-07-31,ORCL,0.005254949201564008
2019-07-31,NKE,0.004643711351151921
2019-07-31,NVDA,0.03046456608024195
2019-07-31,MRK,0.014223352479825134
2019-07-31,NFLX,-0.00946042412049491
2019-07-31,MO,0.0076004327474871155
2019-07-31,LIN,0.006438829571043692
2019-07-31,MET,0.007680960745758906
2019-07-31,MDT,0.00790264738139074
2019-07-31,MDLZ,0.014928461628184326
2019-07-31,MCD,0.015694028845387887
2019-07-31,MA,0.002207327664155854
2019-07-31,LOW,0.03433860789962867
2019-07-31,LMT,0.005570591478128691
2019-07-31,LLY,0.0016442487909287457
2019-07-31,PEP,0.011108280544717616
2019-07-31,MMM,0.005665616701429552
2019-07-31,PFE,0.015776312824747174
2019-07-31,XOM,0.01132758100053011
2019-07-31,PM,0.006104011078902044
2019-07-31,KO,0.009224626262005051
2019-07-31,WMT,0.009216348024091072
2019-07-31,WFC,0.0038641280630280616
2019-07-31,VZ,0.013761422354254595
2019-07-31,V,0.006899326341655381
2019-07-31,USB,0.004197395030836108
2019-07-31,UPS,0.00379165875380135
2019-07-31,UNP,0.002463435046669152
2019-07-31,UNH,0.005485904550282972
2019-07-31,PG,0.005506630247133861
2019-07-31,TXN,0.004265425647160375
2019-07-31,TMO,0.008345412158844864
2019-07-31,TGT,0.009376207302415422
2019-07-31,T,0.00638724189533299
2019-07-31,SPG,0.009701741986584883
2019-07-31,SO,0.008955734659504751
2019-07-31,SCHW,0.00657408502214955
2019-07-31,SBUX,0.00042580295124696436
2019-07-31,RTX,0.00470598075822213
2019-07-31,QCOM,0.04479384358973775
2019-07-31,TMUS,0.004183979467334228
2019-07-31,JNJ,0.01605449085413369
2019-07-31,F,0.010523953661162605
2019-07-31,INTC,0.00561124783825079
2019-07-31,CMCSA,0.005780123158030875
2019-07-31,CL,0.009224626262005051
2019-07-31,CAT,0.02561417172841473
2019-07-31,C,0.004074884303845364
2019-07-31,BRK-B,0.010991066835549188
2019-07-31,BMY,0.02243706723908248
2019-07-31,BLK,0.0052875581874249865
2019-07-31,BKNG,0.011521056553174354
2019-07-31,BA,0.01548577505627233
2019-07-31,AXP,0.009701741986584883
2019-07-31,AMZN,0.03245362603269266
2019-07-31,AMT,0.010988485793231336
2019-07-31,AMGN,3.7773013945907836e-05
2019-07-31,AMD,0.11177306032828545
2019-07-31,AIG,0.0054904748819370125
2019-07-31,ADBE,0.02120740802945574
2019-07-31,ACN,0.008728384049250816
2019-07-31,ABT,0.006645052020902495
2019-07-31,AAPL,0.0035363670085784135
2019-07-31,COF,0.00752269849599928
2019-07-31,COP,0.018110427186936277
2019-07-31,BAC,0.003986121771417617
2019-07-31,CRM,0.02525641938804629
2019-07-31,COST,0.006187357035860173
2019-07-31,HON,0.011820243552906695
2019-07-31,HD,0.0070561475522709916
2019-07-31,GS,0.004039579503940376
2019-07-31,GOOGL,0.0041578482265826
2019-07-31,GOOG,0.00467534320325978
2019-07-31,GILD,0.007038571762408724
2019-07-31,GE,0.0294194730974549
2019-07-31,GD,0.0015174466864456967
2019-07-31,FDX,0.009375194159457178
2019-07-31,IBM,0.004336258698094551
2019-07-31,EMR,0.007214329600588807
2019-07-31,DUK,0.010623246937201423
2019-07-31,DIS,0.005570591478128691
2019-07-31,DHR,0.015930673148804482
2019-07-31,DE,0.010194913818655255
2019-07-31,CVX,0.008141662027292057
2019-07-31,CVS,0.0080560563851344
2019-07-31,CSCO,0.006090190000219634
2019-07-31,JPM,0.009096564302576198
2019-08-30,MS,0.005140377234591356
2019-08-30,MSFT,0.006171243150164618
2019-08-30,NEE,0.005032820804132379
2019-08-30,ORCL,0.009738745553739098
2019-08-30,NKE,0.009515417102825944
2019-08-30,NVDA,-0.02428252038367189
2019-08-30,MRK,0.0053420081770712766
2019-08-30,NFLX,0.044354085344471654
2019-08-30,MO,0.012630398775180155
2019-08-30,LIN,0.005538786685721914
2019-08-30,MET,0.007603939482333149
2019-08-30,MDT,0.005291265145911057
2019-08-30,MDLZ,0.008557174439995026
2019-08-30,MCD,0.01190534728266815
2019-08-30,MA,0.0033752765868036946
2019-08-30,LOW,0.002710269246994834
2019-08-30,LMT,0.0013283597659373844
2019-08-30,LLY,0.004008184095681749
2019-08-30,PEP,0.0046415241978086256
2019-08-30,MMM,0.006381124427904291
2019-08-30,PFE,0.00905772682915855
2019-08-30,TMO,0.0002478670122629899
2019-08-30,PM,0.024136776141714326
2019-08-30,KO,0.00502518293771724
2019-08-30,XOM,0.006577545243171589
2019-08-30,WMT,0.00502518293771724
2019-08-30,WFC,0.008421853518456791
2019-08-30,VZ,0.0054634071524549575
2019-08-30,V,0.0010130274494696216
2019-08-30,USB,0.008874761814363597
2019-08-30,UPS,0.009831658873965093
2019-08-30,UNP,0.009201095444288548
2019-08-30,PG,0.012125264078100302
2019-08-30,UNH,0.014078012463684765
2019-08-30,TMUS,0.0025362482722467617
2019-08-30,TGT,0.027735719337169763
2019-08-30,T,0.004332520716322799
2019-08-30,SPG,0.0013905433547060529
2019-08-30,SO,0.01174301167578138
2019-08-30,SCHW,0.023503295957852877
2019-08-30,SBUX,0.0006770226895768619
2019-08-30,RTX,0.00477535811664537
2019-08-30,QCOM,-0.004253178561920209
2019-08-30,TXN,0.007141710429685633
2019-08-30,JPM,0.003619464508451235
2019-08-30,JNJ,0.010184250804405034
2019-08-30,INTC,0.007611759195613641
2019-08-30,CMCSA,-0.0015710537402313302
2019-08-30,CL,0.0018048707736814055
2019-08-30,CAT,0.032304833010357505
2019-08-30,C,0.005191325742610895
2019-08-30,BRK-B,0.00865746922913595
2019-08-30,BMY,0.0027769249863358277
2019-08-30,BLK,0.007642735680716998
2019-08-30,BKNG,0.009213040890978344
2019-08-30,BA,0.003929517320056665
2019-08-30,AXP,0.005225213221028766
2019-08-30,AMZN,0.04208933729524065
2019-08-30,AMT,0.0075469675972976566
2019-08-30,AMGN,0.0020171149305243034
2019-08-30,AMD,0.11921625747087003
2019-08-30,AIG,0.017560300785233476
2019-08-30,ADBE,0.020361244588128043
2019-08-30,ACN,0.00440775563291265
2019-08-30,ABT,0.0022633160221415733
2019-08-30,AAPL,0.016264264491169633
2019-08-30,COF,0.005545268118467489
2019-08-30,COP,0.03369225871360202
2019-08-30,BAC,0.00941270535495649
2019-08-30,CRM,0.024571281282815875
2019-08-30,COST,-0.0005930652885551757
2019-08-30,HON,0.0082890486228659
2019-08-30,HD,-0.004477397773933999
2019-08-30,GS,0.015715269198523195
2019-08-30,GOOGL,0.00738549054915836
2019-08-30,GOOG,0.00738549054915836
2019-08-30,GILD,0.004634304147217143
2019-08-30,GE,-0.004979469720493587
2019-08-30,GD,0.003108461826185054
2019-08-30,FDX,0.006976267761518424
2019-08-30,IBM,0.007045795920388141
2019-08-30,EMR,0.0074468583976854
2019-08-30,DUK,0.004479987286728111
2019-08-30,DIS,0.003357243064944381
2019-08-30,DHR,0.00955971931412081
2019-08-30,DE,0.011936044025547205
2019-08-30,CVX,0.005639541091714846
2019-08-30,CVS,0.0008809902578050441
2019-08-30,CSCO,0.025895473766713733
2019-08-30,F,0.005811391573330625
2019-09-30,MRK,0.00727593233185981
2019-09-30,MS,0.0061218644729685
2019-09-30,MSFT,0.006266345031288724
2019-09-30,NVDA,0.022805600412976478
2019-09-30,NFLX,0.03728287357050672
2019-09-30,NKE,0.0009072975931902164
2019-09-30,MO,0.012172167522132788
2019-09-30,NEE,0.008874326039500308
2019-09-30,MMM,0.009418589087633116
2019-09-30,KO,0.008327414407292226
2019-09-30,MDT,0.009678601820093172
2019-09-30,MDLZ,0.010861967414957147
2019-09-30,MCD,0.014973382368263215
2019-09-30,MA,0.013172251061028989
2019-09-30,LOW,0.013409336421724564
2019-09-30,LMT,0.006204856675667052
2019-09-30,LLY,0.003039180544385271
2019-09-30,LIN,0.003983538583303858
2019-09-30,ORCL,-0.001002382039640222
2019-09-30,MET,-0.0005626652815992511
2019-09-30,PEP,0.009498262819197781
2019-09-30,TGT,0.0384003753498419
2019-09-30,PG,0.011288714390807053
2019-09-30,XOM,-0.0015340182807588667
2019-09-30,JPM,-0.001234774278701698
2019-09-30,WFC,0.001592510401623383
2019-09-30,VZ,0.009743315958308891
2019-09-30,V,0.007625144021803391
2019-09-30,USB,0.0022455374185364435
2019-09-30,UPS,0.00740802561255975
2019-09-30,UNP,0.010541043594286134
2019-09-30,UNH,0.011914572450468246
2019-09-30,PFE,0.004798090143529914
2019-09-30,TXN,0.00517376022917301
2019-09-30,TMO,0.0014101277770081529
2019-09-30,T,0.002875393846522072
2019-09-30,SPG,0.0016421727553003335
2019-09-30,SO,0.007178994501853552
2019-09-30,SCHW,0.0038534027915922585
2019-09-30,SBUX,0.01280528964312988
2019-09-30,RTX,-0.00022800557917256671
2019-09-30,QCOM,0.014675805578757938
2019-09-30,PM,0.017983678294588676
2019-09-30,TMUS,0.0016843680734994664
2019-09-30,WMT,0.00654403856063717
2019-09-30,JNJ,0.010890445312984488
2019-09-30,IBM,-0.002095441234849412
2019-09-30,CL,0.003953738967116699
2019-09-30,CAT,0.00590991482401535
2019-09-30,C,0.0024837465361212834
2019-09-30,BRK-B,0.010230442444106643
2019-09-30,BMY,0.003584397892921614
2019-09-30,BLK,-0.0007513643698524414
2019-09-30,BKNG,0.009338385355365603
2019-09-30,BAC,0.00315585553322373
2019-09-30,AXP,0.0034221152449152017
2019-09-30,AMZN,0.02533550905121713
2019-09-30,AMT,0.012154438795756117
2019-09-30,AMGN,0.01441837547161655
2019-09-30,AMD,0.0704631477148779
2019-09-30,AIG,0.004152534356488785
2019-09-30,ADBE,0.020469948642583915
2019-09-30,ACN,0.002013444350241355
2019-09-30,ABT,0.002358828648567721
2019-09-30,AAPL,0.00632725470574475
2019-09-30,INTC,0.005001682107475478
2019-09-30,CMCSA,0.0016590022854526829
2019-09-30,COF,0.004000686102500337
2019-09-30,BA,0.007056070844990065
2019-09-30,COST,0.0030946842213944036
2019-09-30,COP,0.021246275274420506
2019-09-30,HD,-0.0006783747033624909
2019-09-30,GS,0.0076259245453171925
2019-09-30,GOOGL,0.008854511070129854
2019-09-30,GOOG,0.008854511070129854
2019-09-30,GILD,0.002549341399901222
2019-09-30,GE,-0.02974234774937717
2019-09-30,GD,0.008822733527345009
2019-09-30,FDX,0.04647575845172073
2019-09-30,F,0.0077490853045352834
2019-09-30,HON,0.004830100447308463
2019-09-30,DUK,0.00815253476726402
2019-09-30,DIS,0.00729989448397107
2019-09-30,DHR,0.0004892788423056303
2019-09-30,DE,0.0013321161910349881
2019-09-30,CVX,0.0056263452158371
2019-09-30,CVS,0.003283722548190325
2019-09-30,CSCO,0.008081603596215433
2019-09-30,CRM,0.024755715388458867
2019-09-30,EMR,0.003283699224383129
2019-10-31,MS,-0.0017257382206970378
2019-10-31,PEP,0.010155414544650094
2019-10-31,ORCL,-0.00019729252685800604
2019-10-31,NVDA,-0.017476620386748572
2019-10-31,NKE,0.0029330168362219416
2019-10-31,NFLX,0.023166208125777476
2019-10-31,NEE,0.010037162127246495
2019-10-31,MSFT,-0.0018634488947761529
2019-10-31,MRK,0.0030548270276235853
2019-10-31,LLY,-0.0008579387701363918
2019-10-31,MMM,0.0053557007129893695
2019-10-31,MET,-0.0029811583580839776
2019-10-31,MDT,0.007852141709965031
2019-10-31,MDLZ,0.014952907659512044
2019-10-31,MCD,0.009868807147255621
2019-10-31,MA,0.0039360508697968135
2019-10-31,LOW,0.0036201546742314714
2019-10-31,LMT,0.012532544923283187
2019-10-31,PFE,-0.001976663246519897
2019-10-31,MO,0.005654852894537475
2019-10-31,PG,0.009750240249710896
2019-10-31,JNJ,0.00230452711626546
2019-10-31,QCOM,0.0022807666934696698
2019-10-31,LIN,-0.0033395330357147467
2019-10-31,XOM,0.006824761561907081
2019-10-31,WMT,0.0088184256392696
2019-10-31,WFC,-0.004773518053916243
2019-10-31,VZ,0.008788803478258033
2019-10-31,V,-0.002300354933306145
2019-10-31,USB,-0.000301038334593463
2019-10-31,UPS,0.007329909031956384
2019-10-31,UNP,0.00591625389256504
2019-10-31,PM,0.003892516235759852
2019-10-31,UNH,0.002415869006293411
2019-10-31,TMUS,0.0032064244410262978
2019-10-31,TMO,0.0013671936561742834
2019-10-31,TGT,0.03465798305424435
2019-10-31,T,0.0029708644520142027
2019-10-31,SPG,0.009927819156998354
2019-10-31,SO,0.010693360196154302
2019-10-31,SCHW,0.0191513716295336
2019-10-31,SBUX,0.00978477182508681
2019-10-31,RTX,-0.0017257382206970378
2019-10-31,TXN,0.0017617540669871055
2019-10-31,KO,0.00895737044239146
2019-10-31,F,0.007539721038148131
2019-10-31,ABT,0.00013307182968561436
2019-10-31,COF,0.0024796427437212263
2019-10-31,CMCSA,0.004333678816159056
2019-10-31,CL,0.009446457892440785
2019-10-31,CAT,0.0025697842694484426
2019-10-31,C,0.0025697842694484426
2019-10-31,BRK-B,0.008679149359802045
2019-10-31,BMY,0.01606078781679748
2019-10-31,BLK,-0.0008129708780143899
2019-10-31,BAC,0.0009653490873255262
2019-10-31,BA,0.030311557531492242
2019-10-31,AXP,0.001681508365006843
2019-10-31,AMZN,0.006393129290325882
2019-10-31,AMT,0.012855485967719604
2019-10-31,AMGN,-0.0022019880040938787
2019-10-31,AMD,-0.05762720084274765
2019-10-31,AIG,-0.0018515147034200278
2019-10-31,ADBE,0.006068131333594958
2019-10-31,ACN,0.0046663008478467095
2019-10-31,JPM,-0.0032693139115889894
2019-10-31,COP,0.02115044344775624
2019-10-31,COST,0.002499317624951206
2019-10-31,BKNG,0.003696184183951191
2019-10-31,CSCO,0.012675892471386051
2019-10-31,INTC,0.0011695153360051212
2019-10-31,CRM,0.004548012563212734
2019-10-31,IBM,0.0039436006511543815
2019-10-31,HON,0.0031031857657016493
2019-10-31,HD,0.00653614577372996
2019-10-31,GS,0.002995343441680406
2019-10-31,GOOGL,0.002995343441680406
2019-10-31,GILD,0.0021554255150527816
2019-10-31,GE,0.06146604668059297
2019-10-31,GD,0.004831703873641849
2019-10-31,GOOG,0.002995343441680406
2019-10-31,CVX,0.0016252605871730458
2019-10-31,AAPL,0.0035167718452691634
2019-10-31,EMR,-0.0008129708780143899
2019-10-31,DUK,0.009078582232369266
2019-10-31,DIS,0.005016835027586381
2019-10-31,DHR,0.0038050443972192107
2019-10-31,DE,0.002179618848958865
2019-10-31,FDX,0.02645490320010559
2019-10-31,CVS,0.0020825760989977597
2019-11-29,MO,-0.002014988876072544
2019-11-29,NKE,0.004882389051556012
2019-11-29,NFLX,0.01839819426384066
2019-11-29,NEE,0.009866340508732079
2019-11-29,MSFT,0.004939665436278856
2019-11-29,MS,-0.0017197304085119515
2019-11-29,NVDA,0.003257855578876007
2019-11-29,MRK,0.005296879846684275
2019-11-29,MMM,0.006626236676428191
2019-11-29,MCD,0.009369835268001125
2019-11-29,MET,0.0007061876112544262
2019-11-29,MDT,0.008674069542696495
2019-11-29,MDLZ,0.010236329743038194
2019-11-29,MA,0.0002562523428584265
2019-11-29,LOW,0.012353459107581463
2019-11-29,LMT,0.0101092673242963
2019-11-29,LLY,9.587091775140049e-05
2019-11-29,LIN,0.004875364563658566
2019-11-29,ORCL,0.0043631838455494955
2019-11-29,XOM,0.004469330974146101
2019-11-29,PEP,0.009016127540521094
2019-11-29,KO,0.010334081819838923
2019-11-29,PG,0.010271516939359094
2019-11-29,WMT,0.012150144780329322
2019-11-29,WFC,0.0029694356133553768
2019-11-29,VZ,0.014403693939691247
2019-11-29,V,0.004431862383360875
2019-11-29,USB,0.005268274623587962
2019-11-29,UPS,0.008997387793783299
2019-11-29,UNP,0.0016979994092880422
2019-11-29,UNH,0.001895396035306874
2019-11-29,TXN,0.006347181887156044
2019-11-29,PFE,0.005437503650163061
2019-11-29,TMUS,0.008422432818043488
2019-11-29,TGT,0.007457986344761788
2019-11-29,T,0.008576417717152125
2019-11-29,SPG,0.006221102523068193
2019-11-29,SO,0.009921634200470453
2019-11-29,SCHW,0.015777242095628294
2019-11-29,SBUX,0.005513671712591516
2019-11-29,RTX,0.004904354653069117
2019-11-29,QCOM,0.0254781959766235
2019-11-29,PM,0.022118998128617253
2019-11-29,TMO,0.0031491994228762627
2019-11-29,JPM,0.0035860567426293792
2019-11-29,FDX,0.03359805063563719
2019-11-29,INTC,0.004511332388539477
2019-11-29,CL,0.009803748687669728
2019-11-29,CAT,0.005699502488943477
2019-11-29,C,0.0037780895986190208
2019-11-29,BRK-B,0.009822366478801841
2019-11-29,BMY,0.015274236182058741
2019-11-29,BLK,0.0010181469536707632
2019-11-29,BKNG,0.01367088768713372
2019-11-29,BAC,0.0009619711618037674
2019-11-29,AXP,0.008937023743052969
2019-11-29,AMZN,0.023391676263778922
2019-11-29,AMT,0.010593610400724795
2019-11-29,AMGN,0.0009329347850397851
2019-11-29,AMD,-0.04098044630212412
2019-11-29,AIG,0.006188042720782092
2019-11-29,ADBE,0.0050704437579400345
2019-11-29,ACN,0.0037229470742213746
2019-11-29,ABT,0.0044694388720282
2019-11-29,AAPL,-0.005735461503186544
2019-11-29,JNJ,0.0013878633199036336
2019-11-29,CMCSA,0.009803748687669728
2019-11-29,COF,0.00788574350344401
2019-11-29,BA,0.00838655796028258
2019-11-29,COST,0.008430483931654232
2019-11-29,COP,0.01453815533214693
2019-11-29,HON,0.008171307341685122
2019-11-29,HD,0.013159884839956839
2019-11-29,GS,0.007498664153093701
2019-11-29,GOOGL,0.007181965308457512
2019-11-29,GOOG,0.011171285344041217
2019-11-29,GE,0.019146019216239426
2019-11-29,GD,0.006116630075194728
2019-11-29,F,0.004792271975669707
2019-11-29,GILD,-0.002293507868453654
2019-11-29,CRM,0.006203651156457155
2019-11-29,EMR,0.001989669748158342
2019-11-29,CSCO,0.008500965765935975
2019-11-29,CVS,0.0006548961964109984
2019-11-29,CVX,0.004469330974146101
2019-11-29,IBM,0.004769649703223595
2019-11-29,DHR,-0.0006956361411470323
2019-11-29,DIS,-0.002014988876072544
2019-11-29,DUK,0.00991057254328652
2019-11-29,DE,0.015879561056491985
2019-12-31,MS,0.004196824683998094
2019-12-31,MSFT,0.013303025415090167
2019-12-31,NEE,0.009223251968326077
2019-12-31,ORCL,0.0113194179511268
2019-12-31,NKE,0.0025153713023130073
2019-12-31,NVDA,0.012383797458431505
2019-12-31,MRK,0.0056926087120689065
2019-12-31,NFLX,0.01703166282998494
2019-12-31,MO,0.0059055557780628475
2019-12-31,LIN,0.009976521047008758
2019-12-31,MET,0.0081498830261111
2019-12-31,MDT,0.00933666773398615
2019-12-31,MDLZ,0.008295991003179511
2019-12-31,MCD,0.008841741949960142
2019-12-31,MA,0.007226972717420923
2019-12-31,LOW,0.008797860379651058
2019-12-31,LMT,0.017372761206508845
2019-12-31,LLY,0.0026450800791891433
2019-12-31,PEP,0.007386187415515415
2019-12-31,MMM,0.003551014722875805
2019-12-31,PFE,0.008768039841151482
2019-12-31,TMO,0.0013651846296832558
2019-12-31,PM,0.009886574044161281
2019-12-31,KO,0.015962787028454696
2019-12-31,XOM,0.008556576152206622
2019-12-31,WMT,0.00821692590038482
2019-12-31,WFC,0.008665427354552481
2019-12-31,VZ,0.015962787028454696
2019-12-31,V,0.011531003690000815
2019-12-31,USB,0.01354021542273076
2019-12-31,UPS,0.005355252016924321
2019-12-31,UNP,0.002597600778672628
2019-12-31,PG,0.012048154713297368
2019-12-31,UNH,0.0017447623788306545
2019-12-31,TMUS,0.006547892372140364
2019-12-31,TGT,-0.0058851562936336034
2019-12-31,T,0.011113149014732773
2019-12-31,SPG,0.009646151087241218
2019-12-31,SO,0.021180981810271775
2019-12-31,SCHW,0.013847984428667196
2019-12-31,SBUX,0.011755951318410885
2019-12-31,RTX,0.009805344298272161
2019-12-31,QCOM,0.011872431803582481
2019-12-31,TXN,0.0001152970533692593
2019-12-31,JPM,0.007250954124376259
2019-12-31,BAC,0.008117833174490777
2019-12-31,INTC,0.008527532047713147
2019-12-31,CMCSA,0.010158768064125186
2019-12-31,CL,0.011284512559951273
2019-12-31,CAT,0.00872847297577092
2019-12-31,C,0.00456355211578145
2019-12-31,BRK-B,0.009667072526610311
2019-12-31,BMY,0.009811438764452065
2019-12-31,BLK,0.005385787384338868
2019-12-31,BKNG,0.001556128051246556
2019-12-31,JNJ,0.001394979288155592
2019-12-31,BA,0.03579196406850223
2019-12-31,AXP,0.008712624727085932
2019-12-31,AMZN,0.007029845419423394
2019-12-31,AMT,0.003988394868105195
2019-12-31,AMGN,0.006840003021741381
2019-12-31,AMD,-0.04369276990866361
2019-12-31,AIG,0.01116521841501815
2019-12-31,ADBE,0.00034281465500334766
2019-12-31,ACN,0.012939253495791354
2019-12-31,ABT,0.008966151462881919
2019-12-31,COF,0.007719617585543941
2019-12-31,COP,0.005918134437769023
2019-12-31,AAPL,0.006011228018590146
2019-12-31,CRM,0.004187958642448571
2019-12-31,COST,0.016747272620876535
2019-12-31,IBM,0.006042785612223118
2019-12-31,HON,0.012231831393657777
2019-12-31,HD,0.011281301245419763
2019-12-31,GS,0.00541680392634078
2019-12-31,GOOGL,0.00806084284164025
2019-12-31,GILD,0.004355455579314517
2019-12-31,GE,0.041435761456408614
2019-12-31,GD,0.010909440862462184
2019-12-31,GOOG,0.00806084284164025
2019-12-31,F,0.00913405421039809
2019-12-31,EMR,0.0053590414075220085
2019-12-31,DUK,0.007092194154018927
2019-12-31,CSCO,0.0034737994094995836
2019-12-31,DIS,0.0047512501598021145
2019-12-31,DHR,0.008265693644017434
2019-12-31,DE,0.012935815655837747
2019-12-31,CVX,0.008752467946945015
2019-12-31,CVS,0.003131380277104007
2019-12-31,FDX,0.041894201322537516
2020-01-31,MS,0.0041684765721579295
2020-01-31,MSFT,0.007842253249623213
2020-01-31,NEE,0.004405832890473143
2020-01-31,ORCL,0.010066853092376413
2020-01-31,NKE,0.008019654664760546
2020-01-31,NVDA,0.032285287718356266
2020-01-31,MRK,0.011699372388667997
2020-01-31,NFLX,0.007640474545896706
2020-01-31,MO,0.006773533796356784
2020-01-31,LIN,0.012232502445690175
2020-01-31,MET,0.009894063842074254
2020-01-31,MDT,0.008982332056857424
2020-01-31,MDLZ,0.006433405085400731
2020-01-31,MCD,0.005878390958128827
2020-01-31,MA,0.007887795772314049
2020-01-31,LOW,0.008729486948330362
2020-01-31,LMT,0.007398530055884556
2020-01-31,LLY,0.00597005122099585
2020-01-31,PEP,0.008134858615530845
2020-01-31,MMM,0.015643865617976496
2020-01-31,PFE,0.01024719072429953
2020-01-31,TMO,0.008350723899068893
2020-01-31,PM,0.009213669219726748
2020-01-31,KO,0.0068861412264144654
2020-01-31,XOM,0.01760110345479807
2020-01-31,WMT,0.008868030865607073
2020-01-31,WFC,0.011069551575493771
2020-01-31,VZ,0.009143091598692471
2020-01-31,V,0.008383951267488926
2020-01-31,USB,0.011699372388667997
2020-01-31,UPS,0.018855942420681164
2020-01-31,UNP,0.004360525215956624
2020-01-31,PG,0.010297147136061583
2020-01-31,UNH,0.014456027084209627
2020-01-31,TMUS,0.00931982556730369
2020-01-31,TGT,0.024995504556326407
2020-01-31,T,0.011640845212728646
2020-01-31,SPG,0.005492205132994935
2020-01-31,SO,0.0035744766661043727
2020-01-31,SCHW,0.016194133447047745
2020-01-31,SBUX,0.011036471890869504
2020-01-31,RTX,0.009931376507999244
2020-01-31,QCOM,0.03433071152081349
2020-01-31,TXN,0.007261877162497459
2020-01-31,JPM,0.012232502445690175
2020-01-31,BA,0.022160671027516503
2020-01-31,INTC,0.005492347649323921
2020-01-31,CMCSA,0.009779781492647976
2020-01-31,CL,0.003663656906783045
2020-01-31,CAT,0.018815578091361352
2020-01-31,C,0.007770515277700635
2020-01-31,BRK-B,0.008726248876249853
2020-01-31,BMY,0.009484152256156318
2020-01-31,BLK,0.005401954408510629
2020-01-31,BKNG,0.01920949501845346
2020-01-31,BAC,0.008777912487696389
2020-01-31,JNJ,0.0157070675168291
2020-01-31,AXP,0.008263268004302196
2020-01-31,AMZN,-0.001382808402445098
2020-01-31,AMT,0.009712708705524072
2020-01-31,AMGN,0.0115354144921236
2020-01-31,AMD,0.026723260263635966
2020-01-31,AIG,0.009051053635575687
2020-01-31,ADBE,0.005906399502942505
2020-01-31,ACN,0.014245938216815994
2020-01-31,ABT,0.009931376507999244
2020-01-31,COF,0.007540929300982908
2020-01-31,COP,0.04365371102873079
2020-01-31,AAPL,0.0033742064416131716
2020-01-31,CRM,0.008910918350242106
2020-01-31,COST,0.013733157132849193
2020-01-31,IBM,0.003663656906783045
2020-01-31,HON,0.010000131008964047
2020-01-31,HD,0.009265606297765403
2020-01-31,GS,0.0046373096560908544
2020-01-31,GOOGL,0.00346988970153022
2020-01-31,GILD,0.008167586570410425
2020-01-31,GE,0.026753162276824175
2020-01-31,GD,0.009995854470108107
2020-01-31,GOOG,0.005782896297464667
2020-01-31,F,0.009394809561719196
2020-01-31,EMR,0.008777912487696389
2020-01-31,DUK,0.0023103291607758166
2020-01-31,CSCO,0.006728467427774178
2020-01-31,DIS,0.004523140800107683
2020-01-31,DHR,0.007212958575101041
2020-01-31,DE,0.014588312502887791
2020-01-31,CVX,0.013667246154987434
2020-01-31,CVS,0.014102474486437328
2020-01-31,FDX,0.013848662191818326
2020-02-28,MSFT,0.014233093582172085
2020-02-28,NEE,0.014973913238114702
2020-02-28,NFLX,0.012427694939478382
2020-02-28,PEP,0.012068929299969564
2020-02-28,NVDA,0.03271483956114599
2020-02-28,ORCL,0.010378867147545745
2020-02-28,MS,0.012679101252987667
2020-02-28,NKE,0.005757563942701794
2020-02-28,MRK,0.01309697008796588
2020-02-28,MDLZ,0.009908678255494602
2020-02-28,MET,0.01102770350754767
2020-02-28,MDT,0.016190842065345136
2020-02-28,LIN,0.009428086622947201
2020-02-28,MCD,0.012848852214733766
2020-02-28,MA,0.008336307403030391
2020-02-28,LOW,0.016988568996789424
2020-02-28,LMT,0.017083174055105753
2020-02-28,LLY,0.008714616456949396
2020-02-28,PFE,0.002564623446259773
2020-02-28,MO,0.014003940465827891
2020-02-28,PG,0.013394349595847859
2020-02-28,TMO,0.009921823459648165
2020-02-28,QCOM,0.021743960662517783
2020-02-28,KO,0.012068929299969564
2020-02-28,XOM,0.015503403587071658
2020-02-28,WMT,0.012068929299969564
2020-02-28,WFC,0.010828957341327735
2020-02-28,VZ,0.012594687736339816
2020-02-28,V,0.015566779757120869
2020-02-28,USB,0.013445140874963998
2020-02-28,UPS,0.018173568043518485
2020-02-28,UNP,0.012094840340880254
2020-02-28,UNH,0.03174091072735613
2020-02-28,TXN,0.010399560968944763
2020-02-28,TMUS,0.007275656834109484
2020-02-28,TGT,-0.0017789256226000778
2020-02-28,T,0.010397974783530117
2020-02-28,SPG,0.010699272589860274
2020-02-28,SO,0.01677443143240406
2020-02-28,SCHW,0.038706395652583214
2020-02-28,SBUX,0.011714716824018956
2020-02-28,RTX,0.010168793782123544
2020-02-28,PM,0.004653780872011312
2020-02-28,JPM,0.012053881256083256
2020-02-28,MMM,0.02236353040447392
2020-02-28,INTC,0.020962608193213345
2020-02-28,CMCSA,0.011616802922864967
2020-02-28,CL,0.00978103984542899
2020-02-28,CAT,0.013987525017312357
2020-02-28,C,0.00647333579747826
2020-02-28,BRK-B,0.012353527330579817
2020-02-28,BMY,0.005202915530219005
2020-02-28,BLK,0.01015507784637559
2020-02-28,BKNG,0.02182150341264151
2020-02-28,BAC,0.01730648401338226
2020-02-28,BA,0.03932722751869752
2020-02-28,AXP,0.011427442623904757
2020-02-28,AMZN,0.012743131833299004
2020-02-28,AMT,0.01228026088969511
2020-02-28,AMGN,0.006706262095981778
2020-02-28,AMD,0.023970962540431108
2020-02-28,AIG,0.01174987540507234
2020-02-28,ADBE,0.0031322859169840545
2020-02-28,ACN,0.01399063825607809
2020-02-28,ABT,0.012986931876916418
2020-02-28,COF,0.00968879325224719
2020-02-28,COP,0.04194964729639553
2020-02-28,AAPL,0.0031526843133049573
2020-02-28,CRM,0.010635277162693172
2020-02-28,COST,0.016366229736137765
2020-02-28,IBM,0.008909887005681346
2020-02-28,HON,0.012185897116081465
2020-02-28,HD,0.012323093778363518
2020-02-28,GS,0.007874099475423925
2020-02-28,GOOGL,0.006367583415649785
2020-02-28,GOOG,0.006367583415649785
2020-02-28,GILD,0.011843033513517466
2020-02-28,GE,0.028947421707378792
2020-02-28,GD,0.011503255690705216
2020-02-28,JNJ,0.012848852214733766
2020-02-28,F,0.03885401024210237
2020-02-28,EMR,0.010076763094433477
2020-02-28,DUK,0.010159436994709099
2020-02-28,DIS,0.01055403368903129
2020-02-28,DHR,0.01349229951278299
2020-02-28,DE,0.013721698722431586
2020-02-28,CVX,0.014062669255400338
2020-02-28,CVS,0.007189162771532159
2020-02-28,CSCO,0.027919095936079042
2020-02-28,FDX,0.0480561530466866
2020-03-31,MRK,0.041847856686275074
2020-03-31,MS,-0.01697455820500809
2020-03-31,MSFT,0.021260273406116463
2020-03-31,NVDA,0.009700410565945129
2020-03-31,NFLX,0.04066672272652944
2020-03-31,NKE,0.06827118348175786
2020-03-31,MO,0.03754345291590837
2020-03-31,NEE,0.045075135532991875
2020-03-31,MMM,0.06841211912080859
2020-03-31,KO,0.025260945432649184
2020-03-31,MDT,0.06007027529976481
2020-03-31,MDLZ,0.056539574576290476
2020-03-31,MCD,0.02688156677669889
2020-03-31,MA,-0.0443254539670409
2020-03-31,LOW,0.01881363559170183
2020-03-31,LMT,0.07682747973046111
2020-03-31,LLY,0.03215218883290498
2020-03-31,LIN,0.07020219010527104
2020-03-31,ORCL,0.044184217340095436
2020-03-31,MET,-0.01383972466586662
2020-03-31,PEP,0.06963199742209158
2020-03-31,TGT,-0.009092460560464508
2020-03-31,PG,0.06534841035399068
2020-03-31,JPM,-0.022998799540587738
2020-03-31,WMT,0.04658322280803832
2020-03-31,WFC,0.0018996695119188603
2020-03-31,VZ,0.04277039075640807
2020-03-31,V,0.06140861634747265
2020-03-31,USB,-0.018288281582159
2020-03-31,UPS,0.06451791271948741
2020-03-31,UNP,0.026938687700150708
2020-03-31,UNH,0.022770483715208317
2020-03-31,PFE,0.04173391999796629
2020-03-31,TXN,-0.017704994134426635
2020-03-31,TMO,0.06484830557764272
2020-03-31,T,0.04768300707515853
2020-03-31,SPG,0.1794772561071344
2020-03-31,SO,-0.038481755791997495
2020-03-31,SCHW,-0.007850006496856568
2020-03-31,SBUX,-0.03666474340792258
2020-03-31,RTX,-0.019014392605193244
2020-03-31,QCOM,0.024156563781604072
2020-03-31,PM,0.04829723164162793
2020-03-31,TMUS,0.04648565149944279
2020-03-31,XOM,0.0719411420077868
2020-03-31,JNJ,0.04266761287229477
2020-03-31,IBM,0.06077971988774733
2020-03-31,CL,0.042431211836395304
2020-03-31,CAT,0.04268876041588876
2020-03-31,C,0.024403811209608873
2020-03-31,BRK-B,0.05658964776224667
2020-03-31,BMY,0.04623942153734778
2020-03-31,BLK,0.022770483715208317
2020-03-31,BKNG,0.056122526308872676
2020-03-31,BAC,-0.01383972466586662
2020-03-31,AXP,-0.01383972466586662
2020-03-31,AMZN,0.03976316560622684
2020-03-31,AMT,0.028278818706297972
2020-03-31,AMGN,0.06373583726766836
2020-03-31,AMD,0.07315714473552065
2020-03-31,AIG,0.16692621252778853
2020-03-31,ADBE,0.022814004942435684
2020-03-31,ACN,0.054583587151726204
2020-03-31,ABT,0.041338631237396596
2020-03-31,AAPL,0.06771801353540638
2020-03-31,INTC,0.02936732046517132
2020-03-31,CMCSA,0.05789976942930634
2020-03-31,COF,0.017092449513656117
2020-03-31,BA,0.18261281636601262
2020-03-31,COST,0.031434642783284776
2020-03-31,COP,0.1811661088369117
2020-03-31,HD,-0.035632329894371394
2020-03-31,GS,-0.02584294365336425
2020-03-31,GOOGL,0.048074289820891465
2020-03-31,GOOG,0.053352424875117314
2020-03-31,GILD,0.04220772992725754
2020-03-31,GE,0.01173674775094147
2020-03-31,GD,0.05862433446171915
2020-03-31,FDX,0.034248375239407436
2020-03-31,F,0.013957149666744462
2020-03-31,HON,0.031208309672023433
2020-03-31,DUK,0.051053100209570566
2020-03-31,DIS,-0.0216495792396356
2020-03-31,DHR,0.045063183633741274
2020-03-31,DE,-0.018845380789090288
2020-03-31,CVX,0.045564007032857415
2020-03-31,CVS,0.052809517309139714
2020-03-31,CSCO,0.04903864985899428
2020-03-31,CRM,0.04970169892140577
2020-03-31,EMR,-0.008730765243065921
2020-04-30,MSFT,0.011317699254761825
2020-04-30,NEE,0.1071959602852854
2020-04-30,NFLX,0.0403485036159622
2020-04-30,PEP,0.07707516979357919
2020-04-30,NVDA,0.04936040817475002
2020-04-30,ORCL,0.05555679421529836
2020-04-30,MS,0.06102045105584432
2020-04-30,NKE,0.07462590705794128
2020-04-30,MRK,0.09195546458019048
2020-04-30,MDLZ,0.06435735129105248
2020-04-30,MET,0.06776863791533722
2020-04-30,MDT,0.07707516979357919
2020-04-30,LIN,0.07753794034460462
2020-04-30,MCD,0.05570071454343388
2020-04-30,MA,0.05608156415574947
2020-04-30,LOW,0.053574244735691764
2020-04-30,LMT,0.051731583502775326
2020-04-30,LLY,0.04379572739469937
2020-04-30,PFE,0.04996415171622119
2020-04-30,MO,0.08739770471518567
2020-04-30,PG,0.047634918503892607
2020-04-30,TMO,0.03916273484918583
2020-04-30,QCOM,0.0483185811894655
2020-04-30,KO,0.08029530129198856
2020-04-30,XOM,0.04751739833340114
2020-04-30,WMT,0.08461531196269517
2020-04-30,WFC,0.08159208851556639
2020-04-30,VZ,0.04304254803651743
2020-04-30,V,0.052966008682495576
2020-04-30,USB,0.08102115449011352
2020-04-30,UPS,0.08508572082603669
2020-04-30,UNP,0.056330873925541085
2020-04-30,UNH,0.047605896604996124
2020-04-30,TXN,0.05185995686051197
2020-04-30,TMUS,0.051240362796176865
2020-04-30,TGT,0.03406691928743318
2020-04-30,T,0.07557685857952585
2020-04-30,SPG,0.09567968072355329
2020-04-30,SO,0.08556156288689273
2020-04-30,SCHW,0.05557448853996906
2020-04-30,SBUX,0.053326338989346356
2020-04-30,RTX,0.07758773211491014
2020-04-30,PM,0.08359707940246182
2020-04-30,JPM,0.07379415762046965
2020-04-30,MMM,0.04789108089428551
2020-04-30,INTC,0.05407619363860465
2020-04-30,CMCSA,0.07677759737791062
2020-04-30,CL,0.05196846750835127
2020-04-30,CAT,0.06634049282656354
2020-04-30,C,0.09368156811670732
2020-04-30,BRK-B,0.08430211106948766
2020-04-30,BMY,0.05337123697320132
2020-04-30,BLK,0.050489770924696545
2020-04-30,BKNG,0.05593068571269437
2020-04-30,BAC,0.05982720740642184
2020-04-30,BA,0.12351411922292814
2020-04-30,AXP,0.08609212290206575
2020-04-30,AMZN,4.0855318753368726e-05
2020-04-30,AMT,0.07540591569640198
2020-04-30,AMGN,0.03760316850291131
2020-04-30,AMD,0.046325402780009385
2020-04-30,AIG,0.11481211082913037
2020-04-30,ADBE,0.04487302672322665
2020-04-30,ACN,0.05139425723463776
2020-04-30,ABT,0.03830004107521465
2020-04-30,COF,0.0882287616740345
2020-04-30,COP,0.10817047614552447
2020-04-30,AAPL,0.007420030905803477
2020-04-30,CRM,0.05139425723463776
2020-04-30,COST,0.07653862174643682
2020-04-30,IBM,0.0479729635283062
2020-04-30,HON,0.08184382812967199
2020-04-30,HD,0.045538828285665564
2020-04-30,GS,0.07137904114720214
2020-04-30,GOOGL,0.03637311785234701
2020-04-30,GOOG,0.03637311785234701
2020-04-30,GILD,0.015065750309858504
2020-04-30,GE,0.0940153986029156
2020-04-30,GD,0.09485770741917984
2020-04-30,JNJ,0.05160849318935487
2020-04-30,F,0.0822106535809049
2020-04-30,EMR,0.04725597281747874
2020-04-30,DUK,0.0852338084875841
2020-04-30,DIS,0.08549531934597941
2020-04-30,DHR,0.03916273484918583
2020-04-30,DE,0.05821433007435969
2020-04-30,CVX,0.062222130181816146
2020-04-30,CVS,0.05726686654233995
2020-04-30,CSCO,0.07152809947459453
2020-04-30,FDX,0.054054771289896074
2020-05-29,PFE,0.03940839136989592
2020-05-29,MSFT,0.037991357666549735
2020-05-29,NEE,0.0241917183139357
2020-05-29,NFLX,0.044557391722670786
2020-05-29,PEP,0.06311672283672541
2020-05-29,NVDA,0.008609870742158153
2020-05-29,ORCL,0.048269059400333
2020-05-29,MS,0.10239399670069271
2020-05-29,NKE,0.03177125955281777
2020-05-29,MRK,0.04744054537081156
2020-05-29,MDLZ,0.040330662495570366
2020-05-29,MMM,0.04352226987531965
2020-05-29,MET,0.07238140302966377
2020-05-29,MDT,0.05582995097930246
2020-05-29,MCD,0.05486902524612873
2020-05-29,MA,0.035704774352669916
2020-05-29,LOW,0.05352333947450795
2020-05-29,LMT,0.05095454201095547
2020-05-29,LLY,0.05556133164848473
2020-05-29,MO,0.04755744730348732
2020-05-29,PG,0.06471162690606881
2020-05-29,LIN,0.031582665394983736
2020-05-29,QCOM,0.06964833408931138
2020-05-29,XOM,0.0541864563206791
2020-05-29,WMT,0.05500265971803977
2020-05-29,WFC,0.0719009687344534
2020-05-29,VZ,0.03581608696213088
2020-05-29,V,0.03399094682632375
2020-05-29,USB,0.0667570711160592
2020-05-29,UPS,0.037469785628628356
2020-05-29,UNP,0.033598257555861995
2020-05-29,UNH,0.054096279945311784
2020-05-29,TXN,0.045514388628470945
2020-05-29,TMUS,0.024330854291084215
2020-05-29,TMO,0.03106930597406387
2020-05-29,TGT,0.0400760610108861
2020-05-29,T,0.0700748037674666
2020-05-29,SPG,0.03843459592265531
2020-05-29,SO,0.045506090876493065
2020-05-29,SCHW,0.05604854214484851
2020-05-29,SBUX,0.04755829177586932
2020-05-29,RTX,0.05227927300458385
2020-05-29,PM,0.053510743852465306
2020-05-29,KO,0.05968454679701852
2020-05-29,JPM,0.051520050956613654
2020-05-29,AAPL,0.029723198045889913
2020-05-29,CMCSA,0.04444412376528155
2020-05-29,CL,0.04005784765056413
2020-05-29,CAT,0.043407871831663024
2020-05-29,C,0.09654365839740087
2020-05-29,BRK-B,0.05827691449745086
2020-05-29,BMY,0.05103902819467346
2020-05-29,BLK,0.059838719813510355
2020-05-29,BAC,0.0820019142179447
2020-05-29,BA,0.051885485207123334
2020-05-29,AXP,0.0684255412561862
2020-05-29,AMZN,0.039700193776711946
2020-05-29,AMT,0.032998941611267645
2020-05-29,AMGN,0.05608367251451793
2020-05-29,AMD,0.010717639933133277
2020-05-29,AIG,0.134105090995275
2020-05-29,ADBE,0.05793062151003051
2020-05-29,ACN,0.031582665394983736
2020-05-29,ABT,0.040565764235771386
2020-05-29,JNJ,0.04523232750345449
2020-05-29,COF,0.09788614574450294
2020-05-29,COP,0.127214024261878
2020-05-29,BKNG,0.03286293024202919
2020-05-29,CRM,0.03529450047204952
2020-05-29,INTC,0.05334198913122107
2020-05-29,COST,0.043489013998452
2020-05-29,IBM,0.049436252299267576
2020-05-29,HON,0.045562505932258884
2020-05-29,HD,0.03433203499484278
2020-05-29,GS,0.03365948586077925
2020-05-29,GOOGL,0.032204714706099084
2020-05-29,GILD,0.048106119637150266
2020-05-29,GE,0.12641543421781398
2020-05-29,GD,0.03017064475272845
2020-05-29,GOOG,0.03536264207508481
2020-05-29,F,0.030124647929897375
2020-05-29,CSCO,0.024575502651662754
2020-05-29,FDX,0.03916162328912714
2020-05-29,CVX,0.06768052843390539
2020-05-29,DE,0.03538935468045139
2020-05-29,DHR,0.04273860495199645
2020-05-29,CVS,0.03733788473253112
2020-05-29,DUK,0.04708968246175674
2020-05-29,EMR,0.06273672920060287
2020-05-29,DIS,0.03563726605048171
2020-06-30,MSFT,0.004561800139395232
2020-06-30,NEE,-0.01846835550649043
2020-06-30,NFLX,0.015369176133481065
2020-06-30,PEP,0.015554750746567337
2020-06-30,NVDA,-0.023568689297576426
2020-06-30,ORCL,0.012641343368129391
2020-06-30,MS,0.040974875401184364
2020-06-30,NKE,0.04292647277561892
2020-06-30,MRK,0.011855170686977475
2020-06-30,MCD,0.028489233970998482
2020-06-30,MMM,0.033336785466022235
2020-06-30,MDT,0.047008981848241954
2020-06-30,MDLZ,0.018349191043216778
2020-06-30,MA,0.04857145592598434
2020-06-30,LOW,0.02951688269286942
2020-06-30,LMT,0.02899187099604975
2020-06-30,LLY,0.02479149627518158
2020-06-30,LIN,0.031149354837653107
2020-06-30,PFE,-0.007855773497194343
2020-06-30,MO,0.024851500415494304
2020-06-30,PG,0.012529762943965168
2020-06-30,TMUS,0.01629093982921476
2020-06-30,QCOM,0.040034840272076225
2020-06-30,XOM,0.050264644575321135
2020-06-30,WMT,0.00803233826259287
2020-06-30,WFC,0.1318645759884435
2020-06-30,VZ,0.00020308698864109686
2020-06-30,V,0.04288977721660223
2020-06-30,USB,0.08037933108846347
2020-06-30,UPS,0.02680448562310121
2020-06-30,UNP,0.025722878982674818
2020-06-30,UNH,0.05668191762911949
2020-06-30,TXN,0.032307490605746184
2020-06-30,KO,0.03212037265480812
2020-06-30,TMO,0.011121812506908765
2020-06-30,TGT,0.021603921768345427
2020-06-30,T,0.035318136353622874
2020-06-30,SPG,0.11931682520794962
2020-06-30,SO,0.05330589207215209
2020-06-30,SCHW,0.052232980493358346
2020-06-30,SBUX,0.053836225602970376
2020-06-30,RTX,0.06547552117336543
2020-06-30,PM,0.015419368061217369
2020-06-30,JPM,0.07025156069836752
2020-06-30,MET,0.07441083633905465
2020-06-30,INTC,0.050787898828665475
2020-06-30,CMCSA,0.028523626286401923
2020-06-30,CL,0.013323482278648149
2020-06-30,CAT,0.03747947463476742
2020-06-30,C,0.0871433058655127
2020-06-30,BRK-B,0.01837896577484343
2020-06-30,BMY,0.004256243257401583
2020-06-30,BLK,0.03931621592396888
2020-06-30,BKNG,0.05296242622046669
2020-06-30,BAC,0.05286465397308401
2020-06-30,COF,0.10446800654982213
2020-06-30,BA,0.1150971672096942
2020-06-30,AMZN,-0.002311448688597309
2020-06-30,AMT,0.059611666352983074
2020-06-30,AMGN,0.008936179245162035
2020-06-30,AMD,-0.0015147682871358473
2020-06-30,AIG,0.10068539240336921
2020-06-30,ADBE,0.045562249065518645
2020-06-30,ACN,0.0356482394594026
2020-06-30,ABT,0.025225928822231045
2020-06-30,JNJ,0.010529925847163812
2020-06-30,AXP,0.04701677700676253
2020-06-30,COP,0.0984799244523903
2020-06-30,AAPL,0.008417193250720694
2020-06-30,CRM,0.03559410166716669
2020-06-30,COST,0.00803233826259287
2020-06-30,HON,0.04316652208470138
2020-06-30,HD,0.016122638124399055
2020-06-30,GS,0.04280905045652888
2020-06-30,GOOGL,0.027416455001305306
2020-06-30,GOOG,0.027416455001305306
2020-06-30,GILD,0.029768918312165014
2020-06-30,GE,0.09776953595360602
2020-06-30,GD,0.03893918706885685
2020-06-30,IBM,0.03918862074224288
2020-06-30,F,0.06482790016092994
2020-06-30,EMR,0.035439741167878715
2020-06-30,DUK,0.015278234120412017
2020-06-30,DIS,0.05445400613838871
2020-06-30,DHR,0.0040500417860700666
2020-06-30,DE,0.03747947463476742
2020-06-30,CVX,0.034249986069577285
2020-06-30,CVS,0.011235145627254962
2020-06-30,CSCO,0.03291007103596618
2020-06-30,FDX,0.033787894086897745
2020-07-31,MS,0.04160641414124905
2020-07-31,MSFT,0.01105238969808329
2020-07-31,NEE,0.007297078197177274
2020-07-31,ORCL,0.01567115560778607
2020-07-31,NKE,0.031536275323209344
2020-07-31,NVDA,0.03524514045429512
2020-07-31,MRK,0.009588382702809983
2020-07-31,NFLX,0.03358605024241018
2020-07-31,MO,0.02006518783577172
2020-07-31,LIN,0.006494445889220913
2020-07-31,MET,0.036632075840868306
2020-07-31,MDT,0.024101955212713133
2020-07-31,MDLZ,0.01445599459902678
2020-07-31,MCD,0.012622158823479314
2020-07-31,MA,0.018945820690907784
2020-07-31,LOW,0.013575797820174236
2020-07-31,LMT,0.021701379109327998
2020-07-31,LLY,0.02676991334439937
2020-07-31,PEP,0.03632771015453527
2020-07-31,MMM,0.04245461231497592
2020-07-31,PFE,0.008734724931800811
2020-07-31,TGT,0.010563536349520487
2020-07-31,PM,0.01133186001240702
2020-07-31,KO,0.0197569885605658
2020-07-31,WMT,0.007736840709703338
2020-07-31,WFC,0.09511443828764594
2020-07-31,VZ,-0.0015775760789370138
2020-07-31,V,0.010886861051385232
2020-07-31,USB,0.042172979149162945
2020-07-31,UPS,0.005542853002224925
2020-07-31,UNP,0.013954551280397999
2020-07-31,UNH,0.011112175304754753
2020-07-31,TXN,0.01675713244333566
2020-07-31,TMUS,-0.006152740944670906
2020-07-31,TMO,0.0011457550039462693
2020-07-31,T,0.02384553128435516
2020-07-31,SPG,0.09788704571261839
2020-07-31,SO,0.01998628149825339
2020-07-31,SCHW,0.026349515763498966
2020-07-31,SBUX,0.023537360317867247
2020-07-31,RTX,0.06292388016245175
2020-07-31,QCOM,0.04516567920781936
2020-07-31,PG,0.017879428524749344
2020-07-31,JPM,0.018072771709696258
2020-07-31,XOM,0.06431944440414847
2020-07-31,INTC,0.03736190083229052
2020-07-31,CL,0.01892541471474936
2020-07-31,CAT,0.029386005385229064
2020-07-31,C,0.033204377575098296
2020-07-31,BRK-B,0.01346344702281375
2020-07-31,BMY,0.0030738072693999824
2020-07-31,BLK,0.035411237574130824
2020-07-31,BKNG,0.062181921388016335
2020-07-31,BAC,0.033460737325793063
2020-07-31,BA,0.12000919224134184
2020-07-31,AXP,0.05443757069955244
2020-07-31,AMZN,0.0012957655694091756
2020-07-31,AMT,0.018755307607019496
2020-07-31,AMGN,0.020144961912536424
2020-07-31,AMD,0.0009648359130489823
2020-07-31,AIG,0.02252045968027078
2020-07-31,ADBE,0.017219291521115773
2020-07-31,ACN,0.011812747759992075
2020-07-31,ABT,0.009214560157922365
2020-07-31,AAPL,0.00568279052670295
2020-07-31,CMCSA,0.016820419323038946
2020-07-31,COF,0.03169325741370622
2020-07-31,JNJ,0.019909235232904242
2020-07-31,COST,0.01686267535856996
2020-07-31,COP,0.08228101497883991
2020-07-31,IBM,0.020386830047162727
2020-07-31,HON,0.030049001059421064
2020-07-31,HD,0.008203004847645457
2020-07-31,GS,0.020028344052363905
2020-07-31,GOOGL,0.018654710869384444
2020-07-31,GILD,0.016927617921262447
2020-07-31,GE,0.09236964312211984
2020-07-31,GD,0.03050786275179289
2020-07-31,FDX,0.0445114833908428
2020-07-31,GOOG,0.027447720755868564
2020-07-31,EMR,0.021410542400095083
2020-07-31,DUK,0.010909198697616862
2020-07-31,DIS,0.02950748892268982
2020-07-31,CRM,0.02572594541689268
2020-07-31,DHR,0.0024554146764854405
2020-07-31,DE,0.030080569851244333
2020-07-31,CVX,0.048620737289229006
2020-07-31,CVS,0.009444761637653055
2020-07-31,CSCO,0.00937751239139466
2020-07-31,F,0.032997327927598324
2020-08-31,PEP,0.028789717149014772
2020-08-31,MS,0.04815388120882291
2020-08-31,MSFT,0.030378816321691784
2020-08-31,NEE,0.029155915862789605
2020-08-31,ORCL,0.03399629600979559
2020-08-31,NKE,0.021213111408110077
2020-08-31,NVDA,0.06050144327951706
2020-08-31,MRK,0.009083997347375937
2020-08-31,NFLX,0.03399573021972407
2020-08-31,MO,0.024387320572981288
2020-08-31,MCD,0.03358701602652294
2020-08-31,MET,0.030218416426512237
2020-08-31,MDT,0.02051817615294638
2020-08-31,MDLZ,0.024792727418221423
2020-08-31,MA,0.02074867475182848
2020-08-31,LOW,0.026010954373615745
2020-08-31,LMT,0.03453262347764742
2020-08-31,LLY,0.036389968990650286
2020-08-31,LIN,0.015872487459599988
2020-08-31,MMM,0.02158443055149803
2020-08-31,PFE,0.020830471634976155
2020-08-31,XOM,0.05128429712060154
2020-08-31,PM,0.023560055260568126
2020-08-31,KO,0.022420049483221665
2020-08-31,WMT,0.0036702668652910534
2020-08-31,WFC,0.04809434216094791
2020-08-31,VZ,0.012676612309391948
2020-08-31,V,0.03358701602652294
2020-08-31,USB,0.04315755371661484
2020-08-31,UPS,0.013704228812214784
2020-08-31,UNP,0.021429021885476834
2020-08-31,UNH,0.04892433776973633
2020-08-31,PG,0.028328100985546126
2020-08-31,TXN,0.031772205968449575
2020-08-31,TMO,0.014792821332497938
2020-08-31,TGT,0.01336519299777975
2020-08-31,T,0.028606484706666352
2020-08-31,SPG,0.018182877726211532
2020-08-31,SO,0.04338675932200926
2020-08-31,SCHW,0.02618935480699955
2020-08-31,SBUX,0.023943302411137707
2020-08-31,RTX,0.03795186790230369
2020-08-31,QCOM,0.03532529596324306
2020-08-31,TMUS,0.01579735962966029
2020-08-31,JPM,0.02653375332111857
2020-08-31,JNJ,0.017188730768420275
2020-08-31,INTC,0.02795372617881789
2020-08-31,CMCSA,0.02624078891375804
2020-08-31,CL,0.025812627154999445
2020-08-31,CAT,0.022081830536246547
2020-08-31,C,0.028297575516857354
2020-08-31,BRK-B,0.022418625921899648
2020-08-31,BMY,0.0061405324340647015
2020-08-31,BLK,0.04468183417052286
2020-08-31,BKNG,0.03212075324335517
2020-08-31,BAC,0.0354019074163887
2020-08-31,BA,0.018182877726211532
2020-08-31,AXP,0.02661388250152133
2020-08-31,AMZN,0.015672557140336784
2020-08-31,AMT,0.019501558398384692
2020-08-31,AMGN,0.0184646513889651
2020-08-31,AMD,0.007766479256002772
2020-08-31,AIG,0.033565484252398595
2020-08-31,ADBE,0.0439102978658566
2020-08-31,ACN,0.030732495612053688
2020-08-31,ABT,0.011173990476076534
2020-08-31,COF,0.02239960429206471
2020-08-31,COP,0.022321914459143687
2020-08-31,AAPL,0.01616415905167067
2020-08-31,CRM,0.011267690662871602
2020-08-31,COST,0.023631896773230555
2020-08-31,IBM,0.024047244580961406
2020-08-31,HON,0.013123578503256163
2020-08-31,HD,0.029309381733049294
2020-08-31,GS,0.02993145520173518
2020-08-31,GOOGL,0.013627349962052034
2020-08-31,GILD,0.023793631968366827
2020-08-31,GE,0.03862149383932681
2020-08-31,GD,0.020245226012267054
2020-08-31,GOOG,0.013283469941915536
2020-08-31,F,0.04482388325159685
2020-08-31,EMR,0.018930164351998412
2020-08-31,DUK,0.03649744499069653
2020-08-31,CSCO,0.03519430710763201
2020-08-31,DIS,0.024098711077158903
2020-08-31,DHR,0.0036757358049852983
2020-08-31,DE,0.012912200570384558
2020-08-31,CVX,0.039000267454236286
2020-08-31,CVS,0.025359994514662303
2020-08-31,FDX,0.03413405388877189
2020-09-30,MS,0.033837923070766274
2020-09-30,MSFT,0.04223589701298507
2020-09-30,NEE,0.021011212407327784
2020-09-30,ORCL,0.018278189148097677
2020-09-30,NKE,0.01784281076450209
2020-09-30,NVDA,0.07146475349544859
2020-09-30,MRK,0.015346391408276346
2020-09-30,NFLX,0.03146463654175391
2020-09-30,MO,0.023533916684714627
2020-09-30,LIN,0.010639326536375482
2020-09-30,MET,0.0010389900386062816
2020-09-30,MDT,0.018976079715739176
2020-09-30,MDLZ,0.020112339797380165
2020-09-30,MCD,0.01869635355699686
2020-09-30,MA,0.0166600130027884
2020-09-30,LOW,0.022635693441425696
2020-09-30,LMT,0.016649323679836167
2020-09-30,LLY,0.007022198007035769
2020-09-30,PEP,0.0203117874109188
2020-09-30,MMM,0.01783650745828473
2020-09-30,PFE,0.014949813453093473
2020-09-30,TGT,0.012434224653854947
2020-09-30,PM,0.021650464463218673
2020-09-30,KO,0.02021441941810685
2020-09-30,WMT,0.0016080687504390016
2020-09-30,WFC,0.042456283637410386
2020-09-30,VZ,0.013558527607584789
2020-09-30,V,0.02302188883910789
2020-09-30,USB,0.009547769933755248
2020-09-30,UPS,0.026812140361505726
2020-09-30,UNP,0.021246079777626735
2020-09-30,UNH,0.01375797645442819
2020-09-30,TXN,0.017000256033703788
2020-09-30,TMUS,0.015543847607328081
2020-09-30,TMO,0.00666135341216736
2020-09-30,T,0.06503254695872895
2020-09-30,SPG,0.02109335352745232
2020-09-30,SO,0.0622643498033429
2020-09-30,SCHW,0.01350964739678673
2020-09-30,SBUX,0.015318483045825863
2020-09-30,RTX,0.014117458558629628
2020-09-30,QCOM,0.02697098776494275
2020-09-30,PG,0.017933944862375366
2020-09-30,JPM,0.007498499158105297
2020-09-30,XOM,-0.005365326990350349
2020-09-30,INTC,0.030754668959775393
2020-09-30,CL,0.016446871477591544
2020-09-30,CAT,0.02013338394770535
2020-09-30,C,-0.003755662768910406
2020-09-30,BRK-B,0.0203117874109188
2020-09-30,BMY,0.006579274616979627
2020-09-30,BLK,0.014232436688747822
2020-09-30,BKNG,0.015165873141659165
2020-09-30,BAC,0.0035825725107653723
2020-09-30,BA,0.017715820589360762
2020-09-30,AXP,0.009298936459763598
2020-09-30,AMZN,0.04105475144099949
2020-09-30,AMT,0.016888188099998938
2020-09-30,AMGN,0.012926896764658235
2020-09-30,AMD,-0.0055027030392646205
2020-09-30,AIG,-0.012146021927338794
2020-09-30,ADBE,0.037144159469604386
2020-09-30,ACN,0.01653426818764695
2020-09-30,ABT,0.008325940221980873
2020-09-30,AAPL,0.019822775061041225
2020-09-30,CMCSA,0.017983867414365688
2020-09-30,COF,-0.022263850092853123
2020-09-30,JNJ,0.009053176081697948
2020-09-30,COST,0.009345563378637864
2020-09-30,COP,0.01967839188011711
2020-09-30,IBM,0.017116423305792182
2020-09-30,HON,0.015463329524037393
2020-09-30,HD,0.021323957100469415
2020-09-30,GS,0.014137646349725207
2020-09-30,GOOGL,0.010330599956282216
2020-09-30,GILD,0.02046328068477011
2020-09-30,GE,0.0071378685067564444
2020-09-30,GD,0.0214989331092637
2020-09-30,FDX,0.048298304845339174
2020-09-30,GOOG,0.010515013042130553
2020-09-30,EMR,0.01325892455258825
2020-09-30,DUK,0.011607732565899694
2020-09-30,DIS,0.016335020405007054
2020-09-30,CRM,-0.008513140826254617
2020-09-30,DHR,0.0015276225933943675
2020-09-30,DE,0.015544042258997194
2020-09-30,CVX,0.024136936173094335
2020-09-30,CVS,0.022096803458180447
2020-09-30,CSCO,0.02129639941771219
2020-09-30,F,0.006852759923630555
2020-10-30,MSFT,0.03878021476431169
2020-10-30,NEE,0.022126701774870552
2020-10-30,NFLX,0.05252656161070328
2020-10-30,PEP,0.021758298163907643
2020-10-30,NVDA,0.02515779111460907
2020-10-30,ORCL,0.019648346210318086
2020-10-30,MS,0.01596794509616234
2020-10-30,NKE,0.027588746660991408
2020-10-30,MRK,0.04446947887344803
2020-10-30,MCD,0.01893952688375506
2020-10-30,MMM,0.013854951600716226
2020-10-30,MDT,0.018184169807759984
2020-10-30,MDLZ,0.01807379847182216
2020-10-30,MA,0.0010624329632367012
2020-10-30,LOW,0.026072440558550455
2020-10-30,LMT,0.014838177349506276
2020-10-30,LLY,0.00773876957257999
2020-10-30,LIN,0.0140153324317857
2020-10-30,PFE,0.017201144851439594
2020-10-30,MO,0.020193855690178984
2020-10-30,PG,0.0149647422575216
2020-10-30,TMUS,0.025674484539293708
2020-10-30,QCOM,0.04048649699326575
2020-10-30,XOM,-0.06948525991180111
2020-10-30,WMT,0.004669918949266011
2020-10-30,WFC,-0.01608997304819077
2020-10-30,VZ,0.015732983246627242
2020-10-30,V,0.013516279501209576
2020-10-30,USB,0.010769735562631891
2020-10-30,UPS,0.038703451528651046
2020-10-30,UNP,0.021551839775231597
2020-10-30,UNH,0.018188289058449075
2020-10-30,TXN,0.02115994679375782
2020-10-30,KO,0.017387608675466324
2020-10-30,TMO,0.01611044746173622
2020-10-30,TGT,0.018143621488958192
2020-10-30,T,0.021068104356558107
2020-10-30,SPG,0.024654712803481218
2020-10-30,SO,0.04088685472448573
2020-10-30,SCHW,0.02810587597884406
2020-10-30,SBUX,0.01926491017147614
2020-10-30,RTX,0.029736748415462425
2020-10-30,PM,0.015514994154421766
2020-10-30,JPM,0.0162140643403603
2020-10-30,MET,-0.018016707631428826
2020-10-30,INTC,0.020801003822298703
2020-10-30,CMCSA,0.01710331153889301
2020-10-30,CL,0.010111053403870127
2020-10-30,CAT,0.01835887925088826
2020-10-30,C,-0.018071317650326473
2020-10-30,BRK-B,0.0232236230777031
2020-10-30,BMY,0.009906666810972057
2020-10-30,BLK,0.018673401105832994
2020-10-30,BKNG,0.01674572489822703
2020-10-30,BAC,0.017318729934153343
2020-10-30,COF,0.002962286208275878
2020-10-30,BA,0.05732443278747592
2020-10-30,AMZN,0.004245936021239562
2020-10-30,AMT,0.019648346210318086
2020-10-30,AMGN,-0.006858048732374909
2020-10-30,AMD,0.011391359193335476
2020-10-30,AIG,-0.05330771982801326
2020-10-30,ADBE,0.01857778069539153
2020-10-30,ACN,0.019530514019786015
2020-10-30,ABT,0.01051050145248054
2020-10-30,JNJ,0.013264802588021285
2020-10-30,AXP,-0.014268598132668045
2020-10-30,COP,0.038722510468313286
2020-10-30,AAPL,0.05165683218467623
2020-10-30,CRM,0.06174052617557877
2020-10-30,COST,0.013952149338893095
2020-10-30,HON,0.01701069021825283
2020-10-30,HD,0.022277384718746983
2020-10-30,GS,0.013183911073776824
2020-10-30,GOOGL,0.01570018914744891
2020-10-30,GOOG,0.01931356660494665
2020-10-30,GILD,0.01710331153889301
2020-10-30,GE,0.00944071740277741
2020-10-30,GD,0.01843485750885207
2020-10-30,IBM,0.019912242286414833
2020-10-30,F,0.017753324821617348
2020-10-30,EMR,0.01431611749088252
2020-10-30,DUK,0.015850263406062572
2020-10-30,DIS,0.01926491017147614
2020-10-30,DHR,0.014892517831494798
2020-10-30,DE,0.02015701871002065
2020-10-30,CVX,-0.03342926119844884
2020-10-30,CVS,0.015701457978448494
2020-10-30,CSCO,0.015082291628505327
2020-10-30,FDX,0.0724444213929569
2020-11-30,PEP,0.01845231139458519
2020-11-30,MS,0.035332414614277566
2020-11-30,MSFT,0.030891532265251036
2020-11-30,NEE,0.026006061559473995
2020-11-30,ORCL,0.023520041268962753
2020-11-30,NKE,0.023139459743748463
2020-11-30,NVDA,0.02965927876539226
2020-11-30,MRK,0.007815513631658898
2020-11-30,NFLX,0.04319404978178903
2020-11-30,MO,0.01780349078511963
2020-11-30,MCD,0.019138983074327598
2020-11-30,MET,0.030399926615178968
2020-11-30,MDT,0.022756250273117354
2020-11-30,MDLZ,0.018054643640458317
2020-11-30,MA,0.0289320140534876
2020-11-30,LOW,0.03684739941709754
2020-11-30,LMT,0.0266255887453625
2020-11-30,LLY,0.03747524688736222
2020-11-30,LIN,0.014383106445658598
2020-11-30,MMM,0.01516842095618564
2020-11-30,PFE,0.012349868086802154
2020-11-30,KO,0.018329040733643637
2020-11-30,PM,0.01848745403721838
2020-11-30,WMT,0.004103901634584121
2020-11-30,WFC,0.03730791694510903
2020-11-30,VZ,0.011363089211629922
2020-11-30,V,0.02433308456785484
2020-11-30,USB,0.027511335920899327
2020-11-30,UPS,0.025798501434371648
2020-11-30,UNP,0.02296142748726154
2020-11-30,UNH,0.023150153075927375
2020-11-30,TXN,0.021299330573913033
2020-11-30,TMUS,0.019464965597226297
2020-11-30,TMO,0.01818810390719228
2020-11-30,TGT,0.008843690288739497
2020-11-30,T,0.01841237011944753
2020-11-30,SPG,0.00011093296427920769
2020-11-30,SO,0.02741585106596843
2020-11-30,SCHW,0.04027219707425145
2020-11-30,SBUX,0.024058812313438212
2020-11-30,RTX,0.021975015534654658
2020-11-30,QCOM,0.045187693006117746
2020-11-30,PG,0.014210635292794397
2020-11-30,JPM,0.028941486175865606
2020-11-30,XOM,0.048662617076309866
2020-11-30,INTC,0.04667489258569654
2020-11-30,CL,0.008475599997418431
2020-11-30,CAT,0.03278155147971793
2020-11-30,C,0.026056869155170262
2020-11-30,BRK-B,0.017226100493886582
2020-11-30,BMY,0.00920812947776344
2020-11-30,BLK,0.02382193129887223
2020-11-30,BKNG,0.028785150711974974
2020-11-30,BAC,0.027326006156618707
2020-11-30,BA,-0.001975156154870546
2020-11-30,AXP,0.02705501093633781
2020-11-30,AMZN,0.014338266344995658
2020-11-30,AMT,0.027186230322027775
2020-11-30,AMGN,0.020784531655678985
2020-11-30,AMD,0.029323162137920362
2020-11-30,AIG,0.03606354799806151
2020-11-30,ADBE,0.03206825848779899
2020-11-30,ACN,0.023824440567619985
2020-11-30,ABT,0.014007699179900817
2020-11-30,AAPL,0.03274566702947953
2020-11-30,CMCSA,0.014797006343927811
2020-11-30,COF,0.03310946094232124
2020-11-30,JNJ,0.010665882557110345
2020-11-30,COST,-0.0019212446973090136
2020-11-30,IBM,0.02187284661001097
2020-11-30,HON,0.025020250725173474
2020-11-30,HD,0.025483667139591507
2020-11-30,GS,0.056166284092138
2020-11-30,GOOGL,0.013118419026939549
2020-11-30,COP,-0.00052611481829216
2020-11-30,GILD,0.02922261594786665
2020-11-30,GE,-0.00040979875298327947
2020-11-30,GD,0.023449680904748457
2020-11-30,FDX,0.047001057247212256
2020-11-30,GOOG,0.01033602273128629
2020-11-30,EMR,0.031382767569589715
2020-11-30,DUK,0.026377454663310918
2020-11-30,DIS,0.027121357723226366
2020-11-30,DHR,0.01611457650057633
2020-11-30,DE,0.02422729437860475
2020-11-30,CVX,0.022663047010236175
2020-11-30,CVS,0.0160639191131107
2020-11-30,CSCO,0.0216487967053582
2020-11-30,CRM,0.02648216326888523
2020-11-30,F,0.041155600737357835
2020-12-31,MRK,0.03680443936758939
2020-12-31,NVDA,0.03875429403428576
2020-12-31,NKE,0.023198435709342154
2020-12-31,NFLX,0.03389632779134353
2020-12-31,NEE,0.02261331187042435
2020-12-31,MSFT,0.02486693042214999
2020-12-31,ORCL,0.022154780572896587
2020-12-31,MS,0.05260149432712393
2020-12-31,MO,0.01981052679532215
2020-12-31,MCD,0.024953175809285782
2020-12-31,MET,0.044454737356790994
2020-12-31,MDT,0.024350782990961023
2020-12-31,MDLZ,0.019593199827395096
2020-12-31,MA,0.03563340218984407
2020-12-31,LOW,0.03375348957630548
2020-12-31,LMT,0.030667273980132054
2020-12-31,LLY,0.03408225369689286
2020-12-31,LIN,0.013013863266662639
2020-12-31,PEP,0.017037374485297064
2020-12-31,MMM,0.020142291863324804
2020-12-31,PFE,0.02702360037740091
2020-12-31,KO,0.019057092784483746
2020-12-31,PM,0.016909541019907687
2020-12-31,XOM,0.04453162485534567
2020-12-31,WMT,0.0039714215482350955
2020-12-31,WFC,0.0492733709541767
2020-12-31,VZ,0.011362772793294408
2020-12-31,V,0.02466737013255884
2020-12-31,USB,0.049127547159807126
2020-12-31,UPS,0.026707227657912495
2020-12-31,UNP,0.02502318706669786
2020-12-31,UNH,0.02502318706669786
2020-12-31,PG,0.015303106198820882
2020-12-31,TXN,0.023873764874102484
2020-12-31,TMO,0.02000387496629857
2020-12-31,TGT,0.01789763708248877
2020-12-31,T,0.023485242438596707
2020-12-31,SPG,0.006316631039959356
2020-12-31,SO,0.026879257949937608
2020-12-31,SCHW,0.05547308266170165
2020-12-31,SBUX,0.022182376703291123
2020-12-31,RTX,0.03977558743826008
2020-12-31,QCOM,0.03687175151758031
2020-12-31,TMUS,0.029976349912079092
2020-12-31,JPM,0.04426504725511295
2020-12-31,AAPL,0.03426058043259729
2020-12-31,INTC,0.03827415304616856
2020-12-31,CMCSA,0.014982667863371118
2020-12-31,CL,0.002432040880932048
2020-12-31,CAT,0.03532395738759624
2020-12-31,C,0.05365686839842542
2020-12-31,BRK-B,0.019485392149963757
2020-12-31,BMY,0.012679282946891439
2020-12-31,BLK,0.03227498731551483
2020-12-31,BKNG,0.056644700147599834
2020-12-31,BA,0.10028125768369993
2020-12-31,AXP,0.0536341489957354
2020-12-31,AMZN,0.016864984130043913
2020-12-31,AMT,0.027616971933678087
2020-12-31,AMGN,0.020461738058955257
2020-12-31,AMD,0.014018730893477887
2020-12-31,AIG,0.05701998221397591
2020-12-31,ADBE,0.028717877121874538
2020-12-31,ACN,0.022853620485801026
2020-12-31,ABT,0.014159704055657661
2020-12-31,JNJ,0.006831116687574472
2020-12-31,COF,0.06007807477041375
2020-12-31,COP,0.022466460643441714
2020-12-31,BAC,0.049127547159807126
2020-12-31,CRM,0.03178188261462702
2020-12-31,IBM,0.02576131906551257
2020-12-31,COST,0.0032449898451600507
2020-12-31,HON,0.024604572370319034
2020-12-31,HD,0.02674858930858294
2020-12-31,GS,0.07733111627345961
2020-12-31,GOOGL,0.01765023390310232
2020-12-31,GOOG,0.01765023390310232
2020-12-31,GE,0.04953993454542974
2020-12-31,GD,0.028285390675732026
2020-12-31,FDX,0.04236321489736853
2020-12-31,GILD,0.043898794570306716
2020-12-31,CVS,0.025990672483659175
2020-12-31,EMR,0.04382609156169307
2020-12-31,DUK,0.024666975713515987
2020-12-31,DIS,0.03436821891572915
2020-12-31,DHR,0.02003843127102487
2020-12-31,DE,0.023634530165150668
2020-12-31,CVX,0.03340297206882607
2020-12-31,F,0.04234939942707108
2020-12-31,CSCO,0.0306256582071674
2021-01-29,MRK,0.022586331362826804
2021-01-29,ORCL,0.023051311327095293
2021-01-29,NVDA,0.021432678627251
2021-01-29,NKE,0.02536793828451526
2021-01-29,NFLX,0.038329571047457794
2021-01-29,NEE,0.022442020002792357
2021-01-29,MSFT,0.02335726259620402
2021-01-29,MS,0.05563067883775866
2021-01-29,MO,0.01963800955448333
2021-01-29,MCD,0.02664808818680373
2021-01-29,MET,0.03671098409716534
2021-01-29,MDT,0.025370817718217243
2021-01-29,MDLZ,0.028229042150257126
2021-01-29,PEP,0.025494588919632834
2021-01-29,MA,0.0372224506337292
2021-01-29,LOW,0.03192847102539181
2021-01-29,LMT,0.031912041815204566
2021-01-29,LLY,0.034259756241908836
2021-01-29,LIN,0.023324020040640915
2021-01-29,MMM,0.017998643817008622
2021-01-29,PFE,0.023510249855131327
2021-01-29,KO,0.0299232974526391
2021-01-29,PM,0.023900619881301457
2021-01-29,XOM,0.035855111865246724
2021-01-29,WMT,0.0033252470004723127
2021-01-29,WFC,0.044949647406615396
2021-01-29,VZ,0.012618107047477307
2021-01-29,V,0.02698014404060965
2021-01-29,USB,0.032564658980271784
2021-01-29,UPS,0.026319050256222134
2021-01-29,UNP,0.024453674108380865
2021-01-29,UNH,0.030915964386065035
2021-01-29,PG,0.022463407415246262
2021-01-29,TXN,0.020213445242020726
2021-01-29,TMO,0.021834631429643037
2021-01-29,TGT,0.017290276634218137
2021-01-29,T,0.01857172073642905
2021-01-29,SPG,0.018695661120742595
2021-01-29,SO,0.03227017529854378
2021-01-29,SCHW,0.03637253722531126
2021-01-29,SBUX,0.026332891389546496
2021-01-29,RTX,0.03852084560004419
2021-01-29,QCOM,0.03285837209088655
2021-01-29,TMUS,0.02490582980506152
2021-01-29,JPM,0.040526348697788074
2021-01-29,AAPL,0.02729749853993453
2021-01-29,INTC,0.03834190186812873
2021-01-29,CMCSA,0.022865846161496072
2021-01-29,CL,0.0059632052388733855
2021-01-29,CAT,0.02580638479754045
2021-01-29,C,0.03250668490043107
2021-01-29,BRK-B,0.02104624526034498
2021-01-29,BMY,0.012514797525406223
2021-01-29,BLK,0.029228784171947585
2021-01-29,BKNG,0.04391227484645434
2021-01-29,BAC,0.03681532793801897
2021-01-29,BA,0.0854935407332561
2021-01-29,AXP,0.03891242440564417
2021-01-29,AMZN,0.01727933736626599
2021-01-29,AMT,0.03263051490544289
2021-01-29,AMGN,0.014384008910418385
2021-01-29,AMD,0.02104987980918262
2021-01-29,AIG,0.08906195652381572
2021-01-29,ADBE,0.03365935113864535
2021-01-29,ACN,0.02459641300885817
2021-01-29,ABT,0.006977334976692056
2021-01-29,COF,0.07304407451437354
2021-01-29,COP,0.03722906044775674
2021-01-29,JNJ,0.009690861098106296
2021-01-29,CRM,0.03305918391779333
2021-01-29,COST,0.007570633545086592
2021-01-29,IBM,0.03016835815848269
2021-01-29,HON,0.028952033525524792
2021-01-29,HD,0.029207933912124676
2021-01-29,GS,0.054192066689186864
2021-01-29,GOOGL,0.016066321814747972
2021-01-29,GILD,0.013135341002927419
2021-01-29,GE,0.03738045046086103
2021-01-29,GD,0.02420324122257558
2021-01-29,GOOG,0.014676805205641436
2021-01-29,F,0.038294328261206996
2021-01-29,EMR,0.046628706630552526
2021-01-29,DUK,0.021317401291270806
2021-01-29,CSCO,0.022869514910241143
2021-01-29,DIS,0.03935042133411335
2021-01-29,DHR,0.013528356899284956
2021-01-29,DE,0.02488012500767616
2021-01-29,CVX,0.043449050144081174
2021-01-29,CVS,0.03378564083922385
2021-01-29,FDX,0.04039752030454886
2021-02-26,LIN,0.020096572321768893
2021-02-26,MS,0.08402668047811584
2021-02-26,MSFT,0.022509251922472953
2021-02-26,ORCL,0.019169930713981393
2021-02-26,NFLX,0.04738704756787957
2021-02-26,NKE,0.020977588750667513
2021-02-26,NVDA,0.027750424550786572
2021-02-26,NEE,0.0256900775155168
2021-02-26,MRK,0.01782331435778511
2021-02-26,MDLZ,0.026064323879507165
2021-02-26,XOM,0.03824553758984691
2021-02-26,MET,0.0717199838585447
2021-02-26,MDT,0.019608972081937216
2021-02-26,MCD,0.023986155692035698
2021-02-26,MA,0.02183750449202632
2021-02-26,LOW,0.05044734739840624
2021-02-26,LMT,0.027303384608411637
2021-02-26,LLY,0.03460621051002878
2021-02-26,PEP,0.021890519845807248
2021-02-26,MO,0.017863669106114737
2021-02-26,PFE,0.025891070117887827
2021-02-26,TGT,0.017975959998833498
2021-02-26,PM,0.018081375215833025
2021-02-26,KO,0.023789870633452198
2021-02-26,WMT,-0.0059136658709146445
2021-02-26,WFC,0.04016168365197874
2021-02-26,VZ,0.0031203227327011463
2021-02-26,V,0.020613928191180384
2021-02-26,USB,0.07490140597763598
2021-02-26,UPS,0.010518011417341344
2021-02-26,UNP,0.021122263474151744
2021-02-26,UNH,0.023123985403102492
2021-02-26,TXN,0.020889168183073514
2021-02-26,TMUS,0.025190933953166288
2021-02-26,TMO,0.02431719931289776
2021-02-26,T,0.029069790094284547
2021-02-26,SPG,0.060147911298590415
2021-02-26,SO,0.03466335538251904
2021-02-26,SCHW,0.03729266728830145
2021-02-26,SBUX,0.01839604112328121
2021-02-26,RTX,0.07035785341452043
2021-02-26,QCOM,0.030759809396271952
2021-02-26,PG,0.01873740495846982
2021-02-26,JPM,0.07147918223411587
2021-02-26,MMM,0.022751267143638874
2021-02-26,INTC,0.04685312461883716
2021-02-26,CL,0.014199356852807384
2021-02-26,CAT,0.022018533484527127
2021-02-26,C,0.05082223292352513
2021-02-26,BRK-B,0.012177814738231431
2021-02-26,BMY,0.012125453895006003
2021-02-26,BLK,0.02389481581487324
2021-02-26,BKNG,0.03982089598964916
2021-02-26,BAC,0.07298691288234412
2021-02-26,BA,0.0736825786321324
2021-02-26,AXP,0.07298691288234412
2021-02-26,AMZN,0.02434684419765582
2021-02-26,AMT,0.028261769238470177
2021-02-26,AMGN,0.02413629210098544
2021-02-26,AMD,0.04380483026962604
2021-02-26,AIG,0.10011254998681499
2021-02-26,ADBE,0.02526835037031781
2021-02-26,ACN,0.021295241322873835
2021-02-26,ABT,0.017838545090891906
2021-02-26,AAPL,-0.00035872958466565477
2021-02-26,CMCSA,0.013912361152928312
2021-02-26,COF,0.10013370396577248
2021-02-26,JNJ,0.00935940231616741
2021-02-26,COST,0.005738564489490112
2021-02-26,COP,0.03782330386001791
2021-02-26,HON,0.021673438918218033
2021-02-26,HD,0.02589284263719724
2021-02-26,GS,0.056406635829501006
2021-02-26,GOOGL,0.01581085324548583
2021-02-26,GOOG,0.014659545721007198
2021-02-26,GILD,0.029069790094284547
2021-02-26,GE,0.05849044156005853
2021-02-26,GD,0.019138741483226213
2021-02-26,FDX,0.0435592537254694
2021-02-26,IBM,0.029664200694326855
2021-02-26,EMR,0.07022862919337748
2021-02-26,F,0.06665120531604228
2021-02-26,CSCO,0.019441117641940245
2021-02-26,CVS,0.025668601195294835
2021-02-26,CVX,0.07298691288234412
2021-02-26,CRM,0.049408270160245175
2021-02-26,DHR,0.022346963538517957
2021-02-26,DIS,0.03947118358230584
2021-02-26,DUK,0.026435038665107456
2021-02-26,DE,0.013952618728732262
2021-03-31,PEP,0.004101668810957086
2021-03-31,MS,0.06350479558209565
2021-03-31,MSFT,0.00735763195056476
2021-03-31,NEE,0.005743591547913361
2021-03-31,ORCL,0.0023468615309397015
2021-03-31,NKE,0.010333421056155171
2021-03-31,NVDA,0.03258685891860868
2021-03-31,MRK,0.0007661702473396347
2021-03-31,NFLX,0.04415015165726169
2021-03-31,MO,-0.0019729676632459013
2021-03-31,MCD,-0.016426547628306604
2021-03-31,MET,0.00520164420480961
2021-03-31,MDT,0.0030177533709362936
2021-03-31,MDLZ,0.0018181790619663833
2021-03-31,MA,0.018625058257664046
2021-03-31,LOW,-0.002428469828637287
2021-03-31,LMT,0.005574252779205263
2021-03-31,LLY,0.03155805456469363
2021-03-31,LIN,0.0035028931141222837
2021-03-31,MMM,0.003967198699326066
2021-03-31,PFE,0.007790833987915321
2021-03-31,KO,0.000403803597765961
2021-03-31,PM,-0.006504984402308726
2021-03-31,WMT,0.001405019070155711
2021-03-31,WFC,0.031943972502372145
2021-03-31,VZ,0.0039014917860697804
2021-03-31,V,0.009295626881540084
2021-03-31,USB,0.022177912016219672
2021-03-31,UPS,0.010873909162316068
2021-03-31,UNP,0.0054563807533697176
2021-03-31,UNH,0.0034285158970829184
2021-03-31,TXN,0.011292843442255096
2021-03-31,TMUS,0.008314561564944386
2021-03-31,TMO,0.009876741734758146
2021-03-31,TGT,-0.0021375148423142818
2021-03-31,T,-0.0011310420682693809
2021-03-31,SPG,0.01726466128250653
2021-03-31,SO,0.0056410190824244515
2021-03-31,SCHW,0.010201692574825208
2021-03-31,SBUX,0.006315825198379801
2021-03-31,RTX,0.024684612951745576
2021-03-31,QCOM,0.01689834664452506
2021-03-31,PG,0.0038666736777118954
2021-03-31,JPM,0.015421142146397226
2021-03-31,XOM,0.03660840995983322
2021-03-31,INTC,0.039664929583305066
2021-03-31,CL,0.010433534681105758
2021-03-31,CAT,0.00583686963306232
2021-03-31,C,0.01492610460899252
2021-03-31,BRK-B,0.00038330309992618136
2021-03-31,BMY,0.00018583613326261542
2021-03-31,BLK,0.005165425767046712
2021-03-31,BKNG,0.028113953407345623
2021-03-31,BAC,0.014884676629726683
2021-03-31,BA,0.04836293650595387
2021-03-31,AXP,0.024420011283894212
2021-03-31,AMZN,0.013726665781638767
2021-03-31,AMT,0.006297800012218266
2021-03-31,AMGN,0.006938117244344467
2021-03-31,AMD,0.017834544624004012
2021-03-31,AIG,0.00013394681626497209
2021-03-31,ADBE,0.017909460667398732
2021-03-31,ACN,0.0011446906993075072
2021-03-31,ABT,0.0105757124392887
2021-03-31,AAPL,0.010260122585901732
2021-03-31,CMCSA,0.00742222392703662
2021-03-31,COF,0.06983618313574197
2021-03-31,JNJ,-0.002689912759273037
2021-03-31,COST,-0.0016583073505559113
2021-03-31,COP,0.0275750341331491
2021-03-31,HON,0.0022444494195457184
2021-03-31,HD,-0.005942817397523098
2021-03-31,GS,0.0036022726723566193
2021-03-31,GOOGL,0.002842618975053994
2021-03-31,GOOG,0.002842618975053994
2021-03-31,GILD,0.00995092750761619
2021-03-31,GE,0.03653910805042157
2021-03-31,GD,-0.0024241444697826083
2021-03-31,FDX,0.010350633483074507
2021-03-31,IBM,0.006212300897934006
2021-03-31,EMR,0.0028571577185289945
2021-03-31,F,0.017039648514252763
2021-03-31,CSCO,0.0030281351092404725
2021-03-31,CVS,0.003916124794310027
2021-03-31,CVX,0.01964046354700015
2021-03-31,CRM,0.022196493443517165
2021-03-31,DHR,0.009236887060596203
2021-03-31,DIS,0.004368126950127589
2021-03-31,DUK,0.0068403805602214665
2021-03-31,DE,0.03679838567179935
2021-04-30,PEP,0.007261014182581899
2021-04-30,MS,0.023579811174905076
2021-04-30,MSFT,0.005516374652379491
2021-04-30,NEE,0.004615422337169551
2021-04-30,ORCL,0.004313538632995438
2021-04-30,NKE,0.012790461430767005
2021-04-30,NVDA,0.030281765374757505
2021-04-30,MRK,0.007014938675878487
2021-04-30,NFLX,0.02809119860163148
2021-04-30,MO,0.0010011788062242565
2021-04-30,MCD,0.0011388869065254146
2021-04-30,MET,0.02138338269685781
2021-04-30,MDT,0.004881412462762276
2021-04-30,MDLZ,0.00397909828631414
2021-04-30,MA,0.006519069292946611
2021-04-30,LOW,0.0039458158472468145
2021-04-30,LMT,0.002895725042274458
2021-04-30,LLY,0.02527859965959091
2021-04-30,LIN,0.008210080864617848
2021-04-30,MMM,-0.005611753537629659
2021-04-30,PFE,0.007157130966302582
2021-04-30,XOM,0.02234443123112824
2021-04-30,PM,-0.010364431082799814
2021-04-30,KO,0.005565239379254757
2021-04-30,WMT,0.003498132430049655
2021-04-30,WFC,0.0325755258211971
2021-04-30,VZ,0.006967090075273877
2021-04-30,V,-0.004247014086967871
2021-04-30,USB,0.0200106203431176
2021-04-30,UPS,0.006269278474210455
2021-04-30,UNP,0.010654882576413768
2021-04-30,UNH,-0.0076277812013465065
2021-04-30,PG,0.011827031396507679
2021-04-30,TXN,0.03213194215177747
2021-04-30,TMO,0.012371607742416824
2021-04-30,TGT,-0.0017296993785975285
2021-04-30,T,9.034301794117727e-05
2021-04-30,SPG,0.01314245207158877
2021-04-30,SO,0.002460694426811757
2021-04-30,SCHW,0.01262281165216463
2021-04-30,SBUX,0.009276146945425796
2021-04-30,RTX,0.010680751172006538
2021-04-30,QCOM,0.02634066238033959
2021-04-30,TMUS,0.009916822375104271
2021-04-30,JPM,0.02031825556056098
2021-04-30,JNJ,0.011827031396507679
2021-04-30,INTC,0.04433829358684236
2021-04-30,CMCSA,-0.0018255720748879846
2021-04-30,CL,0.010499777567270595
2021-04-30,CAT,0.027484051883385003
2021-04-30,C,0.028424275564701902
2021-04-30,BRK-B,0.0007628912166572188
2021-04-30,BMY,0.005327976136518985
2021-04-30,BLK,0.008557991516278117
2021-04-30,BKNG,0.022263180580020307
2021-04-30,BAC,0.01901093187933797
2021-04-30,BA,0.022266491968250448
2021-04-30,AXP,0.02041001164701833
2021-04-30,AMZN,0.006399719287540773
2021-04-30,AMT,0.007112670753560784
2021-04-30,AMGN,0.01397613435161988
2021-04-30,AMD,0.043270283245882335
2021-04-30,AIG,0.024410775703291202
2021-04-30,ADBE,0.014560376768534842
2021-04-30,ACN,-0.0018844696500433414
2021-04-30,ABT,-0.00454207604604886
2021-04-30,COF,0.016472767194763475
2021-04-30,COP,0.03787811473656635
2021-04-30,AAPL,0.018003256379574655
2021-04-30,CRM,0.022201566475593307
2021-04-30,COST,0.0005534200512796108
2021-04-30,IBM,0.008998771941364204
2021-04-30,HON,0.009137817158015569
2021-04-30,HD,-0.0018128837506748952
2021-04-30,GS,0.019715129256699576
2021-04-30,GOOGL,0.007149293074197323
2021-04-30,GILD,0.006884200937025563
2021-04-30,GE,0.02774027690080023
2021-04-30,GD,0.00823080802714582
2021-04-30,GOOG,0.0039682465419606594
2021-04-30,F,0.02882998103624631
2021-04-30,EMR,0.013350911289337734
2021-04-30,DUK,0.00167870462756646
2021-04-30,CSCO,0.005059642340680516
2021-04-30,DIS,0.020432601375694956
2021-04-30,DHR,-0.0003821674725705391
2021-04-30,DE,0.035695295671132755
2021-04-30,CVX,0.025044903839051093
2021-04-30,CVS,0.003045627858171892
2021-04-30,FDX,0.019582491803709474
2021-05-28,MRK,0.006464924159903286
2021-05-28,NVDA,0.016822887416171644
2021-05-28,NKE,0.012295526329059015
2021-05-28,NFLX,0.02976224209265732
2021-05-28,NEE,-0.0048176244190032205
2021-05-28,MSFT,0.013320468589005896
2021-05-28,ORCL,0.006617028495768769
2021-05-28,MS,0.013986004883429165
2021-05-28,MO,0.0022331353126942882
2021-05-28,MCD,0.005021018599487026
2021-05-28,MET,0.0227599686479391
2021-05-28,MDT,0.004806026167123712
2021-05-28,MDLZ,0.0068562333793912135
2021-05-28,MA,0.021804173443153916
2021-05-28,LOW,0.009462186138106449
2021-05-28,LMT,0.007813837283386967
2021-05-28,LLY,0.013132307599288247
2021-05-28,LIN,0.0016681182705934475
2021-05-28,PEP,0.010458092057565892
2021-05-28,MMM,-0.009967775732044415
2021-05-28,PFE,0.006408422165674407
2021-05-28,KO,0.0018753680770791006
2021-05-28,PM,0.005939480153064171
2021-05-28,XOM,0.022002205784077297
2021-05-28,WMT,0.00805815408983417
2021-05-28,WFC,0.02367293252267016
2021-05-28,VZ,0.01227831685490429
2021-05-28,V,-0.006407191951853053
2021-05-28,USB,0.024455200300676296
2021-05-28,UPS,0.013217802937427636
2021-05-28,UNP,0.010673956085219958
2021-05-28,UNH,-0.001744097848321195
2021-05-28,PG,0.01227831685490429
2021-05-28,TXN,0.011309454774406444
2021-05-28,TMO,0.008811386904757136
2021-05-28,TGT,0.007785274496282481
2021-05-28,T,0.00403621160081304
2021-05-28,SPG,0.06314029959935497
2021-05-28,SO,0.007980327158453081
2021-05-28,SCHW,0.02258763835684587
2021-05-28,SBUX,0.011652191581126918
2021-05-28,RTX,0.010799928314540973
2021-05-28,QCOM,0.021160965210806248
2021-05-28,TMUS,0.007782894494604556
2021-05-28,JPM,0.013647624445832651
2021-05-28,AAPL,0.0355222498256249
2021-05-28,INTC,0.02611499362260111
2021-05-28,CMCSA,0.00035195956110896636
2021-05-28,CL,0.0090550404924672
2021-05-28,CAT,0.012923189652516247
2021-05-28,C,0.014710706756838537
2021-05-28,BRK-B,0.0020555484017799872
2021-05-28,BMY,0.0037888382772880255
2021-05-28,BLK,0.0003355766018384664
2021-05-28,BKNG,0.0283245372815564
2021-05-28,BAC,0.025028764206844644
2021-05-28,BA,0.04335807444404648
2021-05-28,AXP,0.020192330979621517
2021-05-28,AMZN,0.02653122437820193
2021-05-28,AMT,0.0015717672842560251
2021-05-28,AMGN,0.0030914482044618486
2021-05-28,AMD,0.034666750678112174
2021-05-28,AIG,0.02060390482937989
2021-05-28,ADBE,0.023977957330807657
2021-05-28,ACN,0.0016686451150504916
2021-05-28,ABT,-0.0053252173191635915
2021-05-28,COF,0.041386235887235924
2021-05-28,COP,0.03824339653040857
2021-05-28,JNJ,0.011268602987255565
2021-05-28,CRM,0.024771765042767718
2021-05-28,IBM,0.007658035852263388
2021-05-28,HON,0.009814933915433635
2021-05-28,HD,-0.0002709936031702365
2021-05-28,GS,0.015407807057099387
2021-05-28,GOOGL,0.00938435920672536
2021-05-28,GOOG,0.008225813101927168
2021-05-28,GILD,0.00361103508919599
2021-05-28,GE,0.007913809534747273
2021-05-28,GD,-0.001744097848321195
2021-05-28,COST,8.812125621989736e-06
2021-05-28,F,-0.012531885994544727
2021-05-28,EMR,0.011551659401329755
2021-05-28,DUK,0.0018753680770791006
2021-05-28,DIS,0.027974544530995304
2021-05-28,DHR,0.001656166988045651
2021-05-28,DE,0.040785966863393065
2021-05-28,CVX,0.024103288146562922
2021-05-28,CVS,0.004191178364825241
2021-05-28,CSCO,0.00039843884136922915
2021-05-28,FDX,0.04134717927077305
2021-06-30,PEP,0.007901282661319443
2021-06-30,MS,0.00038421525541729396
2021-06-30,MSFT,0.00459647753484954
2021-06-30,NEE,-0.003326548923929334
2021-06-30,ORCL,0.0017838303881956856
2021-06-30,NKE,0.015208399977665236
2021-06-30,NVDA,0.015466462315793687
2021-06-30,MRK,0.0028789945575052197
2021-06-30,NFLX,0.023672851133242457
2021-06-30,MO,-0.006246230939072658
2021-06-30,MCD,0.004921343723692528
2021-06-30,MET,0.017544954628207186
2021-06-30,MDT,0.0053187278447561544
2021-06-30,MDLZ,0.004844953511779161
2021-06-30,MA,0.010368174363161514
2021-06-30,LOW,0.012603481167151768
2021-06-30,LMT,0.007061793507486166
2021-06-30,LLY,0.01114903131210349
2021-06-30,LIN,0.0037845520729887353
2021-06-30,MMM,0.003670342456925262
2021-06-30,PFE,-0.006519396959523509
2021-06-30,XOM,0.02089058637533994
2021-06-30,PM,0.006543732533418431
2021-06-30,KO,0.0024874002489150833
2021-06-30,WMT,0.0004286362610439324
2021-06-30,WFC,0.0251268153629551
2021-06-30,VZ,0.010438597012790284
2021-06-30,V,0.0036477708506745337
2021-06-30,USB,0.030351203618730553
2021-06-30,UPS,0.0038763099937502554
2021-06-30,UNP,0.0040757990302472255
2021-06-30,UNH,0.00366812978622709
2021-06-30,PG,0.009329001841329239
2021-06-30,TXN,0.0120822212911067
2021-06-30,TMO,0.006138032351186996
2021-06-30,TGT,-0.006154812936343008
2021-06-30,T,0.003664693574053349
2021-06-30,SPG,0.031895834212318425
2021-06-30,SO,0.0016433797563083145
2021-06-30,SCHW,0.011026765512517543
2021-06-30,SBUX,0.014001386333507131
2021-06-30,RTX,0.015976197003428873
2021-06-30,QCOM,0.01243373225118995
2021-06-30,TMUS,0.0018287250252390958
2021-06-30,JPM,0.011253791414297583
2021-06-30,JNJ,0.004844953511779161
2021-06-30,INTC,0.02575550814894661
2021-06-30,CMCSA,7.0916035283366245e-06
2021-06-30,CL,0.009329001841329239
2021-06-30,CAT,-0.0004082496212433007
2021-06-30,C,0.03162133747544431
2021-06-30,BRK-B,0.0278383911602038
2021-06-30,BMY,0.0025865197711686587
2021-06-30,BLK,0.00043775941955703876
2021-06-30,BKNG,0.03185404391717642
2021-06-30,BAC,0.014710065609657185
2021-06-30,BA,0.031565280574582466
2021-06-30,AXP,0.02183713050335412
2021-06-30,AMZN,0.012972410273341107
2021-06-30,AMT,0.0034591910006258916
2021-06-30,AMGN,0.0020750123386305626
2021-06-30,AMD,0.026980903042986195
2021-06-30,AIG,0.02831944012951997
2021-06-30,ADBE,0.010760468910287434
2021-06-30,ACN,-0.0002005692480683091
2021-06-30,ABT,0.004688573509458841
2021-06-30,COF,0.05206411274776294
2021-06-30,COP,0.03118818275190054
2021-06-30,AAPL,0.01531859907825497
2021-06-30,CRM,0.021059736376171603
2021-06-30,COST,0.0008185529518298083
2021-06-30,IBM,-0.004368375252995934
2021-06-30,HON,0.0017838303881956856
2021-06-30,HD,-0.0022177669229438107
2021-06-30,GS,-0.0010405896987468678
2021-06-30,GOOGL,0.012544882718324374
2021-06-30,GILD,0.0010356693795405857
2021-06-30,GE,0.02799738368047878
2021-06-30,GD,-0.008869895396117138
2021-06-30,GOOG,0.012252585058502675
2021-06-30,F,0.03528268815508367
2021-06-30,EMR,0.009878720367190449
2021-06-30,DUK,-0.000536166336670538
2021-06-30,CSCO,0.0021898594516177364
2021-06-30,DIS,0.014684302564366742
2021-06-30,DHR,-0.0011761018510442005
2021-06-30,DE,0.0065613529322576785
2021-06-30,CVX,0.023661910901022896
2021-06-30,CVS,0.00103209045325881
2021-06-30,FDX,0.010589593704982447
2021-07-30,PEP,0.006825085082059056
2021-07-30,MS,0.005695049535924487
2021-07-30,MSFT,0.0012149077301049666
2021-07-30,NEE,0.006590708084058404
2021-07-30,ORCL,0.0019958694400164442
2021-07-30,NKE,0.005883061285781772
2021-07-30,NVDA,0.02373950950305688
2021-07-30,MRK,0.008878409772175876
2021-07-30,NFLX,0.025533100820190016
2021-07-30,MO,-0.0005711140402799126
2021-07-30,MCD,0.004103242789677774
2021-07-30,MET,0.01736478638249175
2021-07-30,MDT,0.0008080012094380657
2021-07-30,MDLZ,0.009940019026917336
2021-07-30,MA,0.010965656320596656
2021-07-30,LOW,0.011885450955269926
2021-07-30,LMT,0.008625595593150057
2021-07-30,LLY,0.01800024149154076
2021-07-30,LIN,-0.027304350365177938
2021-07-30,MMM,0.00468376977633022
2021-07-30,PFE,0.001689613515270373
2021-07-30,XOM,0.025650343138876784
2021-07-30,PM,0.0037016791021960856
2021-07-30,KO,0.005916474097328928
2021-07-30,WMT,0.007589660184902382
2021-07-30,WFC,0.019365893511038162
2021-07-30,VZ,0.011091624463947085
2021-07-30,V,-0.006187257526905224
2021-07-30,USB,0.014913198949953799
2021-07-30,UPS,0.014346683889357347
2021-07-30,UNP,-0.03902219149096544
2021-07-30,UNH,0.0035237753380708767
2021-07-30,PG,0.00518578310482204
2021-07-30,TXN,0.011417840131932467
2021-07-30,TMO,0.0057078280791639235
2021-07-30,TGT,-0.0033948128089644506
2021-07-30,T,0.006033779346196026
2021-07-30,SPG,0.021500869963370167
2021-07-30,SO,0.007734766095317573
2021-07-30,SCHW,0.006397136004863209
2021-07-30,SBUX,0.0051457617111768045
2021-07-30,RTX,0.010574269899067765
2021-07-30,QCOM,0.02043609910155168
2021-07-30,TMUS,0.00669345794348573
2021-07-30,JPM,0.012984025183687613
2021-07-30,JNJ,0.00857741255562453
2021-07-30,INTC,0.022920592501262767
2021-07-30,CMCSA,-0.004834297738921159
2021-07-30,CL,-0.013100880223155897
2021-07-30,CAT,0.012695542089334185
2021-07-30,C,0.015617653756350953
2021-07-30,BRK-B,0.011739946850386868
2021-07-30,BMY,0.005325561489068064
2021-07-30,BLK,0.005287710742461712
2021-07-30,BKNG,0.027342313216930095
2021-07-30,BAC,0.01630215266573092
2021-07-30,BA,0.027778908778585798
2021-07-30,AXP,0.019779568497723114
2021-07-30,AMZN,-0.05649860325624337
2021-07-30,AMT,0.005385137213191875
2021-07-30,AMGN,0.008391610295717035
2021-07-30,AMD,0.02538591058490556
2021-07-30,AIG,0.021975752734244663
2021-07-30,ADBE,0.011121528408042137
2021-07-30,ACN,0.0002575594822613164
2021-07-30,ABT,0.0016107230996626348
2021-07-30,COF,0.03094035848561417
2021-07-30,COP,0.026208236651230805
2021-07-30,AAPL,0.019366516518037044
2021-07-30,CRM,0.02123067653485719
2021-07-30,COST,-0.0022661202491803868
2021-07-30,IBM,-0.0017245759840836435
2021-07-30,HON,0.0027287497094081047
2021-07-30,HD,-0.0018067740132555919
2021-07-30,GS,0.006089022737148981
2021-07-30,GOOGL,0.008321405733438779
2021-07-30,GILD,0.007795889573267614
2021-07-30,GE,0.024628339861367237
2021-07-30,GD,-0.0030799221803290006
2021-07-30,GOOG,0.009861429286977813
2021-07-30,F,0.027866537946172592
2021-07-30,EMR,0.008638866732673762
2021-07-30,DUK,-0.0008230997697073005
2021-07-30,CSCO,0.004270449657098348
2021-07-30,DIS,0.016105099836032175
2021-07-30,DHR,-0.007934753031605788
2021-07-30,DE,0.0026041933280251707
2021-07-30,CVX,0.012670668465844213
2021-07-30,CVS,-0.0015306719285517905
2021-07-30,FDX,0.017697632132271636
2021-08-31,MRK,0.010645859266126033
2021-08-31,MS,0.010115401691418686
2021-08-31,MSFT,0.0038606279513209935
2021-08-31,NVDA,0.02226268762983234
2021-08-31,NFLX,0.021307588591537537
2021-08-31,NKE,0.026467891790734496
2021-08-31,MO,0.0070564765888070854
2021-08-31,NEE,0.008132764847465864
2021-08-31,MMM,0.005259769614990828
2021-08-31,KO,0.008877626304098371
2021-08-31,MDT,-0.0007966594860052982
2021-08-31,MDLZ,0.010896532303547013
2021-08-31,MCD,0.009860874651546536
2021-08-31,MA,0.01973573075726492
2021-08-31,LOW,0.011587525557233535
2021-08-31,LMT,0.009226228978846007
2021-08-31,LLY,0.01794556150331945
2021-08-31,LIN,0.0014848551596147955
2021-08-31,ORCL,0.0021881293113475263
2021-08-31,MET,0.01116602014456429
2021-08-31,PEP,0.009860874651546536
2021-08-31,TGT,0.015644250047638548
2021-08-31,PG,0.010944193775197454
2021-08-31,JPM,0.01152022683830621
2021-08-31,WMT,0.009695419684332646
2021-08-31,WFC,0.0359868902475698
2021-08-31,VZ,0.011221664611982901
2021-08-31,V,0.006572265461005702
2021-08-31,USB,0.013410679247216162
2021-08-31,UPS,0.011292232719244759
2021-08-31,UNP,0.008045173659147937
2021-08-31,UNH,0.004374212375308658
2021-08-31,PFE,-0.0023575934678150647
2021-08-31,TXN,0.014938236737671197
2021-08-31,TMO,0.012201251411128218
2021-08-31,T,0.010187849096959986
2021-08-31,SPG,0.023401086177047836
2021-08-31,SO,0.005916029871240548
2021-08-31,SCHW,0.010295204219174944
2021-08-31,SBUX,0.004738384988567735
2021-08-31,RTX,0.013994104146257519
2021-08-31,QCOM,0.020662911227156647
2021-08-31,PM,0.0033856862993127826
2021-08-31,TMUS,0.004353121806171873
2021-08-31,XOM,0.02385324635377395
2021-08-31,JNJ,0.010825919320704237
2021-08-31,IBM,0.0017964270486086067
2021-08-31,CL,0.011669878746989019
2021-08-31,CAT,0.013725867849510118
2021-08-31,C,0.014385324731405027
2021-08-31,BRK-B,0.005916029871240548
2021-08-31,BMY,0.00903004737191744
2021-08-31,BLK,0.001318380115011142
2021-08-31,BKNG,0.019770356838215992
2021-08-31,BAC,0.010465049118731756
2021-08-31,AXP,0.021990494140850393
2021-08-31,AMZN,0.011583457730481042
2021-08-31,AMT,0.004732572801216843
2021-08-31,AMGN,0.0026459784217722927
2021-08-31,AMD,0.03617656794313537
2021-08-31,AIG,0.009388997778880588
2021-08-31,ADBE,0.007438984969954708
2021-08-31,ACN,0.005584078778486066
2021-08-31,ABT,0.007994389719916964
2021-08-31,AAPL,0.013015129724730434
2021-08-31,INTC,0.02147972268990994
2021-08-31,CMCSA,0.0023343861881556785
2021-08-31,COF,0.024044177933138667
2021-08-31,BA,0.02616176119394873
2021-08-31,COST,0.003489721604337155
2021-08-31,COP,0.02593877887354567
2021-08-31,HD,0.005616388996309798
2021-08-31,GS,0.01163227220972882
2021-08-31,GOOGL,0.010857343201453758
2021-08-31,GOOG,0.01339447783282507
2021-08-31,GILD,0.0039033302177598947
2021-08-31,GE,0.0195524399687964
2021-08-31,GD,0.003752617191978983
2021-08-31,FDX,0.014689457336529935
2021-08-31,F,0.027164703520268615
2021-08-31,HON,0.004988238480796064
2021-08-31,DUK,0.009486487675931778
2021-08-31,DIS,0.011513035022837678
2021-08-31,DHR,0.002606642238976767
2021-08-31,DE,0.011787300927609986
2021-08-31,CVX,0.015466255191507995
2021-08-31,CVS,0.0036088046753533333
2021-08-31,CSCO,0.006237836277771224
2021-08-31,CRM,0.012516766188618432
2021-08-31,EMR,0.000998742635866944
2021-09-30,MSFT,0.00766416151999557
2021-09-30,NEE,0.003899499685950778
2021-09-30,NFLX,0.011176144323372555
2021-09-30,PEP,0.011604816787718743
2021-09-30,NVDA,0.02522924881379958
2021-09-30,ORCL,0.004333627132508806
2021-09-30,MS,0.010723884239526305
2021-09-30,NKE,0.003487646795931766
2021-09-30,MRK,0.009085162428889378
2021-09-30,MCD,0.011604816787718743
2021-09-30,MMM,-0.023438270754390807
2021-09-30,MDT,-8.737267430634157e-06
2021-09-30,MDLZ,0.01143373578208916
2021-09-30,MA,0.011800300220555945
2021-09-30,LOW,0.010551249436834814
2021-09-30,LMT,0.01131032768929472
2021-09-30,LLY,0.02413447583206963
2021-09-30,LIN,-0.0009357726578485114
2021-09-30,PFE,0.0014950393586732277
2021-09-30,MO,-0.01002268961184336
2021-09-30,PG,0.011697244510274065
2021-09-30,TMUS,0.005056431551432607
2021-09-30,QCOM,0.025755337421716668
2021-09-30,XOM,0.0107794793861957
2021-09-30,WMT,0.011310612575733504
2021-09-30,WFC,0.015286592324302649
2021-09-30,VZ,0.011223674055141302
2021-09-30,V,0.0049265143973970795
2021-09-30,USB,0.013365533620646804
2021-09-30,UPS,0.010756869213294794
2021-09-30,UNP,-0.0024008838468750787
2021-09-30,UNH,-0.00366334120804443
2021-09-30,TXN,0.014438573397908628
2021-09-30,KO,0.01143373578208916
2021-09-30,TMO,0.010666366244606696
2021-09-30,TGT,-0.005908723784113092
2021-09-30,T,0.010606726630122526
2021-09-30,SPG,0.032199177360653086
2021-09-30,SO,0.009774258995142747
2021-09-30,SCHW,0.017665570172692623
2021-09-30,SBUX,-0.00426560269614551
2021-09-30,RTX,0.010232917575287345
2021-09-30,PM,-0.006576975350643982
2021-09-30,JPM,0.011506128556626794
2021-09-30,MET,0.014661588901139748
2021-09-30,INTC,0.02653344801274763
2021-09-30,CMCSA,-0.002000576123191589
2021-09-30,CL,0.011526163504644481
2021-09-30,CAT,-0.0043551336629516
2021-09-30,C,0.016604668994612593
2021-09-30,BRK-B,0.01079114863625286
2021-09-30,BMY,0.007889334546344348
2021-09-30,BLK,-0.01002268961184336
2021-09-30,BKNG,0.018898070571237956
2021-09-30,BAC,0.010424101739391893
2021-09-30,COF,0.027051739635997784
2021-09-30,BA,0.028145301514507948
2021-09-30,AMZN,0.01187396902543323
2021-09-30,AMT,0.0015368406955847882
2021-09-30,AMGN,0.002701145600885924
2021-09-30,AMD,0.0225863168203011
2021-09-30,AIG,0.015241906819604445
2021-09-30,ADBE,0.012175318914464259
2021-09-30,ACN,0.017915715149151735
2021-09-30,ABT,0.007889334546344348
2021-09-30,JNJ,0.009831292668276724
2021-09-30,AXP,0.02042344409100223
2021-09-30,COP,0.012912789070397003
2021-09-30,AAPL,0.0152917441369479
2021-09-30,CRM,0.01088206701267944
2021-09-30,COST,0.0077736493164985805
2021-09-30,HON,0.003308531038432774
2021-09-30,HD,0.005472207402500064
2021-09-30,GS,0.010327562831209874
2021-09-30,GOOGL,0.001568937112217608
2021-09-30,GOOG,0.0012138356689174892
2021-09-30,GILD,0.008075766513479772
2021-09-30,GE,0.027051739635997784
2021-09-30,GD,0.016995968047278667
2021-09-30,IBM,0.00597616056082455
2021-09-30,F,0.008225287764752254
2021-09-30,EMR,0.0012691094848256152
2021-09-30,DUK,0.009080313239350985
2021-09-30,DIS,0.015151401421891584
2021-09-30,DHR,0.007666583543778264
2021-09-30,DE,-0.005726462102936712
2021-09-30,CVX,0.011995478972248941
2021-09-30,CVS,0.006746836441905199
2021-09-30,CSCO,0.017915715149151735
2021-09-30,FDX,0.004986988734228205
2021-10-29,MS,0.011951419690096233
2021-10-29,MSFT,-0.0062023047421667175
2021-10-29,NEE,0.0023675133381932134
2021-10-29,PEP,0.006022961781035844
2021-10-29,NKE,0.005423788392866423
2021-10-29,NVDA,-0.0028192438517344962
2021-10-29,ORCL,0.0020290045072656293
2021-10-29,NFLX,0.00599941032209783
2021-10-29,MRK,-0.004395718655717271
2021-10-29,LLY,0.011984639918452814
2021-10-29,MMM,0.008109146019409838
2021-10-29,MET,0.010813374289825931
2021-10-29,MDT,-0.007110959434029698
2021-10-29,MDLZ,0.010273606525589717
2021-10-29,MCD,0.008592815920548324
2021-10-29,MA,0.015545407784854682
2021-10-29,LOW,0.0024852763555272346
2021-10-29,LMT,0.012853528037567083
2021-10-29,PFE,-0.00326305624121984
2021-10-29,MO,-0.014537842331883277
2021-10-29,PG,0.008528515195053965
2021-10-29,TMUS,-0.001643931113350638
2021-10-29,QCOM,0.020506166101209866
2021-10-29,LIN,0.004062393193250065
2021-10-29,XOM,0.01227713318243198
2021-10-29,WMT,0.006516986460889237
2021-10-29,WFC,0.0011786489060970446
2021-10-29,VZ,0.010162621611188872
2021-10-29,V,-0.025682488326380034
2021-10-29,USB,0.01337841193752291
2021-10-29,UPS,-0.0019735691131279034
2021-10-29,UNP,-0.003585578121123429
2021-10-29,UNH,-0.010030774219326665
2021-10-29,TXN,0.012825609263230094
2021-10-29,TMO,0.0019686896215322484
2021-10-29,TGT,-0.0004444225096310429
2021-10-29,T,0.010418974343217499
2021-10-29,SPG,0.018235968243679103
2021-10-29,SO,0.011827876771454802
2021-10-29,SCHW,0.0021821152696975712
2021-10-29,SBUX,-0.05839620810969557
2021-10-29,RTX,0.012534823839583162
2021-10-29,PM,0.009489527595749014
2021-10-29,KO,0.005226785410408207
2021-10-29,JPM,0.011297778314655421
2021-10-29,AAPL,0.0073897237248293285
2021-10-29,CMCSA,-0.02201161229697046
2021-10-29,CL,0.011827876771454802
2021-10-29,CAT,0.012950292105877139
2021-10-29,C,0.01380547117012812
2021-10-29,BRK-B,0.007929072756131457
2021-10-29,BMY,0.006386083817560236
2021-10-29,BLK,-0.0013945808633528236
2021-10-29,BAC,0.00427950782469968
2021-10-29,BA,0.02951810212399513
2021-10-29,AXP,0.0188237746314851
2021-10-29,AMZN,0.0023547785366936328
2021-10-29,AMT,0.0055260906123971104
2021-10-29,AMGN,0.008339268366831838
2021-10-29,AMD,0.010695382698465353
2021-10-29,AIG,0.007058357509458905
2021-10-29,ADBE,-0.00676667280150451
2021-10-29,ACN,0.00046629310453720404
2021-10-29,ABT,0.0041791100215020395
2021-10-29,JNJ,0.010021531622795964
2021-10-29,COF,0.02239611954899495
2021-10-29,COP,0.015428985975829887
2021-10-29,BKNG,0.0174595869068094
2021-10-29,CRM,0.009720562703016767
2021-10-29,INTC,0.027355504050310942
2021-10-29,COST,-0.002830376904253627
2021-10-29,IBM,-0.01243203239376281
2021-10-29,HON,0.005869590218311298
2021-10-29,HD,-0.003955863553705114
2021-10-29,GS,0.006684821131191019
2021-10-29,GOOGL,-0.004159063091204515
2021-10-29,GILD,-0.0009150537580893525
2021-10-29,GE,0.020054644041009942
2021-10-29,GD,0.01677346703856787
2021-10-29,GOOG,-0.004052686381601106
2021-10-29,F,0.0023741680960086666
2021-10-29,CSCO,0.009441742666670916
2021-10-29,FDX,0.015328127271279907
2021-10-29,CVX,0.005556491723432695
2021-10-29,DE,0.015755411200796442
2021-10-29,DHR,-0.008797632075159607
2021-10-29,CVS,0.0023215455192331816
2021-10-29,DUK,0.011002369725433538
2021-10-29,EMR,0.003232381274230998
2021-10-29,DIS,0.01327495071202281
2021-11-30,PEP,0.01210163163468276
2021-11-30,MS,0.010347747703079741
2021-11-30,MSFT,0.005024672753398037
2021-11-30,NEE,0.00019927985746241706
2021-11-30,ORCL,0.00650467245069203
2021-11-30,NKE,0.011787492372212573
2021-11-30,NVDA,-0.004435332800976228
2021-11-30,MRK,0.0351007645076495
2021-11-30,NFLX,0.020009024189652447
2021-11-30,MO,-0.0006164444775879882
2021-11-30,MCD,0.01210163163468276
2021-11-30,MET,0.009531790415250343
2021-11-30,MDT,-0.04632369145839302
2021-11-30,MDLZ,-0.00022076299952330616
2021-11-30,MA,0.02448428496986109
2021-11-30,LOW,0.003989550270611587
2021-11-30,LMT,0.012128948452699672
2021-11-30,LLY,0.013644371832807988
2021-11-30,LIN,0.0036823158035829036
2021-11-30,MMM,-0.004929107610710023
2021-11-30,PFE,-0.007217153780438685
2021-11-30,KO,6.739744869865513e-05
2021-11-30,PM,-0.03950674755610947
2021-11-30,WMT,0.011547768491167182
2021-11-30,WFC,0.0343856522654838
2021-11-30,VZ,6.739744869865513e-05
2021-11-30,V,0.003360213088396011
2021-11-30,USB,0.0007157579938457412
2021-11-30,UPS,-0.012979921785796687
2021-11-30,UNP,0.0013833284456310961
2021-11-30,UNH,0.0056611046576494775
2021-11-30,TXN,0.012243373476493583
2021-11-30,TMUS,-0.008387751905294803
2021-11-30,TMO,0.004027167532701726
2021-11-30,TGT,0.005659757236545167
2021-11-30,T,-0.06198164903327247
2021-11-30,SPG,0.010491272233570248
2021-11-30,SO,0.010899876016350658
2021-11-30,SCHW,0.01686626000899965
2021-11-30,SBUX,0.0007456217261833148
2021-11-30,RTX,-0.028525142998451988
2021-11-30,QCOM,-0.007213079162164614
2021-11-30,PG,0.01210163163468276
2021-11-30,JPM,0.005659757236545167
2021-11-30,XOM,0.017060362672077268
2021-11-30,INTC,0.017531551272827333
2021-11-30,CL,0.006517912791237072
2021-11-30,CAT,0.000979733912817867
2021-11-30,C,0.0011492172992158063
2021-11-30,BRK-B,0.0063055458050900685
2021-11-30,BMY,-0.0426193919718532
2021-11-30,BLK,0.004920019022555518
2021-11-30,BKNG,-0.02470376688105183
2021-11-30,BAC,0.003168304666867699
2021-11-30,BA,0.032058024756777374
2021-11-30,AXP,-0.03474000150975221
2021-11-30,AMZN,0.0021889037471402484
2021-11-30,AMT,-0.0034416579909557527
2021-11-30,AMGN,0.005585999584267915
2021-11-30,AMD,0.0030116232830615713
2021-11-30,AIG,0.010762541543402202
2021-11-30,ADBE,0.009912082964845404
2021-11-30,ACN,0.00669155856119354
2021-11-30,ABT,-0.001962446229308146
2021-11-30,AAPL,-0.00830409452505658
2021-11-30,CMCSA,0.0019299787927794915
2021-11-30,COF,-0.044641678279131736
2021-11-30,JNJ,6.739744869865513e-05
2021-11-30,COST,8.343958251134564e-05
2021-11-30,IBM,0.0037862573235947702
2021-11-30,HON,-0.03775578332560671
2021-11-30,HD,0.00023536243596574858
2021-11-30,GS,0.0034777355741525424
2021-11-30,GOOGL,0.005222973672665597
2021-11-30,COP,0.0307606183902158
2021-11-30,GILD,0.00673793502202164
2021-11-30,GE,-0.011379467235951086
2021-11-30,GD,0.005713793302526296
2021-11-30,FDX,0.020285305955700113
2021-11-30,GOOG,0.005222973672665597
2021-11-30,EMR,-0.06484392154061806
2021-11-30,DUK,0.006050922153917867
2021-11-30,DIS,0.005063588894646958
2021-11-30,DHR,0.0027782356091224226
2021-11-30,DE,0.016535350522405352
2021-11-30,CVX,0.0042849345394083875
2021-11-30,CVS,0.002438305401965045
2021-11-30,CSCO,0.000126518882772683
2021-11-30,CRM,0.014169692992237987
2021-11-30,F,0.021929837528440077
2021-12-31,MRK,0.019169934798328382
2021-12-31,NVDA,0.023144244530562047
2021-12-31,NKE,0.011730858642130573
2021-12-31,NFLX,0.013588212793323055
2021-12-31,NEE,-5.31681410990174e-05
2021-12-31,MSFT,0.003451272173652299
2021-12-31,ORCL,0.03664349260678892
2021-12-31,MS,0.01090557082392863
2021-12-31,MO,-0.0010204842248628572
2021-12-31,MCD,0.0031928854919539102
2021-12-31,MET,0.008276276224818755
2021-12-31,MDT,0.007776272469126652
2021-12-31,MDLZ,0.0022739254928406125
2021-12-31,MA,0.018031683979372548
2021-12-31,LOW,0.0012240278213728022
2021-12-31,LMT,0.006128895521345736
2021-12-31,LLY,0.006890949677961275
2021-12-31,LIN,0.003247848903726638
2021-12-31,PEP,0.0022739254928406125
2021-12-31,MMM,0.006797114454037427
2021-12-31,PFE,0.015368844211238889
2021-12-31,KO,0.0016030477222609932
2021-12-31,PM,-0.0006238289971791551
2021-12-31,XOM,0.009393896652657148
2021-12-31,WMT,0.005911594100350547
2021-12-31,WFC,0.025386046137624282
2021-12-31,VZ,0.010850330224061898
2021-12-31,V,0.008153513263503791
2021-12-31,USB,0.010609086846454192
2021-12-31,UPS,-0.0010204842248628572
2021-12-31,UNP,-5.31681410990174e-05
2021-12-31,UNH,-0.0027355521559718717
2021-12-31,PG,0.0010926019145571994
2021-12-31,TXN,-0.0026373501330029794
2021-12-31,TMO,-0.001402742457081097
2021-12-31,TGT,0.0038445194006067967
2021-12-31,T,0.001991355244278205
2021-12-31,SPG,-0.0006118255414514129
2021-12-31,SO,0.0022739254928406125
2021-12-31,SCHW,0.007812613215397581
2021-12-31,SBUX,-0.0007960840103167451
2021-12-31,RTX,2.3261566324985598e-05
2021-12-31,QCOM,0.02249829010181722
2021-12-31,TMUS,0.0015361367086521832
2021-12-31,JPM,-0.000997258967146581
2021-12-31,JNJ,0.008418373855938362
2021-12-31,INTC,0.01813188914025211
2021-12-31,CMCSA,0.013237293769605911
2021-12-31,CL,0.0010926019145571994
2021-12-31,CAT,-0.0004082395506538575
2021-12-31,C,-0.004486630897152335
2021-12-31,BRK-B,0.007684277746105865
2021-12-31,BMY,0.00011459114964562447
2021-12-31,BLK,-0.0013305452846678449
2021-12-31,BKNG,0.020489089474884377
2021-12-31,BA,0.03242115414351563
2021-12-31,AXP,0.021664558267528857
2021-12-31,AMZN,0.002867694473400767
2021-12-31,AMT,-0.0030596337737697587
2021-12-31,AMGN,0.00445036140706002
2021-12-31,AMD,0.03417782756888906
2021-12-31,AIG,0.00762504578779377
2021-12-31,ADBE,0.05592393726848412
2021-12-31,ACN,-0.006526856272521184
2021-12-31,ABT,-0.0020310518425041
2021-12-31,AAPL,-0.0022538181787238815
2021-12-31,COF,0.01177217505756669
2021-12-31,COP,0.013063550569433466
2021-12-31,BAC,0.003988963123387276
2021-12-31,CRM,0.031899513093452285
2021-12-31,COST,-0.004485112181324392
2021-12-31,HON,0.006650486692636034
2021-12-31,HD,-0.003357993872171473
2021-12-31,GS,0.004202634460184535
2021-12-31,GOOGL,0.003994779772833722
2021-12-31,GOOG,0.003994779772833722
2021-12-31,GILD,0.004014622659993267
2021-12-31,GE,0.013545045081037483
2021-12-31,GD,0.004124271985273873
2021-12-31,FDX,0.007966626543463409
2021-12-31,IBM,-0.0015707054206775253
2021-12-31,EMR,0.0005609525160599616
2021-12-31,DUK,0.007684277746105865
2021-12-31,DIS,0.0008802353771272286
2021-12-31,DHR,0.002407526382464455
2021-12-31,DE,0.013251436705087315
2021-12-31,CVX,0.0019165576247654535
2021-12-31,CVS,-0.005900879041442754
2021-12-31,CSCO,-0.0055220000572132515
2021-12-31,F,0.012187240280253626
2022-01-31,MRK,0.006116788976402031
2022-01-31,MS,0.011749448209803896
2022-01-31,MSFT,0.00036291250567773743
2022-01-31,NVDA,-0.03719031294211342
2022-01-31,NFLX,0.06681062013566413
2022-01-31,NKE,0.0056494254569167774
2022-01-31,MO,0.0011833378196946481
2022-01-31,NEE,0.012988308892860562
2022-01-31,MMM,0.004223164782500152
2022-01-31,KO,0.0029141060521883037
2022-01-31,MDT,0.0012814077384451683
2022-01-31,MDLZ,0.008109993430905335
2022-01-31,MCD,0.005757564610659236
2022-01-31,MA,0.012718155862459954
2022-01-31,LOW,-0.0024617018209351633
2022-01-31,LMT,0.0038336576472966437
2022-01-31,LLY,0.012722437336033215
2022-01-31,LIN,0.009830564413730522
2022-01-31,ORCL,0.03435991712895764
2022-01-31,MET,-0.0032489021244914884
2022-01-31,PEP,0.007540396821256942
2022-01-31,TGT,-0.0028532352346622675
2022-01-31,PG,0.007433161040800155
2022-01-31,XOM,-0.0017594599664198089
2022-01-31,JPM,-0.003382825848851879
2022-01-31,WFC,0.0063876851231967
2022-01-31,VZ,0.00407666556439866
2022-01-31,V,0.01939650698704159
2022-01-31,USB,0.012855319672731331
2022-01-31,UPS,-0.0010051005853161734
2022-01-31,UNP,0.003546820901565506
2022-01-31,UNH,0.0007138772159654413
2022-01-31,PFE,0.03467552837927724
2022-01-31,TXN,0.01130683462395685
2022-01-31,TMO,-0.00830066350753796
2022-01-31,T,0.015015436479781196
2022-01-31,SPG,0.0176094865594639
2022-01-31,SO,0.004295270320460685
2022-01-31,SCHW,0.009072861503618485
2022-01-31,SBUX,-0.006400464109126541
2022-01-31,RTX,-0.0021557690037165593
2022-01-31,QCOM,0.0318794208659366
2022-01-31,PM,0.004186593833442281
2022-01-31,TMUS,0.017801034775859165
2022-01-31,WMT,0.00256116989723416
2022-01-31,JNJ,0.009059050401525697
2022-01-31,IBM,-0.0015496229557740433
2022-01-31,CL,0.011243961111433318
2022-01-31,CAT,0.015418052987905105
2022-01-31,C,-0.0015060315329172918
2022-01-31,BRK-B,0.007625821561462302
2022-01-31,BMY,-0.0013880834472732068
2022-01-31,BLK,-0.005842125724381822
2022-01-31,BKNG,0.023339316518748477
2022-01-31,BAC,-0.0016013629357977636
2022-01-31,AXP,0.01080088689584898
2022-01-31,AMZN,0.01707549648255999
2022-01-31,AMT,-0.002060645957814443
2022-01-31,AMGN,0.005644618570636668
2022-01-31,AMD,0.027133594341655604
2022-01-31,AIG,0.011328044822594047
2022-01-31,ADBE,0.04816327653621866
2022-01-31,ACN,0.0111452528635261
2022-01-31,ABT,-0.0022560743077449257
2022-01-31,AAPL,0.00043214949730499606
2022-01-31,INTC,0.02152447927203694
2022-01-31,CMCSA,-6.581318625900605e-05
2022-01-31,COF,0.01276710289910402
2022-01-31,BA,0.034092502235097605
2022-01-31,COST,0.011383120615544605
2022-01-31,COP,0.003743445015458672
2022-01-31,HD,0.002325109399065947
2022-01-31,GS,0.010583434646976692
2022-01-31,GOOGL,0.0013168260857773012
2022-01-31,GOOG,0.0005800471641055075
2022-01-31,GILD,0.010783185770474124
2022-01-31,GE,0.01535466595325322
2022-01-31,GD,0.010678193523253181
2022-01-31,FDX,0.01130683462395685
2022-01-31,F,0.020901777957561506
2022-01-31,HON,0.004311224594689008
2022-01-31,DUK,0.009879056260302162
2022-01-31,DIS,0.02098801117217293
2022-01-31,DHR,0.005787249452251276
2022-01-31,DE,0.006312346950379834
2022-01-31,CVX,-0.005102867265861823
2022-01-31,CVS,-0.0027921982967865264
2022-01-31,CSCO,-0.00018931787417505576
2022-01-31,CRM,0.05691889358754661
2022-01-31,EMR,-0.0012548043545126336
2022-02-28,ORCL,0.03073028125030494
2022-02-28,MO,-0.004559313553886922
2022-02-28,NKE,0.01315153514593576
2022-02-28,NFLX,0.06526479201430482
2022-02-28,NEE,0.011961026168673079
2022-02-28,MSFT,0.011921308916695933
2022-02-28,MS,0.0016596238792701632
2022-02-28,MRK,-0.0048592559165922325
2022-02-28,NVDA,0.028531214722859667
2022-02-28,MCD,0.01002957822199266
2022-02-28,MDT,-0.001052095083392777
2022-02-28,MDLZ,0.009579892584779407
2022-02-28,MA,0.016201270388353926
2022-02-28,LOW,0.002418169864213478
2022-02-28,LMT,-0.017242411707980243
2022-02-28,LLY,0.007507615433068931
2022-02-28,LIN,0.002722610372576254
2022-02-28,PEP,0.002850075625817294
2022-02-28,MET,-0.0026275733341109583
2022-02-28,PFE,0.023998462135925623
2022-02-28,TMO,-0.004438741971343818
2022-02-28,PM,-0.005410548248429483
2022-02-28,XOM,0.003582014348087325
2022-02-28,WMT,0.0025155127899313032
2022-02-28,WFC,0.01389405391263062
2022-02-28,VZ,0.0030141512862146614
2022-02-28,V,0.011597871723394132
2022-02-28,USB,0.012447936073870644
2022-02-28,UPS,0.015811803177376106
2022-02-28,UNP,-0.002446498103883936
2022-02-28,UNH,-0.003034357772917907
2022-02-28,PG,0.004905968356324143
2022-02-28,TXN,0.02085102952507594
2022-02-28,KO,0.005380698135492596
2022-02-28,TGT,-0.003619489759078442
2022-02-28,T,0.027980904416350833
2022-02-28,SPG,0.003053542616274236
2022-02-28,SO,0.009666285880804745
2022-02-28,SCHW,0.014507859940475805
2022-02-28,SBUX,0.0027499762469327975
2022-02-28,RTX,-0.017906595797163062
2022-02-28,QCOM,0.01881623137640555
2022-02-28,TMUS,0.020286072688091166
2022-02-28,JPM,0.006417889495861062
2022-02-28,MMM,0.0009804572340391118
2022-02-28,INTC,0.015770962574119717
2022-02-28,CL,0.007009188999023469
2022-02-28,CAT,0.010559579411843035
2022-02-28,C,-0.0018944368953677053
2022-02-28,BRK-B,0.002360890628533694
2022-02-28,BMY,-0.0034955031314802803
2022-02-28,BLK,-0.008260179421896933
2022-02-28,BKNG,0.044836184636952194
2022-02-28,BAC,0.00359650700799405
2022-02-28,BA,0.019439386531555417
2022-02-28,AXP,0.004346029407311659
2022-02-28,AMZN,0.0203896720036566
2022-02-28,AMT,-0.002536731685037306
2022-02-28,AMGN,-0.00237014148698591
2022-02-28,AMD,0.029180404358417306
2022-02-28,AIG,0.0071302141166392
2022-02-28,ADBE,0.05102981760902922
2022-02-28,ACN,0.011461496633355866
2022-02-28,ABT,-0.001433109319460588
2022-02-28,AAPL,0.00817120877025888
2022-02-28,CMCSA,0.003674884916710873
2022-02-28,COF,0.007049486248319881
2022-02-28,JNJ,0.007836952319515061
2022-02-28,COST,0.004479654302636011
2022-02-28,COP,0.004442421771063679
2022-02-28,IBM,-0.0023697563047709006
2022-02-28,HON,0.005287146290762986
2022-02-28,HD,0.007702476303886998
2022-02-28,GS,0.013922832254089725
2022-02-28,GOOGL,0.008839162379565382
2022-02-28,GILD,0.004267100821525872
2022-02-28,GE,0.01584906620541253
2022-02-28,GD,-0.007688801742303237
2022-02-28,FDX,0.015085509089526617
2022-02-28,GOOG,0.011218652805980705
2022-02-28,EMR,-0.001433109319460588
2022-02-28,DUK,0.009457319806364852
2022-02-28,DIS,0.007373042543002726
2022-02-28,CRM,0.029257876779459076
2022-02-28,DHR,0.010099845217462005
2022-02-28,DE,0.020129590595556364
2022-02-28,CVX,-0.015281549228804044
2022-02-28,CVS,-0.0005010644457834465
2022-02-28,CSCO,-0.0025270999883464725
2022-02-28,F,0.03881361781852817
2022-03-31,MRK,-0.00010901420482625116
2022-03-31,MS,0.02224506172102778
2022-03-31,MSFT,0.013315976884801265
2022-03-31,NVDA,0.026514527068726975
2022-03-31,NFLX,0.06527110519941298
2022-03-31,NKE,0.017737447501178866
2022-03-31,MO,-0.0035725931910409055
2022-03-31,NEE,0.019078991162930492
2022-03-31,MMM,-0.013391217728474274
2022-03-31,KO,0.004158609408075799
2022-03-31,MDT,-0.002096609646295389
2022-03-31,MDLZ,0.005652649329058607
2022-03-31,MCD,0.004287047467423486
2022-03-31,MA,0.02156972711969596
2022-03-31,LOW,-0.030309298846875065
2022-03-31,LMT,0.004468535474883029
2022-03-31,LLY,0.009096102798008803
2022-03-31,LIN,0.021209834022944046
2022-03-31,ORCL,0.009903003034505836
2022-03-31,MET,0.0033718822221996893
2022-03-31,PEP,0.007906899401744234
2022-03-31,TGT,0.02987898961281088
2022-03-31,PG,0.005213124206377835
2022-03-31,JPM,0.02228692986198569
2022-03-31,WMT,-0.0017240594058484386
2022-03-31,WFC,0.035490963953051236
2022-03-31,VZ,0.008995669003009882
2022-03-31,V,0.02101075790022436
2022-03-31,USB,0.023782490144689854
2022-03-31,UPS,0.023363125148756034
2022-03-31,UNP,-0.0031152901381211713
2022-03-31,UNH,-0.0026581887085594187
2022-03-31,PFE,0.007241348437618097
2022-03-31,TXN,0.014105381586411246
2022-03-31,TMO,-0.003944385124204544
2022-03-31,T,0.012108463621931227
2022-03-31,SPG,0.010508016159009584
2022-03-31,SO,-0.007723131070889159
2022-03-31,SCHW,0.017654306582095818
2022-03-31,SBUX,0.03339575173523962
2022-03-31,RTX,-0.003181158969023997
2022-03-31,QCOM,0.05635387926587158
2022-03-31,PM,0.006894528282269492
2022-03-31,TMUS,0.022649162138088756
2022-03-31,XOM,0.0147965413329517
2022-03-31,JNJ,0.0014921779240442236
2022-03-31,IBM,-0.001847773535405118
2022-03-31,CL,0.0051269809577988625
2022-03-31,CAT,0.006856822532774849
2022-03-31,C,0.002965003624555275
2022-03-31,BRK-B,0.000674800859303693
2022-03-31,BMY,-0.001079599945813488
2022-03-31,BLK,0.011968144842160912
2022-03-31,BKNG,0.021292058920002566
2022-03-31,BAC,0.015953052633054285
2022-03-31,BA,0.03769892948647435
2022-03-31,AXP,0.01942454395509081
2022-03-31,AMZN,0.024355622457689526
2022-03-31,AMT,0.007436719736269583
2022-03-31,AMGN,-0.00371268776935487
2022-03-31,AMD,0.07945957308333224
2022-03-31,AIG,0.01612230223524804
2022-03-31,ADBE,0.043217547419733354
2022-03-31,ACN,0.009634763836030727
2022-03-31,ABT,0.0006438961254066863
2022-03-31,AAPL,0.007063428969860676
2022-03-31,CMCSA,-0.0002476519939640635
2022-03-31,COF,0.032219902234905735
2022-03-31,INTC,0.02800550737716499
2022-03-31,COST,-0.0037990954939196345
2022-03-31,COP,0.01901426514590736
2022-03-31,HON,0.010511415444018159
2022-03-31,HD,0.010264679095007728
2022-03-31,GS,0.015798962757956787
2022-03-31,GOOGL,0.0237037807805671
2022-03-31,GOOG,0.02322977584327173
2022-03-31,GE,0.03127978184990634
2022-03-31,GD,-0.001585133597356875
2022-03-31,FDX,0.017323801110533874
2022-03-31,GILD,0.005954208742613203
2022-03-31,EMR,-0.0021357015356097686
2022-03-31,DUK,-0.0032665115891045557
2022-03-31,DIS,0.02785479773171616
2022-03-31,CRM,0.03580914710405977
2022-03-31,DHR,0.005772074704326753
2022-03-31,DE,0.010068780792862584
2022-03-31,CVX,0.0050786471219053855
2022-03-31,CVS,-0.0023971362144367243
2022-03-31,CSCO,-0.002082932226055646
2022-03-31,F,0.04654927322334265
2022-04-29,MS,0.024754272459651453
2022-04-29,MSFT,-0.029599629433507735
2022-04-29,NEE,-0.0038229317643760285
2022-04-29,ORCL,0.013490736758150178
2022-04-29,NKE,0.029094450655444172
2022-04-29,NVDA,0.08538379114544728
2022-04-29,MRK,-0.007500810185651376
2022-04-29,NFLX,0.14367832335914738
2022-04-29,MO,-0.005467968423402933
2022-04-29,LIN,0.01567024979211482
2022-04-29,MET,0.009504323344554484
2022-04-29,MDT,0.003866598481652228
2022-04-29,MDLZ,0.007254403845367869
2022-04-29,MCD,0.007434782540735348
2022-04-29,MA,0.016089264365214073
2022-04-29,LOW,0.010605845455942144
2022-04-29,LMT,0.0026785796633159134
2022-04-29,LLY,0.005446374552675819
2022-04-29,PEP,0.007434782540735348
2022-04-29,MMM,-0.07436013046693377
2022-04-29,PFE,0.00898805181514344
2022-04-29,TMO,0.002726796301320941
2022-04-29,PM,0.00980597367018894
2022-04-29,KO,0.006727688332081025
2022-04-29,XOM,0.004960144939746629
2022-04-29,WMT,0.0066809195379296405
2022-04-29,WFC,0.03780686632409593
2022-04-29,VZ,-0.014789562700594073
2022-04-29,V,0.020010534223642625
2022-04-29,USB,0.019632221178863915
2022-04-29,UPS,0.013490736758150178
2022-04-29,UNP,-0.0013978525375376676
2022-04-29,PG,0.0031348718308270218
2022-04-29,UNH,-0.0030497836401924385
2022-04-29,TMUS,0.022663913472566213
2022-04-29,TGT,0.02333161364567632
2022-04-29,T,-0.0004658562398170584
2022-04-29,SPG,0.028811614624372615
2022-04-29,SO,0.0033437180247335124
2022-04-29,SCHW,0.045426898342784496
2022-04-29,SBUX,0.020657614877888624
2022-04-29,RTX,-0.011692061325461248
2022-04-29,QCOM,0.047180027745536236
2022-04-29,TXN,0.01725087140028522
2022-04-29,JNJ,0.006727688332081025
2022-04-29,F,0.03290433020393747
2022-04-29,INTC,0.049488272819696824
2022-04-29,CL,0.0007602075627014017
2022-04-29,CAT,0.018484326954431918
2022-04-29,C,0.012294626105944527
2022-04-29,BRK-B,0.006897800486900477
2022-04-29,BMY,0.00496541606511058
2022-04-29,BLK,0.01743759576854897
2022-04-29,BKNG,0.041814096718146294
2022-04-29,JPM,0.015202953876223634
2022-04-29,BA,0.00875520764364147
2022-04-29,AXP,0.010700691487091511
2022-04-29,AMZN,0.11737612272745652
2022-04-29,AMT,0.0005180744717528901
2022-04-29,AMGN,0.001313273755004373
2022-04-29,AMD,0.03529074406335266
2022-04-29,AIG,0.015652304907797007
2022-04-29,ADBE,0.05693083356022949
2022-04-29,ACN,0.006406758354750906
2022-04-29,ABT,0.00777266018221844
2022-04-29,AAPL,0.0015262927029443367
2022-04-29,CMCSA,-0.04991312952031908
2022-04-29,COF,0.042432763360944814
2022-04-29,BAC,0.025859900004827928
2022-04-29,COST,-0.004189844689018593
2022-04-29,COP,0.025968892073239644
2022-04-29,HON,0.01231050899908278
2022-04-29,HD,0.016446695777976562
2022-04-29,GS,0.017558084741907166
2022-04-29,GOOGL,0.011782613993662231
2022-04-29,GOOG,0.016064744736226603
2022-04-29,GILD,0.000560067787606034
2022-04-29,GE,0.049488272819696824
2022-04-29,GD,0.0011422332337624793
2022-04-29,FDX,0.0362416142518664
2022-04-29,IBM,-0.0001855942923989673
2022-04-29,EMR,-0.006126180381626769
2022-04-29,CSCO,-0.00196457560281686
2022-04-29,CVS,-0.007785123894528775
2022-04-29,CVX,0.006704874959603786
2022-04-29,CRM,0.05297122129143471
2022-04-29,DHR,0.0012761424824474373
2022-04-29,DIS,-0.01739040463720877
2022-04-29,DUK,0.008119337112426274
2022-04-29,DE,0.026395974904546166
2022-05-31,ORCL,0.011367263709759006
2022-05-31,MO,-0.004616895271729565
2022-05-31,NKE,0.022163348092268123
2022-05-31,NFLX,0.16054256782714346
2022-05-31,NEE,0.0006105763388820334
2022-05-31,MSFT,0.011625023615095556
2022-05-31,MS,0.003128092242203186
2022-05-31,MRK,-0.0008579737993577713
2022-05-31,NVDA,0.00906229719813464
2022-05-31,MCD,0.0008209248000738175
2022-05-31,MDT,0.010746554484891056
2022-05-31,MDLZ,0.0002139456707825008
2022-05-31,MA,0.010400153619508171
2022-05-31,LOW,0.010982811436974497
2022-05-31,LMT,-0.003839637110381223
2022-05-31,LLY,0.0029003847160314193
2022-05-31,LIN,0.0015622058401966055
2022-05-31,PEP,0.00352433872718445
2022-05-31,MET,0.005554670557339071
2022-05-31,PFE,0.0027332898919449184
2022-05-31,TMO,0.0037054200635830976
2022-05-31,PM,-0.000607760498983867
2022-05-31,XOM,0.0007652861703599392
2022-05-31,WMT,0.0062606455546612635
2022-05-31,WFC,0.013359904155311932
2022-05-31,VZ,-0.00605900553315024
2022-05-31,V,0.006851257519318047
2022-05-31,USB,0.007663364562213697
2022-05-31,UPS,0.005993456994914393
2022-05-31,UNP,0.0067938178157882015
2022-05-31,UNH,-0.00672791080815503
2022-05-31,PG,-0.00034870612634887635
2022-05-31,TXN,0.006803964764246382
2022-05-31,KO,0.0012565158997360592
2022-05-31,TGT,0.065584743907031
2022-05-31,T,-0.007741570552968167
2022-05-31,SPG,0.011367263709759006
2022-05-31,SO,0.0026211492215273374
2022-05-31,SCHW,0.012133144763884076
2022-05-31,SBUX,-0.0022993027777742942
2022-05-31,RTX,-0.0036612509730398345
2022-05-31,QCOM,0.02319307992556069
2022-05-31,TMUS,0.007743496013813652
2022-05-31,JPM,0.008844532333120825
2022-05-31,MMM,-0.006454281238305764
2022-05-31,INTC,0.004337134746032393
2022-05-31,CL,0.0002716665814976814
2022-05-31,CAT,0.010862144119858485
2022-05-31,C,0.005264607584483492
2022-05-31,BRK-B,0.005640634220459735
2022-05-31,BMY,0.004699184977025547
2022-05-31,BLK,0.0079914408639452
2022-05-31,BKNG,0.017020438958029925
2022-05-31,BAC,0.004079721743517758
2022-05-31,BA,0.03433418040116033
2022-05-31,AXP,0.020419284351653976
2022-05-31,AMZN,0.02981495875855639
2022-05-31,AMT,0.0006105763388820334
2022-05-31,AMGN,-0.0018187668843405468
2022-05-31,AMD,0.023758122270420075
2022-05-31,AIG,0.005719776344924772
2022-05-31,ADBE,0.016830475444275725
2022-05-31,ACN,0.0056168489747315045
2022-05-31,ABT,0.0036535939691549556
2022-05-31,AAPL,0.007796627183631508
2022-05-31,CMCSA,0.003232898198140606
2022-05-31,COF,0.006572854791641524
2022-05-31,JNJ,0.008220559741541037
2022-05-31,COST,0.0074409389183921855
2022-05-31,COP,0.011834002626531196
2022-05-31,IBM,-0.00700727979826768
2022-05-31,HON,-0.004843773301644108
2022-05-31,HD,0.00871770001564302
2022-05-31,GS,0.007921882151155045
2022-05-31,GOOGL,0.008685965905541437
2022-05-31,GILD,3.514486924202487e-05
2022-05-31,GE,-0.007134239578344819
2022-05-31,GD,-0.0010922119749305148
2022-05-31,FDX,-0.01399827114371123
2022-05-31,GOOG,0.008685965905541437
2022-05-31,EMR,2.950082936073683e-05
2022-05-31,DUK,0.007320776760459843
2022-05-31,DIS,0.007138397753293755
2022-05-31,CRM,0.02669314557218203
2022-05-31,DHR,0.004030046948879974
2022-05-31,DE,0.021374624139358676
2022-05-31,CVX,0.0034523598634881724
2022-05-31,CVS,0.0002710911283088097
2022-05-31,CSCO,0.01606114742524284
2022-05-31,F,0.03082197539319652
2022-06-30,MSFT,0.0079180525166899
2022-06-30,NEE,0.004960544461604931
2022-06-30,NFLX,0.18305057211922093
2022-06-30,PEP,-0.0012757065332222697
2022-06-30,NVDA,0.04135942017254
2022-06-30,ORCL,0.003808826330154042
2022-06-30,MS,0.00593971098374141
2022-06-30,NKE,0.01065596305555197
2022-06-30,MRK,-0.005715235241498744
2022-06-30,MCD,-0.00042502671968857036
2022-06-30,MET,0.006323064701980212
2022-06-30,MDT,0.009254561863047767
2022-06-30,MDLZ,-0.0020333634802379213
2022-06-30,MA,0.014563784085056182
2022-06-30,LOW,0.009512851602370169
2022-06-30,LMT,-0.0062041535856705325
2022-06-30,LLY,0.000876154886341453
2022-06-30,LIN,-0.002736387409454843
2022-06-30,PFE,0.005440157728802059
2022-06-30,MO,0.010630415107648448
2022-06-30,PG,-0.0012793833984169874
2022-06-30,TMO,-0.001375210138569357
2022-06-30,QCOM,0.02435175595677419
2022-06-30,XOM,0.01178101730047192
2022-06-30,WMT,0.006397606597864048
2022-06-30,WFC,0.014563784085056182
2022-06-30,VZ,-0.0004933950252419748
2022-06-30,V,0.0061874745814793726
2022-06-30,USB,0.013665434720489705
2022-06-30,UPS,0.0065131684304632976
2022-06-30,UNP,-0.0008098488771965212
2022-06-30,UNH,-0.0005526831037009339
2022-06-30,TXN,0.013399720314824188
2022-06-30,TMUS,0.006663906738044637
2022-06-30,KO,-0.0034249930199280933
2022-06-30,TGT,0.02287914631443974
2022-06-30,T,-0.002566531338940356
2022-06-30,SPG,0.016401136435603307
2022-06-30,SO,-0.0006223587084925148
2022-06-30,SCHW,0.02443457104786243
2022-06-30,SBUX,-0.0021547797336266944
2022-06-30,RTX,-0.0006998447930432544
2022-06-30,PM,-0.004985224549475831
2022-06-30,JPM,0.013101923771931208
2022-06-30,MMM,-0.04201741542550681
2022-06-30,INTC,-0.005528042931911777
2022-06-30,CMCSA,0.012490569275372978
2022-06-30,CL,-0.00338925578676011
2022-06-30,CAT,0.0009079415557302741
2022-06-30,C,0.012259099363340232
2022-06-30,BRK-B,-0.0016867318660352436
2022-06-30,BMY,0.002448162570956439
2022-06-30,BLK,0.00920776734661685
2022-06-30,BKNG,0.02376332622767124
2022-06-30,BAC,0.007812643454797435
2022-06-30,COF,0.014614589301175287
2022-06-30,BA,0.021694267952376438
2022-06-30,AMZN,0.013307987967164443
2022-06-30,AMT,0.003362109081887668
2022-06-30,AMGN,0.0019965667971285593
2022-06-30,AMD,0.05214113261469956
2022-06-30,AIG,0.005901898453087537
2022-06-30,ADBE,0.017349013273156837
2022-06-30,ACN,0.008909970803723872
2022-06-30,ABT,0.00828948724488134
2022-06-30,JNJ,0.0011387989292531494
2022-06-30,AXP,0.011315891414514863
2022-06-30,COP,0.03868517048169137
2022-06-30,AAPL,0.0036771711881417573
2022-06-30,CRM,0.0028416455122379307
2022-06-30,COST,0.019332358819555442
2022-06-30,HON,0.0027906382106233007
2022-06-30,HD,0.011532120396356343
2022-06-30,GS,0.010755951814130214
2022-06-30,GOOGL,0.006596422410995875
2022-06-30,GOOG,0.005523677087274466
2022-06-30,GILD,-0.0010924902693795527
2022-06-30,GE,-0.02849504126275404
2022-06-30,GD,-0.005589099418799405
2022-06-30,FDX,-0.01014833145271376
2022-06-30,IBM,0.0007927086309282571
2022-06-30,F,0.04496804938896987
2022-06-30,EMR,0.00770105751577839
2022-06-30,DUK,0.0022816216590933257
2022-06-30,DIS,0.007493696127232266
2022-06-30,DHR,0.009930368895864277
2022-06-30,DE,0.021535826982104826
2022-06-30,CVX,0.0050938403862682115
2022-06-30,CVS,-0.0008481851733607146
2022-06-30,CSCO,0.009471137560471448
2022-07-29,PFE,0.005948891388298108
2022-07-29,MSFT,0.0015493447111775
2022-07-29,NEE,0.0045483112009456535
2022-07-29,NFLX,0.015976224759788632
2022-07-29,PEP,-0.002056062952876087
2022-07-29,NVDA,0.002103475855262691
2022-07-29,ORCL,-0.0027354410522232395
2022-07-29,MS,0.0018420672155986407
2022-07-29,NKE,-0.017368090100053427
2022-07-29,MRK,-0.008028158541810349
2022-07-29,MCD,-0.0030934242118703897
2022-07-29,MMM,-0.019447316286153215
2022-07-29,MDT,-0.0028772995382145665
2022-07-29,MDLZ,-0.0033750574934314566
2022-07-29,MA,0.004977805090285929
2022-07-29,LOW,0.0013147395834626622
2022-07-29,LMT,-0.0062748019506281005
2022-07-29,LLY,0.005401385493812176
2022-07-29,LIN,0.005722274189988332
2022-07-29,MO,-0.00010127507910585416
2022-07-29,PG,0.003524028405306139
2022-07-29,KO,-0.004308665330229975
2022-07-29,QCOM,0.024018111640373208
2022-07-29,XOM,-0.0020844155874739953
2022-07-29,WMT,0.00011727360341842149
2022-07-29,WFC,0.005419759865962356
2022-07-29,VZ,0.0007833835484990096
2022-07-29,V,0.002996214025869924
2022-07-29,USB,0.006909308201398636
2022-07-29,UPS,-0.0016197371930523224
2022-07-29,UNP,-0.005291461848403155
2022-07-29,UNH,-0.0009019446240924774
2022-07-29,TXN,-0.0022173565824221077
2022-07-29,TMUS,-0.002208217816530108
2022-07-29,TMO,0.0015493447111775
2022-07-29,TGT,0.0010072373638799394
2022-07-29,T,0.01190466800750019
2022-07-29,SPG,-0.0025101258649388534
2022-07-29,SO,-0.0111902532547411
2022-07-29,SCHW,0.013411813262534671
2022-07-29,SBUX,-0.014033540866720115
2022-07-29,RTX,-0.0011864186613808156
2022-07-29,PM,0.003826093961127736
2022-07-29,JPM,0.0010210414776682217
2022-07-29,MET,0.0028926807925703135
2022-07-29,INTC,0.0032273135256007664
2022-07-29,CMCSA,0.004634123929520493
2022-07-29,CL,-0.0008524856330291033
2022-07-29,CAT,-0.002462100562235611
2022-07-29,C,0.005637438723984484
2022-07-29,BRK-B,-0.004072390652528593
2022-07-29,BMY,0.00432859311543656
2022-07-29,BLK,-0.0035798327649791918
2022-07-29,BKNG,0.016041045257081298
2022-07-29,BAC,0.0018800660568103872
2022-07-29,BA,0.006269432458778442
2022-07-29,AXP,0.004988448914256747
2022-07-29,AMZN,-0.001734798978773384
2022-07-29,AMT,-0.0002902527322186518
2022-07-29,AMGN,0.002787849687346762
2022-07-29,AMD,0.004386170272799276
2022-07-29,AIG,-0.002383079584512285
2022-07-29,ADBE,0.005225828370783628
2022-07-29,ACN,0.0015493447111775
2022-07-29,ABT,0.0008665581139082851
2022-07-29,COF,-0.0018849238037529877
2022-07-29,COP,0.009719025692070732
2022-07-29,AAPL,-0.0005668364249352529
2022-07-29,CRM,-0.006899854902818608
2022-07-29,IBM,-0.00824768013780262
2022-07-29,HON,-0.006803655475663739
2022-07-29,HD,0.004351474318229999
2022-07-29,GS,0.0018420672155986407
2022-07-29,GOOGL,-0.0006790939739006784
2022-07-29,COST,0.009525288014596496
2022-07-29,GILD,-0.0002742086590306362
2022-07-29,GE,-0.031037397384507413
2022-07-29,GD,0.0049082575031659465
2022-07-29,JNJ,0.00695288729105428
2022-07-29,GOOG,-0.0006790939739006784
2022-07-29,F,0.039510786508097855
2022-07-29,EMR,-0.0004866238631885489
2022-07-29,DUK,-0.0023299487389260515
2022-07-29,DIS,-0.017225647591259483
2022-07-29,DHR,0.001025033446268992
2022-07-29,DE,0.006954481508135146
2022-07-29,CVX,-0.005198045776123531
2022-07-29,CVS,-0.0053024213388201515
2022-07-29,CSCO,0.0037282610643885362
2022-07-29,FDX,5.93949476014625e-05
2022-08-31,MSFT,0.011456362821540748
2022-08-31,NEE,0.012284682871486636
2022-08-31,NFLX,0.05427098749951217
2022-08-31,PEP,0.006580409516313248
2022-08-31,NVDA,0.0453033906205069
2022-08-31,ORCL,0.010871769711857297
2022-08-31,MS,0.0060213339050349144
2022-08-31,NKE,0.01849433667712642
2022-08-31,MRK,-0.005102821768996577
2022-08-31,MCD,0.004810376101359713
2022-08-31,MET,0.006084626452039604
2022-08-31,MDT,0.0027527960709088136
2022-08-31,MDLZ,0.0036031966963032277
2022-08-31,MA,0.027387591411091153
2022-08-31,LOW,0.007568119133304902
2022-08-31,LMT,-0.006441174977640461
2022-08-31,LLY,0.010303735821950029
2022-08-31,LIN,0.014731844750917315
2022-08-31,PFE,0.014191492483462487
2022-08-31,MO,0.003893103106140036
2022-08-31,PG,-0.002183683509943294
2022-08-31,TMO,0.01734553587482636
2022-08-31,QCOM,0.04486612998753711
2022-08-31,XOM,0.0073704346833987616
2022-08-31,WMT,0.0023463178778700485
2022-08-31,WFC,0.012977706842888901
2022-08-31,VZ,-0.024208325739436185
2022-08-31,V,0.011281103059971934
2022-08-31,USB,0.014581411064866889
2022-08-31,UPS,0.005568023579373333
2022-08-31,UNP,-0.0028671854217106915
2022-08-31,UNH,-0.0069508418758160145
2022-08-31,TXN,0.02191782990534513
2022-08-31,TMUS,0.00459799989286377
2022-08-31,KO,0.0040905231143437935
2022-08-31,TGT,0.03493169417450287
2022-08-31,T,0.007809188881871287
2022-08-31,SPG,0.010871769711857297
2022-08-31,SO,-0.0013484248579635697
2022-08-31,SCHW,0.01711952718816828
2022-08-31,SBUX,0.005045445213162353
2022-08-31,RTX,-0.0026819763206294873
2022-08-31,PM,-0.0013307013080639204
2022-08-31,JPM,0.006884302207530742
2022-08-31,MMM,0.012446706417695214
2022-08-31,INTC,0.014399682314142733
2022-08-31,CMCSA,0.0076111930817951146
2022-08-31,CL,-0.00023916608408674524
2022-08-31,CAT,0.00698352602362145
2022-08-31,C,0.010977609272129468
2022-08-31,BRK-B,-0.0005099861025407875
2022-08-31,BMY,-0.0015072442244708452
2022-08-31,BLK,0.008252214118694017
2022-08-31,BKNG,0.03531886016837195
2022-08-31,BAC,0.007568119133304902
2022-08-31,COF,0.026118752187216633
2022-08-31,BA,0.026623426921839256
2022-08-31,AMZN,0.04085358264970169
2022-08-31,AMT,0.00926820609974903
2022-08-31,AMGN,0.003082692001808797
2022-08-31,AMD,0.05008138994600582
2022-08-31,AIG,0.0032795056835172942
2022-08-31,ADBE,0.06524214194515475
2022-08-31,ACN,0.011456362821540748
2022-08-31,ABT,0.0021915204989638062
2022-08-31,JNJ,0.006898225921014227
2022-08-31,AXP,0.014742540070974674
2022-08-31,COP,0.015709796727923823
2022-08-31,AAPL,0.009343761074780355
2022-08-31,CRM,0.044689872330196494
2022-08-31,COST,0.008508025068825609
2022-08-31,HON,0.0016194551111543222
2022-08-31,HD,0.014378844731048399
2022-08-31,GS,0.0060213339050349144
2022-08-31,GOOGL,0.025934556048004324
2022-08-31,GOOG,0.024769009633393166
2022-08-31,GILD,-0.0029357001678522693
2022-08-31,GE,0.018628050745671237
2022-08-31,GD,-0.0032079021412083487
2022-08-31,FDX,0.026681153877999637
2022-08-31,IBM,-0.0013307013080639204
2022-08-31,F,0.03442696756789289
2022-08-31,EMR,0.015254671126878085
2022-08-31,DUK,0.003250782279866698
2022-08-31,DIS,0.004065996530535561
2022-08-31,DHR,0.013972308622190078
2022-08-31,DE,0.016337676616831234
2022-08-31,CVX,0.005167867659942582
2022-08-31,CVS,-0.00535230418436571
2022-08-31,CSCO,0.009212397775728909
2022-09-30,ORCL,0.020547265382841396
2022-09-30,MRK,-0.005487155278522294
2022-09-30,MS,0.013169991718415645
2022-09-30,MSFT,0.008272943765195422
2022-09-30,NVDA,0.027075764519778247
2022-09-30,NFLX,0.06416802993972917
2022-09-30,NKE,0.016709856240641422
2022-09-30,MO,0.004018408408784234
2022-09-30,NEE,0.00955249765531413
2022-09-30,XOM,0.020288958360716564
2022-09-30,MA,0.022871843390771755
2022-09-30,MDT,0.0024333745146155965
2022-09-30,MDLZ,-0.038608645950063934
2022-09-30,MCD,0.004319115336316634
2022-09-30,LOW,0.007870761938562459
2022-09-30,LMT,0.012414044395251582
2022-09-30,LLY,-0.0014601786761646758
2022-09-30,LIN,0.009715224663214159
2022-09-30,KO,0.0020496247786408813
2022-09-30,MET,-0.006070814673519555
2022-09-30,PEP,0.0025783137748979987
2022-09-30,WMT,0.007261747467970083
2022-09-30,PG,0.0024718452740683976
2022-09-30,WFC,0.02140011515226666
2022-09-30,VZ,-0.02967028587543505
2022-09-30,V,0.015186509389375321
2022-09-30,USB,0.019851161856197768
2022-09-30,UPS,0.010660819707486849
2022-09-30,UNP,-0.00816938218457998
2022-09-30,UNH,-0.005625353032473903
2022-09-30,TXN,0.0138246783641056
2022-09-30,TMUS,0.0075551100866981654
2022-09-30,TMO,0.020933200695312477
2022-09-30,TGT,0.011142698496083276
2022-09-30,T,0.010662659434079763
2022-09-30,SPG,0.017501189590885095
2022-09-30,SO,-0.009174600452325002
2022-09-30,SCHW,0.016914748319446702
2022-09-30,SBUX,0.00012631611276988874
2022-09-30,RTX,0.002088915577973805
2022-09-30,QCOM,0.04414745688260979
2022-09-30,PM,0.003450028634034064
2022-09-30,PFE,0.005223716061068697
2022-09-30,JNJ,0.0018298155878047923
2022-09-30,MMM,0.013207500179763963
2022-09-30,IBM,0.002307605165875374
2022-09-30,CAT,0.007374662097347679
2022-09-30,C,0.004775213409842586
2022-09-30,BRK-B,-0.00019206703596489456
2022-09-30,BMY,-0.005305809075731062
2022-09-30,BLK,0.0010221750752978684
2022-09-30,BKNG,0.03111134751100112
2022-09-30,BAC,0.009858964930868372
2022-09-30,BA,0.04597115056780293
2022-09-30,AXP,0.03777966281529154
2022-09-30,AMZN,0.04023896327572981
2022-09-30,AMT,0.023325363289531432
2022-09-30,AMGN,-0.0017567102173472234
2022-09-30,AMD,0.034830651623335145
2022-09-30,AIG,0.02140011515226666
2022-09-30,ADBE,0.030367652791038938
2022-09-30,ACN,0.014641719956920738
2022-09-30,ABT,0.0008607536311022684
2022-09-30,AAPL,0.0007490012642885465
2022-09-30,INTC,-0.01389947531257025
2022-09-30,CL,0.0005170832481389856
2022-09-30,CMCSA,-0.015516721168021436
2022-09-30,JPM,0.01265874401693653
2022-09-30,COP,0.02501586213243461
2022-09-30,COF,0.013578943067357364
2022-09-30,HD,0.007870761938562459
2022-09-30,GS,0.020933200695312477
2022-09-30,GOOGL,0.017501189590885095
2022-09-30,GOOG,0.017501189590885095
2022-09-30,GILD,-0.001616087932552453
2022-09-30,GE,-0.01788317598300306
2022-09-30,GD,-0.00798688932124916
2022-09-30,FDX,0.04190937769097947
2022-09-30,F,0.04282405763466458
2022-09-30,HON,0.0041922652644450185
2022-09-30,DUK,-0.03356610473585796
2022-09-30,DIS,-0.0380105046905083
2022-09-30,DHR,0.005587085557383204
2022-09-30,DE,0.03407539031857643
2022-09-30,CVX,0.010429845191376262
2022-09-30,CVS,-0.008618182765306334
2022-09-30,CSCO,0.01946666052405092
2022-09-30,CRM,0.007074240063281468
2022-09-30,COST,0.006544330885356517
2022-09-30,EMR,0.013679901515999978
2022-10-31,PEP,-0.005662288665652887
2022-10-31,MS,-0.006970100397767778
2022-10-31,MSFT,-0.04170750398125484
2022-10-31,NEE,-0.0004765816261475733
2022-10-31,ORCL,-0.05246809432984026
2022-10-31,NKE,0.03768439475179959
2022-10-31,NVDA,0.03530936819615081
2022-10-31,MRK,-0.012782353885228139
2022-10-31,NFLX,0.02507406104232444
2022-10-31,MO,-0.009051132844658652
2022-10-31,MCD,-0.010236269429061346
2022-10-31,MET,-0.005371050414413687
2022-10-31,MDT,-0.01052950464947567
2022-10-31,MDLZ,-0.005236359050425908
2022-10-31,MA,0.0024544050760115454
2022-10-31,LOW,-0.003972498949716918
2022-10-31,LMT,-0.010713048549451725
2022-10-31,LLY,-0.003106253574241839
2022-10-31,LIN,-0.0003604622974245785
2022-10-31,MMM,-0.00722001924036466
2022-10-31,PFE,-0.00018868916047597495
2022-10-31,KO,-0.005801774975384562
2022-10-31,PM,-0.008748350985444225
2022-10-31,WMT,-0.0015970764097365455
2022-10-31,WFC,-0.004390658845404935
2022-10-31,VZ,-0.006098337434105174
2022-10-31,V,-0.0017935987737934863
2022-10-31,USB,-0.015279835760626572
2022-10-31,UPS,-4.366699018032628e-05
2022-10-31,UNP,0.001049637723905834
2022-10-31,UNH,-0.0084912144378345
2022-10-31,TXN,-0.0018902911677176136
2022-10-31,TMUS,-0.008371579357929815
2022-10-31,TMO,-0.00027804652543617607
2022-10-31,TGT,-0.018851515305337806
2022-10-31,T,-0.0006966440212311664
2022-10-31,SPG,-0.043040677170970446
2022-10-31,SO,-0.0011651387229564397
2022-10-31,SCHW,0.014356097130688457
2022-10-31,SBUX,-0.006321299246566866
2022-10-31,RTX,-0.004874136398284449
2022-10-31,QCOM,0.04263662441106398
2022-10-31,PG,-0.00767121761279551
2022-10-31,JPM,-0.02788819802512862
2022-10-31,XOM,-0.001354300473106099
2022-10-31,INTC,-0.013880169326432542
2022-10-31,CL,-0.004527530519868492
2022-10-31,CAT,-0.00986937300141085
2022-10-31,C,-0.06197013210378995
2022-10-31,BRK-B,-0.006734541288530367
2022-10-31,BMY,-0.011114219733296172
2022-10-31,BLK,-0.060500190838394745
2022-10-31,BKNG,-0.025660235485055322
2022-10-31,BAC,-0.0453398970023899
2022-10-31,BA,0.01557720878329723
2022-10-31,AXP,0.0042966587731679325
2022-10-31,AMZN,0.028544048544721593
2022-10-31,AMT,-0.007281549043802751
2022-10-31,AMGN,-0.013619971617911092
2022-10-31,AMD,0.04803205922197924
2022-10-31,AIG,-0.006671156022325839
2022-10-31,ADBE,0.09766329926207347
2022-10-31,ACN,-0.023476227966116033
2022-10-31,ABT,0.0009055749797822384
2022-10-31,AAPL,0.0027905867998181334
2022-10-31,CMCSA,-0.02355171967566627
2022-10-31,COF,-0.014975806225217884
2022-10-31,JNJ,-0.0007005255395255961
2022-10-31,COST,-0.002135835694954148
2022-10-31,IBM,-0.013195122163211719
2022-10-31,HON,-0.01019720078912749
2022-10-31,HD,-0.01275135131703077
2022-10-31,GS,-0.01624482628995287
2022-10-31,GOOGL,-0.025094103261779556
2022-10-31,COP,0.01377592592929677
2022-10-31,GILD,-0.01217423313086998
2022-10-31,GE,-0.07355177143778124
2022-10-31,GD,-0.01280417093334341
2022-10-31,FDX,0.02404454092633863
2022-10-31,GOOG,-0.023871560098671165
2022-10-31,EMR,-0.001075383504303649
2022-10-31,DUK,0.007834243064401503
2022-10-31,DIS,-0.058004096827305514
2022-10-31,DHR,-0.0037180167015369732
2022-10-31,DE,0.014445845022108845
2022-10-31,CVX,-0.00914147561118919
2022-10-31,CVS,0.0035292248806790823
2022-10-31,CSCO,-0.012471411281383496
2022-10-31,CRM,0.06966466479434312
2022-10-31,F,0.01149285364783069
2022-11-30,MS,-0.003240682064024158
2022-11-30,MSFT,-0.01652289501402529
2022-11-30,NEE,-0.00045641914476514996
2022-11-30,ORCL,0.004577031684560581
2022-11-30,NKE,-0.003841880684023984
2022-11-30,NVDA,0.007770052175178736
2022-11-30,MRK,-0.01145340104166246
2022-11-30,NFLX,0.07026033963940499
2022-11-30,MO,-0.004435555458568283
2022-11-30,LIN,-0.00045641914476514996
2022-11-30,MET,-0.00660953272741756
2022-11-30,MDT,0.01973321203935882
2022-11-30,MDLZ,-0.009361572972843747
2022-11-30,MCD,-0.002975666527576981
2022-11-30,MA,0.0031172745760943564
2022-11-30,LOW,-0.008183536657878855
2022-11-30,LMT,0.00332725034341879
2022-11-30,LLY,0.00105851948129834
2022-11-30,PEP,-0.005167923341732988
2022-11-30,MMM,0.0032448779686586704
2022-11-30,PFE,0.00016451911047319885
2022-11-30,TGT,0.021281374826738298
2022-11-30,PM,-0.008958521665880572
2022-11-30,KO,-0.006949538884625968
2022-11-30,WMT,0.0027346022966889885
2022-11-30,WFC,0.0074928887738247
2022-11-30,VZ,-0.0039328968056393365
2022-11-30,V,-0.003914393410200349
2022-11-30,USB,-0.00045641914476514996
2022-11-30,UPS,-0.0026486759589211604
2022-11-30,UNP,-0.0003700686170189162
2022-11-30,UNH,-0.008610209389020827
2022-11-30,TXN,-0.00380439086399032
2022-11-30,TMUS,0.005494373126369584
2022-11-30,TMO,-0.003240682064024158
2022-11-30,T,0.0017161022471996795
2022-11-30,SPG,-0.011342475481240509
2022-11-30,SO,-0.0015186113090446807
2022-11-30,SCHW,0.018347631921847036
2022-11-30,SBUX,0.00751502724535391
2022-11-30,RTX,0.0021450370383296227
2022-11-30,QCOM,0.029437473612083282
2022-11-30,PG,-0.0076028256403843295
2022-11-30,XOM,0.010200971877969962
2022-11-30,JPM,-0.0026486759589211604
2022-11-30,INTC,0.008712270192593925
2022-11-30,CL,-0.003566003900851459
2022-11-30,CAT,0.004180012407438105
2022-11-30,C,-0.003281429931669117
2022-11-30,BRK-B,-0.006138297039764039
2022-11-30,BMY,-0.004113537970543429
2022-11-30,BLK,-0.002265033580647449
2022-11-30,BKNG,0.016731603613912693
2022-11-30,BA,0.05198650736945701
2022-11-30,AXP,0.016960112246743497
2022-11-30,AMZN,0.027073485824972616
2022-11-30,AMT,-0.003522367538916586
2022-11-30,AMGN,0.0032269911287720813
2022-11-30,AMD,0.003744796825233337
2022-11-30,AIG,0.0022923371752099765
2022-11-30,ADBE,0.05090289520728409
2022-11-30,ACN,0.0001208301178212983
2022-11-30,ABT,-0.0003700686170189162
2022-11-30,AAPL,0.00697558857993846
2022-11-30,JNJ,-0.0021362506993936863
2022-11-30,CMCSA,-0.013060235737596371
2022-11-30,COF,-0.009850253669331278
2022-11-30,BAC,0.0009005979856417162
2022-11-30,COST,-0.001048425249868148
2022-11-30,COP,0.020539406865826348
2022-11-30,HON,-0.009061451788091734
2022-11-30,HD,-0.005505057912049096
2022-11-30,GS,-0.0026486759589211604
2022-11-30,GOOGL,-0.003242708826231184
2022-11-30,GOOG,-0.003242708826231184
2022-11-30,GILD,-0.00940619674781197
2022-11-30,GE,0.009858821807391394
2022-11-30,GD,-0.005192074799992764
2022-11-30,FDX,0.014982318640974625
2022-11-30,IBM,-0.009689419600052252
2022-11-30,EMR,-7.859277270537029e-05
2022-11-30,F,0.021561638463201444
2022-11-30,CSCO,-0.002422578652503589
2022-11-30,CVS,-0.0007335455198467809
2022-11-30,CVX,0.003888259010561882
2022-11-30,CRM,0.046515721489279564
2022-11-30,DHR,-0.012603335851722209
2022-11-30,DIS,0.016054645839166264
2022-11-30,DUK,0.004844113256364828
2022-11-30,DE,0.01593769111869705
2022-12-30,MRK,-0.00415038416266507
2022-12-30,MS,0.0192430053184686
2022-12-30,MSFT,-0.001880135343595473
2022-12-30,NVDA,0.04301735518851722
2022-12-30,NFLX,0.04969049988931551
2022-12-30,NKE,-0.022240316696676685
2022-12-30,MO,-0.0021435206549407122
2022-12-30,NEE,0.0051341688943867154
2022-12-30,MMM,0.0009803592825288472
2022-12-30,KO,-0.0027782929978974595
2022-12-30,MDT,0.0015948322965547747
2022-12-30,MDLZ,-0.002877865282062663
2022-12-30,MCD,-0.0014653601986162577
2022-12-30,MA,0.0060581540143434115
2022-12-30,LOW,0.02117878135427599
2022-12-30,LMT,0.004530110192497171
2022-12-30,LLY,0.005550463088865843
2022-12-30,LIN,0.007347741601684308
2022-12-30,ORCL,0.006581705404039758
2022-12-30,MET,-0.003327687450519871
2022-12-30,PEP,-0.0014169612276399113
2022-12-30,TGT,0.017487997433417165
2022-12-30,PG,-0.004103295361781624
2022-12-30,XOM,0.011836969546611528
2022-12-30,JPM,0.006581705404039758
2022-12-30,WFC,0.04076278647316798
2022-12-30,VZ,-0.003990162643070111
2022-12-30,V,0.007347741601684308
2022-12-30,USB,0.006581705404039758
2022-12-30,UPS,0.020810259417291515
2022-12-30,UNP,0.008976918301370209
2022-12-30,UNH,-0.008634710213396554
2022-12-30,PFE,0.00432666653344057
2022-12-30,TXN,0.0192430053184686
2022-12-30,TMO,0.006824190211987961
2022-12-30,T,0.005865284521580688
2022-12-30,SPG,0.006091502631246017
2022-12-30,SO,-0.003965757401165942
2022-12-30,SCHW,0.019579628130494332
2022-12-30,SBUX,0.01539907637361448
2022-12-30,RTX,0.002911884795140182
2022-12-30,QCOM,0.030976069553393774
2022-12-30,PM,-0.00562890668870488
2022-12-30,TMUS,0.007157709526969368
2022-12-30,WMT,0.013327217191368687
2022-12-30,JNJ,-0.002111829084418114
2022-12-30,IBM,-0.005915153813111431
2022-12-30,CL,-0.0023856367709717717
2022-12-30,CAT,0.010538407497542607
2022-12-30,C,0.031190187239104127
2022-12-30,BRK-B,-0.001260297441270659
2022-12-30,BMY,-0.0036103923021313113
2022-12-30,BLK,0.00887695004872153
2022-12-30,BKNG,0.02742235842712968
2022-12-30,BAC,0.0192430053184686
2022-12-30,AXP,0.030932833389684507
2022-12-30,AMZN,0.06275356782484107
2022-12-30,AMT,0.006824190211987961
2022-12-30,AMGN,-0.01013796521749709
2022-12-30,AMD,0.04619467465349708
2022-12-30,AIG,0.0034293467242603962
2022-12-30,ADBE,0.0084569418033811
2022-12-30,ACN,0.013308402829269718
2022-12-30,ABT,0.0035606303357960246
2022-12-30,AAPL,0.0014077714792120036
2022-12-30,INTC,0.019596208537574024
2022-12-30,CMCSA,0.002820177237755708
2022-12-30,COF,-0.002281137429652674
2022-12-30,BA,0.03255712457416187
2022-12-30,COST,0.029670118903063453
2022-12-30,COP,0.023235922917890988
2022-12-30,HD,0.006824190211987961
2022-12-30,GS,0.0192430053184686
2022-12-30,GOOGL,0.014007495749745634
2022-12-30,GOOG,0.014007495749745634
2022-12-30,GILD,-0.0063815821654993835
2022-12-30,GE,0.015230439613949601
2022-12-30,GD,-0.006066696222912128
2022-12-30,FDX,-0.00016621205043717513
2022-12-30,F,0.0218489887859553
2022-12-30,HON,-0.009882048229771906
2022-12-30,DUK,-0.0025580761928881432
2022-12-30,DIS,0.009618454731817069
2022-12-30,DHR,0.007199554986278822
2022-12-30,DE,0.013182630309251642
2022-12-30,CVX,0.019379268242094273
2022-12-30,CVS,0.019822609440661797
2022-12-30,CSCO,0.006581705404039758
2022-12-30,CRM,0.016467202664403355
2022-12-30,EMR,0.0035606303357960246
2023-01-31,MRK,-0.00310183709358488
2023-01-31,MS,-0.0034804554720639785
2023-01-31,MSFT,0.0070788034643815565
2023-01-31,NVDA,-0.028466230706851704
2023-01-31,NFLX,0.07500216435253326
2023-01-31,NKE,0.014648823518920212
2023-01-31,MO,-0.0012389224678443292
2023-01-31,NEE,0.008550303133673297
2023-01-31,MMM,0.007527621787295189
2023-01-31,KO,-0.0008837718737241575
2023-01-31,MDT,-0.0008176720206417032
2023-01-31,MDLZ,-0.000454509838892439
2023-01-31,MCD,-0.0008881229539291777
2023-01-31,MA,-0.0009276890820934685
2023-01-31,LOW,0.0068323092398752195
2023-01-31,LMT,0.0034674709431643837
2023-01-31,LLY,0.004566353251224142
2023-01-31,LIN,0.002474120328461941
2023-01-31,ORCL,0.0015779920835520805
2023-01-31,MET,-0.008586320004332227
2023-01-31,PEP,0.001776061027128915
2023-01-31,TGT,0.024631075279196966
2023-01-31,PG,0.00836257369257512
2023-01-31,JPM,0.003758736418637884
2023-01-31,WMT,0.0056505706505409585
2023-01-31,WFC,-0.0007893337847659736
2023-01-31,VZ,-0.003326599910815868
2023-01-31,V,-0.003373285214528344
2023-01-31,USB,-0.005917128042255254
2023-01-31,UPS,0.00021596969264933702
2023-01-31,UNP,0.007320401632068183
2023-01-31,UNH,-0.007419253948064131
2023-01-31,PFE,0.027582483936793113
2023-01-31,TXN,-0.0027851041975979715
2023-01-31,TMO,0.0035105160493438246
2023-01-31,T,-0.0032688327393664562
2023-01-31,SPG,0.0023216296853592585
2023-01-31,SO,-0.0038544017765622164
2023-01-31,SCHW,0.03805425715148576
2023-01-31,SBUX,0.001664871984305537
2023-01-31,RTX,0.0025497124787493813
2023-01-31,QCOM,0.02645726256594887
2023-01-31,PM,-0.007714907556966957
2023-01-31,TMUS,0.002551141980521677
2023-01-31,XOM,0.007353195937769686
2023-01-31,JNJ,0.0057200502074752765
2023-01-31,IBM,-0.005717760601371413
2023-01-31,CL,0.0003846070839955097
2023-01-31,CAT,0.0077725765989326455
2023-01-31,C,-0.015641329611072907
2023-01-31,BRK-B,-0.00394809580104205
2023-01-31,BMY,-0.0017595354012944501
2023-01-31,BLK,0.016530448106239735
2023-01-31,BKNG,0.017197301969744193
2023-01-31,BAC,-0.004187017777848216
2023-01-31,BA,0.03632981270684747
2023-01-31,AXP,0.008662839722013014
2023-01-31,AMZN,0.021959183163713755
2023-01-31,AMT,0.0008145010191029738
2023-01-31,AMGN,-0.0039044105869126054
2023-01-31,AMD,0.02629027344244639
2023-01-31,AIG,0.00589526157751586
2023-01-31,ADBE,0.001892186519624507
2023-01-31,ACN,0.0035116342788560364
2023-01-31,ABT,0.002628531385318793
2023-01-31,AAPL,-0.009395963143898806
2023-01-31,CMCSA,-0.004329438061086632
2023-01-31,COF,-0.017179023483822983
2023-01-31,INTC,-0.012566597961982302
2023-01-31,COST,-0.0027851041975979715
2023-01-31,COP,0.02310600054373208
2023-01-31,HON,-0.006092098915650364
2023-01-31,HD,0.0001763614204776385
2023-01-31,GS,-0.0033788498008182205
2023-01-31,GOOGL,-0.007743930961696854
2023-01-31,GOOG,-0.007184792183414751
2023-01-31,GE,0.001664871984305537
2023-01-31,GD,-0.0034611374187457264
2023-01-31,FDX,0.007425321730022838
2023-01-31,GILD,-0.011125145106614425
2023-01-31,EMR,0.012341606067790114
2023-01-31,DUK,-0.0011138522319482326
2023-01-31,DIS,-0.014477203715378863
2023-01-31,CRM,0.033766313047920674
2023-01-31,DHR,0.012771242716896291
2023-01-31,DE,0.01349255827610853
2023-01-31,CVX,0.017954151486199346
2023-01-31,CVS,0.007727907541834297
2023-01-31,CSCO,0.0028864247702075374
2023-01-31,F,0.019352829727493432
2023-02-28,MRK,-0.00515808794792938
2023-02-28,MS,0.0027387827678916924
2023-02-28,MSFT,0.010417302732211583
2023-02-28,NVDA,0.014036877090267238
2023-02-28,NFLX,0.042432028561886936
2023-02-28,NKE,0.03782932134039694
2023-02-28,MO,-0.003733946811426313
2023-02-28,NEE,0.009570923478011207
2023-02-28,MMM,0.010486135617329811
2023-02-28,KO,0.00026977739143329194
2023-02-28,MDT,0.004878208500733373
2023-02-28,MDLZ,-0.0009771460723683463
2023-02-28,MCD,-0.002048139680291013
2023-02-28,MA,0.008704046134584184
2023-02-28,LOW,0.010417302732211583
2023-02-28,LMT,0.0015777330976845803
2023-02-28,LLY,0.005216498566210515
2023-02-28,LIN,-0.0031889356526499037
2023-02-28,ORCL,0.00639262046789391
2023-02-28,MET,-0.003733946811426313
2023-02-28,PEP,0.002162562212482975
2023-02-28,TGT,0.04082159518328591
2023-02-28,PG,0.0010116956823733529
2023-02-28,JPM,0.0011686735536073649
2023-02-28,WMT,0.006727319978195329
2023-02-28,WFC,0.0027687963348650146
2023-02-28,VZ,0.0004285663085504774
2023-02-28,V,0.00875805532208189
2023-02-28,USB,0.00925004038875174
2023-02-28,UPS,0.0022022095006760866
2023-02-28,UNP,0.0018748327400514926
2023-02-28,UNH,-0.0017901253600264705
2023-02-28,PFE,0.019098818030276993
2023-02-28,TXN,0.006826462846664094
2023-02-28,TMO,0.009570923478011207
2023-02-28,T,-0.0038371083672102614
2023-02-28,SPG,0.008389217435283121
2023-02-28,SO,-0.0006465566463528305
2023-02-28,SCHW,0.017827299839089684
2023-02-28,SBUX,0.022605758146088676
2023-02-28,RTX,-0.0015235565974177994
2023-02-28,QCOM,0.02629743988301507
2023-02-28,PM,0.008708148748735935
2023-02-28,TMUS,0.004334578123627526
2023-02-28,XOM,0.01924928992918918
2023-02-28,JNJ,0.006936912226699375
2023-02-28,IBM,-0.00749502174708942
2023-02-28,CL,-0.00154301147454082
2023-02-28,CAT,0.012627399888039225
2023-02-28,C,0.00740363003055849
2023-02-28,BRK-B,-0.002765940666426632
2023-02-28,BMY,-0.0008294030811644855
2023-02-28,BLK,0.036499742517020255
2023-02-28,BKNG,0.021936895194001403
2023-02-28,BAC,0.00987888102171042
2023-02-28,AXP,0.010417302732211583
2023-02-28,AMZN,0.05256587782828661
2023-02-28,AMT,0.021951018611705814
2023-02-28,AMGN,0.00047008692415318685
2023-02-28,AMD,0.0391707681539086
2023-02-28,AIG,0.008247797933317733
2023-02-28,ADBE,0.04432513373953507
2023-02-28,ACN,0.009311300730203574
2023-02-28,ABT,0.009384667415572293
2023-02-28,AAPL,0.010417302732211583
2023-02-28,INTC,0.0619604518887267
2023-02-28,CMCSA,0.02532266027252234
2023-02-28,COF,0.027236926808622854
2023-02-28,BA,0.04030580980110616
2023-02-28,COST,0.009311300730203574
2023-02-28,COP,0.032642579666750514
2023-02-28,HD,0.02241685370535982
2023-02-28,GS,0.006578481089898611
2023-02-28,GOOGL,0.03185285928432285
2023-02-28,GOOG,0.03656631352057778
2023-02-28,GILD,-0.0038050374531795003
2023-02-28,GE,0.008428548178690693
2023-02-28,GD,-0.003213101712595696
2023-02-28,FDX,0.020840680791300123
2023-02-28,F,0.034544715436720795
2023-02-28,HON,-0.007760895745805352
2023-02-28,DUK,0.008462988335113785
2023-02-28,DIS,0.028211392892300912
2023-02-28,DHR,0.037826935064269776
2023-02-28,DE,0.013424329980344589
2023-02-28,CVX,0.02244966234888946
2023-02-28,CVS,1.812411115483562e-05
2023-02-28,CSCO,0.005989900541764159
2023-02-28,CRM,0.01583360094494614
2023-02-28,EMR,0.02241685370535982
2023-03-31,PEP,-0.002064616436123604
2023-03-31,MS,0.009340934186012999
2023-03-31,MSFT,-0.004372905236822359
2023-03-31,NEE,-0.0014327665705704496
2023-03-31,ORCL,-0.002441971307809741
2023-03-31,NKE,0.02207673922537969
2023-03-31,NVDA,0.05127870571656274
2023-03-31,MRK,-0.005107160429757329
2023-03-31,NFLX,0.04504413812107915
2023-03-31,MO,-0.0039012234706090076
2023-03-31,MCD,-0.004407532059060907
2023-03-31,MET,0.026217151178600795
2023-03-31,MDT,0.003516532345244774
2023-03-31,MDLZ,-0.004870658717875204
2023-03-31,MA,0.0013352228441474736
2023-03-31,LOW,0.0008554190416377599
2023-03-31,LMT,-0.0066990889226228555
2023-03-31,LLY,-0.0027029730927421213
2023-03-31,LIN,0.0015345689761576415
2023-03-31,MMM,0.0020267322099573847
2023-03-31,PFE,-0.004908585294862036
2023-03-31,XOM,0.014765440504327107
2023-03-31,PM,-0.006642141115229323
2023-03-31,KO,-0.002064616436123604
2023-03-31,WMT,0.001319741743637841
2023-03-31,WFC,0.028438327741950695
2023-03-31,VZ,-0.004303935572198318
2023-03-31,V,0.0025766534429007937
2023-03-31,USB,0.022878335553762192
2023-03-31,UPS,-0.0016918376077375598
2023-03-31,UNP,0.007872568125557526
2023-03-31,UNH,-0.0035881621938698644
2023-03-31,PG,-0.002471521393265097
2023-03-31,TXN,-0.004065217200499497
2023-03-31,TMO,-0.004788761253061694
2023-03-31,TGT,0.026670244928363587
2023-03-31,T,-0.006779895765222353
2023-03-31,SPG,0.020587573405553297
2023-03-31,SO,-0.005997647275379209
2023-03-31,SCHW,0.05252015030139011
2023-03-31,SBUX,-0.0016553687908923175
2023-03-31,RTX,-0.0048556113391193265
2023-03-31,QCOM,0.022996541024295807
2023-03-31,TMUS,-0.006457621668947896
2023-03-31,JPM,0.01990854799877938
2023-03-31,JNJ,-0.002064616436123604
2023-03-31,INTC,-0.01914239276579002
2023-03-31,CMCSA,-0.004964354874677599
2023-03-31,CL,-0.002232041399617061
2023-03-31,CAT,0.021174375226347446
2023-03-31,C,0.03291871272578615
2023-03-31,BRK-B,-0.003936701990507391
2023-03-31,BMY,-0.002064616436123604
2023-03-31,BLK,0.013832329749662703
2023-03-31,BKNG,0.012008360850274211
2023-03-31,BAC,0.028322780396565092
2023-03-31,BA,0.023012621389015508
2023-03-31,AXP,0.028458552358365988
2023-03-31,AMZN,0.026903425525003955
2023-03-31,AMT,-0.0009106855863254149
2023-03-31,AMGN,-0.002232041399617061
2023-03-31,AMD,0.05688032819963574
2023-03-31,AIG,0.03041495506457906
2023-03-31,ADBE,-7.616066507358513e-05
2023-03-31,ACN,-0.0067341623601710485
2023-03-31,ABT,-0.0037301650058672495
2023-03-31,COF,0.028317173597524517
2023-03-31,COP,0.031934378165317814
2023-03-31,AAPL,-0.0017346107453040688
2023-03-31,CRM,0.028158168368347117
2023-03-31,COST,-0.0026523949100213046
2023-03-31,IBM,-0.005236915973829805
2023-03-31,HON,-0.003048886518399146
2023-03-31,HD,0.0024295047204447085
2023-03-31,GS,0.020950796546531886
2023-03-31,GOOGL,-0.005026965524674823
2023-03-31,GILD,-0.005958990041303889
2023-03-31,GE,0.003287231593021386
2023-03-31,GD,-0.004531012638945223
2023-03-31,GOOG,-0.00052215075100944
2023-03-31,F,0.015304573064424943
2023-03-31,EMR,0.002129397417934217
2023-03-31,DUK,-0.004104126954000848
2023-03-31,CSCO,-0.002019102848438374
2023-03-31,DIS,-0.008306668101081686
2023-03-31,DHR,-0.0026523949100213046
2023-03-31,DE,0.015754747380478423
2023-03-31,CVX,-0.001459428201460265
2023-03-31,CVS,0.009831547953279235
2023-03-31,FDX,0.018049692159662695
2023-04-28,MRK,-0.006140551284969967
2023-04-28,MS,-0.0006115013157306031
2023-04-28,MSFT,0.0009931026789930103
2023-04-28,ORCL,-0.0004106508349398126
2023-04-28,NFLX,0.03229041855347219
2023-04-28,NKE,0.022791255871754536
2023-04-28,NVDA,0.04296410086228823
2023-04-28,NEE,0.00029956424651773325
2023-04-28,MO,-0.006431628234984905
2023-04-28,LIN,-0.0034976817837610225
2023-04-28,MET,-0.0016384974272265834
2023-04-28,MDT,-0.004274288429415874
2023-04-28,MDLZ,-0.0069585783807104
2023-04-28,MCD,-0.0025268055697900632
2023-04-28,MA,-0.0004838593174553899
2023-04-28,LOW,-0.002144723086100324
2023-04-28,LMT,-0.004720658023846998
2023-04-28,LLY,-0.006396774080022806
2023-04-28,PEP,-0.00037939573309765933
2023-04-28,MMM,-0.02627783632685356
2023-04-28,PFE,0.0014548078836356245
2023-04-28,TMO,0.002415675241612491
2023-04-28,PM,-0.004053003039188089
2023-04-28,KO,0.001488715440011288
2023-04-28,WMT,-0.0009472850235478775
2023-04-28,WFC,-0.0009296068468490523
2023-04-28,VZ,-0.002856708823378074
2023-04-28,V,-0.004113441751801967
2023-04-28,USB,-0.0024910112299568604
2023-04-28,UPS,0.020978986054525056
2023-04-28,UNP,0.009362553621501206
2023-04-28,UNH,-0.00394616727505292
2023-04-28,TXN,0.008250834825383377
2023-04-28,TMUS,-0.01353202690011782
2023-04-28,TGT,0.017662224886988664
2023-04-28,T,0.013354927681656187
2023-04-28,SPG,-0.0020540109877546196
2023-04-28,SO,-0.004326531459225909
2023-04-28,SCHW,0.031793809270324803
2023-04-28,SBUX,-0.004164144291826682
2023-04-28,RTX,-0.005495837951794452
2023-04-28,QCOM,0.03312759919203113
2023-04-28,PG,-0.0038341109456728503
2023-04-28,XOM,0.00511710237096465
2023-04-28,JPM,-0.00370141111458717
2023-04-28,INTC,0.011972342808480273
2023-04-28,CL,-0.006215641715849498
2023-04-28,CAT,0.017370777214866597
2023-04-28,C,0.006210140620806341
2023-04-28,BRK-B,-0.005686265825304115
2023-04-28,BMY,-0.002526911879841706
2023-04-28,BLK,0.007626094399245859
2023-04-28,BKNG,0.012482314335244988
2023-04-28,BAC,0.0026206958075908598
2023-04-28,BA,0.025415778731062134
2023-04-28,AXP,0.01660534803967007
2023-04-28,AMZN,0.018579982055407413
2023-04-28,AMT,0.0004510885798121238
2023-04-28,AMGN,0.0007478120927409454
2023-04-28,AMD,0.052135513970831625
2023-04-28,AIG,-0.005751303628450299
2023-04-28,ADBE,0.026413684090091885
2023-04-28,ACN,-0.0025885871141654495
2023-04-28,ABT,-0.0028139655442431214
2023-04-28,AAPL,0.005100907519490018
2023-04-28,CMCSA,-0.003900107781314365
2023-04-28,COF,0.017855603513682653
2023-04-28,JNJ,-0.0029332234553051733
2023-04-28,COST,-0.005442839334756691
2023-04-28,IBM,0.0002585136678256066
2023-04-28,HON,-0.004053003039188089
2023-04-28,HD,-0.0011746019484862162
2023-04-28,GS,-0.0029616786488648665
2023-04-28,GOOGL,0.011263617848907332
2023-04-28,COP,0.02235071320569119
2023-04-28,GILD,-0.004215615110021468
2023-04-28,GE,-0.0038661510698553437
2023-04-28,GD,0.0002585136678256066
2023-04-28,FDX,0.025638883001289414
2023-04-28,GOOG,0.011620197499971502
2023-04-28,EMR,0.006487899680894406
2023-04-28,DUK,-0.0023712974378486003
2023-04-28,DIS,0.01218829622983736
2023-04-28,DHR,0.019266997717695588
2023-04-28,DE,0.0208369660833361
2023-04-28,CVX,-0.000552051183306413
2023-04-28,CVS,-0.008318577031952778
2023-04-28,CSCO,0.017521379721395638
2023-04-28,CRM,0.024224978007860883
2023-04-28,F,0.023336180426634153
2023-05-31,PEP,0.003025094035223006
2023-05-31,MS,0.0200817877250475
2023-05-31,MSFT,0.001385514537814138
2023-05-31,NEE,0.008516271748720777
2023-05-31,ORCL,-0.004190777817250848
2023-05-31,NKE,0.036043841326717715
2023-05-31,NVDA,0.00951521098441432
2023-05-31,MRK,-0.005338726299224938
2023-05-31,NFLX,0.021682401901867335
2023-05-31,MO,0.012835845080810088
2023-05-31,MCD,0.0021444518720265685
2023-05-31,MET,0.030249942188968457
2023-05-31,MDT,0.010538468768160081
2023-05-31,MDLZ,-0.003834282755544462
2023-05-31,MA,-0.005077672027175141
2023-05-31,LOW,0.0054924005096591766
2023-05-31,LMT,-0.005558781896787811
2023-05-31,LLY,-0.004920534193744026
2023-05-31,LIN,-0.004687465610870237
2023-05-31,MMM,0.036825339803660304
2023-05-31,PFE,-0.008118440542216764
2023-05-31,XOM,0.008718419981309698
2023-05-31,PM,-0.0006889159727520677
2023-05-31,KO,0.012045065495171684
2023-05-31,WMT,0.0006400083283460944
2023-05-31,WFC,-0.001488969664455355
2023-05-31,VZ,0.012542390584986475
2023-05-31,V,-0.007232762421194005
2023-05-31,USB,0.06939857672099632
2023-05-31,UPS,0.018557838293102202
2023-05-31,UNP,0.005719645057233356
2023-05-31,UNH,-0.0014190056089506155
2023-05-31,PG,0.003194097549807905
2023-05-31,TXN,-0.0019520900583710993
2023-05-31,TMO,0.019030052527985238
2023-05-31,TGT,0.03738448262325342
2023-05-31,T,0.020215292740494283
2023-05-31,SPG,0.019424875470490294
2023-05-31,SO,-0.00033422912729424097
2023-05-31,SCHW,0.021695817248897766
2023-05-31,SBUX,0.007570398287087481
2023-05-31,RTX,0.009508423147791939
2023-05-31,QCOM,0.03099641770358004
2023-05-31,TMUS,-0.005558781896787811
2023-05-31,JPM,0.004649601834780197
2023-05-31,JNJ,0.0033589525379242135
2023-05-31,INTC,0.004139965171459231
2023-05-31,CMCSA,0.010449740589913761
2023-05-31,CL,0.011318888529935811
2023-05-31,CAT,0.00738771527552101
2023-05-31,C,0.01935351174896479
2023-05-31,BRK-B,0.002842625527348561
2023-05-31,BMY,0.004965536702947487
2023-05-31,BLK,0.011940965296594717
2023-05-31,BKNG,0.019527732435103296
2023-05-31,BAC,0.0068552875532697476
2023-05-31,BA,0.0281584227196353
2023-05-31,AXP,0.0024869316737323455
2023-05-31,AMZN,0.018486499835711566
2023-05-31,AMT,0.022999353232362338
2023-05-31,AMGN,-0.0006821685412736398
2023-05-31,AMD,0.01826308511326598
2023-05-31,AIG,0.005713269956187184
2023-05-31,ADBE,0.017108618968022783
2023-05-31,ACN,-0.004351103386802501
2023-05-31,ABT,0.010538468768160081
2023-05-31,COF,0.004953331439573434
2023-05-31,COP,0.03147609881096331
2023-05-31,AAPL,-0.0014890871206181813
2023-05-31,CRM,0.016512384545107724
2023-05-31,COST,-0.0008561053748714929
2023-05-31,IBM,-0.0022749450065510605
2023-05-31,HON,-0.00033422912729424097
2023-05-31,HD,0.008462621658676771
2023-05-31,GS,0.006492162140131408
2023-05-31,GOOGL,0.009672710702732004
2023-05-31,GILD,-0.00665683775859205
2023-05-31,GE,-0.00017531213491078437
2023-05-31,GD,0.0006681916119982987
2023-05-31,GOOG,0.011231203042237646
2023-05-31,F,0.02593747516542376
2023-05-31,EMR,0.015944445404271524
2023-05-31,DUK,0.0064725835937997
2023-05-31,CSCO,-0.005669187589118466
2023-05-31,DIS,0.04290356906119341
2023-05-31,DHR,0.0056641852596286514
2023-05-31,DE,0.01792016248671972
2023-05-31,CVX,0.019030052527985238
2023-05-31,CVS,0.011345277464316001
2023-05-31,FDX,0.024961649763528986
2023-06-30,MS,0.0004648658231508993
2023-06-30,MSFT,-0.003780129313377624
2023-06-30,NEE,0.0006740969690058152
2023-06-30,ORCL,-0.009951156274362204
2023-06-30,NKE,0.0148152320539524
2023-06-30,NVDA,0.010213258567741175
2023-06-30,MRK,-0.0061765516473393355
2023-06-30,NFLX,0.02701935355560912
2023-06-30,MO,-0.00035252410808324835
2023-06-30,LIN,-0.005108299544523762
2023-06-30,MET,-0.004366580359399659
2023-06-30,MDT,-0.008175482310167034
2023-06-30,MDLZ,-0.0034839529626595647
2023-06-30,MCD,-0.001731755939021469
2023-06-30,MA,-0.00790648817659168
2023-06-30,LOW,-0.003903454857024276
2023-06-30,LMT,-0.005285995137671078
2023-06-30,LLY,-0.009964351765165731
2023-06-30,PEP,-0.00035252410808324835
2023-06-30,MMM,0.0011219020398063316
2023-06-30,PFE,-0.002547499573164999
2023-06-30,TGT,0.008114640084921099
2023-06-30,PM,-0.003555775813311702
2023-06-30,KO,-0.0013881288672051755
2023-06-30,WMT,-0.017374896545033568
2023-06-30,WFC,-0.003978426387974288
2023-06-30,VZ,-0.026696832464942033
2023-06-30,V,-0.005047039771620393
2023-06-30,USB,-0.012995108469869477
2023-06-30,UPS,-0.0011756014071412045
2023-06-30,UNP,-0.0017093492110488364
2023-06-30,UNH,-0.005196132049149244
2023-06-30,TXN,-0.004231790665440736
2023-06-30,TMUS,-0.004268323981614598
2023-06-30,TMO,0.0010849690745078071
2023-06-30,T,-0.0004651542732352057
2023-06-30,SPG,-0.003252436494904706
2023-06-30,SO,-0.005277382746605446
2023-06-30,SCHW,0.021144086560032468
2023-06-30,SBUX,0.001166917664348374
2023-06-30,RTX,-0.006375785888568042
2023-06-30,QCOM,0.0148152320539524
2023-06-30,PG,-0.003555775813311702
2023-06-30,JPM,-0.008177466739811227
2023-06-30,XOM,-0.0022753005829397343
2023-06-30,INTC,0.01888161035242971
2023-06-30,CL,-0.0034753405715939327
2023-06-30,CAT,-0.003261559968016702
2023-06-30,C,-0.002749139098197677
2023-06-30,BRK-B,-0.0019226137106151165
2023-06-30,BMY,-0.014203353449759563
2023-06-30,BLK,-0.000362977472217887
2023-06-30,BKNG,-0.002800775142841593
2023-06-30,BAC,-0.002749139098197677
2023-06-30,BA,0.004777879209364869
2023-06-30,AXP,-0.0047350880621477645
2023-06-30,AMZN,0.02053326859844349
2023-06-30,AMT,-0.021792963454245348
2023-06-30,AMGN,-0.0034753405715939327
2023-06-30,AMD,0.023702640149611206
2023-06-30,AIG,-0.003261559968016702
2023-06-30,ADBE,0.022217735400863685
2023-06-30,ACN,-0.0012610870501066007
2023-06-30,ABT,-0.0066928307429239735
2023-06-30,AAPL,-0.0020405878385629543
2023-06-30,CMCSA,-0.0014045874884559243
2023-06-30,COF,0.02440496702600785
2023-06-30,JNJ,-0.003555775813311702
2023-06-30,COST,-0.006430839402919659
2023-06-30,COP,0.012500247671180163
2023-06-30,IBM,-0.0034753405715939327
2023-06-30,HON,-0.003564388204377334
2023-06-30,HD,0.0006835864330837235
2023-06-30,GS,0.0030503959476639907
2023-06-30,GOOGL,0.02108124312429425
2023-06-30,GILD,-0.005027864302805994
2023-06-30,GE,-0.004562000024723966
2023-06-30,GD,-0.00356277860688274
2023-06-30,FDX,0.010606804481059365
2023-06-30,GOOG,0.02211021486113047
2023-06-30,EMR,-0.0066928307429239735
2023-06-30,DUK,-0.0034753405715939327
2023-06-30,DIS,0.010030877389840352
2023-06-30,CRM,0.021129886568163017
2023-06-30,DHR,-0.0028365771334864847
2023-06-30,DE,-0.003261559968016702
2023-06-30,CVX,-0.0002755394369290797
2023-06-30,CVS,-0.002819324714437482
2023-06-30,CSCO,-0.006343401367630852
2023-06-30,F,0.007911446708070452
2023-07-31,MRK,-0.0009126747105142541
2023-07-31,MS,0.00027624409662596865
2023-07-31,MSFT,0.00256584847229297
2023-07-31,NVDA,0.024357069822370566
2023-07-31,NFLX,0.024904193143203638
2023-07-31,NKE,0.017229087970377324
2023-07-31,MO,-0.0021984087468360112
2023-07-31,NEE,-0.005914133797731633
2023-07-31,MMM,-0.0028527526942452547
2023-07-31,KO,-0.0021984087468360112
2023-07-31,MDT,-0.006508336097070019
2023-07-31,MDLZ,-0.004716263355680662
2023-07-31,MCD,-0.0023067223820457524
2023-07-31,MA,-0.006308961162777691
2023-07-31,LOW,0.000720312711064726
2023-07-31,LMT,-0.003751187028834489
2023-07-31,LLY,-0.004969566077018059
2023-07-31,LIN,-0.009516272153144066
2023-07-31,ORCL,-0.0044364623455391715
2023-07-31,MET,-0.0023995140308160747
2023-07-31,PEP,-0.004716263355680662
2023-07-31,TGT,0.003787638714512834
2023-07-31,PG,-0.005355693624558294
2023-07-31,XOM,0.001020243352884652
2023-07-31,JPM,-0.009415948512196612
2023-07-31,WFC,-0.0021270707782496956
2023-07-31,VZ,0.013247228987537246
2023-07-31,V,-0.005084013214290325
2023-07-31,USB,-0.008559860882973433
2023-07-31,UPS,0.0007789721840094711
2023-07-31,UNP,-0.0010007909117106814
2023-07-31,UNH,-0.005349951623252993
2023-07-31,PFE,-0.01567998055161894
2023-07-31,TXN,0.0009319540514750472
2023-07-31,TMO,-0.002670128384662176
2023-07-31,T,0.025079942802725626
2023-07-31,SPG,-0.0009713343967035308
2023-07-31,SO,-0.005084013214290325
2023-07-31,SCHW,0.021829922319154406
2023-07-31,SBUX,0.009058779805796746
2023-07-31,RTX,0.003270672811494115
2023-07-31,QCOM,0.010769082115834478
2023-07-31,PM,-0.0021984087468360112
2023-07-31,TMUS,-0.007570984561518395
2023-07-31,WMT,-0.0025898426814043854
2023-07-31,JNJ,-0.005084013214290325
2023-07-31,IBM,-0.006279943421172723
2023-07-31,CL,-0.0021984087468360112
2023-07-31,CAT,-0.0034460174462882334
2023-07-31,C,-0.0010731328597300093
2023-07-31,BRK-B,-0.003523449435883442
2023-07-31,BMY,2.816766335125284e-05
2023-07-31,BLK,-0.0009713343967035308
2023-07-31,BKNG,-0.0017967463132872673
2023-07-31,BAC,-0.002193611034054498
2023-07-31,AXP,0.0023532711173464
2023-07-31,AMZN,0.0244505041492128
2023-07-31,AMT,-0.018615870398755376
2023-07-31,AMGN,-0.005084013214290325
2023-07-31,AMD,0.05742635084435784
2023-07-31,AIG,0.0008446274408153857
2023-07-31,ADBE,0.0234242097581557
2023-07-31,ACN,0.003230371773258918
2023-07-31,ABT,-0.006308961162777691
2023-07-31,AAPL,0.000748749517393048
2023-07-31,INTC,0.018222411026988773
2023-07-31,CMCSA,-0.0013061550872817292
2023-07-31,COF,0.00936548515130463
2023-07-31,BA,0.0021965410176859996
2023-07-31,COST,-0.005941211304168028
2023-07-31,COP,0.008460505935864721
2023-07-31,HD,-0.0011727122495587571
2023-07-31,GS,-0.0059904922708678195
2023-07-31,GOOGL,0.0022384526773878886
2023-07-31,GOOG,0.0022384526773878886
2023-07-31,GILD,-0.00580531750587112
2023-07-31,GE,0.0018473343888682045
2023-07-31,GD,-0.004716263355680662
2023-07-31,FDX,0.011395246824137483
2023-07-31,F,0.03958829185234144
2023-07-31,HON,-0.004854335922795476
2023-07-31,DUK,-0.007639667825227244
2023-07-31,DIS,0.011748991837317856
2023-07-31,DHR,-0.0031741965959244767
2023-07-31,DE,0.0006731088173932001
2023-07-31,CVX,0.003603124885761767
2023-07-31,CVS,-0.004712708870288226
2023-07-31,CSCO,-0.005941211304168028
2023-07-31,CRM,0.012780733747980826
2023-07-31,EMR,-0.006113508732023961
2023-08-31,MS,0.0044860225441284715
2023-08-31,MSFT,0.0003471682035871263
2023-08-31,NEE,0.01078291943725847
2023-08-31,PEP,-0.0020418725910601792
2023-08-31,NKE,0.014726513611567467
2023-08-31,NVDA,0.039572443264599015
2023-08-31,ORCL,-0.0006381030845321474
2023-08-31,NFLX,0.026071211612787314
2023-08-31,MRK,-0.008465270761195213
2023-08-31,LLY,-0.002440753418618058
2023-08-31,MMM,0.002791509630335185
2023-08-31,MET,0.00531269548328524
2023-08-31,MDT,-0.0015056715382282262
2023-08-31,MDLZ,-0.00710254405009859
2023-08-31,MCD,-0.002840025327400286
2023-08-31,MA,-0.007634349433559315
2023-08-31,LOW,0.0021874884520352617
2023-08-31,LMT,-0.003994798904066648
2023-08-31,PFE,-0.011382834776967084
2023-08-31,MO,-0.001361433230810054
2023-08-31,PG,-0.0015571287941248582
2023-08-31,TMUS,-0.00796052724485142
2023-08-31,QCOM,0.03383309891512537
2023-08-31,LIN,-0.008465270761195213
2023-08-31,XOM,0.005659090118292751
2023-08-31,WMT,-0.005804938681247259
2023-08-31,WFC,0.020822938126483014
2023-08-31,VZ,-0.0081353009724523
2023-08-31,V,-0.003994798904066648
2023-08-31,USB,0.02535955975817039
2023-08-31,UPS,0.01872036363542749
2023-08-31,UNP,0.004826299165437381
2023-08-31,UNH,0.004612307445324933
2023-08-31,TXN,0.008743785520594478
2023-08-31,TMO,0.00017235754930859984
2023-08-31,TGT,0.016216041843647413
2023-08-31,T,0.0030962724517194376
2023-08-31,SPG,0.014701561330960383
2023-08-31,SO,8.53912126448494e-05
2023-08-31,SCHW,0.03833941485765303
2023-08-31,SBUX,0.004589767236873629
2023-08-31,RTX,-0.0019822210901391875
2023-08-31,PM,-0.0011579327109025833
2023-08-31,KO,0.0045678426545095975
2023-08-31,JPM,-0.004234953482760349
2023-08-31,AAPL,0.004335192772715338
2023-08-31,CMCSA,0.00873073102050851
2023-08-31,CL,0.0047367201375167825
2023-08-31,CAT,0.007384043971690466
2023-08-31,C,0.027944813882416018
2023-08-31,BRK-B,-0.005674682588421023
2023-08-31,BMY,-0.006872095818315334
2023-08-31,BLK,0.004335192772715338
2023-08-31,BAC,0.02002061868096782
2023-08-31,BA,0.014773273870958501
2023-08-31,AXP,0.004438937465460495
2023-08-31,AMZN,0.007196401384236736
2023-08-31,AMT,0.008401401494494351
2023-08-31,AMGN,-0.008023847399694726
2023-08-31,AMD,0.04190412938067151
2023-08-31,AIG,0.004438937465460495
2023-08-31,ADBE,0.024342113431030262
2023-08-31,ACN,0.008496876247941359
2023-08-31,ABT,-0.007027904693076869
2023-08-31,JNJ,-0.0003038017372118947
2023-08-31,COF,0.02924031376958051
2023-08-31,COP,0.004566555387299274
2023-08-31,BKNG,-0.002881897965298005
2023-08-31,CRM,0.015333433925800555
2023-08-31,INTC,0.024115258837727065
2023-08-31,COST,-0.003421037606984196
2023-08-31,IBM,-0.003994798904066648
2023-08-31,HON,-0.00037261855509384634
2023-08-31,HD,0.0009932081442873173
2023-08-31,GS,-0.003721690447779972
2023-08-31,GOOGL,0.003003565044489784
2023-08-31,GILD,-0.008979968108067084
2023-08-31,GE,0.00531269548328524
2023-08-31,GD,-0.0034590971212154686
2023-08-31,GOOG,0.0010007302304685937
2023-08-31,F,0.035343385781545014
2023-08-31,CSCO,-0.010865426636001253
2023-08-31,FDX,0.021900515094062455
2023-08-31,CVX,0.0009932081442873173
2023-08-31,DE,0.005931805440162633
2023-08-31,DHR,-0.0009463568066686611
2023-08-31,CVS,0.02236757537983999
2023-08-31,DUK,-0.0010011248788935824
2023-08-31,EMR,-0.00796052724485142
2023-08-31,DIS,0.001719417609120711
2023-09-29,MRK,-0.003654895471083495
2023-09-29,MS,0.0038080904590096676
2023-09-29,MSFT,0.004899845267837473
2023-09-29,NVDA,0.03253527815371095
2023-09-29,NFLX,0.03772821971378934
2023-09-29,NKE,0.02409213970777639
2023-09-29,MO,-0.003019001394541787
2023-09-29,NEE,0.006457479515615942
2023-09-29,MMM,0.013024030397603855
2023-09-29,KO,0.0023613016952502546
2023-09-29,MDT,-0.001508341548192688
2023-09-29,MDLZ,-0.006535982555378564
2023-09-29,MCD,-0.0008087394307209194
2023-09-29,MA,-0.0035918255604714547
2023-09-29,LOW,0.006622268089548795
2023-09-29,LMT,-0.002529794675996318
2023-09-29,LLY,-0.0011360020503518391
2023-09-29,LIN,-0.004523587318657735
2023-09-29,ORCL,0.013313338068112029
2023-09-29,MET,0.004911038376770089
2023-09-29,PEP,-0.0017490119789109369
2023-09-29,TGT,0.028371490053529867
2023-09-29,PG,-0.002286098051408743
2023-09-29,XOM,0.0022489999527690123
2023-09-29,JPM,-0.0031737470627539463
2023-09-29,WFC,0.0069592534650493795
2023-09-29,VZ,0.00794271488619451
2023-09-29,V,0.0003013467163057846
2023-09-29,USB,0.03272725260847724
2023-09-29,UPS,0.007506173298157755
2023-09-29,UNP,0.0027396864949254954
2023-09-29,UNH,-0.006232322383142781
2023-09-29,PFE,0.010154526127119392
2023-09-29,TXN,0.01508116159133127
2023-09-29,TMO,0.0014792896209260761
2023-09-29,T,0.0051399406583718865
2023-09-29,SPG,0.00486310752193535
2023-09-29,SO,0.0023582082915294938
2023-09-29,SCHW,0.03464282411674587
2023-09-29,SBUX,-0.002650280662787733
2023-09-29,RTX,0.020714492472509338
2023-09-29,QCOM,0.02216293717445349
2023-09-29,PM,-0.004432875509077847
2023-09-29,TMUS,-0.004125503616378708
2023-09-29,WMT,-0.004082303818520547
2023-09-29,JNJ,0.00031603095364002466
2023-09-29,IBM,-0.004045733469647512
2023-09-29,CL,0.0034761881523847006
2023-09-29,CAT,0.009015877007347588
2023-09-29,C,0.007125727902857485
2023-09-29,BRK-B,-0.005633637099315887
2023-09-29,BMY,-0.001493478981481451
2023-09-29,BLK,0.013725798931624839
2023-09-29,BKNG,0.009805098225354933
2023-09-29,BAC,0.009235926614394412
2023-09-29,AXP,0.015039247926636674
2023-09-29,AMZN,0.024769734080311877
2023-09-29,AMT,0.020002553583406666
2023-09-29,AMGN,-0.005741513180190575
2023-09-29,AMD,0.034729929084307165
2023-09-29,AIG,0.006208462683353142
2023-09-29,ADBE,0.024537668797051233
2023-09-29,ACN,0.007847624636381154
2023-09-29,ABT,0.004260737868390479
2023-09-29,AAPL,0.009760301514843263
2023-09-29,INTC,0.030742913916750575
2023-09-29,CMCSA,0.003210391092783563
2023-09-29,COF,0.018310876855428686
2023-09-29,BA,0.011869314209082679
2023-09-29,COST,-0.004261365660837921
2023-09-29,COP,0.0017365166815903872
2023-09-29,HD,-0.0018809137624333442
2023-09-29,GS,-0.00503932980146784
2023-09-29,GOOGL,0.011671004350257955
2023-09-29,GOOG,0.011671004350257955
2023-09-29,GILD,-0.013137945203156722
2023-09-29,GE,0.008884293350073064
2023-09-29,GD,-0.001613124264743249
2023-09-29,FDX,0.002993009059144688
2023-09-29,F,0.013172411749275125
2023-09-29,HON,-0.00415168916100146
2023-09-29,DUK,-0.001141545522456623
2023-09-29,DIS,0.012728932872371071
2023-09-29,DHR,0.01765073032812115
2023-09-29,DE,0.005691476464569807
2023-09-29,CVX,-0.005651060331187562
2023-09-29,CVS,-0.004583917820641769
2023-09-29,CSCO,-0.00427325999396617
2023-09-29,CRM,0.01089198214996706
2023-09-29,EMR,-0.00811749637046146
2023-10-31,MS,0.0067640411023949
2023-10-31,MSFT,0.0018440153073476199
2023-10-31,NEE,-0.005752801122869226
2023-10-31,ORCL,0.0019994617850687046
2023-10-31,NKE,-0.0007913588494453396
2023-10-31,NVDA,0.03668558872751908
2023-10-31,MRK,-0.006653317543155333
2023-10-31,NFLX,0.016072787188493844
2023-10-31,MO,-0.0016605035532642764
2023-10-31,LIN,-0.006062047457012285
2023-10-31,MET,0.0026018205822545613
2023-10-31,MDT,0.0071771752556673086
2023-10-31,MDLZ,-0.005799534811243158
2023-10-31,MCD,-0.004057979028334256
2023-10-31,MA,-0.005559624116912613
2023-10-31,LOW,0.011402541860618795
2023-10-31,LMT,-0.01041212356175927
2023-10-31,LLY,0.0009987995117525612
2023-10-31,PEP,-0.0018041505798795522
2023-10-31,MMM,-0.0015124440159808995
2023-10-31,PFE,-0.005857282370787249
2023-10-31,TGT,-0.02927755491431227
2023-10-31,PM,-0.0034572567588566166
2023-10-31,KO,-0.0041485160960099444
2023-10-31,WMT,-0.004224404007671581
2023-10-31,WFC,-0.00017230192572473624
2023-10-31,VZ,-0.00930689752556256
2023-10-31,V,-0.005673520397057235
2023-10-31,USB,0.011435195407273025
2023-10-31,UPS,0.0067640411023949
2023-10-31,UNP,-0.00555825353045705
2023-10-31,UNH,-0.007698757826742411
2023-10-31,TXN,0.0067640411023949
2023-10-31,TMUS,-0.004870350573632447
2023-10-31,TMO,0.0067640411023949
2023-10-31,T,-0.005031239013556037
2023-10-31,SPG,-0.0013310743163527608
2023-10-31,SO,-0.006076978746327516
2023-10-31,SCHW,0.02141793008723473
2023-10-31,SBUX,-0.006134592327284867
2023-10-31,RTX,-0.007125276103777298
2023-10-31,QCOM,0.021168899391008873
2023-10-31,PG,-0.004224404007671581
2023-10-31,XOM,0.005020567488374738
2023-10-31,JPM,-0.0052895809067545355
2023-10-31,INTC,0.011229879477564667
2023-10-31,CL,-0.008478419273036998
2023-10-31,CAT,-0.024164608756749077
2023-10-31,C,0.00028791968294869627
2023-10-31,BRK-B,-0.006830735005627137
2023-10-31,BMY,-0.09416622199584097
2023-10-31,BLK,-0.0028909894039395347
2023-10-31,BKNG,0.01621987385657875
2023-10-31,BA,0.0022017223260362008
2023-10-31,AXP,0.0026018205822545613
2023-10-31,AMZN,0.014443558217766701
2023-10-31,AMT,-0.0040540600959502295
2023-10-31,AMGN,-0.002624404243980871
2023-10-31,AMD,0.026849025592149037
2023-10-31,AIG,-0.00043227595268860235
2023-10-31,ADBE,0.007950599097707121
2023-10-31,ACN,0.0017707699418880315
2023-10-31,ABT,-0.004818087426444683
2023-10-31,AAPL,-0.00671304072620735
2023-10-31,JNJ,-0.003366719691180928
2023-10-31,CMCSA,-0.006735791511292196
2023-10-31,COF,0.010442590090169205
2023-10-31,BAC,-0.0002205133396343458
2023-10-31,COST,-0.005172745287711274
2023-10-31,COP,-0.0005628873778925532
2023-10-31,HON,-0.007243825238857037
2023-10-31,HD,-0.002774153784896273
2023-10-31,GS,-0.0028909894039395347
2023-10-31,GOOGL,0.018943515187289043
2023-10-31,GOOG,0.018943515187289043
2023-10-31,GILD,-0.006076978746327516
2023-10-31,GE,-0.006739039273819742
2023-10-31,GD,-0.005941383576088619
2023-10-31,FDX,0.014418572819939843
2023-10-31,IBM,-0.005801622274987008
2023-10-31,EMR,-0.0015519920753945943
2023-10-31,F,0.04186619533393991
2023-10-31,CSCO,-0.008115735092447838
2023-10-31,CVS,-0.016516421331142467
2023-10-31,CVX,0.0055289423443825045
2023-10-31,CRM,0.009311555329092258
2023-10-31,DHR,0.011399407842532476
2023-10-31,DIS,-0.00219937630140372
2023-10-31,DUK,-0.006076978746327516
2023-10-31,DE,-0.0015794352201907392
2023-11-30,MRK,-0.004007839474512305
2023-11-30,MS,0.0009138314160078253
2023-11-30,MSFT,0.0015691923276468119
2023-11-30,NVDA,0.005669730300590704
2023-11-30,NFLX,0.02094478455414336
2023-11-30,NKE,-0.0026771939695483626
2023-11-30,MO,-0.002335967965000483
2023-11-30,NEE,0.005778186646047778
2023-11-30,MMM,-0.006038179799805514
2023-11-30,KO,-0.002818206490150618
2023-11-30,MDT,-0.0028682780916053432
2023-11-30,MDLZ,-0.0040678157430350855
2023-11-30,MCD,-0.021559611904287523
2023-11-30,MA,-0.005652648229926171
2023-11-30,LOW,-0.002428299049812333
2023-11-30,LMT,0.0004687343030455829
2023-11-30,LLY,0.00040840435431228645
2023-11-30,LIN,-0.006439757580139315
2023-11-30,ORCL,-0.00017733930875819134
2023-11-30,MET,-0.0021208459059699624
2023-11-30,PEP,-0.0005564938210286432
2023-11-30,TGT,-0.001138063297901592
2023-11-30,PG,-0.0012940611775342733
2023-11-30,XOM,0.0006687955801867053
2023-11-30,JPM,-0.005018172086361823
2023-11-30,WFC,-0.0047226857789667035
2023-11-30,VZ,-0.003119101259619322
2023-11-30,V,-0.008698571182093117
2023-11-30,USB,-0.0008122292305085441
2023-11-30,UPS,-0.014420779511237656
2023-11-30,UNP,-0.005218254327715394
2023-11-30,UNH,-0.005312435357632667
2023-11-30,PFE,-0.025614854313021924
2023-11-30,TXN,-0.011660256410180744
2023-11-30,TMO,-0.014905847968574838
2023-11-30,T,-0.0047226857789667035
2023-11-30,SPG,-0.008049092761372011
2023-11-30,SO,-0.0049549535422808355
2023-11-30,SCHW,0.0009633638731468936
2023-11-30,SBUX,-0.0015539892428770093
2023-11-30,RTX,0.003991154677883037
2023-11-30,QCOM,0.0009007123906342883
2023-11-30,PM,-0.004007839474512305
2023-11-30,TMUS,-0.007044871268514535
2023-11-30,WMT,-0.0007918555721856217
2023-11-30,JNJ,-0.062353074407304
2023-11-30,IBM,-0.012932899138643992
2023-11-30,CL,-0.007940900225925007
2023-11-30,CAT,-0.00017733930875819134
2023-11-30,C,-0.012296227326429982
2023-11-30,BRK-B,-0.0024590391195425773
2023-11-30,BMY,-0.10071929364569385
2023-11-30,BLK,-0.009981281479940225
2023-11-30,BKNG,-0.00029550187576344965
2023-11-30,BAC,-0.003510683656767653
2023-11-30,AXP,-0.00823844525018463
2023-11-30,AMZN,0.00394697769864402
2023-11-30,AMT,-0.004913540733742004
2023-11-30,AMGN,-0.0030348748139914354
2023-11-30,AMD,0.011946145456632484
2023-11-30,AIG,0.001538487790753925
2023-11-30,ADBE,-0.00047873344493346075
2023-11-30,ACN,-0.00578333198561957
2023-11-30,ABT,-0.0030178485343454603
2023-11-30,AAPL,-0.006088477778016111
2023-11-30,INTC,0.006655649115459941
2023-11-30,CMCSA,-0.0021463235037110177
2023-11-30,COF,0.0013555021031829866
2023-11-30,BA,-0.00637207598478927
2023-11-30,COST,-0.0028682780916053432
2023-11-30,COP,0.007185381356327356
2023-11-30,HD,-0.003217930775699032
2023-11-30,GS,-0.014905847968574838
2023-11-30,GOOGL,-0.00017733930875819134
2023-11-30,GOOG,-0.00017733930875819134
2023-11-30,GILD,0.0008554832129069071
2023-11-30,GE,-0.007150622114772818
2023-11-30,GD,-0.002992688145424016
2023-11-30,FDX,-0.007379743722161309
2023-11-30,F,0.00572094061110872
2023-11-30,HON,-0.058521547962268446
2023-11-30,DUK,-0.007194441711254652
2023-11-30,DIS,-0.0027169538465761497
2023-11-30,DHR,-0.001850686019970729
2023-11-30,DE,0.0027445160984353014
2023-11-30,CVX,0.0012857463817040385
2023-11-30,CVS,-0.023824010516337032
2023-11-30,CSCO,-0.0015382299316729722
2023-11-30,CRM,-0.010744950245508839
2023-11-30,EMR,-0.0022371130461863484
2023-12-29,MRK,0.0010807090471762963
2023-12-29,MS,0.0018803835403903278
2023-12-29,MSFT,-0.0033355449274804177
2023-12-29,NVDA,0.02568829867253269
2023-12-29,NFLX,0.016733959672801047
2023-12-29,NKE,0.006856157404302588
2023-12-29,MO,0.003623013468850132
2023-12-29,NEE,0.0021945487100376074
2023-12-29,MMM,0.00016639889687364523
2023-12-29,KO,-0.0005442562844950602
2023-12-29,MDT,0.0034687738903864643
2023-12-29,MDLZ,-0.0025207808421046584
2023-12-29,MCD,-0.018134416498585295
2023-12-29,MA,-0.003812974737018154
2023-12-29,LOW,0.0005299900411828728
2023-12-29,LMT,0.004259189184096619
2023-12-29,LLY,0.008608575585456621
2023-12-29,LIN,-0.0048130682332759205
2023-12-29,ORCL,0.01175616432581867
2023-12-29,MET,0.0027371361452127423
2023-12-29,PEP,0.0021927810364572816
2023-12-29,TGT,0.0008574603213800893
2023-12-29,PG,0.002983356784899917
2023-12-29,JPM,-0.005487501244196039
2023-12-29,WMT,-0.002606159438011831
2023-12-29,WFC,0.0015505419272378966
2023-12-29,VZ,0.003790520508642924
2023-12-29,V,-0.004402676259009254
2023-12-29,USB,0.01672282757235759
2023-12-29,UPS,0.0009844686391584415
2023-12-29,UNP,-0.004249758353626374
2023-12-29,UNH,0.0029212483150984933
2023-12-29,PFE,0.007919243735766874
2023-12-29,TXN,-0.0015557409563478777
2023-12-29,TMO,0.0005299900411828728
2023-12-29,T,0.002089207988722519
2023-12-29,SPG,-0.00747848893200145
2023-12-29,SO,0.0015351876451518665
2023-12-29,SCHW,0.009242858725745245
2023-12-29,SBUX,0.007136741701586162
2023-12-29,RTX,-0.00335763378716861
2023-12-29,QCOM,-0.0005310198714179886
2023-12-29,PM,0.0010807090471762963
2023-12-29,TMUS,-0.005487958986960866
2023-12-29,XOM,0.004442200894824769
2023-12-29,JNJ,0.0010807090471762963
2023-12-29,IBM,-0.0039992002537989615
2023-12-29,CL,-0.0010008527514795895
2023-12-29,CAT,0.0012472564034063203
2023-12-29,C,-0.0036373027550037633
2023-12-29,BRK-B,-0.017472077149979684
2023-12-29,BMY,-0.012796679779326406
2023-12-29,BLK,-0.0053927579344707
2023-12-29,BKNG,-0.003696938220446867
2023-12-29,BAC,-0.0008343053952495648
2023-12-29,BA,-0.0005310198714179886
2023-12-29,AXP,0.00011690828507223472
2023-12-29,AMZN,0.008878014686724174
2023-12-29,AMT,0.0009077840310973888
2023-12-29,AMGN,0.0013872120917305763
2023-12-29,AMD,0.0011512069876472258
2023-12-29,AIG,0.0027371361452127423
2023-12-29,ADBE,0.009039894602633283
2023-12-29,ACN,-0.005197225340562217
2023-12-29,ABT,0.0018719014459405963
2023-12-29,AAPL,-0.002799549159258566
2023-12-29,CMCSA,-0.005885746323430974
2023-12-29,COF,-0.0008343053952495648
2023-12-29,INTC,0.009364981788951956
2023-12-29,COST,-0.010422099725122067
2023-12-29,COP,0.002990486276926424
2023-12-29,HON,-0.0018320180933360788
2023-12-29,HD,0.0014877443386542987
2023-12-29,GS,-0.0036373027550037633
2023-12-29,GOOGL,0.0042822795315690925
2023-12-29,GOOG,0.0042822795315690925
2023-12-29,GE,-0.0044883494824168755
2023-12-29,GD,0.0013464620435842418
2023-12-29,FDX,0.006924281986449455
2023-12-29,GILD,0.0026998825174651027
2023-12-29,EMR,0.001895629803635751
2023-12-29,DUK,0.0010807090471762963
2023-12-29,DIS,0.0049682635793720864
2023-12-29,CRM,0.0017727507266465945
2023-12-29,DHR,0.001895629803635751
2023-12-29,DE,0.0026928393214665177
2023-12-29,CVX,0.004613330265296724
2023-12-29,CVS,-0.010137536708284706
2023-12-29,CSCO,0.005288892250814912
2023-12-29,F,0.005700202542762084
2024-01-31,ORCL,-0.0027177369226180238
2024-01-31,MO,0.0010036096784475361
2024-01-31,NKE,0.011642441114309019
2024-01-31,NFLX,0.01310008250741568
2024-01-31,NEE,0.005460920626508537
2024-01-31,MSFT,-0.001406254295141399
2024-01-31,MS,0.004103155415698444
2024-01-31,MRK,0.0018093166978544865
2024-01-31,NVDA,0.01156648435807969
2024-01-31,MCD,-0.009655702214999772
2024-01-31,MDT,0.002262798014696613
2024-01-31,MDLZ,-0.0015436816490689482
2024-01-31,MA,-0.012235707541742438
2024-01-31,LOW,-0.003139822989083413
2024-01-31,LMT,0.0007739614013724663
2024-01-31,LLY,0.00239735526808156
2024-01-31,LIN,-0.006943538353213621
2024-01-31,PEP,0.003933048543118366
2024-01-31,MET,0.0032375545610354565
2024-01-31,PFE,-0.0034450188150799903
2024-01-31,TMO,0.002734076956957416
2024-01-31,PM,0.005141525468175874
2024-01-31,XOM,-0.0007506394523291199
2024-01-31,WMT,-0.001441784606820377
2024-01-31,WFC,0.0025060944310730015
2024-01-31,VZ,-0.0015256199091540092
2024-01-31,V,-0.012440876106998495
2024-01-31,USB,0.029494618053550917
2024-01-31,UPS,0.00042198965865198945
2024-01-31,UNP,-0.005507105231327092
2024-01-31,UNH,-0.0016778428122745347
2024-01-31,PG,0.0027064761958372954
2024-01-31,TXN,0.005894181204903309
2024-01-31,KO,-0.005670749133944506
2024-01-31,TGT,0.004194872048369404
2024-01-31,T,0.0017888951686735833
2024-01-31,SPG,-0.00483259710956206
2024-01-31,SO,-0.003547560688881679
2024-01-31,SCHW,0.03126599076704143
2024-01-31,SBUX,0.004500368090856604
2024-01-31,RTX,-0.0028918213401421993
2024-01-31,QCOM,0.0020683400885472326
2024-01-31,TMUS,-0.0001965194704319768
2024-01-31,JPM,-0.005007082081688895
2024-01-31,MMM,0.022227038918038004
2024-01-31,INTC,0.037403179859489405
2024-01-31,CL,-0.0012411943695305808
2024-01-31,CAT,0.0025060944310730015
2024-01-31,C,0.000619680696185358
2024-01-31,BRK-B,-0.010704378735593155
2024-01-31,BMY,-0.036066924080435145
2024-01-31,BLK,-0.003139822989083413
2024-01-31,BKNG,-0.0011423055807678701
2024-01-31,BAC,0.0025060944310730015
2024-01-31,BA,0.01148113141874548
2024-01-31,AXP,-0.004868229461841997
2024-01-31,AMZN,0.0055957082363206016
2024-01-31,AMT,0.013397346297460347
2024-01-31,AMGN,-0.002805562412983085
2024-01-31,AMD,0.018102018054322194
2024-01-31,AIG,0.0032375545610354565
2024-01-31,ADBE,0.0045222521382745195
2024-01-31,ACN,-0.005007082081688895
2024-01-31,ABT,0.001557918374341929
2024-01-31,AAPL,-0.004862907452274543
2024-01-31,CMCSA,-0.00426754258979196
2024-01-31,COF,0.0020683400885472326
2024-01-31,JNJ,0.003933048543118366
2024-01-31,COST,-0.007614143878742277
2024-01-31,COP,0.006379165333811102
2024-01-31,IBM,-0.00907612405555115
2024-01-31,HON,0.00037559718889991326
2024-01-31,HD,-0.0032088372778546945
2024-01-31,GS,-0.0032088372778546945
2024-01-31,GOOGL,0.004437276380643317
2024-01-31,GILD,0.004704825179786715
2024-01-31,GE,-0.0035924111867695683
2024-01-31,GD,-0.0027702539963500228
2024-01-31,FDX,0.0058067278072133875
2024-01-31,GOOG,0.0031135641499696904
2024-01-31,EMR,-0.004522887722135951
2024-01-31,DUK,-0.0006561344080598444
2024-01-31,DIS,0.0015497842056380684
2024-01-31,CRM,0.00239735526808156
2024-01-31,DHR,-0.0012154917819680643
2024-01-31,DE,0.004940440371566815
2024-01-31,CVX,0.0033099872769997173
2024-01-31,CVS,0.004643370042337484
2024-01-31,CSCO,0.0029273936090554176
2024-01-31,F,0.012674957098536062
2024-02-29,MSFT,-0.0014322211600966324
2024-02-29,NEE,0.014448570457017014
2024-02-29,NFLX,0.010125116660248738
2024-02-29,PEP,0.006121540445903183
2024-02-29,NVDA,-0.03185356087291564
2024-02-29,ORCL,-0.0002415759233124519
2024-02-29,MS,0.0019940175509698226
2024-02-29,NKE,0.0027664398293275353
2024-02-29,MRK,-0.0022773147897155936
2024-02-29,LLY,0.004378969421412239
2024-02-29,MMM,0.006650379544751902
2024-02-29,MET,0.00553916214224524
2024-02-29,MDT,-0.002416760035735595
2024-02-29,MDLZ,-0.006331272051112395
2024-02-29,MCD,0.00034582141804671455
2024-02-29,MA,-0.006974859568590681
2024-02-29,LOW,-0.00085177208426848
2024-02-29,LMT,-0.0010760861385958993
2024-02-29,PFE,-0.00023032535330669185
2024-02-29,MO,0.0009042551704784549
2024-02-29,PG,0.0011629267940181664
2024-02-29,TMO,0.0012761425303131951
2024-02-29,QCOM,0.0007457593819405942
2024-02-29,LIN,-0.0035604319069173973
2024-02-29,XOM,0.00019828081553236091
2024-02-29,WMT,0.0009515491418156517
2024-02-29,WFC,-0.0008474337994907351
2024-02-29,VZ,-0.007159060868356883
2024-02-29,V,-0.001496588660754749
2024-02-29,USB,0.03176381019113062
2024-02-29,UPS,0.0009708086535940484
2024-02-29,UNP,-0.004740610358576053
2024-02-29,UNH,-0.0030263843494871354
2024-02-29,TXN,0.0010259801093045263
2024-02-29,TMUS,-0.00048442979077945974
2024-02-29,TGT,0.001037384463998964
2024-02-29,T,0.006650379544751902
2024-02-29,SPG,-0.004498068011733445
2024-02-29,SO,-0.004768988704644689
2024-02-29,SCHW,0.018142043349954236
2024-02-29,SBUX,0.0012761425303131951
2024-02-29,RTX,0.0012761425303131951
2024-02-29,PM,0.0007009575530950678
2024-02-29,KO,0.004344496754212217
2024-02-29,JPM,-0.009215326017284128
2024-02-29,AAPL,-0.007224290850694366
2024-02-29,CMCSA,-0.012457504726305807
2024-02-29,CL,9.118732901887655e-05
2024-02-29,CAT,0.0007457593819405942
2024-02-29,C,0.00471874979395745
2024-02-29,BRK-B,-0.004566601734293319
2024-02-29,BMY,-0.0200105361266021
2024-02-29,BLK,-0.001905427429880854
2024-02-29,BKNG,0.008822832335662112
2024-02-29,BAC,0.004467422677245948
2024-02-29,BA,-0.00025972270004100443
2024-02-29,AXP,-0.0056017350850145545
2024-02-29,AMZN,0.0008540749390680863
2024-02-29,AMT,0.002499097930569184
2024-02-29,AMGN,-0.008624899502618383
2024-02-29,AMD,0.0016471545642140792
2024-02-29,AIG,0.0011958422635816594
2024-02-29,ADBE,0.01748484545389788
2024-02-29,ACN,-0.003394006598055499
2024-02-29,ABT,-0.0022773147897155936
2024-02-29,COF,0.00463759675768118
2024-02-29,COP,0.004935064087470731
2024-02-29,JNJ,0.004344496754212217
2024-02-29,CRM,-0.002013455657840271
2024-02-29,COST,-0.007148376081778832
2024-02-29,INTC,0.015080662269873809
2024-02-29,IBM,-0.0042896925191629985
2024-02-29,HON,-0.004768988704644689
2024-02-29,HD,-0.009260040309319774
2024-02-29,GS,-0.0027084317283681833
2024-02-29,GOOG,0.017706409172065757
2024-02-29,GILD,0.009551661646585044
2024-02-29,GE,-0.00941759173923832
2024-02-29,GD,-0.0048919776728732125
2024-02-29,GOOGL,0.017706409172065757
2024-02-29,F,0.0019260439492474642
2024-02-29,EMR,-0.004523873370233721
2024-02-29,DUK,-0.009348620748138537
2024-02-29,CSCO,0.001070631463700275
2024-02-29,DIS,-0.0008474337994907351
2024-02-29,DHR,-0.0037862934431490175
2024-02-29,DE,0.008285904399352218
2024-02-29,CVX,0.0012761425303131951
2024-02-29,CVS,0.00019828081553236091
2024-02-29,FDX,-0.0034119383801737213
2024-03-28,MSFT,-0.001094963601381208
2024-03-28,NEE,-0.011279531492149523
2024-03-28,NFLX,0.011810448490524856
2024-03-28,PEP,0.0030206109801857823
2024-03-28,NVDA,0.03525984516995395
2024-03-28,ORCL,0.004385767515834427
2024-03-28,MS,-0.003094903148898373
2024-03-28,NKE,0.016742023366364944
2024-03-28,MRK,-0.008585483237238959
2024-03-28,MCD,-0.0003643407381098235
2024-03-28,MMM,-0.004103725833001202
2024-03-28,MDT,-0.0024128517384748678
2024-03-28,MDLZ,-0.003047487853399289
2024-03-28,MA,-0.005462350161975569
2024-03-28,LOW,-0.00767866293911396
2024-03-28,LMT,0.0017661373946788524
2024-03-28,LLY,0.006737651218896234
2024-03-28,LIN,-0.004526246358684479
2024-03-28,PFE,-0.008701097521121429
2024-03-28,MO,0.0001275618704429104
2024-03-28,PG,-7.349717108049172e-05
2024-03-28,TMUS,-0.0012573766039858352
2024-03-28,QCOM,0.0008793035897797224
2024-03-28,XOM,0.0006670339636959819
2024-03-28,WMT,-0.0011844359197809603
2024-03-28,WFC,-0.0011800119792024577
2024-03-28,VZ,-0.003653667688429406
2024-03-28,V,-0.006679049614445975
2024-03-28,USB,0.005070537095735205
2024-03-28,UPS,-0.010968517051751215
2024-03-28,UNP,-0.008190531097767356
2024-03-28,UNH,0.0014925476187198394
2024-03-28,TXN,0.00039374970235307814
2024-03-28,KO,-0.00040783489898089866
2024-03-28,TMO,0.001200893500360412
2024-03-28,TGT,-0.004247843963789748
2024-03-28,T,0.0024442465318041564
2024-03-28,SPG,-0.003919883737672177
2024-03-28,SO,0.0013597891125173593
2024-03-28,SCHW,0.0005039176917728744
2024-03-28,SBUX,0.0025842916943373847
2024-03-28,RTX,-1.2598579808415097e-05
2024-03-28,PM,0.0030206109801857823
2024-03-28,JPM,-0.0020017115706860043
2024-03-28,MET,-0.005031024684691597
2024-03-28,INTC,0.007500918363850488
2024-03-28,CMCSA,-0.0032473194062679132
2024-03-28,CL,-0.002785918369719439
2024-03-28,CAT,0.0035208153405286912
2024-03-28,C,-0.008278343972099634
2024-03-28,BRK-B,-0.010296328607298509
2024-03-28,BMY,-0.021903408952365512
2024-03-28,BLK,-0.005790698647087482
2024-03-28,BKNG,-0.0045248676071362745
2024-03-28,BAC,-0.004938791180644244
2024-03-28,COF,0.0035208153405286912
2024-03-28,BA,0.013958362162295386
2024-03-28,AMZN,0.006737651218896234
2024-03-28,AMT,-0.0025610436122339435
2024-03-28,AMGN,-0.004552995179369687
2024-03-28,AMD,-0.013065826601215545
2024-03-28,AIG,-0.004657458621779158
2024-03-28,ADBE,0.009574775469453277
2024-03-28,ACN,-0.011233881750167948
2024-03-28,ABT,-0.009275654944017653
2024-03-28,JNJ,-0.006860506724070676
2024-03-28,AXP,-0.006022956662793846
2024-03-28,COP,-0.006863483512022299
2024-03-28,AAPL,-0.003244908101016609
2024-03-28,CRM,0.0026091767885070677
2024-03-28,COST,-0.0021493889343932432
2024-03-28,HON,0.0002550731249458471
2024-03-28,HD,-0.00812675482936837
2024-03-28,GS,-0.0063245581837519105
2024-03-28,GOOGL,0.001824090697568511
2024-03-28,GOOG,0.001824090697568511
2024-03-28,GILD,0.001200893500360412
2024-03-28,GE,-0.003822387231781913
2024-03-28,GD,-0.004932594640845972
2024-03-28,IBM,-0.00524343601085435
2024-03-28,F,0.00024903065823102076
2024-03-28,EMR,-0.00830700315980763
2024-03-28,DUK,0.0001275618704429104
2024-03-28,DIS,0.0008180613824213454
2024-03-28,DHR,-0.0037547289232331667
2024-03-28,DE,-0.00185021749974142
2024-03-28,CVX,0.001200893500360412
2024-03-28,CVS,-0.003094903148898373
2024-03-28,CSCO,0.0010876046949528997
2024-03-28,FDX,-0.006863483512022299
2024-04-30,MS,-0.00043610693755459723
2024-04-30,MSFT,-0.012577975101114039
2024-04-30,NEE,0.0031632356795689297
2024-04-30,ORCL,0.021631633732738898
2024-04-30,NKE,0.004277983647532678
2024-04-30,NVDA,-0.019230136558074335
2024-04-30,MRK,-0.004547856396468822
2024-04-30,NFLX,0.04561887606093774
2024-04-30,MO,0.0005019320991442761
2024-04-30,LIN,-0.006890881572868359
2024-04-30,MET,-0.006307759508638912
2024-04-30,MDT,0.004237539499080191
2024-04-30,MDLZ,0.0008084050255378619
2024-04-30,MCD,0.00479439433858982
2024-04-30,MA,-0.006128086802577727
2024-04-30,LOW,-0.011964679892126136
2024-04-30,LMT,0.0018422372668346002
2024-04-30,LLY,0.0061845426148011045
2024-04-30,PEP,0.0015170930617300726
2024-04-30,MMM,0.0035703482411963247
2024-04-30,PFE,0.004276558924749698
2024-04-30,XOM,0.0015850743912394457
2024-04-30,PM,0.00400888847041871
2024-04-30,KO,-0.0020178006310491055
2024-04-30,WMT,-0.001147369792861354
2024-04-30,WFC,-0.0031655013043982464
2024-04-30,VZ,-0.003405244186919662
2024-04-30,V,-0.0016698865705776754
2024-04-30,USB,0.018848164640408536
2024-04-30,UPS,0.0005055373425170983
2024-04-30,UNP,-0.01014556691246313
2024-04-30,UNH,0.002621740945101187
2024-04-30,PG,-0.0053501500079193055
2024-04-30,TXN,9.951815007337947e-05
2024-04-30,TMO,0.0024063417474816636
2024-04-30,TGT,0.009887142365358552
2024-04-30,T,0.003738497660170916
2024-04-30,SPG,-0.009571655127333626
2024-04-30,SO,0.0012870681250668982
2024-04-30,SCHW,0.004437917485617579
2024-04-30,SBUX,-0.02533376168002592
2024-04-30,RTX,0.003199036244937202
2024-04-30,QCOM,0.0104020271100248
2024-04-30,TMUS,-0.009236172943973787
2024-04-30,JPM,-0.004193735931536401
2024-04-30,BA,0.018842739917890827
2024-04-30,INTC,0.043086665761960435
2024-04-30,CMCSA,0.010201134827435595
2024-04-30,CL,-0.008836750017322375
2024-04-30,CAT,0.024999828982678458
2024-04-30,C,-0.0043188705341465315
2024-04-30,BRK-B,-0.006306775221342102
2024-04-30,BMY,-0.05369516204679403
2024-04-30,BLK,-0.010175927211303021
2024-04-30,BKNG,0.006259531021048469
2024-04-30,BAC,-0.00806483611269051
2024-04-30,AXP,-0.0052855446166516235
2024-04-30,AMZN,0.014589065973180404
2024-04-30,AMT,0.012283427636673273
2024-04-30,AMGN,-0.00806483611269051
2024-04-30,AMD,-0.00010557661655479349
2024-04-30,AIG,0.0013560570594818107
2024-04-30,ADBE,0.006569495147926479
2024-04-30,ACN,-0.019206632747861184
2024-04-30,ABT,0.0008457427743428285
2024-04-30,AAPL,0.0011903503846450753
2024-04-30,COF,0.011701556917712071
2024-04-30,COP,-0.006092360311019389
2024-04-30,JNJ,0.014269152681080767
2024-04-30,CRM,0.016811960784186314
2024-04-30,HON,0.0010757677110060035
2024-04-30,HD,-0.007310120023463692
2024-04-30,GS,-0.006594176409749977
2024-04-30,GOOGL,-0.0026203083869202294
2024-04-30,GOOG,-0.0026203083869202294
2024-04-30,GILD,0.0031033685481745006
2024-04-30,GE,-0.012384078034269877
2024-04-30,GD,-0.006154621455108654
2024-04-30,FDX,-0.01275667607065805
2024-04-30,IBM,-0.010399641869690399
2024-04-30,F,0.011960647804048149
2024-04-30,EMR,-0.0043188705341465315
2024-04-30,DUK,0.0008084050255378619
2024-04-30,DIS,0.00727506585486264
2024-04-30,DHR,-0.0036916610880307283
2024-04-30,DE,-0.004367923897970753
2024-04-30,CVX,0.0015850743912394457
2024-04-30,CVS,0.007234286746304698
2024-04-30,CSCO,-0.0038234571482817043
2024-04-30,COST,-0.007595280652748513
2024-05-31,MRK,-0.005100993342239314
2024-05-31,MS,-0.0034287065462381768
2024-05-31,MSFT,-0.003862929814548542
2024-05-31,ORCL,0.0028580864181619267
2024-05-31,NFLX,0.005094425389488906
2024-05-31,NKE,0.0038851007021014797
2024-05-31,NVDA,-0.0018456629007279032
2024-05-31,NEE,0.0035820275251815235
2024-05-31,MO,-0.003769241371968037
2024-05-31,LIN,-0.007371081178332566
2024-05-31,MET,-0.0015186068159757141
2024-05-31,MDT,0.001099682749429475
2024-05-31,MDLZ,0.0028176096970213894
2024-05-31,MCD,0.009628137422634513
2024-05-31,MA,-0.0008746962501122075
2024-05-31,LOW,-0.004171618868467012
2024-05-31,LMT,0.0005370966551533157
2024-05-31,LLY,0.007081040494440818
2024-05-31,PEP,0.0028176096970213894
2024-05-31,MMM,0.004999554689126167
2024-05-31,PFE,-0.0068387416432663705
2024-05-31,TMO,-0.003476058555242919
2024-05-31,PM,0.0018881424275743173
2024-05-31,KO,-0.005257745154105127
2024-05-31,WMT,-0.008894153509977668
2024-05-31,WFC,-0.001027461594843732
2024-05-31,VZ,-0.00346057587450902
2024-05-31,V,-0.0008746962501122075
2024-05-31,USB,0.011451631108493874
2024-05-31,UPS,0.00316680229701464
2024-05-31,UNP,-0.006275380818893109
2024-05-31,UNH,0.001834011958541323
2024-05-31,TXN,0.0011224050634603814
2024-05-31,TMUS,-0.051191120114121524
2024-05-31,TGT,0.003175744147901549
2024-05-31,T,-0.0022797698517012807
2024-05-31,SPG,-0.004497942976604981
2024-05-31,SO,-0.004085086593333347
2024-05-31,SCHW,0.011451631108493874
2024-05-31,SBUX,-0.016268265606509118
2024-05-31,RTX,-0.00213979129887212
2024-05-31,QCOM,-0.0022163307797073207
2024-05-31,PG,-0.011506939298492135
2024-05-31,JPM,-0.006899600958719102
2024-05-31,XOM,-0.003995783881558282
2024-05-31,INTC,0.021781058875609497
2024-05-31,CL,-0.0011088484193000495
2024-05-31,CAT,0.008413412308241157
2024-05-31,C,-0.005370628141527076
2024-05-31,BRK-B,-0.003341541922323701
2024-05-31,BMY,0.004497155618515566
2024-05-31,BLK,-0.003376975518406056
2024-05-31,BKNG,0.006285492808410271
2024-05-31,BAC,-0.005105439448189466
2024-05-31,BA,-0.004343120111660143
2024-05-31,AXP,-0.004977215086952208
2024-05-31,AMZN,0.01266576212999299
2024-05-31,AMT,0.0004288514731575503
2024-05-31,AMGN,-0.010091528421905716
2024-05-31,AMD,0.02412925617521167
2024-05-31,AIG,-0.006008183934173044
2024-05-31,ADBE,-0.00438160791322939
2024-05-31,ACN,-0.004784016228661219
2024-05-31,ABT,0.0023756227354805363
2024-05-31,AAPL,0.0016982998910579864
2024-05-31,CMCSA,0.0019846994445847305
2024-05-31,COF,-0.0009520327777570258
2024-05-31,JNJ,0.0028176096970213894
2024-05-31,COST,-0.0069144286706207935
2024-05-31,COP,-0.0036711289557563058
2024-05-31,IBM,-0.0060187693668261886
2024-05-31,HON,0.0007712488243411573
2024-05-31,HD,-0.015137757295772398
2024-05-31,GS,-0.005105439448189466
2024-05-31,GOOGL,0.005083155045229131
2024-05-31,GILD,0.004242584243897102
2024-05-31,GE,-0.011397745597904824
2024-05-31,GD,-0.006652140056209816
2024-05-31,FDX,-0.004788699026977586
2024-05-31,GOOG,0.005083155045229131
2024-05-31,EMR,-0.0051231672390177905
2024-05-31,DUK,-0.004217340782682845
2024-05-31,DIS,0.0030280450595569822
2024-05-31,CRM,0.07260501106739402
2024-05-31,DHR,-0.0058945242570085975
2024-05-31,DE,-0.0034753802871580752
2024-05-31,CVX,-0.0035476844708434755
2024-05-31,CVS,-0.015429540639593543
2024-05-31,CSCO,0.002592576631715191
2024-05-31,F,0.0034410519484140366
2024-06-28,MSFT,-0.007852025211693273
2024-06-28,NEE,0.012511628694642913
2024-06-28,NFLX,0.008471880003643113
2024-06-28,PEP,0.0031627119129471483
2024-06-28,NVDA,0.002571434587875146
2024-06-28,ORCL,0.003295338577946978
2024-06-28,MS,-0.004997088100736971
2024-06-28,NKE,0.0047717646089879525
2024-06-28,MRK,-0.007269585081975716
2024-06-28,LLY,0.005593568361198502
2024-06-28,MMM,0.005450877891743011
2024-06-28,MET,-0.015964564180293798
2024-06-28,MDT,0.0025348446782704477
2024-06-28,MDLZ,0.0031627119129471483
2024-06-28,MCD,9.359673796797147e-05
2024-06-28,MA,0.001357223299395504
2024-06-28,LOW,0.0014572442101333741
2024-06-28,LMT,0.000469130093318444
2024-06-28,PFE,-0.003719198922441687
2024-06-28,MO,-0.0034440814731523843
2024-06-28,PG,-0.010887588748098313
2024-06-28,TMO,-0.00444873964579165
2024-06-28,QCOM,-0.000446475946337222
2024-06-28,LIN,-0.00415038541323146
2024-06-28,XOM,-0.003688939933332332
2024-06-28,WMT,-0.008313470691592405
2024-06-28,WFC,-0.005306168433072181
2024-06-28,VZ,-0.003688939933332332
2024-06-28,V,-0.005771287680673706
2024-06-28,USB,0.003913866650024816
2024-06-28,UPS,-0.001381058471841632
2024-06-28,UNP,-0.004467052252344923
2024-06-28,UNH,0.000606046501957129
2024-06-28,TXN,-0.004469478753589171
2024-06-28,TMUS,-0.0038296018163886192
2024-06-28,TGT,0.003960415135974281
2024-06-28,T,-0.005400596739728431
2024-06-28,SPG,-0.0058046117896070285
2024-06-28,SO,-0.00415038541323146
2024-06-28,SCHW,0.006457671988352103
2024-06-28,SBUX,-0.005534229788537776
2024-06-28,RTX,-0.00444873964579165
2024-06-28,PM,0.001039787402051402
2024-06-28,KO,-0.001997844231028647
2024-06-28,JPM,-0.0005039747294712059
2024-06-28,AAPL,0.0015965963058264543
2024-06-28,CMCSA,0.0015965160576017492
2024-06-28,CL,-0.0038296018163886192
2024-06-28,CAT,0.0008743936639541451
2024-06-28,C,-0.007083077440515765
2024-06-28,BRK-B,-0.011687528933467837
2024-06-28,BMY,-0.007388927798618565
2024-06-28,BLK,-0.004467052252344923
2024-06-28,BKNG,-0.002172752599478892
2024-06-28,BAC,-0.005634975183833666
2024-06-28,BA,-0.00016224235150209986
2024-06-28,AXP,-0.005103974411150951
2024-06-28,AMZN,0.0022704559982129682
2024-06-28,AMT,0.0010581223473915605
2024-06-28,AMGN,-0.015812797757573948
2024-06-28,AMD,0.005937404897833249
2024-06-28,AIG,-0.005051052314594786
2024-06-28,ADBE,0.003201534745831095
2024-06-28,ACN,0.0008993406317363069
2024-06-28,ABT,0.0007567175189757133
2024-06-28,COF,-0.0063747967269365685
2024-06-28,COP,-0.003753194954252958
2024-06-28,JNJ,0.005534721986909099
2024-06-28,CRM,0.022492722969273224
2024-06-28,COST,0.000969906365881061
2024-06-28,INTC,0.017400315333520155
2024-06-28,IBM,-0.007852025211693273
2024-06-28,HON,0.001135070577702619
2024-06-28,HD,-0.0030747047892597367
2024-06-28,GS,-0.003980863182820295
2024-06-28,GOOG,-0.0009262908463489681
2024-06-28,GILD,-0.00039415179544779935
2024-06-28,GE,-0.0024806346831826556
2024-06-28,GD,-0.005051052314594786
2024-06-28,GOOGL,0.006627308594125466
2024-06-28,F,0.001739295663560937
2024-06-28,EMR,-0.007852025211693273
2024-06-28,DUK,-0.004583576568718824
2024-06-28,CSCO,0.0008184037385891563
2024-06-28,DIS,0.0013266855005315725
2024-06-28,DHR,-0.009971043334261118
2024-06-28,DE,0.0008993406317363069
2024-06-28,CVX,0.0009305755732175741
2024-06-28,CVS,-0.013306302499021698
2024-06-28,FDX,0.00021343060122787857
2024-07-31,MS,-0.002286768952526267
2024-07-31,MSFT,0.0024048476709293714
2024-07-31,NEE,0.0034978917932430046
2024-07-31,ORCL,0.010192539727177315
2024-07-31,NKE,-0.0006472824806970095
2024-07-31,NVDA,0.050802131810343876
2024-07-31,MRK,-0.042540873262155394
2024-07-31,NFLX,0.019716490824753945
2024-07-31,MO,-0.0030748944656874655
2024-07-31,LIN,0.00128954800774046
2024-07-31,MET,-0.004237001259308111
2024-07-31,MDT,0.003092621865143974
2024-07-31,MDLZ,0.0023909604662809866
2024-07-31,MCD,-0.003865540218211847
2024-07-31,MA,0.0016116018133749725
2024-07-31,LOW,0.0026056598672893378
2024-07-31,LMT,-0.005309247200492591
2024-07-31,LLY,0.02342586528868494
2024-07-31,PEP,0.0023909604662809866
2024-07-31,MMM,-0.010270896840972881
2024-07-31,PFE,-0.0014534327442875257
2024-07-31,TGT,0.004166775964832083
2024-07-31,PM,0.0025494042780858195
2024-07-31,KO,0.006281723561216985
2024-07-31,WMT,-0.006344789941032594
2024-07-31,WFC,-0.007343549315537457
2024-07-31,VZ,-0.0055566644278713965
2024-07-31,V,0.00128954800774046
2024-07-31,USB,0.0043108019044934675
2024-07-31,UPS,-0.00043232821418871326
2024-07-31,UNP,0.0023909604662809866
2024-07-31,UNH,0.0026056598672893378
2024-07-31,TXN,-0.0025820378627440647
2024-07-31,TMUS,-0.013783860287614368
2024-07-31,TMO,0.003436320798068671
2024-07-31,T,-0.00651470475706051
2024-07-31,SPG,-0.0055566644278713965
2024-07-31,SO,-0.0035500747869905923
2024-07-31,SCHW,0.005901834125880015
2024-07-31,SBUX,0.003762792731653089
2024-07-31,RTX,-0.0028892072830939666
2024-07-31,QCOM,0.0021077218949416454
2024-07-31,PG,0.0015574900911639992
2024-07-31,JPM,-0.006344789941032594
2024-07-31,XOM,-0.002286768952526267
2024-07-31,INTC,0.024974116059980945
2024-07-31,CL,-0.001980347467604671
2024-07-31,CAT,0.0069443201375861486
2024-07-31,C,-0.003939969773481343
2024-07-31,BRK-B,0.00128954800774046
2024-07-31,BMY,-0.014025087926119029
2024-07-31,BLK,-0.0034009171169718886
2024-07-31,BKNG,0.009013671929828104
2024-07-31,BAC,-0.0055566644278713965
2024-07-31,BA,0.0032451515306204234
2024-07-31,AXP,-0.005229494879681056
2024-07-31,AMZN,0.013588093962835553
2024-07-31,AMT,0.002074875439924986
2024-07-31,AMGN,-0.0010497876734707184
2024-07-31,AMD,0.0193719013013074
2024-07-31,AIG,-0.006957019222783684
2024-07-31,ADBE,0.006234672789621889
2024-07-31,ACN,0.0029009287775071356
2024-07-31,ABT,0.00259095180684229
2024-07-31,AAPL,-0.003389068833226925
2024-07-31,CMCSA,0.0006853667520423615
2024-07-31,COF,-0.00371174546297303
2024-07-31,JNJ,0.006755402939708913
2024-07-31,COST,-0.0046460938281739075
2024-07-31,COP,0.004362214423738775
2024-07-31,IBM,-0.006168893709622487
2024-07-31,HON,0.0006049630007750571
2024-07-31,HD,0.002705406600950257
2024-07-31,GS,-0.006798576703874823
2024-07-31,GOOGL,0.01287328585660585
2024-07-31,GILD,0.003234977034894962
2024-07-31,GE,-0.005202461759332245
2024-07-31,GD,-0.00903622597570873
2024-07-31,FDX,0.00424913309487406
2024-07-31,GOOG,0.01287328585660585
2024-07-31,EMR,-0.0038103250885645115
2024-07-31,DUK,-0.0035500747869905923
2024-07-31,DIS,0.0009178525904854804
2024-07-31,CRM,0.005261000835840805
2024-07-31,DHR,-0.0036843377434447227
2024-07-31,DE,0.0008139203249295794
2024-07-31,CVX,0.0031790859794421852
2024-07-31,CVS,0.003700497523757055
2024-07-31,CSCO,0.002038448077998006
2024-07-31,F,0.028881717566921306
2024-08-30,MRK,0.0025023304608136616
2024-08-30,MS,-0.0029713940897881292
2024-08-30,MSFT,-0.006153162400878442
2024-08-30,NVDA,-0.0024458166793298124
2024-08-30,NFLX,0.0022710812442929404
2024-08-30,NKE,-0.0012265088072941632
2024-08-30,MO,-0.00749874593038431
2024-08-30,NEE,0.005364903087355944
2024-08-30,MMM,-0.016344858298935835
2024-08-30,KO,0.0006096923909306611
2024-08-30,MDT,0.001611671662508365
2024-08-30,MDLZ,0.003809988338395743
2024-08-30,MCD,0.003809988338395743
2024-08-30,MA,-0.002905382698070585
2024-08-30,LOW,-0.0012274697650882793
2024-08-30,LMT,-0.00749874593038431
2024-08-30,LLY,-0.006882307239090757
2024-08-30,LIN,0.0006096923909306611
2024-08-30,ORCL,0.007919019597445147
2024-08-30,MET,-0.011625581558587087
2024-08-30,PEP,0.003809988338395743
2024-08-30,TGT,0.006389510543751667
2024-08-30,PG,0.0017880995722861384
2024-08-30,XOM,-0.002051377276493805
2024-08-30,JPM,-0.008023422521343457
2024-08-30,WFC,-0.01079768950691073
2024-08-30,VZ,-0.006153162400878442
2024-08-30,V,0.002169628464374157
2024-08-30,USB,0.0031606936589699142
2024-08-30,UPS,0.0017563878168081154
2024-08-30,UNP,-0.002905382698070585
2024-08-30,UNH,-0.0036638184273515965
2024-08-30,PFE,0.00468763194230096
2024-08-30,TXN,-0.008047603557763624
2024-08-30,TMO,-0.0022259216176290057
2024-08-30,T,-0.007515707317136654
2024-08-30,SPG,-0.008383789894830103
2024-08-30,SO,-0.006766465111680056
2024-08-30,SCHW,0.002095589170913791
2024-08-30,SBUX,-0.00023640141738317757
2024-08-30,RTX,-0.009590386211595038
2024-08-30,QCOM,0.00433311027668121
2024-08-30,PM,-0.00749874593038431
2024-08-30,TMUS,-0.014763449202275921
2024-08-30,WMT,-0.00749874593038431
2024-08-30,JNJ,0.008296486057799647
2024-08-30,IBM,-0.0069910307261775075
2024-08-30,CL,-0.012416850677842976
2024-08-30,CAT,-0.002978730362680486
2024-08-30,C,-0.004231429867415549
2024-08-30,BRK-B,8.379735823610491e-05
2024-08-30,BMY,-0.012608519711594155
2024-08-30,BLK,-0.01930122917781233
2024-08-30,BKNG,-0.012777678498237244
2024-08-30,BAC,-0.007264890365830056
2024-08-30,AXP,-0.0033791473280417573
2024-08-30,AMZN,0.0037155596223950507
2024-08-30,AMT,-0.004527871431776339
2024-08-30,AMGN,-0.004002053298741505
2024-08-30,AMD,0.022955883602912144
2024-08-30,AIG,-0.01617475291823871
2024-08-30,ADBE,0.006389510543751667
2024-08-30,ACN,0.0024120155706738905
2024-08-30,ABT,-0.0023974776033230762
2024-08-30,AAPL,-0.005865406953391174
2024-08-30,INTC,0.05475353344002173
2024-08-30,CMCSA,0.005179135503469613
2024-08-30,COF,-0.0011401858792527341
2024-08-30,BA,0.0010631553619947264
2024-08-30,COST,-0.010959470849997197
2024-08-30,COP,0.004282464867884505
2024-08-30,HD,-0.0022259216176290057
2024-08-30,GS,-0.004912066986520403
2024-08-30,GOOGL,0.006114221587088462
2024-08-30,GOOG,-0.0028490172399471985
2024-08-30,GILD,0.0017047355066002743
2024-08-30,GE,-0.0005942078122367439
2024-08-30,GD,-0.006625638930367204
2024-08-30,FDX,-0.00016927170989602464
2024-08-30,F,-0.001485997398057523
2024-08-30,HON,0.000987545402605179
2024-08-30,DUK,-0.00749874593038431
2024-08-30,DIS,0.007294156709585762
2024-08-30,DHR,-0.004285552360374259
2024-08-30,DE,0.002826286984583752
2024-08-30,CVX,0.005313481020279568
2024-08-30,CVS,0.005608635016553939
2024-08-30,CSCO,-0.0015104881446771287
2024-08-30,CRM,0.012205937600466137
2024-08-30,EMR,-0.007349591408800935
2024-09-30,ORCL,0.0036782708371738155
2024-09-30,MO,-0.005395293376025133
2024-09-30,NKE,0.012032843684250614
2024-09-30,NFLX,0.005903855868283249
2024-09-30,NEE,0.004346198188911826
2024-09-30,MSFT,-0.004049064344895537
2024-09-30,MS,-0.006391549533837159
2024-09-30,MRK,-0.005664907982157004
2024-09-30,NVDA,0.014640534333957206
2024-09-30,MCD,-0.0015918760790105044
2024-09-30,MDT,-0.004710973963240014
2024-09-30,MDLZ,0.0028056580209716805
2024-09-30,MA,-0.0029556337235565554
2024-09-30,LOW,-0.004441908613797925
2024-09-30,LMT,-0.005973394446069476
2024-09-30,LLY,0.009047914238837005
2024-09-30,LIN,0.0011219592850648143
2024-09-30,PEP,0.003272164028668732
2024-09-30,MET,-0.004734332217747071
2024-09-30,PFE,0.004355112786013976
2024-09-30,TMO,-0.0036465766308874884
2024-09-30,PM,-0.005973394446069476
2024-09-30,XOM,0.004271169271971237
2024-09-30,WMT,-0.012202873441414516
2024-09-30,WFC,-0.012949691990200613
2024-09-30,VZ,-0.004441908613797925
2024-09-30,V,0.001881173025522507
2024-09-30,USB,0.006563348456067822
2024-09-30,UPS,-0.0046379059447681495
2024-09-30,UNP,-0.005036454858963045
2024-09-30,UNH,-0.0012832329535059515
2024-09-30,PG,0.0018208186107572472
2024-09-30,TXN,-0.004983319666384991
2024-09-30,KO,-0.013763103755711053
2024-09-30,TGT,0.009395616204471657
2024-09-30,T,-0.004441908613797925
2024-09-30,SPG,-0.0015905224180024636
2024-09-30,SO,-0.004512928962670876
2024-09-30,SCHW,-0.0024022678369376455
2024-09-30,SBUX,0.013784244782697887
2024-09-30,RTX,-0.008251437468869626
2024-09-30,QCOM,0.008307470392575912
2024-09-30,TMUS,-0.00819764779616931
2024-09-30,JPM,-1.8367107428554387e-05
2024-09-30,MMM,-0.011795584268173703
2024-09-30,INTC,0.021658111054356284
2024-09-30,CL,-0.005205803950192953
2024-09-30,CAT,-0.003101284313310645
2024-09-30,C,-0.005361172198708685
2024-09-30,BRK-B,-0.012777174948843258
2024-09-30,BMY,-0.018404149825011158
2024-09-30,BLK,-0.012202873441414516
2024-09-30,BKNG,-0.004216898378627838
2024-09-30,BAC,-0.006167270003470744
2024-09-30,BA,0.022685736533823327
2024-09-30,AXP,-0.0055143633872557175
2024-09-30,AMZN,-0.006345866553919158
2024-09-30,AMT,-0.00220803129044711
2024-09-30,AMGN,-0.003124401455641667
2024-09-30,AMD,0.013224256079655715
2024-09-30,AIG,-0.004094404678367938
2024-09-30,ADBE,0.02186451712321536
2024-09-30,ACN,-0.0012832329535059515
2024-09-30,ABT,-0.0019419720240259023
2024-09-30,AAPL,-0.0042042858371663236
2024-09-30,CMCSA,0.004033546495339635
2024-09-30,COF,-0.0036958521364668846
2024-09-30,JNJ,0.0029522229373079192
2024-09-30,COST,-1.2722003094446712e-05
2024-09-30,COP,0.007716274353733444
2024-09-30,IBM,-0.004441908613797925
2024-09-30,HON,0.0015313263085915349
2024-09-30,HD,-0.004441908613797925
2024-09-30,GS,-0.00042996926348632704
2024-09-30,GOOGL,0.004275367209118621
2024-09-30,GILD,-0.0015208557301375533
2024-09-30,GE,-0.002609725064899369
2024-09-30,GD,-0.0039458431856921414
2024-09-30,FDX,0.003312722622160978
2024-09-30,GOOG,0.004275367209118621
2024-09-30,EMR,-0.006468154521806019
2024-09-30,DUK,-0.009684898369815878
2024-09-30,DIS,0.007790689946628283
2024-09-30,CRM,0.011511672784793182
2024-09-30,DHR,-0.0042042858371663236
2024-09-30,DE,0.004033546495339635
2024-09-30,CVX,0.004271169271971237
2024-09-30,CVS,0.000861821154651344
2024-09-30,CSCO,0.004033546495339635
2024-09-30,F,0.023979736927825904
2024-10-31,MRK,-0.001976531268837135
2024-10-31,MS,-0.00015927514033961464
2024-10-31,MSFT,-0.032852464392059716
2024-10-31,NVDA,0.042592271686157715
2024-10-31,NFLX,0.006594453388651999
2024-10-31,NKE,0.03542546733615482
2024-10-31,MO,-0.0042668592527538695
2024-10-31,NEE,0.009910074296054474
2024-10-31,MMM,0.010851832079277361
2024-10-31,KO,0.0048445752456802325
2024-10-31,MDT,-0.008081162414860983
2024-10-31,MDLZ,-0.0015696476185258423
2024-10-31,MCD,-0.00171243107236808
2024-10-31,MA,-0.01983611332817808
2024-10-31,LOW,-0.00019129437683674234
2024-10-31,LMT,0.0022717160298147314
2024-10-31,LLY,0.014851053889344015
2024-10-31,LIN,-0.008005547859029634
2024-10-31,ORCL,0.011582727723597181
2024-10-31,MET,-0.013180156343285725
2024-10-31,PEP,0.007479536755816804
2024-10-31,TGT,0.015462237055744144
2024-10-31,PG,0.0031583795359234317
2024-10-31,XOM,-0.0007888098439274657
2024-10-31,JPM,0.0008687789145139362
2024-10-31,WFC,-0.0032237526135365027
2024-10-31,VZ,-0.00507401604567506
2024-10-31,V,0.003098638346245852
2024-10-31,USB,0.004353721705776991
2024-10-31,UPS,0.003912061559630788
2024-10-31,UNP,-0.0022701954481648898
2024-10-31,UNH,-0.002546859226201989
2024-10-31,PFE,0.005500610187873311
2024-10-31,TXN,0.0004422129823399174
2024-10-31,TMO,0.004332645991500941
2024-10-31,T,-0.013026302452335364
2024-10-31,SPG,0.004571124750186328
2024-10-31,SO,-0.003789055536209285
2024-10-31,SCHW,0.005260394187427714
2024-10-31,SBUX,0.008222421969494494
2024-10-31,RTX,0.006223749778789766
2024-10-31,QCOM,0.023280474720741684
2024-10-31,PM,-0.003932724544278741
2024-10-31,TMUS,0.0008967610463243921
2024-10-31,WMT,-0.00658750159494398
2024-10-31,JNJ,0.0016284820996624366
2024-10-31,IBM,0.008132726237710376
2024-10-31,CL,0.00019778684453725266
2024-10-31,CAT,0.006713974256947607
2024-10-31,C,0.0016188063334386432
2024-10-31,BRK-B,-0.011073576631736028
2024-10-31,BMY,-0.001038039264900383
2024-10-31,BLK,-0.004002316121794624
2024-10-31,BKNG,0.004430467307963461
2024-10-31,BAC,0.0018212430974572657
2024-10-31,AXP,0.0037479042910918935
2024-10-31,AMZN,0.0036727779867514877
2024-10-31,AMT,-0.006199739792777262
2024-10-31,AMGN,-0.0042598471324392624
2024-10-31,AMD,0.05182591514925814
2024-10-31,AIG,-0.0034598532923439647
2024-10-31,ADBE,0.012189572530532662
2024-10-31,ACN,-0.004200105942761683
2024-10-31,ABT,-0.00357600056472544
2024-10-31,AAPL,-0.004200105942761683
2024-10-31,INTC,0.0408820573372059
2024-10-31,CMCSA,0.0030820163270542647
2024-10-31,COF,4.955356757218755e-05
2024-10-31,BA,0.009351517482144137
2024-10-31,COST,0.004018802233831155
2024-10-31,COP,0.0043137794164148854
2024-10-31,HD,-0.0004690647056770433
2024-10-31,GS,0.0031370272375346652
2024-10-31,GOOGL,0.005477707841678642
2024-10-31,GOOG,0.005477707841678642
2024-10-31,GILD,-0.0025852706338705227
2024-10-31,GE,0.02377088976314425
2024-10-31,GD,-0.019237756935495367
2024-10-31,FDX,-0.0038714921720695563
2024-10-31,F,0.022888772998610453
2024-10-31,HON,-0.0006815906383098657
2024-10-31,DUK,-0.015660171620462078
2024-10-31,DIS,0.005613329396607485
2024-10-31,DHR,0.0028168468686844347
2024-10-31,DE,-0.002546859226201989
2024-10-31,CVX,-0.006368174508623712
2024-10-31,CVS,0.013771172405655438
2024-10-31,CSCO,0.002102065573384125
2024-10-31,CRM,0.01443233456368554
2024-10-31,EMR,-0.004200105942761683
2024-11-29,MRK,0.0033407238998375637
2024-11-29,MS,0.004064333123535073
2024-11-29,MSFT,-0.0022648119226515214
2024-11-29,NVDA,0.05468390581332034
2024-11-29,NFLX,0.008314959102961778
2024-11-29,NKE,0.007815573190365686
2024-11-29,MO,-0.004224985850919234
2024-11-29,NEE,0.004457159619908352
2024-11-29,MMM,0.009135735406864269
2024-11-29,KO,0.000665512974213745
2024-11-29,MDT,-0.002467415354940172
2024-11-29,MDLZ,0.006842556200800308
2024-11-29,MCD,0.002944679299560339
2024-11-29,MA,-0.0016538050033744229
2024-11-29,LOW,-0.005048665541789833
2024-11-29,LMT,-0.003698047202654091
2024-11-29,LLY,0.009222677012600903
2024-11-29,LIN,0.000665512974213745
2024-11-29,ORCL,0.009316460632892109
2024-11-29,MET,-0.00514033927727209
2024-11-29,PEP,0.00394566664441196
2024-11-29,TGT,0.050254020101983106
2024-11-29,PG,0.0004917243486017991
2024-11-29,JPM,-0.001285759067148255
2024-11-29,WMT,0.0029283131063470545
2024-11-29,WFC,-0.01851471146873786
2024-11-29,VZ,-0.0038180336940759176
2024-11-29,V,-0.0026412039805521173
2024-11-29,USB,0.0021481635453587536
2024-11-29,UPS,0.0015141022068726436
2024-11-29,UNP,0.0019125857003420164
2024-11-29,UNH,0.001308032969150651
2024-11-29,PFE,9.065833884147383e-05
2024-11-29,TXN,0.005718241283037771
2024-11-29,TMO,-0.0022648119226515214
2024-11-29,T,-0.001598611153598289
2024-11-29,SPG,-0.003811253260477798
2024-11-29,SO,-0.003698047202654091
2024-11-29,SCHW,0.002079895351128477
2024-11-29,SBUX,0.013970370845674259
2024-11-29,RTX,0.0032070754860433395
2024-11-29,QCOM,0.01658550068710838
2024-11-29,PM,-0.004440810063055106
2024-11-29,TMUS,0.008272440573236247
2024-11-29,XOM,-0.004533994627084326
2024-11-29,JNJ,0.001018662996866943
2024-11-29,IBM,-0.0036500006274693304
2024-11-29,CL,-0.0011268663551092803
2024-11-29,CAT,0.007257569576956396
2024-11-29,C,0.0021481635453587536
2024-11-29,BRK-B,-0.0011268663551092803
2024-11-29,BMY,0.006403234949090155
2024-11-29,BLK,-0.0022877607275210965
2024-11-29,BKNG,0.002079895351128477
2024-11-29,BAC,-0.0037216291775409916
2024-11-29,BA,0.004240374874714492
2024-11-29,AXP,0.0028872540912407273
2024-11-29,AMZN,0.003406659187300829
2024-11-29,AMT,0.002810630810382387
2024-11-29,AMGN,-0.005858113788139804
2024-11-29,AMD,0.03210060653664323
2024-11-29,AIG,-0.005048665541789833
2024-11-29,ADBE,0.002768867664552276
2024-11-29,ACN,0.0032498706736249004
2024-11-29,ABT,-0.0021142653322869737
2024-11-29,AAPL,-0.005048665541789833
2024-11-29,CMCSA,0.0032498706736249004
2024-11-29,COF,-0.026050295701022273
2024-11-29,INTC,0.07113232749432029
2024-11-29,COST,0.0009500089729226846
2024-11-29,COP,0.003318138867855177
2024-11-29,HON,0.0025939640939467807
2024-11-29,HD,-0.006539004191592593
2024-11-29,GS,-0.0006925692239045457
2024-11-29,GOOGL,0.003536200299637442
2024-11-29,GOOG,0.003536200299637442
2024-11-29,GE,0.011588490097565133
2024-11-29,GD,-0.007184253862708115
2024-11-29,FDX,-0.003430855286365293
2024-11-29,GILD,-0.004420612579427626
2024-11-29,EMR,0.002079895351128477
2024-11-29,DUK,-0.003698047202654091
2024-11-29,DIS,0.002790080361803896
2024-11-29,CRM,0.013381606334274519
2024-11-29,DHR,-0.0030043234793612726
2024-11-29,DE,-0.0026822629956584445
2024-11-29,CVX,0.0025803660315785524
2024-11-29,CVS,-0.008572627774421283
2024-11-29,CSCO,-0.002994354003205315
2024-11-29,F,0.01411685629140508
2024-12-31,ORCL,0.018524129975670225
2024-12-31,MO,0.0015228861953307951
2024-12-31,NKE,-0.006433990086085143
2024-12-31,NFLX,0.012059159920205332
2024-12-31,NEE,-0.0038900749142866706
2024-12-31,MSFT,-0.006890862848671383
2024-12-31,MS,0.0006669178674934417
2024-12-31,MRK,0.004985164316767968
2024-12-31,NVDA,0.06989583542817249
2024-12-31,MCD,0.0024774758986722345
2024-12-31,MDT,4.9817085006296924e-05
2024-12-31,MDLZ,0.0066547901799062425
2024-12-31,MA,-0.0044869619318414055
2024-12-31,LOW,-0.007688560274212219
2024-12-31,LMT,-0.003741345213271553
2024-12-31,LLY,0.008706231477952568
2024-12-31,LIN,0.0018157918606539695
2024-12-31,PEP,0.006570418389775893
2024-12-31,MET,-0.004324336722935903
2024-12-31,PFE,0.0015907613164463572
2024-12-31,TMO,0.004985164316767968
2024-12-31,PM,6.317289769729322e-05
2024-12-31,XOM,-0.008239190106343188
2024-12-31,WMT,0.005948520950086288
2024-12-31,WFC,0.009775811474078164
2024-12-31,VZ,-0.007478494180829689
2024-12-31,V,-0.005604456411989909
2024-12-31,USB,-0.004269651812309328
2024-12-31,UPS,0.0018566050724838868
2024-12-31,UNP,0.0024747111316631085
2024-12-31,UNH,0.001745320192479062
2024-12-31,PG,-0.0029823440849135316
2024-12-31,TXN,0.004162836598293408
2024-12-31,KO,-0.001159723266087408
2024-12-31,TGT,0.024086952347345904
2024-12-31,T,-0.004054960410229223
2024-12-31,SPG,-0.00596147244097164
2024-12-31,SO,-0.004386857762119883
2024-12-31,SCHW,0.0025790034565838418
2024-12-31,SBUX,0.025609070005918923
2024-12-31,RTX,0.0014368933978286447
2024-12-31,QCOM,0.0211790966687178
2024-12-31,TMUS,0.0012436751182541383
2024-12-31,JPM,0.0006788036075574744
2024-12-31,MMM,0.00698701318203278
2024-12-31,INTC,0.10458173612392202
2024-12-31,CL,-0.0039830748402248225
2024-12-31,CAT,0.0009575860602278586
2024-12-31,C,0.0026932913717727922
2024-12-31,BRK-B,-0.008378412166596265
2024-12-31,BMY,0.007208649007195928
2024-12-31,BLK,-0.006782689938976117
2024-12-31,BKNG,0.006638114924598127
2024-12-31,BAC,-0.004324336722935903
2024-12-31,BA,0.007091960734917855
2024-12-31,AXP,0.005878524118162405
2024-12-31,AMZN,0.008461960238740575
2024-12-31,AMT,0.004974310505409285
2024-12-31,AMGN,0.0037706332986049795
2024-12-31,AMD,0.03612897813222616
2024-12-31,AIG,-0.003556509280417348
2024-12-31,ADBE,0.030149735627868043
2024-12-31,ACN,0.00048038836348870885
2024-12-31,ABT,-0.0023187606297792084
2024-12-31,AAPL,-0.00596147244097164
2024-12-31,CMCSA,0.005963288653047272
2024-12-31,COF,0.00277190483170064
2024-12-31,JNJ,0.00583039088819479
2024-12-31,COST,0.0057173573193794154
2024-12-31,COP,0.0015907613164463572
2024-12-31,IBM,-0.004033273093182402
2024-12-31,HON,-0.003551503661305311
2024-12-31,HD,-0.007478494180829689
2024-12-31,GS,0.003300945368806394
2024-12-31,GOOGL,0.00672359492279422
2024-12-31,GILD,-0.0038707022264980536
2024-12-31,GE,0.021542651169964025
2024-12-31,GD,-0.004592103494968752
2024-12-31,FDX,0.008623969293342986
2024-12-31,GOOG,0.008461960238740575
2024-12-31,EMR,0.002919758696188559
2024-12-31,DUK,-0.004099838565062035
2024-12-31,DIS,-0.002324691289468211
2024-12-31,CRM,0.013756106721338635
2024-12-31,DHR,0.0025757013439157168
2024-12-31,DE,-0.004355523505482057
2024-12-31,CVX,-0.018463755635356977
2024-12-31,CVS,0.02870545929857847
2024-12-31,CSCO,-0.005784423696793092
2024-12-31,F,0.03801351065763233
2025-01-31,MSFT,0.0035160906358355343
2025-01-31,NEE,0.003586637118390673
2025-01-31,NFLX,0.006016820749531606
2025-01-31,PEP,0.0063979901759464225
2025-01-31,NVDA,0.06503214952732751
2025-01-31,ORCL,-0.002320266720816602
2025-01-31,MS,0.0018309690895994205
2025-01-31,NKE,0.0006712370801027932
2025-01-31,MRK,-0.0212963768350545
2025-01-31,LLY,-0.0009980315513440853
2025-01-31,MMM,0.008726898485182993
2025-01-31,MET,-0.004206931575325674
2025-01-31,MDT,0.0033010574695076936
2025-01-31,MDLZ,-0.04490868597528039
2025-01-31,MCD,0.0038780014656789224
2025-01-31,MA,-0.003764678627564898
2025-01-31,LOW,-0.004206931575325674
2025-01-31,LMT,-0.004539618914334699
2025-01-31,PFE,0.002689476432472414
2025-01-31,MO,-0.00534663204535006
2025-01-31,PG,-0.0008656840882457612
2025-01-31,TMO,0.0035018784394619256
2025-01-31,QCOM,0.010876000394095338
2025-01-31,LIN,0.004376433851342077
2025-01-31,XOM,0.000279976280954327
2025-01-31,WMT,0.0010161899638324024
2025-01-31,WFC,-0.002885158709239668
2025-01-31,VZ,0.004162789577624352
2025-01-31,V,-0.0036880488110209594
2025-01-31,USB,0.002708502505901089
2025-01-31,UPS,0.015006741094299064
2025-01-31,UNP,0.0035018784394619256
2025-01-31,UNH,-0.002982423368319759
2025-01-31,TXN,0.0030862127566839907
2025-01-31,TMUS,-0.006983151846235759
2025-01-31,TGT,0.02720685359721923
2025-01-31,T,-0.00514259247858856
2025-01-31,SPG,-0.006788789212641424
2025-01-31,SO,-0.006989610182595656
2025-01-31,SCHW,0.001361886717520225
2025-01-31,SBUX,0.01112428998934029
2025-01-31,RTX,-0.008135061754588009
2025-01-31,PM,-0.004291213820562216
2025-01-31,KO,0.004326202071537484
2025-01-31,JPM,-0.005638876107646617
2025-01-31,AAPL,-0.005813172760858098
2025-01-31,CMCSA,-0.0050400558905592955
2025-01-31,CL,-0.00989438370291246
2025-01-31,CAT,-0.00018201829586931054
2025-01-31,C,0.001100357163028156
2025-01-31,BRK-B,-0.0010436739107586989
2025-01-31,BMY,0.0030489061742009697
2025-01-31,BLK,-0.009030213856059047
2025-01-31,BKNG,0.004855924021521899
2025-01-31,BAC,-0.0067385574328368315
2025-01-31,BA,0.003857839874069977
2025-01-31,AXP,-0.000496830203157049
2025-01-31,AMZN,0.0030052096020152445
2025-01-31,AMT,0.00100444749638635
2025-01-31,AMGN,0.0010243292586993278
2025-01-31,AMD,0.029369964706247493
2025-01-31,AIG,0.000601457455381333
2025-01-31,ADBE,0.0040945925026499705
2025-01-31,ACN,0.0020773935412328696
2025-01-31,ABT,0.0011414572501753301
2025-01-31,COF,-0.004614922596341883
2025-01-31,COP,-0.0006144821409755763
2025-01-31,JNJ,0.0036595739490637444
2025-01-31,CRM,0.014074993764836756
2025-01-31,COST,-0.00943049545851037
2025-01-31,INTC,0.05014489559801294
2025-01-31,IBM,-0.007934240784633778
2025-01-31,HON,-0.0035087241671530314
2025-01-31,HD,-0.003018301376325232
2025-01-31,GS,-0.004209750556794396
2025-01-31,GOOG,0.0025493458949366176
2025-01-31,GILD,-0.007934240784633778
2025-01-31,GE,0.009163103009443951
2025-01-31,GD,0.006039473696390375
2025-01-31,GOOGL,0.0025493458949366176
2025-01-31,F,0.013386674068900572
2025-01-31,EMR,0.002310373918153097
2025-01-31,DUK,-0.003814910407369492
2025-01-31,CSCO,-0.004173426886925538
2025-01-31,DIS,-0.003721210095230834
2025-01-31,DHR,0.005925776599863888
2025-01-31,DE,-0.006331062997805961
2025-01-31,CVX,0.003662188353268379
2025-01-31,CVS,-0.017780314626621597
2025-01-31,FDX,0.0049253798525947376
2025-02-28,PEP,0.007143248525543668
2025-02-28,MS,0.013847150051623415
2025-02-28,MSFT,-0.0005451836814947793
2025-02-28,NEE,0.0061140836611026685
2025-02-28,ORCL,-0.002084535505516045
2025-02-28,NKE,0.007320949767592273
2025-02-28,NVDA,0.025306499026639315
2025-02-28,MRK,0.0077634370715974205
2025-02-28,NFLX,0.0161727992270477
2025-02-28,MO,0.00406449837905333
2025-02-28,MCD,0.005775332179759231
2025-02-28,MET,0.0060630239532583705
2025-02-28,MDT,0.003444833014149257
2025-02-28,MDLZ,-0.013206436506678595
2025-02-28,MA,0.0043755401924180665
2025-02-28,LOW,0.007607048183827594
2025-02-28,LMT,0.0031451815393841493
2025-02-28,LLY,0.003696855976197881
2025-02-28,LIN,0.006268267832988421
2025-02-28,MMM,0.010436103362142884
2025-02-28,PFE,0.007607048183827594
2025-02-28,KO,0.005343304180447381
2025-02-28,PM,0.002931658515184427
2025-02-28,WMT,0.008306324143887074
2025-02-28,WFC,0.007195354993965107
2025-02-28,VZ,0.005343304180447381
2025-02-28,V,0.003890623400826661
2025-02-28,USB,0.0063227861033484135
2025-02-28,UPS,0.013200545310634148
2025-02-28,UNP,0.007990527312250478
2025-02-28,UNH,0.012267358046541771
2025-02-28,TXN,0.002148103665135708
2025-02-28,TMUS,0.007883189139601133
2025-02-28,TMO,0.004854797487474407
2025-02-28,TGT,0.04757635100931499
2025-02-28,T,0.002869608379305248
2025-02-28,SPG,0.002869608379305248
2025-02-28,SO,0.00406449837905333
2025-02-28,SCHW,0.00460513059037905
2025-02-28,SBUX,0.011828478826817465
2025-02-28,RTX,0.00406449837905333
2025-02-28,QCOM,0.03363671103268212
2025-02-28,PG,0.00491225123515952
2025-02-28,JPM,0.01031216888059286
2025-02-28,XOM,0.00491225123515952
2025-02-28,INTC,0.010135330904263556
2025-02-28,CL,0.0060630239532583705
2025-02-28,CAT,-0.007369724723098684
2025-02-28,C,0.007571460406759881
2025-02-28,BRK-B,0.00406449837905333
2025-02-28,BMY,0.006616232754937654
2025-02-28,BLK,0.0012480135942905422
2025-02-28,BKNG,0.002931658515184427
2025-02-28,BAC,0.01031216888059286
2025-02-28,BA,0.004811481104669213
2025-02-28,AXP,0.01031216888059286
2025-02-28,AMZN,0.0016555390580795225
2025-02-28,AMT,0.00026118525429108346
2025-02-28,AMGN,0.003990001045368324
2025-02-28,AMD,0.0457611345875089
2025-02-28,AIG,0.005343304180447381
2025-02-28,ADBE,0.011903857978591913
2025-02-28,ACN,0.012858844699590167
2025-02-28,ABT,0.005343304180447381
2025-02-28,AAPL,0.003444833014149257
2025-02-28,CMCSA,0.00403408873765582
2025-02-28,COF,0.010090822697761653
2025-02-28,JNJ,0.005775332179759231
2025-02-28,COST,0.002869608379305248
2025-02-28,IBM,-0.0011725568540083987
2025-02-28,HON,0.007607048183827594
2025-02-28,HD,0.007607048183827594
2025-02-28,GS,0.013847150051623415
2025-02-28,GOOGL,0.009012176921687324
2025-02-28,GOOG,0.008639396403681813
2025-02-28,GILD,0.002931658515184427
2025-02-28,GE,0.009916503664204643
2025-02-28,GD,0.00693334959186957
2025-02-28,FDX,0.006781060055659335
2025-02-28,COP,0.008860852950861678
2025-02-28,EMR,0.007607048183827594
2025-02-28,DUK,0.00406449837905333
2025-02-28,DIS,0.0060630239532583705
2025-02-28,DHR,0.007541531045339107
2025-02-28,DE,0.0020710688706762352
2025-02-28,CVX,0.00491225123515952
2025-02-28,CVS,0.006253562435068838
2025-02-28,CSCO,0.00406449837905333
2025-02-28,CRM,0.027508164861668478
2025-02-28,F,0.019661590274256003
2025-03-31,MSFT,0.014395481177074286
2025-03-31,NEE,0.0019060129758096712
2025-03-31,NFLX,0.005697308133963413
2025-03-31,PEP,0.0075658281355308185
2025-03-31,NVDA,0.035726654125982714
2025-03-31,ORCL,0.031662320946105264
2025-03-31,MS,0.014287451878625942
2025-03-31,NKE,0.04638342841102661
2025-03-31,MRK,0.007190959026465513
2025-03-31,LLY,0.006541143229130551
2025-03-31,MMM,0.019147097267811792
2025-03-31,MET,0.010136205040289201
2025-03-31,MDT,0.006511769421641251
2025-03-31,MDLZ,0.0014078032374507234
2025-03-31,MCD,0.006485436809259995
2025-03-31,MA,0.008714824215774172
2025-03-31,LOW,0.011283464409672664
2025-03-31,LMT,0.002854000121747683
2025-03-31,PFE,0.007659028791024713
2025-03-31,MO,0.004909706993282135
2025-03-31,PG,0.008714824215774172
2025-03-31,TMO,0.012075356821565793
2025-03-31,QCOM,0.02194950311064756
2025-03-31,LIN,0.008057687876707981
2025-03-31,XOM,0.003915938926129684
2025-03-31,WMT,0.026177466181322332
2025-03-31,WFC,0.015259905671570475
2025-03-31,VZ,0.0021111501357659896
2025-03-31,V,0.008399584081141094
2025-03-31,USB,0.013415812130162783
2025-03-31,UPS,0.013083046344148839
2025-03-31,UNP,0.00729614861555876
2025-03-31,UNH,0.0022197326943481496
2025-03-31,TXN,0.011052310151657639
2025-03-31,TMUS,0.016630764984735542
2025-03-31,TGT,0.050217725149397964
2025-03-31,T,0.00702580852680709
2025-03-31,SPG,0.012189524659514598
2025-03-31,SO,0.006388686209707816
2025-03-31,SCHW,0.008498192416206177
2025-03-31,SBUX,0.029285517005714957
2025-03-31,RTX,0.008331932769016481
2025-03-31,PM,0.009526514055025226
2025-03-31,KO,0.006800676943893075
2025-03-31,JPM,0.011362492510937386
2025-03-31,AAPL,0.01388057803633318
2025-03-31,CMCSA,-0.00104603985104502
2025-03-31,CL,0.0032481380254550146
2025-03-31,CAT,0.00826412320188354
2025-03-31,C,0.011489357716969918
2025-03-31,BRK-B,0.0060386771616638135
2025-03-31,BMY,0.005291116532841347
2025-03-31,BLK,0.006511769421641251
2025-03-31,BAC,0.012189524659514598
2025-03-31,BA,0.007267724433136725
2025-03-31,AXP,0.015894357505886917
2025-03-31,AMZN,0.01765507053681973
2025-03-31,AMT,-0.0010324511551273831
2025-03-31,AMGN,0.005531938391069974
2025-03-31,AMD,0.047169301114481914
2025-03-31,AIG,0.003562909726393491
2025-03-31,ADBE,0.03744750667955638
2025-03-31,ACN,0.014713552418659463
2025-03-31,ABT,0.006511769421641251
2025-03-31,JNJ,0.006800676943893075
2025-03-31,COF,0.011430378463796667
2025-03-31,COP,0.0021082136759829496
2025-03-31,BKNG,0.009789886714902479
2025-03-31,CRM,0.03722956746489944
2025-03-31,COST,0.013225308812972318
2025-03-31,IBM,0.0035515902923421933
2025-03-31,HON,0.00729614861555876
2025-03-31,HD,0.010136205040289201
2025-03-31,GS,0.01877913965206808
2025-03-31,GOOGL,0.016210619138978595
2025-03-31,GOOG,0.01847729919262449
2025-03-31,GILD,0.014429999866425564
2025-03-31,GE,0.011684175074117509
2025-03-31,GD,0.004514866753587178
2025-03-31,INTC,0.05381299978272285
2025-03-31,F,0.005379786304189896
2025-03-31,FDX,0.015491721556513377
2025-03-31,CVS,0.015976829637189216
2025-03-31,CVX,0.003562909726393491
2025-03-31,DE,0.007738056892289434
2025-03-31,CSCO,0.008399584081141094
2025-03-31,DIS,0.016306671626405683
2025-03-31,DUK,0.0060386771616638135
2025-03-31,EMR,0.011524468744345349
2025-03-31,DHR,0.008789031498154002
2025-04-30,MS,-0.02158574897290268
2025-04-30,MSFT,-0.005912344323630409
2025-04-30,NEE,0.004907249474683186
2025-04-30,ORCL,0.010017806767169951
2025-04-30,NKE,0.06674130774155844
2025-04-30,NVDA,-0.0002814164838451471
2025-04-30,MRK,-0.0043676656922371476
2025-04-30,NFLX,-0.028963281416047714
2025-04-30,MO,0.007775608210157202
2025-04-30,LIN,0.004475884671529118
2025-04-30,MET,0.0013539786603425535
2025-04-30,MDT,0.004961589428510554
2025-04-30,MDLZ,0.004563225520720496
2025-04-30,MCD,0.0012044341312612264
2025-04-30,MA,-0.0017933164837766274
2025-04-30,LOW,0.004213536399071602
2025-04-30,LMT,0.00012980126077099464
2025-04-30,LLY,-0.008212815136479682
2025-04-30,PEP,0.0188512526976449
2025-04-30,MMM,-0.0005779831946652826
2025-04-30,PFE,0.004213536399071602
2025-04-30,TGT,0.02737418089747825
2025-04-30,PM,0.0008382774647318135
2025-04-30,KO,0.0036153360989218345
2025-04-30,WMT,-0.010268015153516406
2025-04-30,WFC,-0.012157737485485934
2025-04-30,VZ,0.004213536399071602
2025-04-30,V,0.0040711722411097325
2025-04-30,USB,-0.0014785802167066823
2025-04-30,UPS,0.023687448615953375
2025-04-30,UNP,0.010654984914255608
2025-04-30,UNH,0.031851571478655846
2025-04-30,TXN,0.018964267268844117
2025-04-30,TMUS,-0.0200921138652856
2025-04-30,TMO,0.009091782229886203
2025-04-30,T,0.01713335680203105
2025-04-30,SPG,-0.03824361451495922
2025-04-30,SO,0.006512419864009589
2025-04-30,SCHW,-0.00901401291213535
2025-04-30,SBUX,0.012263328355657035
2025-04-30,RTX,-0.004131771297987185
2025-04-30,QCOM,0.01260780309068108
2025-04-30,PG,0.004475884671529118
2025-04-30,JPM,-0.007085753384730234
2025-04-30,XOM,0.01136278639546599
2025-04-30,INTC,0.03032977692523518
2025-04-30,CL,0.004213536399071602
2025-04-30,CAT,0.008576928780353505
2025-04-30,C,-0.022041442637853497
2025-04-30,BRK-B,0.002246085991862804
2025-04-30,BMY,0.011052686513950267
2025-04-30,BLK,-0.0017821650988362175
2025-04-30,BKNG,-0.01040672225103136
2025-04-30,BAC,-0.0009841268837538467
2025-04-30,BA,0.015103495717689822
2025-04-30,AXP,-0.015250444169762177
2025-04-30,AMZN,-0.01793895847137819
2025-04-30,AMT,0.0027533794337183722
2025-04-30,AMGN,0.007254494588285295
2025-04-30,AMD,0.01730484178547298
2025-04-30,AIG,0.0007585907715311998
2025-04-30,ADBE,-0.0001571005611951847
2025-04-30,ACN,-0.008575646775275171
2025-04-30,ABT,0.004213536399071602
2025-04-30,AAPL,0.0030935976628699144
2025-04-30,CMCSA,0.010796612965741678
2025-04-30,COF,0.006284876921217554
2025-04-30,JNJ,0.00652024431143818
2025-04-30,COST,-0.0003742695759670332
2025-04-30,COP,0.038789147176699394
2025-04-30,IBM,-0.003190495062120974
2025-04-30,HON,0.0018384553566439007
2025-04-30,HD,0.004213536399071602
2025-04-30,GS,-0.02812031255297381
2025-04-30,GOOGL,-0.0006210042049763012
2025-04-30,GILD,0.016990992644069183
2025-04-30,GE,-0.024282675999601152
2025-04-30,GD,0.00272226013138053
2025-04-30,FDX,0.0271574754387566
2025-04-30,GOOG,-0.0014051107376074263
2025-04-30,EMR,-0.006960604960447523
2025-04-30,DUK,0.007265696285912548
2025-04-30,DIS,0.01561841140906997
2025-04-30,CRM,0.017479925199351043
2025-04-30,DHR,0.004659150904003295
2025-04-30,DE,-0.0024118952902416543
2025-04-30,CVX,0.0163786278919149
2025-04-30,CVS,0.017840742155823264
2025-04-30,CSCO,0.004819225270548685
2025-04-30,F,0.009809304151914002
2025-05-30,PEP,0.0010693545084844926
2025-05-30,MS,-0.003697835553263811
2025-05-30,MSFT,-0.008922659586932145
2025-05-30,NEE,-0.006246539696457569
2025-05-30,ORCL,0.008126964180927058
2025-05-30,NKE,0.006987578107932709
2025-05-30,NVDA,-0.03959292510201046
2025-05-30,MRK,0.01355274993745335
2025-05-30,NFLX,-0.0002666697588413196
2025-05-30,MO,0.004693584948864228
2025-05-30,MCD,0.005169611877802449
2025-05-30,MET,0.0158144861423428
2025-05-30,MDT,0.005348546070164526
2025-05-30,MDLZ,0.005169611877802449
2025-05-30,MA,-0.0006573540201403581
2025-05-30,LOW,0.0022599329264906096
2025-05-30,LMT,0.0022599329264906096
2025-05-30,LLY,0.012349563332513348
2025-05-30,LIN,-0.0005807202791051076
2025-05-30,MMM,-0.015080014691412869
2025-05-30,PFE,0.005094263522905476
2025-05-30,XOM,0.006328146463476124
2025-05-30,PM,0.008685177515652787
2025-05-30,KO,0.007424255811885971
2025-05-30,WMT,-0.000221611190863525
2025-05-30,WFC,-0.009689445073464274
2025-05-30,VZ,0.004750009341321062
2025-05-30,V,-0.00021829387873600404
2025-05-30,USB,-0.004197393098417444
2025-05-30,UPS,-0.010241776984476338
2025-05-30,UNP,-0.0006058229502321097
2025-05-30,UNH,-0.017028261839440353
2025-05-30,PG,0.0013569288192548361
2025-05-30,TXN,0.0002918823068497207
2025-05-30,TMO,0.003527352483752949
2025-05-30,TGT,0.02905613098110994
2025-05-30,T,0.011327072085384983
2025-05-30,SPG,0.01504607090065055
2025-05-30,SO,0.006505777479894903
2025-05-30,SCHW,-0.005929614115298811
2025-05-30,SBUX,0.011157953580454552
2025-05-30,RTX,-0.037315276086691926
2025-05-30,QCOM,0.011091355524001631
2025-05-30,TMUS,0.005161330502873311
2025-05-30,JPM,-0.006162264518492964
2025-05-30,JNJ,0.003320661544391212
2025-05-30,INTC,0.018065765548648305
2025-05-30,CMCSA,0.0038904239884038553
2025-05-30,CL,0.0027747184117392913
2025-05-30,CAT,-0.006237353657771793
2025-05-30,C,-0.01302790601149056
2025-05-30,BRK-B,0.006569942196980192
2025-05-30,BMY,0.005365756038272885
2025-05-30,BLK,-0.010031669197406428
2025-05-30,BKNG,-0.007282305393631619
2025-05-30,BAC,-0.0029242510516298116
2025-05-30,BA,0.00358634421296058
2025-05-30,AXP,-0.030282599185381245
2025-05-30,AMZN,-0.01407581185984965
2025-05-30,AMT,0.005806987423627103
2025-05-30,AMGN,0.005255633864143528
2025-05-30,AMD,-0.00883834147948026
2025-05-30,AIG,-0.0001264700749925531
2025-05-30,ADBE,-0.015042191096231448
2025-05-30,ACN,-0.0036404956286194925
2025-05-30,ABT,0.002607422818350759
2025-05-30,COF,0.012050260921260063
2025-05-30,COP,-0.005438384478369746
2025-05-30,AAPL,-0.00017524111370432506
2025-05-30,CRM,0.01886080329860562
2025-05-30,COST,-0.00021829387873600404
2025-05-30,IBM,-0.01241255460124254
2025-05-30,HON,-0.010319430555308571
2025-05-30,HD,0.0021606996703519015
2025-05-30,GS,-0.00635120061276984
2025-05-30,GOOGL,-0.01270201309197942
2025-05-30,GILD,0.0022621019918532942
2025-05-30,GE,-0.012884309937616033
2025-05-30,GD,0.0023407324345008245
2025-05-30,GOOG,-0.01270201309197942
2025-05-30,F,0.016235446246940958
2025-05-30,EMR,0.006005807877660941
2025-05-30,DUK,0.007150062292943116
2025-05-30,CSCO,-0.002938437355660193
2025-05-30,DIS,-0.040303679402150044
2025-05-30,DHR,0.013738496001732327
2025-05-30,DE,-0.007282305393631619
2025-05-30,CVX,-0.005030903106413684
2025-05-30,CVS,0.01316954848819995
2025-05-30,FDX,-0.012360730123882965
2025-06-30,MRK,-0.00010572866440762587
2025-06-30,NVDA,0.02655090817226219
2025-06-30,NKE,0.014063936436645401
2025-06-30,NFLX,-0.0008397928542057371
2025-06-30,NEE,0.0009484696980164999
2025-06-30,MSFT,-0.0014484562897486301
2025-06-30,ORCL,0.00603366865368515
2025-06-30,MS,-0.0015118138065616734
2025-06-30,MO,0.004818811379367533
2025-06-30,MCD,0.007927996637463486
2025-06-30,MET,0.007918573285475078
2025-06-30,MDT,-0.00034405673026298943
2025-06-30,MDLZ,0.004818811379367533
2025-06-30,MA,0.004518832706042656
2025-06-30,LOW,0.0040691620914321954
2025-06-30,LMT,0.0040691620914321954
2025-06-30,LLY,-0.0009098720397168228
2025-06-30,LIN,0.0019359092415121828
2025-06-30,PEP,-0.001967124225867298
2025-06-30,MMM,-0.008053342435566277
2025-06-30,PFE,0.0010203319966312302
2025-06-30,KO,0.007374519859327349
2025-06-30,PM,0.007351224745496135
2025-06-30,XOM,-0.004610955924518821
2025-06-30,WMT,0.0022298062153489288
2025-06-30,WFC,0.0005283456000394275
2025-06-30,VZ,0.006098987777953127
2025-06-30,V,0.004518832706042656
2025-06-30,USB,-0.0005893625983291261
2025-06-30,UPS,-0.004991715892426861
2025-06-30,UNP,5.8111090033448836e-05
2025-06-30,UNH,-0.21488211286457812
2025-06-30,PG,0.007710058329207735
2025-06-30,TXN,0.00616863233653508
2025-06-30,TMO,0.014336721098693123
2025-06-30,TGT,0.007426870404936902
2025-06-30,T,0.0007136828418322303
2025-06-30,SPG,-0.000556491685667457
2025-06-30,SO,0.003652860993777865
2025-06-30,SCHW,0.002246975942257199
2025-06-30,SBUX,0.004685701707763648
2025-06-30,RTX,-0.022357029501433597
2025-06-30,QCOM,0.008961423187646766
2025-06-30,TMUS,0.004086521722717474
2025-06-30,JPM,-0.00013592295683900063
2025-06-30,AAPL,-0.01123081506369244
2025-06-30,INTC,0.04096543360447817
2025-06-30,CMCSA,0.0018416455842428766
2025-06-30,CL,0.005999314236966421
2025-06-30,CAT,-0.0018830949161207301
2025-06-30,C,0.0016325174832503499
2025-06-30,BRK-B,0.004518832706042656
2025-06-30,BMY,0.006095236595745556
2025-06-30,BLK,0.0005769130232222457
2025-06-30,BKNG,-0.0005418711706267777
2025-06-30,BA,0.01572332930077091
2025-06-30,AXP,0.0031967058964139056
2025-06-30,AMZN,0.0013109151653480713
2025-06-30,AMT,-0.00337219971462979
2025-06-30,AMGN,0.0048318631862594545
2025-06-30,AMD,0.02370945847648643
2025-06-30,AIG,0.00021555812051028285
2025-06-30,ADBE,0.02028268621493731
2025-06-30,ACN,0.005287660577266774
2025-06-30,ABT,0.0041007384799874105
2025-06-30,JNJ,0.0063012410494796625
2025-06-30,COF,0.0013196658853168394
2025-06-30,COP,-0.0038985158709825
2025-06-30,BAC,-0.001438908867747904
2025-06-30,CRM,0.0015315534627120724
2025-06-30,IBM,-0.00013592295683900063
2025-06-30,COST,0.004518832706042656
2025-06-30,HON,-0.0024621096988882317
2025-06-30,HD,0.0019359092415121828
2025-06-30,GS,-0.0015118138065616734
2025-06-30,GOOGL,-0.004931236094725287
2025-06-30,GOOG,-0.005843423297889299
2025-06-30,GE,-0.000936378427342825
2025-06-30,GD,0.0006262881920713624
2025-06-30,FDX,-0.017648910935479087
2025-06-30,GILD,0.007696858891691206
2025-06-30,CVS,0.0051323159644688695
2025-06-30,EMR,-0.00039634924916523266
2025-06-30,DUK,0.004818811379367533
2025-06-30,DIS,-0.005814534059627923
2025-06-30,DHR,0.014218211798467032
2025-06-30,DE,0.0021548942255347303
2025-06-30,CVX,0.001243248806772308
2025-06-30,F,0.014182519234137192
2025-06-30,CSCO,-0.0019923342805619106
2025-07-31,PEP,0.0011173162414201548
2025-07-31,MS,0.01271560481726878
2025-07-31,MSFT,0.0033483333202879973
2025-07-31,NEE,0.006903983425418217
2025-07-31,ORCL,0.013746106839118137
2025-07-31,NKE,0.012757121100671615
2025-07-31,NVDA,0.04133770083782415
2025-07-31,MRK,0.02159698206652608
2025-07-31,NFLX,0.03016299984457004
2025-07-31,MO,0.0033101456872244714
2025-07-31,MCD,0.005043844194434583
2025-07-31,MET,0.010982647747106862
2025-07-31,MDT,0.0053824848236583
2025-07-31,MDLZ,0.014165852257883957
2025-07-31,MA,0.004988322787722496
2025-07-31,LOW,0.0072128832863160445
2025-07-31,LMT,0.007937220088994659
2025-07-31,LLY,0.03430184386804131
2025-07-31,LIN,0.008954704561305227
2025-07-31,MMM,0.006336901465069345
2025-07-31,PFE,0.0074134236837365575
2025-07-31,KO,0.008115456958488459
2025-07-31,PM,0.01908950140195323
2025-07-31,WMT,0.003276884459420326
2025-07-31,WFC,0.011170816248757532
2025-07-31,VZ,0.006874373797675851
2025-07-31,V,0.00741900893916227
2025-07-31,USB,0.006716297614992594
2025-07-31,UPS,0.03451654977788771
2025-07-31,UNP,0.008573980566952678
2025-07-31,UNH,0.08420369322715361
2025-07-31,TXN,0.021778484146342487
2025-07-31,TMUS,0.006804210645004809
2025-07-31,TMO,-0.005346230918692463
2025-07-31,TGT,0.02315247941902598
2025-07-31,T,0.010360879338201203
2025-07-31,SPG,0.007733597190634558
2025-07-31,SO,0.005108495574844225
2025-07-31,SCHW,-0.0013100127792736846
2025-07-31,SBUX,0.03371643320560245
2025-07-31,RTX,0.004540715430749014
2025-07-31,QCOM,0.04083431746815941
2025-07-31,PG,0.018765016761376627
2025-07-31,JPM,0.005652126336194529
2025-07-31,XOM,0.005720994312298494
2025-07-31,INTC,0.03261691610723692
2025-07-31,CL,0.023863324308805244
2025-07-31,CAT,0.0035462315404770186
2025-07-31,C,0.0024206231926971952
2025-07-31,BRK-B,0.011463696703969302
2025-07-31,BMY,0.030379626377787045
2025-07-31,BLK,0.004677149418750801
2025-07-31,BKNG,0.008209661535877
2025-07-31,BAC,0.006716297614992594
2025-07-31,BA,0.017008991985660946
2025-07-31,AXP,0.014031507634254772
2025-07-31,AMZN,0.0034458944768662896
2025-07-31,AMT,0.00405137875816532
2025-07-31,AMGN,-0.003897042928948574
2025-07-31,AMD,0.033307442782242895
2025-07-31,AIG,0.010919524696097473
2025-07-31,ADBE,0.019437701019515852
2025-07-31,ACN,0.02276961611133275
2025-07-31,ABT,0.005731782996477138
2025-07-31,AAPL,0.008045927919022615
2025-07-31,CMCSA,0.008746526800967753
2025-07-31,COF,0.026279731338490483
2025-07-31,JNJ,0.003963736411205779
2025-07-31,COST,0.006874373797675851
2025-07-31,COP,-0.0008514285450678388
2025-07-31,HON,0.008943148269764865
2025-07-31,HD,0.006874373797675851
2025-07-31,GS,0.007417974973087922
2025-07-31,GOOGL,-0.007265728490749344
2025-07-31,GOOG,0.0007734544464701498
2025-07-31,GILD,-0.00036265796953736587
2025-07-31,GE,0.007877604615720308
2025-07-31,GD,0.0038273024232039917
2025-07-31,FDX,0.007705538139223269
2025-07-31,IBM,0.01545444060083862
2025-07-31,EMR,0.004897575735047064
2025-07-31,F,0.00967745232787313
2025-07-31,CSCO,0.00844506368011121
2025-07-31,CVS,0.012872282305236776
2025-07-31,CVX,0.004293394553720257
2025-07-31,CRM,0.010030246630552419
2025-07-31,DHR,0.0007737438690877525
2025-07-31,DIS,0.006891297094120969
2025-07-31,DUK,0.005108495574844225
2025-07-31,DE,0.004106044573452375
2025-08-29,MRK,0.007330108199227474
2025-08-29,MS,0.012860407106754658
2025-08-29,MSFT,0.0056638995943496945
2025-08-29,NVDA,0.04577906873721239
2025-08-29,NFLX,0.007919951301578606
2025-08-29,NKE,0.0022895487715268335
2025-08-29,MO,0.0035804468523214375
2025-08-29,NEE,0.003723853176882197
2025-08-29,MMM,0.003437100081410625
2025-08-29,KO,0.006294138025567855
2025-08-29,MDT,0.004213564941522636
2025-08-29,MDLZ,0.007466895679717579
2025-08-29,MCD,0.003988359719975505
2025-08-29,MA,0.00357357387169931
2025-08-29,LOW,0.0010766832024095535
2025-08-29,LMT,-0.010191466346317339
2025-08-29,LLY,0.014746592933306765
2025-08-29,LIN,0.003988359719975505
2025-08-29,ORCL,0.015185066118370893
2025-08-29,MET,0.0033725356808787456
2025-08-29,PEP,-0.0023480943087559546
2025-08-29,TGT,0.04317798256306785
2025-08-29,PG,0.004325349832051157
2025-08-29,JPM,0.007193535672489739
2025-08-29,WMT,0.007203265924706246
2025-08-29,WFC,0.0019540248594326357
2025-08-29,VZ,0.003871622099394943
2025-08-29,V,0.0057465314047510895
2025-08-29,USB,0.0033725356808787456
2025-08-29,UPS,-0.004501273548087223
2025-08-29,UNP,0.0063005624852844125
2025-08-29,UNH,0.002248189558675492
2025-08-29,PFE,-0.0027378781404423453
2025-08-29,TXN,0.015265206281182149
2025-08-29,TMO,-0.0028656970563700965
2025-08-29,T,0.0035804468523214375
2025-08-29,SPG,0.004741462641282557
2025-08-29,SO,0.006818175019682474
2025-08-29,SCHW,0.008825415766602906
2025-08-29,SBUX,0.008213094693090213
2025-08-29,RTX,0.007193535672489739
2025-08-29,QCOM,-0.00846301749405994
2025-08-29,PM,-0.0008352618947649178
2025-08-29,TMUS,0.0044285616201845636
2025-08-29,XOM,0.004559906426694253
2025-08-29,JNJ,0.003446193605555451
2025-08-29,IBM,0.007185136922911685
2025-08-29,CL,-0.008446378439450165
2025-08-29,CAT,0.006913767953202737
2025-08-29,C,0.009659456439880178
2025-08-29,BRK-B,0.0032732468874086098
2025-08-29,BMY,0.0015840869240818076
2025-08-29,BLK,0.007193535672489739
2025-08-29,BKNG,0.006092703697032927
2025-08-29,BAC,0.003506788927644732
2025-08-29,AXP,0.0016570966382782953
2025-08-29,AMZN,0.010104590679370707
2025-08-29,AMT,0.0068750200060376555
2025-08-29,AMGN,-0.00429088343897599
2025-08-29,AMD,0.03544505666523198
2025-08-29,AIG,0.0037368029919857405
2025-08-29,ADBE,0.013318560806545409
2025-08-29,ACN,0.005922040390645829
2025-08-29,ABT,-0.00022189224003501976
2025-08-29,AAPL,-0.01264439349385779
2025-08-29,INTC,0.024871203780500683
2025-08-29,CMCSA,-0.0010380062572691198
2025-08-29,COF,0.019080724398211485
2025-08-29,BA,0.0012112881711894004
2025-08-29,COST,0.004659566621800743
2025-08-29,COP,-0.0011640313293527008
2025-08-29,HD,0.003446193605555451
2025-08-29,GS,0.013158455334450293
2025-08-29,GOOGL,0.0016570966382782953
2025-08-29,GOOG,0.0033725356808787456
2025-08-29,GILD,0.004632133477631055
2025-08-29,GE,0.010522382381681912
2025-08-29,GD,0.003871622099394943
2025-08-29,FDX,-0.0027032517798252836
2025-08-29,F,-0.004091893716288201
2025-08-29,HON,0.006701437399101912
2025-08-29,DUK,0.005729015778565665
2025-08-29,DIS,0.007281343232041084
2025-08-29,DHR,-0.0008288330000982519
2025-08-29,DE,0.014450280488119537
2025-08-29,CVX,0.003446193605555451
2025-08-29,CVS,0.0017348787999504026
2025-08-29,CSCO,0.0057465314047510895
2025-08-29,CRM,0.006132762936249722
2025-08-29,EMR,0.014049542621572493
2025-09-30,MRK,0.002606652026473816
2025-09-30,MS,0.0029685254987721786
2025-09-30,MSFT,0.005934681544214568
2025-09-30,NVDA,0.028456897981903238
2025-09-30,NFLX,0.0164572127473064
2025-09-30,NKE,0.032744552475533956
2025-09-30,MO,0.0079260963809954
2025-09-30,NEE,0.0015755418344868943
2025-09-30,MMM,0.007118656115541852
2025-09-30,KO,0.006920848959803563
2025-09-30,MDT,0.0044429455426649445
2025-09-30,MDLZ,-0.00339600168045667
2025-09-30,MCD,0.0065545122233100885
2025-09-30,MA,0.0065545122233100885
2025-09-30,LOW,0.007367990963979565
2025-09-30,LMT,-0.0013529743675443281
2025-09-30,LLY,0.006555365824142271
2025-09-30,LIN,0.006699564050077347
2025-09-30,ORCL,0.010795638513324003
2025-09-30,MET,0.005583346606859916
2025-09-30,PEP,0.005213001241278608
2025-09-30,TGT,0.04518445267155905
2025-09-30,PG,0.006920848959803563
2025-09-30,JPM,0.004053876917219415
2025-09-30,WMT,0.00423087295491542
2025-09-30,WFC,0.004711995918401281
2025-09-30,VZ,0.00658261234328516
2025-09-30,V,0.00700165422748609
2025-09-30,USB,0.006407274298835686
2025-09-30,UPS,0.0025546248686814806
2025-09-30,UNP,0.004413185181453587
2025-09-30,UNH,0.04804454071990919
2025-09-30,PFE,0.004757067288559364
2025-09-30,TXN,0.033551249479327354
2025-09-30,TMO,0.0034600302328007646
2025-09-30,T,0.007838460192303082
2025-09-30,SPG,0.005120578893052231
2025-09-30,SO,0.0040537990171632945
2025-09-30,SCHW,0.008093649994002076
2025-09-30,SBUX,0.006709576506015638
2025-09-30,RTX,0.005120578893052231
2025-09-30,QCOM,0.0027785245897117635
2025-09-30,PM,0.00042214882926860556
2025-09-30,TMUS,0.00782599964587692
2025-09-30,XOM,0.006622431756105997
2025-09-30,JNJ,0.004377282772336798
2025-09-30,IBM,0.001503419351633412
2025-09-30,CL,-0.003153954925953061
2025-09-30,CAT,0.003879538017560768
2025-09-30,C,0.006524915775705149
2025-09-30,BRK-B,0.006311467232014337
2025-09-30,BMY,0.00724283316529918
2025-09-30,BLK,0.005267290961055775
2025-09-30,BKNG,0.00782599964587692
2025-09-30,BAC,0.00656589535052413
2025-09-30,AXP,0.00768711682484739
2025-09-30,AMZN,0.0089371752516755
2025-09-30,AMT,0.008075384675578208
2025-09-30,AMGN,-0.0024388106392210468
2025-09-30,AMD,0.05904165087827941
2025-09-30,AIG,0.00700165422748609
2025-09-30,ADBE,0.0034243843351084466
2025-09-30,ACN,0.004658316692090725
2025-09-30,ABT,0.0024133606465752537
2025-09-30,AAPL,-0.0017040582879587448
2025-09-30,INTC,0.03035614806233364
2025-09-30,CMCSA,0.006908195768527044
2025-09-30,COF,0.03433401047425684
2025-09-30,BA,0.023503818926878327
2025-09-30,COST,0.00700165422748609
2025-09-30,COP,0.009186560281376788
2025-09-30,HD,0.005555459072834475
2025-09-30,GS,0.0029031649790261984
2025-09-30,GOOGL,-0.0002920914282027982
2025-09-30,GOOG,-0.0002920914282027982
2025-09-30,GILD,0.007928441301204167
2025-09-30,GE,0.0029031649790261984
2025-09-30,GD,0.0042962334746614005
2025-09-30,FDX,-0.0025545024844374794
2025-09-30,F,0.006093149879406322
2025-09-30,HON,0.00700165422748609
2025-09-30,DUK,0.005487539540038566
2025-09-30,DIS,0.006650319290131438
2025-09-30,DHR,-0.0020071767296563573
2025-09-30,DE,0.009997682065505378
2025-09-30,CVX,0.00700165422748609
2025-09-30,CVS,0.004520978119943131
2025-09-30,CSCO,0.0070297543474611614
2025-09-30,CRM,0.019973162878195283
2025-09-30,EMR,0.007781123106287134
2025-10-31,ORCL,-0.03844409755086116
2025-10-31,MO,0.02486881866339095
2025-10-31,NKE,0.034611912017534
2025-10-31,NFLX,0.01334110192233881
2025-10-31,NEE,0.004505990915338216
2025-10-31,MSFT,0.005400187487895162
2025-10-31,MS,0.005012724008281557
2025-10-31,MRK,0.007406507017406524
2025-10-31,NVDA,0.03976349403672845
2025-10-31,MCD,0.010223780877236336
2025-10-31,MDT,0.0070591581351763365
2025-10-31,MDLZ,0.016687144215572595
2025-10-31,MA,0.007956373662265842
2025-10-31,LOW,0.007263855977075509
2025-10-31,LMT,0.00751451405400299
2025-10-31,LLY,0.014892628763825641
2025-10-31,LIN,0.027874077540810446
2025-10-31,PEP,0.004513074315240474
2025-10-31,MET,0.007654523191208007
2025-10-31,PFE,0.0010567936186528656
2025-10-31,TMO,0.0007177003936329286
2025-10-31,PM,0.009010007743855878
2025-10-31,XOM,0.004513074315240474
2025-10-31,WMT,0.006876344486706348
2025-10-31,WFC,0.0014615796858058361
2025-10-31,VZ,0.00957799370044355
2025-10-31,V,0.007646144691505189
2025-10-31,USB,0.006684433724028886
2025-10-31,UPS,-0.0037048465281086015
2025-10-31,UNP,0.010368333862150837
2025-10-31,UNH,0.1220325639935485
2025-10-31,PG,0.0060617779095089915
2025-10-31,TXN,0.03511758669187426
2025-10-31,KO,0.004420555868668543
2025-10-31,TGT,0.0007985075778428919
2025-10-31,T,0.01470862781785959
2025-10-31,SPG,0.007824743024763643
2025-10-31,SO,0.0048957345729907864
2025-10-31,SCHW,0.00664219712001222
2025-10-31,SBUX,0.017180551971750987
2025-10-31,RTX,0.0003586298301677562
2025-10-31,QCOM,0.009411670115312415
2025-10-31,TMUS,0.022808705122779802
2025-10-31,JPM,0.006165772377482468
2025-10-31,MMM,0.0021635056892974195
2025-10-31,INTC,0.026701007825774
2025-10-31,CL,-0.005381598186716548
2025-10-31,CAT,0.0014615796858058361
2025-10-31,C,0.002426333878499354
2025-10-31,BRK-B,0.00783808131706354
2025-10-31,BMY,0.0035158841401069967
2025-10-31,BLK,0.01149695068809505
2025-10-31,BKNG,0.009965486861441594
2025-10-31,BAC,0.004147457799858578
2025-10-31,BA,0.01932701184533823
2025-10-31,AXP,0.0014615796858058361
2025-10-31,AMZN,0.0020804274166899036
2025-10-31,AMT,0.014948749924601809
2025-10-31,AMGN,0.006165772377482468
2025-10-31,AMD,0.05312799210503613
2025-10-31,AIG,0.006426248629274992
2025-10-31,ADBE,0.0005983084073280214
2025-10-31,ACN,0.0025065137905264743
2025-10-31,ABT,0.014798294488745655
2025-10-31,AAPL,0.000709392388978525
2025-10-31,CMCSA,0.011087196702077426
2025-10-31,COF,0.012761355604083282
2025-10-31,JNJ,0.004653364690809082
2025-10-31,COST,0.007505112186147522
2025-10-31,COP,0.008000631762594253
2025-10-31,IBM,0.0018734262094827355
2025-10-31,HON,0.005643638127861842
2025-10-31,HD,0.0070591581351763365
2025-10-31,GS,0.02535500795669996
2025-10-31,GOOGL,0.001163192201336749
2025-10-31,GILD,0.0032004895518867676
2025-10-31,GE,0.010173310592897958
2025-10-31,GD,0.004653364690809082
2025-10-31,FDX,-0.0009390095681941894
2025-10-31,GOOG,0.001163192201336749
2025-10-31,EMR,0.0021635056892974195
2025-10-31,DUK,0.005884112399174385
2025-10-31,DIS,0.0026453929282538834
2025-10-31,CRM,-0.002083191089351249
2025-10-31,DHR,-0.0013109477385802898
2025-10-31,DE,0.005916485188965551
2025-10-31,CVX,0.0032960004370899574
2025-10-31,CVS,0.007056092480457435
2025-10-31,CSCO,0.0029835971005375632
2025-10-31,F,0.0024570199079982816
2025-11-28,MRK,0.0024964083389303377
2025-11-28,MS,0.0071195769397726216
2025-11-28,MSFT,0.008786459174713076
2025-11-28,ORCL,0.007013591233413154
2025-11-28,NFLX,0.009831636152973803
2025-11-28,NKE,0.021694619896491515
2025-11-28,NVDA,0.04944013371819367
2025-11-28,NEE,0.0033484856133285334
2025-11-28,MO,0.004484960642798341
2025-11-28,LIN,0.010754728018633733
2025-11-28,MET,0.0039771576158465554
2025-11-28,MDT,0.0027215279358863875
2025-11-28,MDLZ,0.007318774046911967
2025-11-28,MCD,0.003201163587052913
2025-11-28,MA,0.005553924360801948
2025-11-28,LOW,0.004522123506292416
2025-11-28,LMT,0.0058923515976618285
2025-11-28,LLY,0.012542106896376477
2025-11-28,PEP,0.005944672112761922
2025-11-28,MMM,0.005098072766343602
2025-11-28,PFE,-0.0030991579999498004
2025-11-28,TMO,0.0028739596379038054
2025-11-28,PM,-0.004420470880989899
2025-11-28,KO,0.0050196364747886
2025-11-28,WMT,0.0023361156599740088
2025-11-28,WFC,0.006605100178487959
2025-11-28,VZ,0.005944672112761922
2025-11-28,V,0.005609715137641111
2025-11-28,USB,0.003391529614478804
2025-11-28,UPS,-0.0005142328782671215
2025-11-28,UNP,0.004486377621996407
2025-11-28,UNH,0.0665789828341299
2025-11-28,TXN,0.010840801633259454
2025-11-28,TMUS,0.004032948392685718
2025-11-28,TGT,0.004162674252131316
2025-11-28,T,0.0025982834189928116
2025-11-28,SPG,0.007823765653362276
2025-11-28,SO,0.006589412398813708
2025-11-28,SCHW,0.0058630747256845795
2025-11-28,SBUX,-0.0029810044310342823
2025-11-28,RTX,0.003300823850967832
2025-11-28,QCOM,0.01365890021887662
2025-11-28,PG,0.004112227732173105
2025-11-28,JPM,0.0032973786964771434
2025-11-28,XOM,0.004179822426651904
2025-11-28,INTC,-0.006987830809481715
2025-11-28,CL,-0.010650693334393698
2025-11-28,CAT,0.009727189367472293
2025-11-28,C,0.00690045318190409
2025-11-28,BRK-B,0.0020716073039106033
2025-11-28,BMY,0.004189537450427594
2025-11-28,BLK,0.0062366728150832565
2025-11-28,BKNG,0.006524904645733753
2025-11-28,BAC,0.00823848920027223
2025-11-28,BA,0.015860644153502437
2025-11-28,AXP,0.005691730425570639
2025-11-28,AMZN,0.0060337850876051044
2025-11-28,AMT,0.005944672112761922
2025-11-28,AMGN,0.0007339926980639178
2025-11-28,AMD,-0.039363768640823874
2025-11-28,AIG,0.004484960642798341
2025-11-28,ADBE,0.007039730042492535
2025-11-28,ACN,0.001839393518558279
2025-11-28,ABT,0.0029836956949051904
2025-11-28,AAPL,0.010578656064420437
2025-11-28,CMCSA,0.00676736487016389
2025-11-28,COF,0.0068574098619542355
2025-11-28,JNJ,0.004419820046312865
2025-11-28,COST,0.005944672112761922
2025-11-28,COP,-0.0021009214208040756
2025-11-28,IBM,0.006093532310269505
2025-11-28,HON,0.007374564823751129
2025-11-28,HD,0.008478588675159427
2025-11-28,GS,0.003756629799414645
2025-11-28,GOOGL,0.008667007984928156
2025-11-28,GILD,0.0015561984317554655
2025-11-28,GE,0.015819893671478884
2025-11-28,GD,0.00507784057407844
2025-11-28,FDX,-0.004847366160071306
2025-11-28,GOOG,0.007670028898085538
2025-11-28,EMR,0.008107963218729988
2025-11-28,DUK,0.005159519687824503
2025-11-28,DIS,0.009096621125902267
2025-11-28,CRM,0.021895835173533214
2025-11-28,DHR,0.0014317270636713063
2025-11-28,DE,0.011322242179544627
2025-11-28,CVX,0.005553924360801948
2025-11-28,CVS,0.009076974319311327
2025-11-28,CSCO,0.002573803688503846
2025-11-28,F,0.006443232235415788
2025-12-31,PEP,0.006222662524133692
2025-12-31,MS,0.0041295822303731595
2025-12-31,MSFT,0.006140528263327342
2025-12-31,NEE,0.008340652354020891
2025-12-31,ORCL,0.06662611317077681
2025-12-31,NKE,0.01980586357209685
2025-12-31,NVDA,0.025500374705011604
2025-12-31,MRK,0.0034321458830409066
2025-12-31,NFLX,0.019076817187146832
2025-12-31,MO,0.006036067827847718
2025-12-31,MCD,0.005390585592047858
2025-12-31,MET,0.003122952944702732
2025-12-31,MDT,0.009216195430735775
2025-12-31,MDLZ,0.0075179977445489965
2025-12-31,MA,0.003469169742402815
2025-12-31,LOW,0.005819669574955528
2025-12-31,LMT,0.0025141274166169156
2025-12-31,LLY,0.021035731492777467
2025-12-31,LIN,0.004628286383571623
2025-12-31,MMM,0.015897397990897667
2025-12-31,PFE,0.012391561497481678
2025-12-31,XOM,0.0035166490349952074
2025-12-31,PM,-0.00010433755277206049
2025-12-31,KO,0.007580164206456365
2025-12-31,WMT,0.00276025465668446
2025-12-31,WFC,0.003796848907236974
2025-12-31,VZ,0.00603918572498621
2025-12-31,V,0.0033020030416647363
2025-12-31,USB,0.009553036275819079
2025-12-31,UPS,-0.00046023320960920575
2025-12-31,UNP,0.004847184573313367
2025-12-31,UNH,0.02841391399547622
2025-12-31,PG,0.008560933107707756
2025-12-31,TXN,0.01098087523564644
2025-12-31,TMO,0.007722491330791622
2025-12-31,TGT,-0.0027270730203424096
2025-12-31,T,0.006462181978986367
2025-12-31,SPG,0.0019311571675109508
2025-12-31,SO,0.0058134494747851245
2025-12-31,SCHW,0.003213457274213945
2025-12-31,SBUX,0.006659915392772847
2025-12-31,RTX,0.0017787978835890413
2025-12-31,QCOM,0.0037584112375803375
2025-12-31,TMUS,0.007398157796405543
2025-12-31,JPM,0.0030251103183662523
2025-12-31,JNJ,0.00456936185565834
2025-12-31,INTC,-0.001761930840075379
2025-12-31,CMCSA,0.0021212170681162994
2025-12-31,CL,0.007435863483742647
2025-12-31,CAT,0.012761703335855598
2025-12-31,C,0.0033583506142755536
2025-12-31,BRK-B,0.005056670918473916
2025-12-31,BMY,0.002854354349621623
2025-12-31,BLK,0.004692144307267061
2025-12-31,BKNG,0.002854354349621623
2025-12-31,BAC,0.011038901013716523
2025-12-31,BA,0.0010792524665479803
2025-12-31,AXP,0.004976606552820542
2025-12-31,AMZN,0.007489072122616931
2025-12-31,AMT,0.004882066241407755
2025-12-31,AMGN,0.006053412565072369
2025-12-31,AMD,-0.02445314248550798
2025-12-31,AIG,2.8201153887860628e-05
2025-12-31,ADBE,-0.0007173647806851595
2025-12-31,ACN,0.0019345024863961927
2025-12-31,ABT,0.006222662524133692
2025-12-31,COF,0.0033583506142755536
2025-12-31,COP,0.0026029891531968237
2025-12-31,AAPL,0.007804625591597972
2025-12-31,CRM,-0.0020539683707973804
2025-12-31,COST,0.01167180724095149
2025-12-31,IBM,0.008513700941038631
2025-12-31,HON,0.005041458245423845
2025-12-31,HD,0.005760822494895787
2025-12-31,GS,0.0033583506142755536
2025-12-31,GOOGL,0.022553632686225008
2025-12-31,GILD,0.007207555452876623
2025-12-31,GE,0.005690610684152797
2025-12-31,GD,0.005145717087011907
2025-12-31,GOOG,0.02170113384765782
2025-12-31,F,0.0075733885543612395
2025-12-31,EMR,0.005576414449708927
2025-12-31,DUK,0.0058134494747851245
2025-12-31,CSCO,0.004742724137833744
2025-12-31,DIS,0.002821787581082589
2025-12-31,DHR,0.005619299874488616
2025-12-31,DE,0.00745696897028821
2025-12-31,CVX,0.00603918572498621
2025-12-31,CVS,0.011197025233308153
2025-12-31,FDX,0.002949961716072669
2026-01-30,PEP,0.0027721119424202745
2026-01-30,MS,0.006578886782254131
2026-01-30,MSFT,0.01437722256984328
2026-01-30,NEE,0.008295353295626983
2026-01-30,ORCL,0.021183422873670477
2026-01-30,NKE,0.012896798702073338
2026-01-30,NVDA,0.023485072873203672
2026-01-30,MRK,0.005718323589118443
2026-01-30,NFLX,0.030693036763222988
2026-01-30,MO,0.0022193912033984823
2026-01-30,MCD,0.0062600020830495436
2026-01-30,MET,0.007976450870568008
2026-01-30,MDT,0.0022193912033984823
2026-01-30,MDLZ,0.005369903943271078
2026-01-30,MA,0.008549041998974063
2026-01-30,LOW,0.0012312709802717874
2026-01-30,LMT,-0.0077483971240974205
2026-01-30,LLY,0.023938953826688425
2026-01-30,LIN,0.004692371619813045
2026-01-30,MMM,0.011957595137896373
2026-01-30,PFE,0.007037766325816453
2026-01-30,KO,0.0020782310780014346
2026-01-30,PM,-0.004057933885428167
2026-01-30,WMT,0.0022193912033984823
2026-01-30,WFC,0.009648782248267583
2026-01-30,VZ,-0.0005606175899344941
2026-01-30,V,0.016341287010496912
2026-01-30,USB,0.008636305164769589
2026-01-30,UPS,0.0015781329236221984
2026-01-30,UNP,0.007795165573851833
2026-01-30,UNH,0.06501439177342128
2026-01-30,TXN,0.010997596483643684
2026-01-30,TMUS,0.0066552299764933666
2026-01-30,TMO,0.0057696460938009815
2026-01-30,TGT,-0.0030775425532562563
2026-01-30,T,0.0022193912033984823
2026-01-30,SPG,0.003052809318255726
2026-01-30,SO,0.004939925143691753
2026-01-30,SCHW,0.003470724051481886
2026-01-30,SBUX,-0.00014813955261937286
2026-01-30,RTX,0.0037342064482944947
2026-01-30,QCOM,0.01659841979159212
2026-01-30,PG,0.009979616559542659
2026-01-30,JPM,0.005688953941490635
2026-01-30,XOM,0.0022193912033984823
2026-01-30,INTC,0.0318041115837432
2026-01-30,CL,0.005369903943271078
2026-01-30,CAT,0.0043742633202737986
2026-01-30,C,0.01160752327375352
2026-01-30,BRK-B,0.005983104285883413
2026-01-30,BMY,0.00496571907602047
2026-01-30,BLK,0.004402151518059705
2026-01-30,BKNG,0.013769703229851157
2026-01-30,BAC,0.007911176076067344
2026-01-30,BA,0.0043742633202737986
2026-01-30,AXP,0.011730663420289208
2026-01-30,AMZN,0.005312941780190216
2026-01-30,AMT,0.005680436386106464
2026-01-30,AMGN,0.00467297111794696
2026-01-30,AMD,0.00010914730434337729
2026-01-30,AIG,0.0063108004476117
2026-01-30,ADBE,0.029611077294418753
2026-01-30,ACN,0.011290427155369424
2026-01-30,ABT,0.01534486596520078
2026-01-30,AAPL,0.009013355069175003
2026-01-30,CMCSA,0.002732135944905423
2026-01-30,COF,0.009718422009935135
2026-01-30,JNJ,0.004831206890598463
2026-01-30,COST,0.005369903943271078
2026-01-30,IBM,0.008111273978224167
2026-01-30,HON,0.00511703393687482
2026-01-30,HD,0.0013690692104613793
2026-01-30,GS,0.005674367355150759
2026-01-30,GOOGL,0.0074599864116395445
2026-01-30,GOOG,0.00620271744193875
2026-01-30,GILD,0.003928665048855803
2026-01-30,GE,0.019144403320510917
2026-01-30,GD,0.003351474526804029
2026-01-30,FDX,0.0078074296895297175
2026-01-30,COP,0.0020625667574093688
2026-01-30,EMR,0.004152063969957894
2026-01-30,DUK,0.003159410887120446
2026-01-30,DIS,0.008649166955198358
2026-01-30,DHR,0.008849711132460414
2026-01-30,DE,0.0036578454489685453
2026-01-30,CVX,0.003002304749129452
2026-01-30,CVS,0.013593925908826698
2026-01-30,CSCO,0.004340857329112397
2026-01-30,CRM,0.031695494315945316
2026-01-30,F,0.005912916728031271
2026-02-27,ORCL,-0.018986636349773177
2026-02-27,MO,0.0023516368791440864
2026-02-27,NKE,0.014513396398314612
2026-02-27,NFLX,-0.0009891999953479732
2026-02-27,NEE,0.011148425771657054
2026-02-27,MSFT,0.01069575807752489
2026-02-27,MS,0.014472417466067535
2026-02-27,MRK,0.005309055816106669
2026-02-27,NVDA,0.013596908122380697
2026-02-27,MCD,0.0037466625760802404
2026-02-27,MDT,0.00802984409098159
2026-02-27,MDLZ,0.00799802510318142
2026-02-27,MA,0.006590453736304534
2026-02-27,LOW,0.006337892068282094
2026-02-27,LMT,-0.0004001161652289543
2026-02-27,LLY,0.01320434141817522
2026-02-27,LIN,0.005303574121624977
2026-02-27,PEP,0.0027882978331709167
2026-02-27,MET,0.017788875601289392
2026-02-27,PFE,0.01100518122006831
2026-02-27,TMO,0.012214088629765913
2026-02-27,PM,0.0029210377364924838
2026-02-27,XOM,0.0009842938206946659
2026-02-27,WMT,0.0002950795968992697
2026-02-27,WFC,0.01861165597864864
2026-02-27,VZ,0.002503858350468969
2026-02-27,V,0.006590453736304534
2026-02-27,USB,0.00839317387049643
2026-02-27,UPS,0.005357123131387878
2026-02-27,UNP,0.008283242335434194
2026-02-27,UNH,0.022202276395030824
2026-02-27,PG,0.009519546865398023
2026-02-27,TXN,0.01860919397434135
2026-02-27,KO,0.0052484313145197215
2026-02-27,TGT,0.002020207769906143
2026-02-27,T,0.003310491765060505
2026-02-27,SPG,0.01100518122006831
2026-02-27,SO,0.0053493710525081535
2026-02-27,SCHW,0.008659783661324584
2026-02-27,SBUX,0.0022758833474549687
2026-02-27,RTX,0.0104492164259328
2026-02-27,QCOM,0.02719121639146625
2026-02-27,TMUS,0.0027181706521863707
2026-02-27,JPM,0.005574949730509918
2026-02-27,MMM,0.004581098124700951
2026-02-27,INTC,0.07331802266668895
2026-02-27,CL,0.008283242335434194
2026-02-27,CAT,0.006619362249906533
2026-02-27,C,0.009974136710996097
2026-02-27,BRK-B,0.006496014926984879
2026-02-27,BMY,0.005884922799206784
2026-02-27,BLK,0.008915064782346672
2026-02-27,BKNG,0.02278698088208114
2026-02-27,BAC,0.010272391995762869
2026-02-27,BA,0.012620019741385564
2026-02-27,AXP,0.02883490429519838
2026-02-27,AMZN,0.015266490045262933
2026-02-27,AMT,0.002503858350468969
2026-02-27,AMGN,0.004307250619840661
2026-02-27,AMD,0.04169168851366339
2026-02-27,AIG,0.0025887542900363443
2026-02-27,ADBE,0.03072841523309732
2026-02-27,ACN,0.023805768123435652
2026-02-27,ABT,0.00025037882008449515
2026-02-27,AAPL,0.00512907619621803
2026-02-27,CMCSA,0.004956598500573358
2026-02-27,COF,0.01943509563234693
2026-02-27,JNJ,0.005256537504793323
2026-02-27,COST,0.00799802510318142
2026-02-27,COP,0.004425456451652624
2026-02-27,IBM,0.01792455820426787
2026-02-27,HON,0.0027882978331709167
2026-02-27,HD,0.00654874928726943
2026-02-27,GS,0.019053769274547248
2026-02-27,GOOGL,0.022663254861147564
2026-02-27,GILD,0.0056756250583107
2026-02-27,GE,0.004687912068007924
2026-02-27,GD,0.005934034837993909
2026-02-27,FDX,0.005633419572935392
2026-02-27,GOOG,0.022663254861147564
2026-02-27,EMR,0.007311671211635413
2026-02-27,DUK,0.0041811309446582465
2026-02-27,DIS,0.008335243539384083
2026-02-27,CRM,0.020720341123161862
2026-02-27,DHR,0.013002321831538216
2026-02-27,DE,0.003273701438052126
2026-02-27,CVX,0.0027882978331709167
2026-02-27,CVS,0.003920218518800188
2026-02-27,CSCO,0.008290253013587158
2026-02-27,F,0.008054324625960091
2026-03-31,MSFT,0.004713940455253252
2026-03-31,NEE,0.006982039880277617
2026-03-31,NFLX,0.0064899522664699704
2026-03-31,PEP,0.008496887527794894
2026-03-31,NVDA,0.044503733852970705
2026-03-31,ORCL,0.014844777178541223
2026-03-31,MS,0.00650511321197117
2026-03-31,NKE,0.02450374903398172
2026-03-31,MRK,0.007291126328632123
2026-03-31,LLY,0.004159891990103384
2026-03-31,MMM,0.006908826219809568
2026-03-31,MET,0.007841767068020113
2026-03-31,MDT,0.009340845016631044
2026-03-31,MDLZ,0.004540770063544129
2026-03-31,MCD,0.010727088094673503
2026-03-31,MA,0.004540770063544129
2026-03-31,LOW,0.005561214660838927
2026-03-31,LMT,0.005327471815974165
2026-03-31,PFE,0.005744520515391532
2026-03-31,MO,0.004575478683245395
2026-03-31,PG,0.016702444035075738
2026-03-31,TMO,0.0064899522664699704
2026-03-31,QCOM,0.01073046566440126
2026-03-31,LIN,0.006973712150961103
2026-03-31,XOM,0.0009150318181322678
2026-03-31,WMT,0.005283720869206176
2026-03-31,WFC,0.007735917744895543
2026-03-31,VZ,0.003536105847867346
2026-03-31,V,0.006500728572412887
2026-03-31,USB,0.0017344006876625529
2026-03-31,UPS,0.0070787740553945626
2026-03-31,UNP,0.005331250418043557
2026-03-31,UNH,0.10549387055180381
2026-03-31,TXN,0.013498114876025303
2026-03-31,TMUS,0.007140125400466776
2026-03-31,TGT,0.0030701788402264073
2026-03-31,T,0.0011518753274238134
2026-03-31,SPG,0.00966996507258987
2026-03-31,SO,0.007621598676460835
2026-03-31,SCHW,0.004575478683245395
2026-03-31,SBUX,0.008883346073064837
2026-03-31,RTX,0.016665016027018132
2026-03-31,PM,0.005561214660838927
2026-03-31,KO,0.007621598676460835
2026-03-31,JPM,0.004805442926040765
2026-03-31,JNJ,0.007914151346495459
2026-03-31,CMCSA,0.009583247160168054
2026-03-31,CL,0.005331250418043557
2026-03-31,CAT,0.023671301354281183
2026-03-31,C,0.009318465050969345
2026-03-31,BRK-B,0.008986441440147265
2026-03-31,BMY,0.007735917744895543
2026-03-31,BLK,0.00813963075273394
2026-03-31,BKNG,0.006544494224481488
2026-03-31,BAC,0.0017344006876625529
2026-03-31,BA,0.009583862990848234
2026-03-31,AXP,0.0064899522664699704
2026-03-31,AMZN,0.006045160850206547
2026-03-31,AMT,0.013819755257394364
2026-03-31,AMGN,0.00813963075273394
2026-03-31,AMD,0.03426327193239356
2026-03-31,AIG,0.009583247160168054
2026-03-31,ADBE,0.020026824176847195
2026-03-31,ACN,0.020203134932223317
2026-03-31,ABT,0.01966955776464567
2026-03-31,COF,-0.004936207904022638
2026-03-31,COP,0.0030701788402264073
2026-03-31,AAPL,0.006557344257188346
2026-03-31,CRM,0.01585531189169846
2026-03-31,COST,0.006973712150961103
2026-03-31,INTC,0.031139643240562207
2026-03-31,IBM,0.007459316005892481
2026-03-31,HON,0.005561214660838927
2026-03-31,HD,0.005331250418043557
2026-03-31,GS,0.015278737746540521
2026-03-31,GOOG,0.014518734224133543
2026-03-31,GILD,0.009450929384644287
2026-03-31,GE,0.02345369337380452
2026-03-31,GD,0.0048442135363343936
2026-03-31,GOOGL,0.013264293700388745
2026-03-31,F,0.007799414815750448
2026-03-31,EMR,0.007799414815750448
2026-03-31,DUK,0.007572265084434074
2026-03-31,CSCO,0.007735917744895543
2026-03-31,DIS,0.008898507018566038
2026-03-31,DHR,0.010958187058588765
2026-03-31,DE,0.005930791203760729
2026-03-31,CVX,0.0010245841540765324
2026-03-31,CVS,0.005043346446691573
2026-03-31,FDX,0.011564368207059899
2026-04-30,PEP,0.00416115989792094
2026-04-30,MS,0.0003098106742133104
2026-04-30,MSFT,-0.025850672945269007
2026-04-30,NEE,0.00031533209385123086
2026-04-30,ORCL,0.0316874499636773
2026-04-30,NKE,0.0253896589731171
2026-04-30,NVDA,-0.006006294461340334
2026-04-30,MRK,0.010665362054971228
2026-04-30,NFLX,-0.005576128131109639
2026-04-30,MO,0.00028578413976242556
2026-04-30,MCD,0.009565403661390033
2026-04-30,MET,0.000111684131727939
2026-04-30,MDT,0.016050181293100294
2026-04-30,MDLZ,0.000111684131727939
2026-04-30,MA,0.0009035005933045342
2026-04-30,LOW,0.0023520577164937587
2026-04-30,LMT,0.005042622414957309
2026-04-30,LLY,0.02036868627519977
2026-04-30,LIN,0.004235933903433907
2026-04-30,MMM,0.0031601573045691284
2026-04-30,PFE,0.006927897344496189
2026-04-30,KO,0.0049350108601170185
2026-04-30,PM,-0.0007804322522255299
2026-04-30,WMT,0.00031533209385123086
2026-04-30,WFC,0.0005988567939994735
2026-04-30,VZ,0.006114276336782898
2026-04-30,V,0.000111684131727939
2026-04-30,USB,0.00031533209385123086
2026-04-30,UPS,0.003969169136835604
2026-04-30,UNP,-0.0004982889138620608
2026-04-30,UNH,0.005277037790185553
2026-04-30,TXN,0.023277699438902764
2026-04-30,TMUS,0.008616202056426362
2026-04-30,TMO,0.0013647641275575694
2026-04-30,TGT,0.002076071793465224
2026-04-30,T,0.0061979040042735665
2026-04-30,SPG,0.0016801524233656666
2026-04-30,SO,0.004235933903433907
2026-04-30,SCHW,0.003633929132919074
2026-04-30,SBUX,0.002076071793465224
2026-04-30,RTX,0.011223801202879238
2026-04-30,QCOM,0.006731994944503336
2026-04-30,PG,0.005764009308550049
2026-04-30,JPM,-0.0004982889138620608
2026-04-30,XOM,0.019861563864190614
2026-04-30,INTC,0.0042678923167822885
2026-04-30,CL,0.006623023982213099
2026-04-30,CAT,-0.010307185187681606
2026-04-30,C,0.0049323168558853495
2026-04-30,BRK-B,0.011961184035241294
2026-04-30,BMY,0.006819515767191423
2026-04-30,BLK,-0.0004982889138620608
2026-04-30,BKNG,0.0001720597907225527
2026-04-30,BAC,-0.0004982889138620608
2026-04-30,BA,0.002076071793465224
2026-04-30,AXP,-0.004165276056190672
2026-04-30,AMZN,0.0017271472402978442
2026-04-30,AMT,-0.0025077630628121653
2026-04-30,AMGN,0.005347689897093689
2026-04-30,AMD,0.0042678923167822885
2026-04-30,AIG,0.008238793684075124
2026-04-30,ADBE,0.003029476972397575
2026-04-30,ACN,0.03394122631594034
2026-04-30,ABT,0.019704246242428745
2026-04-30,AAPL,-0.0004982889138620608
2026-04-30,CMCSA,0.01963273582000919
2026-04-30,COF,0.0014228669980746462
2026-04-30,JNJ,0.015106082693376459
2026-04-30,COST,0.005376165629562868
2026-04-30,COP,0.007877456298656164
2026-04-30,HON,0.006114276336782898
2026-04-30,HD,0.00389905656507549
2026-04-30,GS,-0.0016388525238127051
2026-04-30,GOOGL,0.005006963064275721
2026-04-30,GOOG,0.0054034908096071465
2026-04-30,GILD,0.008844473065065478
2026-04-30,GE,0.006769623172847418
2026-04-30,GD,0.0031656787242070484
2026-04-30,FDX,-0.0032408844702190485
2026-04-30,IBM,0.01097759183067995
2026-04-30,EMR,0.003324444288568217
2026-04-30,F,-0.014947934216637314
2026-04-30,CSCO,0.002967575532887138
2026-04-30,CVS,-0.0027674539192235697
2026-04-30,CVX,0.008001392633625546
2026-04-30,CRM,-0.007447171408553562
2026-04-30,DHR,0.013982779625048536
2026-04-30,DIS,0.0003098106742133104
2026-04-30,DUK,0.008368713158881188
2026-04-30,DE,0.003324444288568217
2026-05-29,MSFT,-0.00035882417351702355
2026-05-29,NEE,0.006831885732283913
2026-05-29,NFLX,0.00997474360293963
2026-05-29,PEP,0.01239178656703724
2026-05-29,NVDA,0.008270847813822925
2026-05-29,ORCL,0.05343939594738779
2026-05-29,MS,-0.00013822534918367884
2026-05-29,NKE,-0.007957799841163434
2026-05-29,MRK,-0.002718841787386564
2026-05-29,MCD,0.012221975580403823
2026-05-29,MET,0.002643289633187171
2026-05-29,MDT,0.01804674324282132
2026-05-29,MDLZ,0.006859067157111614
2026-05-29,MA,0.00923731154527096
2026-05-29,LOW,0.013836506570872854
2026-05-29,LMT,-0.005867155586255731
2026-05-29,LLY,0.012416380693104785
2026-05-29,LIN,0.007056473303541431
2026-05-29,PFE,0.00512619111412215
2026-05-29,MO,0.0017721717736449837
2026-05-29,PG,0.008699618736605288
2026-05-29,TMO,0.0024393801845985696
2026-05-29,QCOM,-0.11223367521844554
2026-05-29,XOM,0.004386312307923437
2026-05-29,WMT,0.013402381994271429
2026-05-29,WFC,0.0024001880508407055
2026-05-29,VZ,0.0029913668128322634
2026-05-29,V,0.0036350695766650567
2026-05-29,USB,0.006789041902705684
2026-05-29,UPS,0.004486662692165504
2026-05-29,UNP,0.003266715644996167
2026-05-29,UNH,0.014431974132675336
2026-05-29,TXN,-0.0009885837391880245
2026-05-29,TMUS,0.0023803756715874867
2026-05-29,KO,0.0074218457506874365
2026-05-29,TGT,0.005736033307954389
2026-05-29,T,0.004906708400886181
2026-05-29,SPG,0.003911516699108803
2026-05-29,SO,0.008739415241549675
2026-05-29,SCHW,0.0036350695766650567
2026-05-29,SBUX,0.007630500630609931
2026-05-29,RTX,6.506783273369082e-05
2026-05-29,PM,-4.264584867827061e-05
2026-05-29,JPM,0.00663718338336925
2026-05-29,MMM,-0.00035882417351702355
2026-05-29,INTC,0.3293403927054527
2026-05-29,CMCSA,0.008699193304987718
2026-05-29,CL,0.004376165676176633
2026-05-29,CAT,0.010413347341623951
2026-05-29,C,0.017267707525354715
2026-05-29,BRK-B,0.009141240557936848
2026-05-29,BMY,0.0037089449547144204
2026-05-29,BLK,0.002124077307417958
2026-05-29,BKNG,0.005064225764960743
2026-05-29,BAC,0.006789041902705684
2026-05-29,COF,0.007026426752868144
2026-05-29,BA,0.0006358680890157439
2026-05-29,AMZN,0.0034718375719522184
2026-05-29,AMT,-0.0016135180785945952
2026-05-29,AMGN,0.00817593080442484
2026-05-29,AMD,0.42021563650382054
2026-05-29,AIG,0.006859067157111614
2026-05-29,ADBE,-0.003907341512391264
2026-05-29,ACN,-0.00530283101172454
2026-05-29,ABT,0.019556997682077467
2026-05-29,JNJ,0.003761035356467174
2026-05-29,AXP,0.007955331980091497
2026-05-29,COP,0.0125667710521802
2026-05-29,AAPL,0.0028638884575205156
2026-05-29,CRM,-0.002664627910922409
2026-05-29,COST,0.015141283154438193
2026-05-29,HON,-0.00035882417351702355
2026-05-29,HD,0.0036350695766650567
2026-05-29,GS,-0.002718841787386564
2026-05-29,GOOGL,0.01644252616808398
2026-05-29,GOOG,0.01644252616808398
2026-05-29,GILD,0.005744463986070794
2026-05-29,GE,0.009920088447685842
2026-05-29,GD,0.0005798435821580385
2026-05-29,FDX,0.010213100385783736
2026-05-29,IBM,0.007883253731793398
2026-05-29,F,0.018661497141341552
2026-05-29,EMR,0.0024393801845985696
2026-05-29,DUK,0.010160442503853784
2026-05-29,DIS,0.002124077307417958
2026-05-29,DHR,0.001867751274150393
2026-05-29,DE,0.006839814079277261
2026-05-29,CVX,0.00378692809600149
2026-05-29,CVS,0.0010560422378022853
2026-05-29,CSCO,0.00836764896013069
2026-06-30,MS,0.00261766674351096
2026-06-30,MSFT,0.008372903338907101
2026-06-30,NEE,0.0011054445997346384
2026-06-30,ORCL,0.08379110802621834
2026-06-30,NKE,0.023441207475973475
2026-06-30,NVDA,0.007889316471770087
2026-06-30,MRK,0.000758220633253475
2026-06-30,NFLX,0.023498977546047958
2026-06-30,MO,-0.0004278506631759506
2026-06-30,LIN,0.004117423273566102
2026-06-30,MET,0.004136636858065207
2026-06-30,MDT,-0.019487067814919202
2026-06-30,MDLZ,0.011555308038214225
2026-06-30,MCD,0.008241748453411453
2026-06-30,MA,-5.451879638031107e-05
2026-06-30,LOW,-0.0020230174846173473
2026-06-30,LMT,-0.0006727376843352798
2026-06-30,LLY,0.005301234406174398
2026-06-30,PEP,0.010590814680994464
2026-06-30,MMM,-0.0001185383337336239
2026-06-30,PFE,0.013227210816267291
2026-06-30,TGT,0.003008487854633774
2026-06-30,PM,0.002596870036323961
2026-06-30,KO,0.00020849255692906884
2026-06-30,WMT,0.006859650127137946
2026-06-30,WFC,-0.003655836885275185
2026-06-30,VZ,0.012784331937669766
2026-06-30,V,-0.0001324011026925535
2026-06-30,USB,-0.0004278506631759506
2026-06-30,UPS,0.004955999537706904
2026-06-30,UNP,-0.0003499683568637082
2026-06-30,UNH,0.011741750772514358
2026-06-30,TXN,-0.003284213878054636
2026-06-30,TMUS,0.019692947918591597
2026-06-30,TMO,0.004845513720880174
2026-06-30,T,0.029542445950246236
2026-06-30,SPG,0.003310304251877214
2026-06-30,SO,0.0038341681068616764
2026-06-30,SCHW,-0.0017770052151640763
2026-06-30,SBUX,0.0022107530360176123
2026-06-30,RTX,-0.0017770052151640763
2026-06-30,QCOM,-0.04366371727313633
2026-06-30,PG,0.005796111330829942
2026-06-30,JPM,0.002100026576674226
2026-06-30,XOM,0.003034472373199479
2026-06-30,INTC,0.18420033076386186
2026-06-30,CL,0.0018377930885339817
2026-06-30,CAT,-0.024237875381777407
2026-06-30,C,0.0021328707297053697
2026-06-30,BRK-B,0.005436860497435955
2026-06-30,BMY,0.0006076304010547552
2026-06-30,BLK,0.010642640832677661
2026-06-30,BKNG,-0.007711522233555418
2026-06-30,BAC,0.002395476137157622
2026-06-30,BA,0.009772624569436663
2026-06-30,AXP,-0.0001185383337336239
2026-06-30,AMZN,0.011120556592059913
2026-06-30,AMT,0.022140116476721143
2026-06-30,AMGN,-0.0015819771389585058
2026-06-30,AMD,0.18420033076386186
2026-06-30,AIG,0.005260708467401777
2026-06-30,ADBE,0.027147933669412865
2026-06-30,ACN,0.07862082665467547
2026-06-30,ABT,-0.012813750700421947
2026-06-30,AAPL,0.00530997750516348
2026-06-30,CMCSA,0.006957353881600338
2026-06-30,COF,0.0021030310589196916
2026-06-30,JNJ,0.004168469445028185
2026-06-30,COST,0.012354119434213964
2026-06-30,COP,0.012314331486633565
2026-06-30,IBM,0.02771781896927773
2026-06-30,HON,0.012201344353833174
2026-06-30,HD,-0.0020702741152988182
2026-06-30,GS,0.00621032673493523
2026-06-30,GOOGL,0.02553857581437321
2026-06-30,GILD,0.004415330941675679
2026-06-30,GE,0.003232655676166571
2026-06-30,GD,0.0009949587829079086
2026-06-30,FDX,0.017062579755740343
2026-06-30,GOOG,0.02495964421106745
2026-06-30,EMR,0.006297250465692178
2026-06-30,DUK,0.005092375110301974
2026-06-30,DIS,0.005085270641768856
2026-06-30,CRM,0.052716697364116605
2026-06-30,DHR,0.0022107530360176123
2026-06-30,DE,0.0024922986688151795
2026-06-30,CVX,0.01342085477896704
2026-06-30,CVS,0.0024922986688151795
2026-06-30,CSCO,0.019198180806060547
2026-06-30,F,0.009724879788954815
2026-07-30,NVDA,0.005816658347794062
2026-07-30,NKE,0.015691957903011592
2026-07-30,NFLX,-0.0032330192703171386
2026-07-30,MSFT,0.0003820752065525134
2026-07-30,INTC,0.07761479510912943
2026-07-30,GOOGL,0.025541601862560777
2026-07-30,AMZN,0.006165819773971139
2026-07-30,F,0.003792479148588271
2026-07-30,CVX,-0.0003176174336639394
2026-07-30,CRM,0.007485431468766451
2026-07-30,AMD,0.047949273226438285
2026-07-30,AAPL,-0.0018337888929948192
2026-07-30,ORCL,0.1458717535058344
2026-07-30,GOOG,0.02522875555105309
2026-07-30,WMT,0.0046414006580876655
