Date,AAPL,ABT,ACN,ADBE,AIG,AMD,AMGN,AMT,AMZN,AXP,BA,BAC,BKNG,BLK,BMY,BRK-B,C,CAT,CL,CMCSA,COF,COP,COST,CRM,CSCO,CVS,CVX,DE,DHR,DIS,DUK,EMR,F,FDX,GD,GE,GILD,GOOG,GOOGL,GS,HD,HON,IBM,INTC,JNJ,JPM,KO,LIN,LLY,LMT,LOW,MA,MCD,MDLZ,MDT,MET,MMM,MO,MRK,MS,MSFT,NEE,NFLX,NKE,NVDA,ORCL,PEP,PFE,PG,PM,QCOM,RTX,SBUX,SCHW,SO,SPG,T,TGT,TMO,TMUS,TXN,UNH,UNP,UPS,USB,V,VZ,WFC,WMT,XOM
2006-12-27,0.5089951067869812,0.4398742222018349,0.4103717501680706,0.5112206583117439,0.6051854051691229,0.4975707442942708,0.5461880291847303,0.5082364974852529,0.5201856386755551,0.36374959754367975,0.3962769519892202,0.5483954170981836,0.48913409987557616,0.495211245928938,0.5713613984256772,0.47256991440248897,0.508878625996321,0.41601579640304226,0.45483334626574223,0.4335638044629224,0.510293689706512,0.5303946419795783,0.46242408218217,0.5841210041179687,0.4773854163529243,0.4017588787617039,0.5718662055233559,0.4970345149357288,0.4457821372857843,0.46532754237577756,0.41938443269991493,0.39241468334714635,0.441792054276813,0.5250715294771805,0.41978028382841015,0.43930281578950414,0.33499749702281834,0.5837351297061498,0.5837349067336786,0.4962015013319182,0.4852964436260239,0.5048485459109661,0.5670284066034134,0.5195866375694157,0.42345029933467226,0.49497308800755474,0.4167951728304339,0.4124286181305438,0.5515429427183698,0.52054705081382,0.44571722453856477,,0.4370754910777041,0.39811952731291006,0.4164685743099248,0.36545054972333335,0.5511586028196442,0.4232068725124762,0.4627481465220971,0.48852153177214014,0.5219710786740898,0.46131897074027695,0.4942918275725591,0.5007103017989738,0.6120771833457033,0.4503962724856327,0.4696746656393592,0.5027972274130764,0.44412820615654175,,0.46079948852711206,0.3638107120770822,0.5888373342123812,0.44982433664831906,0.4457260961109119,0.45502534206332573,0.46869062065197736,0.5023205055488428,0.48727896883353283,,0.5286856700151967,0.36530281445230817,0.4647663131037989,0.5626156531158643,0.42316288354466436,,0.48381185547284355,0.42613037865495185,0.5260005955355334,0.5603102069931675
2007-01-30,0.42777383710474104,0.45506453923165513,0.4213338426251688,0.4896201668005567,0.625393493493471,0.5382434388160913,0.5498738918777527,0.5112962686281216,0.46750631590584674,0.40410580957792847,0.4151880988669495,0.5453688325005064,0.4917855823421775,0.5002707605629798,0.5129988646832898,0.4373428782249148,0.517447372231921,0.4295560088259048,0.3761391550925117,0.48768144478115766,0.5348117611941072,0.5149306303312889,0.456689128667945,0.5550162605205601,0.4668084666747628,0.42815668361972664,0.55114172334937,0.5016678326949754,0.46392631348377505,0.4359571031479506,0.4236987871967328,0.3836767359801368,0.46334453265236464,0.5102106842815494,0.4103343634470625,0.4454407389994272,0.3398676131594629,0.5910884977057814,0.5910883000884569,0.4386570300499074,0.49938176296796133,0.4501441632113526,0.5943578649270307,0.5012667426664412,0.40251127059121966,0.48078095693814366,0.42398723466203786,0.4084610776296203,0.5701072299297116,0.48549776533251504,0.4929649261734512,,0.40319538844377767,0.403713364464135,0.3886434345087428,0.3856102326818692,0.5817441201275029,0.4234394290410468,0.4974573487072327,0.44419878531201606,0.529726748988113,0.4679505952486714,0.5048172004481842,0.5103026199394256,0.5546091108881004,0.4774765132414177,0.4924951055368715,0.4643588064291096,0.3919807959458732,,0.4422884068222763,0.39748027774462946,0.5542170312851276,0.44205372372668966,0.4638780751774815,0.4769780372837847,0.4555732085666666,0.5345226971642765,0.4707587205034123,,0.4963910007133459,0.3924875004342548,0.44467345891879817,0.5249438089210702,0.46993121757118184,,0.46355490738976424,0.441098028330858,0.5755266768430177,0.5130552729121247
2007-03-01,0.4521745495454762,0.5107695116183523,0.4562200248246718,0.4963823657849839,0.6557606923739002,0.5281212694100379,0.5548492420120796,0.5561010880503661,0.5649362483407326,0.3986895422386254,0.44789413466848943,0.5305146815141695,0.5121462934069079,0.510905184838919,0.576806252800133,0.46052145050444737,0.4971688435934332,0.4713574859728446,0.4045169921054575,0.44781434276306664,0.5549120969549538,0.4809567289418746,0.45769703104829373,0.5564650911752103,0.47417196821918217,0.48717633868100524,0.5227159567841935,0.5147947693882723,0.4682433561752834,0.43375421280688947,0.4388217021744694,0.39339478643566067,0.4706136992234788,0.5297844103837414,0.4193185325380717,0.4574130077085317,0.31709316905830687,0.592326859146553,0.5923266958244667,0.46967952627883325,0.4800847581305438,0.4852918714001514,0.6276149410159938,0.5331519814470563,0.4077981102005231,0.48280459249492486,0.4421085926042516,0.3995372900181899,0.5851427088048234,0.554858841618474,0.4878886843477746,,0.43262703377227635,0.3924701173834291,0.4295879125392276,0.36901833227296443,0.557357026795429,0.4477079983490945,0.5147906517089708,0.5072128328408172,0.5445649799105713,0.4682338436142104,0.48799376220116825,0.5353736614005464,0.5855993532841305,0.49966045032942324,0.49501637789978326,0.5283920993626017,0.4345306897156131,,0.43405496290329454,0.3806045015561535,0.616150510268706,0.4417184339868512,0.4374361047296639,0.45203032825837647,0.5126668160749257,0.5346604715069136,0.49962796018323546,,0.5109218269046563,0.4103068221023053,0.4093587852645922,0.6358603165770227,0.4556939657251973,,0.4988444434550616,0.4265736657002928,0.5579163416368461,0.48575386906678014
2007-03-30,0.4908740588695363,0.458507899989791,0.414246906020554,0.47850987796775074,0.4677808115975293,0.5562724012582332,0.5335467949228996,0.49077162866541024,0.5240480012350646,0.3212535658981271,0.42194130831974896,0.5191348156534357,0.4805846119241936,0.4692598308170776,0.5102731702543426,0.455099336594228,0.514903631795596,0.4186670505355181,0.41858766828328947,0.46480959291824997,0.5210386140503231,0.5055496787335886,0.47216451405475074,0.5774935016170201,0.49821909142025467,0.4407899433173433,0.5011226904545717,0.45465809299813265,0.41010016334215854,0.42707625306005237,0.43754861695427216,0.35680258936415143,0.4544266907272475,0.4479674891878357,0.4175965705780189,0.5051936470773201,0.3526826961381998,0.6110547430194849,0.6110547102917667,0.46700963131540857,0.454263327331007,0.4270876290504972,0.588507136193013,0.5242749979197637,0.42659145798888143,0.4476152806864193,0.4559953422151756,0.3808802113318236,0.555549277806409,0.5190394571425336,0.4120688915136532,,0.4216044665395127,0.4088544691378463,0.41438432283795457,0.3456950986499598,0.5429709062668754,0.4293934764924646,0.42577435019772564,0.4506986062706398,0.5341874007610014,0.4508898324975184,0.43596622631242865,0.48517061287550994,0.5327407016590967,0.4473234977390873,0.45935949997444,0.5219619770432679,0.3950717022881118,,0.4154043138200197,0.3963657597833764,0.5234223196288008,0.4044917484647695,0.4144909555746798,0.43664663774575446,0.4737806221972621,0.5138557640189313,0.44741595894029046,,0.4478490970411828,0.4475552167404582,0.3536168410801768,0.5304666523045308,0.4414803143204903,,0.4855009999883411,0.4131319912491464,0.540141326328559,0.4949601754638411
2007-05-01,0.4882185092313983,0.4787414032901797,0.3937393288281437,0.5128498391011769,0.49174955063370956,0.5525766263373909,0.5724804995913648,0.4857160902123442,0.5166241384034718,0.37638167549950596,0.437112497444855,0.5084415483526152,0.4691680428267953,0.4959041163681094,0.5490614681505264,0.41591636985842906,0.5100213468654012,0.407675344475805,0.3543739104140548,0.4423072175465129,0.5271148874729289,0.5067213583971862,0.45266998124216357,0.5856596385263871,0.4830287610257457,0.46196674985604613,0.48652936669980656,0.49020963511464194,0.41760438685945195,0.4119412501444061,0.4450887465220153,0.38721656165395313,0.46612610293758916,0.4915981279701006,0.424999760284404,0.5101598487065797,0.3596363318441607,0.5846246849695416,0.5846245895235955,0.4394556013498938,0.46255775637314456,0.445915383700285,0.5295442768971685,0.5286538682822918,0.44396115698361577,0.4701943239481539,0.4392122990296501,0.39311585227857787,0.5478951384039725,0.5257787993269863,0.427694867813896,,0.44763010585927626,0.43167421630758385,0.4524497184334708,0.347501664880141,0.5679727884945858,0.47713607642992134,0.43282603615903753,0.4363690867579232,0.5120706754052748,0.433619698306653,0.46212565975763026,0.5103856918592532,0.5610201273791852,0.4879992204156752,0.4502147141485925,0.5184845524938366,0.40350790550786625,,0.4235707898052508,0.40913796279973924,0.5280931245223819,0.43421598467804895,0.4391880511126004,0.4608992185223497,0.48395823110574426,0.5344340538626626,0.45692135991370186,,0.480863163151134,0.4179555255780004,0.3799249620002135,0.5867333484445556,0.47099460427102746,,0.4801811214210012,0.39652880074335123,0.5247587746621256,0.49987313036572617
2007-05-31,0.4580196120852778,0.4550956259429112,0.4223969799303267,0.49954107899362793,0.5048449230065002,0.5640738819623868,0.5749927149951908,0.4800419908701722,0.517830689140202,0.40962366653712856,0.4160880073289534,0.506312484732811,0.4854601083797271,0.5180967231762785,0.5393980710397888,0.47586281898177474,0.5273379262911673,0.43244956068356055,0.3810337434946935,0.4846071481214632,0.5229285407153573,0.5110265234913663,0.46642572914044583,0.5701587190626176,0.4660039693946865,0.45404263790533766,0.5216465268266213,0.47902717937303835,0.41925967298794814,0.44604617301135263,0.45835051651669606,0.39321332834795203,0.47350452665807824,0.4968680576373327,0.4339504405970239,0.49626811685618466,0.3902411784008725,0.5660784200278772,0.566078352452688,0.44703739146501476,0.4819303279202522,0.46905865344279485,0.5694450794818251,0.4954527023884997,0.4551313419240545,0.49181788677458627,0.45502532938176754,0.41789282918146103,0.5549685464733523,0.5047981515282319,0.4563700369194302,,0.4068117869490288,0.4451501919302688,0.445980078054318,0.36430913884674043,0.5987921985821529,0.47839602501985923,0.457255725581796,0.4690794734975387,0.5426722422297086,0.45111717941435264,0.4721685907998292,0.4600252994089033,0.5429889298789689,0.4609764826594958,0.4793694899437193,0.4998386667945556,0.4100256751713634,,0.42376859140349515,0.4106271521074688,0.5202975085609739,0.44405396768635813,0.42364926191980407,0.47111863627541567,0.479351498520478,0.4753328713559382,0.4800925473764583,,0.49700821944791407,0.40892810963793014,0.3946682429606159,0.507715090243467,0.4648961223990471,,0.5064409149012526,0.409431082173875,0.5549700099848692,0.5099565779614145
2007-06-29,0.44726907215511585,0.44226086957890987,0.4168269342441345,0.4906323629733578,0.48721742413155195,0.5458416022898589,0.537596522125099,0.44786830676178363,0.5183000754679192,0.417693145387392,0.4399357976586083,0.5313246784949065,0.5089460075972255,0.5185464028018685,0.5462168543722657,0.4589244432023548,0.5113903821603898,0.43061914135356905,0.40521086727072825,0.47561980596859793,0.5246181899555721,0.5097749386501255,0.485693173087199,0.5518256426463759,0.4385111660655525,0.451342040772456,0.5182878266550703,0.483005752168812,0.42059925985333385,0.4350513559681071,0.43427946493393543,0.400365714454497,0.46823629858096943,0.5256988852992107,0.4075551897220461,0.505880949503781,0.4085020220881663,0.5706499616467038,0.5706498510906519,0.44027885113993426,0.4632976909870995,0.508673872573575,0.5141400354148657,0.502705854361712,0.45719776603613665,0.5234776326221325,0.4406537481087276,0.43239455684171707,0.5296536082524567,0.4806428734407198,0.4232781453438105,,0.3984596609454566,0.4649401100980946,0.49364108608789287,0.37034435219622874,0.5781497451701795,0.4595294182584551,0.49668993271200607,0.4534763845966239,0.5628084256379107,0.4485345111368364,0.45839574236102915,0.46376619296042654,0.5402248687417865,0.45953673801385947,0.43684288193406373,0.5047034933524384,0.4021872204251416,,0.37679588159028593,0.40748740995089944,0.5630638912094164,0.4219232814400413,0.4191364757756847,0.4467001661559126,0.4942375315771199,0.46555961825446796,0.4829672500067713,,0.4653761794878905,0.379259761775208,0.41367028607118456,0.5828138642252388,0.4602200518718961,,0.5072322875638658,0.4364046491580185,0.5268141660031076,0.49425496123084406
2007-07-31,0.4371765586496101,0.4675429088183853,0.40865589954660414,0.4098566419819413,0.4946136510161312,0.5338331196766349,0.5027797847653244,0.45656941994326,0.518738673181724,0.40885315279360435,0.4378087061653714,0.48696164828434607,0.4971378517564123,0.5086901764565059,0.5005057294306507,0.4584400257477668,0.4906476291176437,0.4332703088366256,0.3580643967251872,0.45733209604824804,0.5169502067377623,0.5046074956014209,0.4659468347639563,0.5343996746695979,0.464571087277318,0.47322077036816745,0.5190229770806332,0.4836299282669924,0.4328658996450929,0.42888083566438673,0.4732253740056569,0.405585110632911,0.42754012536215885,0.5222706624787115,0.41340603493379074,0.4778993624529606,0.3718096448791897,0.5400903184571659,0.540090238534661,0.43891187659024317,0.4626646781295266,0.5189418858556629,0.5166183080940756,0.49676864770574947,0.47589051889635026,0.5302136868443503,0.43307785640030466,0.46687493406954583,0.5795483803427595,0.48149228094157204,0.4149839745171901,,0.34891563963399147,0.4289060639178546,0.4419035944228961,0.3753853273640329,0.618402591367662,0.46132393469183935,0.5185806864916099,0.4347509838713756,0.5293602753401955,0.4949414021066271,0.4790527377858811,0.4142670639278964,0.5420793204543143,0.44203906288828093,0.46929576225141767,0.508568526950989,0.3890085611112529,,0.40067490892046376,0.41370752028650915,0.5306638782049624,0.4181384560919511,0.4458278786888854,0.43596181726295613,0.46915089555896106,0.4378753056401083,0.46649044676225115,,0.4669451589699441,0.4086473182071523,0.4269131132593886,0.5372678032857505,0.467396071926384,,0.5102072197616632,0.43455789889028784,0.5373259600236417,0.5217977472753708
2007-08-29,0.4573195869590806,0.4560195627603964,0.3991570348239872,0.43712081153461535,0.48963651644087225,0.5355719663006888,0.5218094193468872,0.4726807804888918,0.49340003944002275,0.39110667161536394,0.45407611923455804,0.47493254044206606,0.4590940700481972,0.46128937642253104,0.5547498039345997,0.4290072419597016,0.4375006482635632,0.47431713426320715,0.34897425981444485,0.46545922990649574,0.5036200672603746,0.49964759692075245,0.41324720605643245,0.51387051158207,0.4398340031015239,0.4829077531476858,0.5084346876992352,0.45579695195560826,0.3746464426760856,0.38197592574177974,0.4534621572172383,0.3663132219414574,0.4792032895425785,0.4793820881361541,0.39853692434789595,0.44624321547336077,0.37023735348596937,0.5489396880672507,0.5489395987887347,0.46616488236571485,0.43302042915052036,0.5385209487167281,0.4814364525859876,0.4931290209036946,0.4555623312224498,0.4832937027180809,0.4615270635902097,0.35750510961178456,0.5768481591083826,0.46604519846890974,0.4031664499858862,,0.3818136578971763,0.43513075413835445,0.46927725215083127,0.359501244208122,0.5993620762685392,0.47838769386441515,0.5258760085715329,0.4231560928245725,0.549199672690986,0.40532163468378596,0.43427748892169227,0.3852988953656337,0.5438091229063792,0.4428440711564783,0.4452282166435325,0.5440947789654746,0.39595882915919317,,0.41012808532993367,0.40295169300226374,0.5058253079980962,0.4061335634589945,0.41209850400048476,0.47062816339827895,0.47450722244569343,0.40736293347643143,0.4566435930079513,,0.5025297557468029,0.4144604223207141,0.4022050910177557,0.5092985309958027,0.3814495218637028,,0.5149617144124978,0.3603763671223324,0.4707960970402597,0.5040627814231936
2007-09-28,0.5171010363013533,0.47108595521563734,0.41046842393458727,0.4800294837084692,0.49940276063709677,0.5077299073088628,0.5127649247788951,0.46275796438193134,0.535963289952697,0.35027808369637636,0.43447462532274406,0.46310734327456554,0.401312596004045,0.4647791683646799,0.5233324713102955,0.4543972189549692,0.4862218076274655,0.4294829825049598,0.3566676462773264,0.469193704920195,0.47725971531706396,0.5093833682414173,0.39654408522480916,0.517962904994446,0.43006576090798254,0.41508537608735707,0.5054768500495744,0.4122819383361572,0.34624200973769553,0.3901295477219731,0.3919531753341342,0.3648572594679701,0.462000238051292,0.4717967690032658,0.4214667805761777,0.4527821108965344,0.3596701971419832,0.6154105753327259,0.615410412157699,0.47071178843212685,0.40323315468064846,0.5097045482427471,0.5378817593900935,0.5188434455244395,0.47558501523976704,0.458103788888926,0.4284111339071045,0.3597688041251894,0.5451693084763748,0.4420653883207463,0.39454808473610653,,0.39241697457289093,0.48588777089917645,0.4709020070845304,0.3382641791979595,0.5702321851295281,0.4549779447791714,0.44345541522700344,0.42521220641330987,0.5722180471617754,0.43058238200273496,0.44638278703296486,0.39846915150266626,0.5585737779046069,0.40530302188697503,0.44557671771004054,0.5509987794628093,0.4296923434035893,,0.38069041126093534,0.4035623308643341,0.4948893796368855,0.40346018328008937,0.41235005669594876,0.38722779338730445,0.4144124924570501,0.410035804957255,0.4811483926295049,,0.49331423288728055,0.43181319754034636,0.3808792267622476,0.5208731552091364,0.3584201859076049,,0.5170786176256816,0.34705786084523876,0.498018362409093,0.4852802592355802
2007-10-29,0.5240390175671139,0.4622000695221429,0.41863557705529264,0.4887693907049553,0.48757411013452223,0.5760878386426108,0.501206306199965,0.47404540099952835,0.5290572412903743,0.33043557695746223,0.4404012274707471,0.43815030447901604,0.3883212786781836,0.4900813825061354,0.48151551654669694,0.4181255523222012,0.4170320369265644,0.3873683102426608,0.39586633053280523,0.44638451436420945,0.45157674672621473,0.5321537027635929,0.38839525891477483,0.5661270796782472,0.4517188163703162,0.42384973863408854,0.5066385075895774,0.44690731073835527,0.34800195038415727,0.3939384529759584,0.3838127664061465,0.3748449781290113,0.45068932560991176,0.4772202200907575,0.42382007697870727,0.4605089260373515,0.3972873231357219,0.5501435418822864,0.550143264813359,0.5188573835591701,0.37198731239023636,0.48710086636378414,0.504954484569264,0.5093540331663893,0.4910382059705326,0.4407436055207065,0.4464569110538754,0.33907035803663155,0.541299809457773,0.4571539165047623,0.40886771146728473,,0.4514999229312332,0.47798773001288647,0.4364069376077484,0.3296670244670168,0.5794771017700342,0.4767289079067954,0.46253545269915913,0.42048101185527476,0.4828708982880086,0.4006743466369459,0.4671463088981436,0.4175524761880053,0.5445334620021237,0.4189688176036513,0.4531837022746619,0.47897536862942736,0.42457967289828363,,0.43880522384457277,0.41055479090657077,0.486358318802992,0.39766023899123293,0.42029940498868884,0.40817895177451585,0.41564698382055876,0.4163145096358448,0.44991856028656313,,0.4939503085348549,0.4305026723600954,0.37495436033722723,0.5276513655461917,0.369013119699247,,0.47318906897418755,0.3240574627643878,0.45236897116445635,0.47725530266441385
2007-11-28,0.4764993167114217,0.4224690176912741,0.4473475500023624,0.48299714396789717,0.5048642865965566,0.5846304092871549,0.5113804255484465,0.46416413226786196,0.5392635943994133,0.3665485453098533,0.46848644963943936,0.4608304150200992,0.4249775951028687,0.5277809446097952,0.4831787591593465,0.4705226322501248,0.4488785953105681,0.4081709125394551,0.41359238842252755,0.4935694064462421,0.41003200337822815,0.5260841525913226,0.3869801035854138,0.5335778164946685,0.43219280535260346,0.4723397318821382,0.5406278975535699,0.4125772012745615,0.3482813762188481,0.39064125858725257,0.36234207998873663,0.3957474441899243,0.44442424522507856,0.46893516681096914,0.3871455644783904,0.4933040704295763,0.39834043362232036,0.53826744415544,0.5382671272847909,0.5332447231152437,0.41924771953366247,0.5231150323898074,0.4851332380907286,0.4457462902108095,0.5210955345720573,0.4352551482066053,0.4150525572440551,0.3438044205108058,0.5030543096749718,0.44913087712445326,0.4192758873242519,,0.44735081556481865,0.48716582137492437,0.46710867236922127,0.3568133706179687,0.5923966066597142,0.49486696687430237,0.4828909108530952,0.4194232757117261,0.47086295352479474,0.3663651576954751,0.48322328735373954,0.454356272454019,0.5110079496715507,0.3723289346478735,0.4614065176863488,0.5152873146525488,0.4243414916354211,,0.42843389310742624,0.4102160963492152,0.4812034265435855,0.42046515760862946,0.38277405024425654,0.3900671971032766,0.4504693477958255,0.42648920029694376,0.4813363814453414,,0.5163750821307995,0.4061270092152164,0.42600213363399503,0.5048130190558607,0.4083059924159351,,0.5228714459358351,0.3590794605570713,0.4581588534758413,0.4967416204886918
2007-12-28,0.4463579040565233,0.4302453883851377,0.3969624627688593,0.465481322892367,0.3692368295219343,0.5793024051592212,0.5167646595131153,0.4624942370796143,0.49745189207091034,0.2978321261644915,0.4319667647930278,0.4085807101337098,0.4003102103323962,0.5124639731783641,0.49542506219695215,0.39788822356874815,0.3962239522588759,0.43081554573075137,0.4012852079689207,0.4406963331351501,0.4256689866333284,0.5356905616060899,0.40500173352438773,0.5158966482612781,0.425047045014938,0.44789180136519824,0.5219732900618325,0.40871528866559753,0.33114012973711726,0.36091139419275925,0.4081920402804477,0.3769220813026555,0.4603514733739977,0.47320317302749276,0.40709824295761,0.49314576605514304,0.39091814339461567,0.5531408451311011,0.5531405592268772,0.5258513872529572,0.3721937334630785,0.5112811590716448,0.4307112412829303,0.44012852811656317,0.5442720709626213,0.3874259426265272,0.4321800034932776,0.3440414208070315,0.4456596669452366,0.48604516210714893,0.3712363595158795,0.4998104405801326,0.43041568097419014,0.4768464508861881,0.4483551097408283,0.32487820384805377,0.5582640376943793,0.47873920307577633,0.4580852200279167,0.38483522788590385,0.464348435613889,0.3981925875306212,0.5037687087382655,0.45895029701599005,0.5012066120032558,0.40504974000551025,0.4258132542098746,0.4773676965899855,0.4020975628453532,,0.4298510279324165,0.3957803982324713,0.4741437015680253,0.41217902350946833,0.42186121324919734,0.3792977339685199,0.4445945060005,0.3961984896524964,0.45975633081885814,,0.5133622630403192,0.42054702406015,0.4255284653592932,0.5158775876632917,0.3610265361752112,,0.48268402763206264,0.3099289871224196,0.43155812788850373,0.47515359398798457
2008-01-30,0.43586067710785786,0.4254772151835523,0.3573596602149911,0.4760733680316235,0.36906590586619387,0.5458737565821351,0.5357234096434702,0.4432832308563029,0.5337481296734649,0.3565153671195043,0.4533994639142866,0.39445595974899694,0.38754601988084514,0.4641449706646145,0.49050293669405476,0.3794220033598819,0.3880513796983419,0.4013043602993221,0.38710707416802304,0.3957878486663467,0.40861217399592314,0.5443053422975184,0.40332306938333046,0.5232085075798709,0.44766330014306277,0.45332753007166215,0.5213234615312994,0.3678183002747414,0.37379139136590933,0.36375115945808845,0.38038975974135825,0.3988983136172346,0.4826830827139614,0.473398739437348,0.4161468856264036,0.4622443886876532,0.3781106075804578,0.5070446702731846,0.5070444303280475,0.5189440381390624,0.3881272132485216,0.5278761134410473,0.4303776305605868,0.4042380282513138,0.5169381355230784,0.39321716800866247,0.41950446646695516,0.34416969592621893,0.45994102030935036,0.4412134778296345,0.3549583818378206,0.5132371942768967,0.4381793413190418,0.4706262999366658,0.5019793513619556,0.35918791541585626,0.5618579905724893,0.43936300409230533,0.4680036813559211,0.3916409114518212,0.49398600418495797,0.3895471286095631,0.5105951877018682,0.47091737366903386,0.5269940923142398,0.39256805337001216,0.43897181047824335,0.4499488963935463,0.42561851622499725,,0.43222245017988525,0.4354305123399317,0.440498501953367,0.42183925091807883,0.3868705611188877,0.3905879782286103,0.40485492714329546,0.4060215677834441,0.4901030237370842,,0.5053581674573218,0.41872209623987844,0.4286240604407676,0.46922458856903027,0.3153737131689961,,0.49111277431424327,0.30931218642698083,0.4139579506660318,0.4843353552645724
2008-02-29,0.5168877281286804,0.42850196305122307,0.3714445631984934,0.5186600977119238,0.3482963977255808,0.5219901194862681,0.534235786890555,0.46099977710928863,0.5176805494318444,0.3193489880322522,0.4632049294065292,0.3852293871909917,0.3844864847485353,0.46964075150741064,0.5029911816671716,0.40623482690491824,0.39814572057576403,0.42381934983528513,0.4052703624165765,0.4094303555395591,0.4073890935219381,0.5299058740035516,0.3642113107504593,0.48857693136846153,0.3931818147069749,0.46151776758754176,0.5262987893888617,0.4245292126245777,0.3718961567605683,0.39710432581311866,0.4285365137211661,0.40561768929992104,0.4780109648758839,0.44053864605918913,0.4064615079500139,0.4319610090867015,0.4151461216972963,0.577556727473462,0.5775564262205858,0.535675672945401,0.3702546518367461,0.4976458636676669,0.4188867157040748,0.41812189785670084,0.5221960556651564,0.37379546025681837,0.4388505339858122,0.33937298658327064,0.4760207019727838,0.4045316213635308,0.34782113549423227,0.5033206721330027,0.45748606169123457,0.4957712760184157,0.5138520470016293,0.3097917589313847,0.6102306302728141,0.4670814848044272,0.5005203943718177,0.4139653998016624,0.5490773397239694,0.39803372644013235,0.5335200366801541,0.46529909148649967,0.5168367209093173,0.42948206749897117,0.42541243709866816,0.45440405697086417,0.46070139209424305,,0.44210238270254565,0.41177241632837946,0.44226007607203727,0.40588848568830677,0.44110389072645506,0.3550238143150631,0.39949521365603247,0.409791745773142,0.4549960505264807,,0.5249887810861296,0.5079561160349634,0.4435145039889426,0.4710407895327601,0.33246990162830137,,0.45107790726618424,0.28194230280258753,0.4205396838823361,0.5080796290372558
2008-04-01,0.5059489193033454,0.3966325045166846,0.37448164788083693,0.506517139457493,0.33770860124761665,0.5362480043991346,0.5023805882938304,0.4387729384453101,0.505083249479881,0.29551745428502285,0.3939663332183486,0.36255880052765427,0.3855582877546549,0.40830603157112555,0.47479885432662844,0.4448670505835122,0.3752253053885283,0.41134874740935895,0.42648536484467264,0.439105299007114,0.3874667915171553,0.5106234569453413,0.35070115779227096,0.4995249407652021,0.4399772520539926,0.45378538951691677,0.5205474304201015,0.3847515116617299,0.35157623059664145,0.4086388140623462,0.41088643546956943,0.3804322225834157,0.460129037197129,0.43037182896071197,0.3800130504431143,0.41210796956609974,0.39837977109261236,0.5111054916817723,0.5111051329288374,0.441315447618781,0.35251257902950217,0.4967214465640176,0.44942220492984497,0.41074348282881273,0.4805153875619936,0.35231184054052817,0.4127998115466859,0.3434536724745428,0.43545058349781585,0.4223412085177462,0.3686776908134004,0.488600875810723,0.443715874801456,0.4823701041841355,0.512385964414136,0.3214658959904615,0.5605110712713167,0.4333004522196228,0.4922402886816028,0.3543847858681116,0.5612516828954067,0.40296271520134297,0.49623665320248117,0.3806412259755602,0.48598109774179676,0.4006158294091882,0.41709868574839326,0.477902519160165,0.4920206465492277,,0.3818570673253994,0.4055085038793716,0.4021148901138579,0.3795813314856338,0.40756694642188146,0.3732975687114549,0.39382028244287937,0.4074629487318267,0.4434498104889534,,0.5196899971174473,0.4996442152871077,0.3898954670436443,0.44645464319852507,0.3321995510355427,,0.46124435500624056,0.2762153714122943,0.4200281093014771,0.49389701526083357
2008-04-30,0.6013672723905926,0.4092786431796674,0.3992297357916553,0.48937973276135716,0.3585715734332986,0.5919924324824216,0.53101465972272,0.47136963050536673,0.5018315335433731,0.3427830026719151,0.4020243446736394,0.3456949631644669,0.3890078422227204,0.4164184834384454,0.528174527893225,0.4586955352838413,0.3798208396125546,0.42476063450422197,0.4303913671453751,0.40256327308268147,0.41530689496327783,0.5427090484341003,0.3678786051754339,0.5452930590764434,0.4759521706485309,0.45692869107675294,0.5642647001937834,0.4230404950276432,0.40452455162683826,0.4018155240918406,0.43196175621794797,0.43173713974709765,0.5019752920432299,0.46347991357087054,0.43585384570686325,0.3973567984887292,0.3882030936863637,0.5233792902620579,0.523379089271055,0.5161049171555104,0.4061262799947571,0.5076971431712554,0.4634233481817261,0.49450723767741295,0.526242161018803,0.38188566340331004,0.4373189161197832,0.39391676126978736,0.4409479737596775,0.4680516524509688,0.3926368621241998,0.5157763376700396,0.5225141297792586,0.5301556634634929,0.5256288985618585,0.3553778747920144,0.5338585419251116,0.4547673003828155,0.45134306908071337,0.3678133646473842,0.506607427812193,0.4075241329821484,0.5168339842289027,0.44887351595236136,0.5311491483101592,0.40298124169355465,0.46114813949691263,0.484334376175777,0.5209639090925386,,0.4216843733180564,0.41461640986559084,0.3980937439559556,0.4196369450163115,0.4510340098989031,0.4204614001863635,0.4190236802126085,0.4290114880227086,0.4754027132831776,,0.522419223051927,0.4541632015316035,0.4532595138666844,0.4633156455888906,0.36791977905241774,,0.4697230094014369,0.28989849745027474,0.4252085769355575,0.5224224913752643
2008-05-30,0.6025270011366921,0.414239708073403,0.38850782726713357,0.47907185331786256,0.3329063891662241,0.5646007391919334,0.49821060055219313,0.40633774229424013,0.53191499607638,0.34947704546872976,0.4386232575856143,0.38489079949029703,0.41112162330011554,0.41552217961883553,0.5166317764658143,0.4067138503886011,0.43115861288827895,0.3993631166693661,0.4331811315407413,0.4235914817963443,0.4086506817203109,0.5446658615160032,0.40677386902923146,0.49661399625633307,0.4832317627853331,0.4748172670895893,0.5854378452424573,0.3915985815470663,0.4014002849418738,0.42447066590443394,0.41758325042391237,0.4082762714102612,0.49302052137569996,0.4739997531133644,0.40999188549119125,0.4021002308925978,0.3804058495556575,0.5567183117004645,0.5567181182546957,0.4598775684096546,0.4080280690151181,0.44840639348748706,0.47839349439803064,0.4817493104639648,0.5251805875421518,0.3473697926195787,0.4420996834551657,0.37498713888473634,0.4492117320385978,0.4013940117095241,0.43937674881387934,0.5055392316848462,0.47274309838368567,0.49405778525261235,0.5340191971877642,0.32609258684409165,0.5718810875007909,0.42234370684421135,0.4450858714146655,0.3429371537915205,0.5195536871946431,0.42865750851261764,0.5403261162723739,0.48423152017121807,0.46122031335797614,0.3986773978154302,0.48824300846909335,0.4434472604024145,0.5140975223138817,,0.4095331429332071,0.39280924409725637,0.4246169666696952,0.3822665599585729,0.4345223844014706,0.41431543398499465,0.41019543910216577,0.41254134173024515,0.43859010693870853,,0.47419609651316635,0.44094087990986375,0.4768802368827285,0.4800628753113722,0.3578137444533987,,0.4770756427628734,0.30670815902313103,0.45105467955652223,0.49193546417926465
2008-06-30,0.5968104885036452,0.43209046065776846,0.35641466872869537,0.4551874872034801,0.37172927345266843,0.5620245726405843,0.5239602101629799,0.4136903772443814,0.5429243537062789,0.34704796300853474,0.4621896753589354,0.41288983307734395,0.36585820030571553,0.44225914579893805,0.5332260885359791,0.3978772453699705,0.42722656721644664,0.39464708787544583,0.4256814984799258,0.40411178598619807,0.42710161616189074,0.5306440100420193,0.40369442849503856,0.457414533567507,0.4213155979405636,0.45751978776806745,0.5533124742967721,0.38999604864478693,0.37013667590455096,0.4240173750841434,0.447142681914929,0.4124465196662782,0.5379910787927766,0.47640211712487623,0.3952099504066632,0.43829448412888955,0.3815328976559802,0.5882762636606709,0.5882761264695517,0.49875640264902515,0.3677118687080038,0.48461428104580695,0.4424532701513188,0.4512689331097976,0.5258579741068321,0.40063012141376514,0.4103269799200627,0.34897842449755606,0.42631086370672994,0.410487006243959,0.3821745377471632,0.47952763278984584,0.46754665518832816,0.5116054608545392,0.49876189788351066,0.3288598245255916,0.5024597214423627,0.39461489841607716,0.42755136391019405,0.37699370184576225,0.4870540412304998,0.40335790109760083,0.5446666167553583,0.4463440695506512,0.4481247409588123,0.43758511705347686,0.4465475980526333,0.465976408042519,0.4964642530080094,,0.38098970256368414,0.4030410910343505,0.44255404348559313,0.3847592018715139,0.4567833210530245,0.4100677607395227,0.4463674987186009,0.3924485818144637,0.4417639763099096,,0.4946304640882267,0.5000907580321267,0.44989768191539314,0.4820065891572411,0.3757196944160547,,0.4669803557934114,0.3233995384780302,0.4194031088009993,0.46996803851910623
2008-07-30,0.5705502418252505,0.3916832338039133,0.33849974622711987,0.4606606117974566,0.3467172706434848,0.565188267223909,0.5351484472640752,0.4286592319358825,0.4896265589222334,0.3618779461725407,0.48079312405377767,0.31119833393710056,0.3633620987139506,0.3826389009058364,0.4172243536024194,0.41193874902990785,0.41449673114405233,0.41688317495973687,0.4179274825317712,0.4119570638329926,0.3694630021678332,0.5567000285572817,0.3659785618488005,0.4567042394671673,0.4164488263280879,0.4485209321986778,0.563579011739257,0.3460177215711811,0.36226929145282855,0.4430037550230157,0.42395367592269884,0.43218284062839396,0.53008526585439,0.44933564581284036,0.42369547931750917,0.4637793974810801,0.3654877781560284,0.5731620730327619,0.5731619877436488,0.444047950293827,0.3822710089122237,0.46273625202638385,0.45574979283722655,0.46738493643404155,0.4952386020847719,0.3627964795501165,0.42831149558265236,0.35558447052375625,0.4519490518259393,0.3622330065471981,0.41736648777940616,0.46499650778670304,0.4792340001987582,0.5110398436756431,0.5343301149727601,0.3386945381066392,0.5095306671581983,0.37899273792904675,0.4103555241787046,0.35264541703934,0.47992511523272136,0.3994510297931728,0.5022605663170753,0.46134860151920176,0.4363654687130551,0.44126826877849584,0.4561771775304398,0.428368897231409,0.5051653167910543,,0.3432320659539138,0.41606437883692626,0.39457795318197,0.35949504315610786,0.42193081188922543,0.41087752913411457,0.4424605248288077,0.3950485000797443,0.4446478652638307,,0.4639216655021358,0.4818130944243899,0.447229714578986,0.33653029195838086,0.3170424116732906,,0.4492363995593381,0.2801233643786273,0.40804881991870573,0.46954998855406105
2008-08-28,0.6529389179213158,0.39922812569160654,0.3549560380321208,0.47225123162997323,0.32356051457639634,0.5553392954272548,0.5355069688138808,0.44262429454153773,0.4982501445899246,0.35502703832446825,0.48907772725780757,0.33700710300624076,0.34001754151002866,0.40050354603503713,0.444968279563271,0.41599605883204005,0.39586652793210425,0.44454844682234945,0.4585945404067069,0.43132793339995074,0.38821990193102296,0.5198791539139825,0.36130338690438674,0.4308592667802211,0.4278003891023355,0.45583915983422557,0.5670844050834535,0.34232329043418463,0.3955589614035907,0.4655693016291523,0.44008490062928857,0.44214149066168495,0.5348219933173477,0.4514717344817246,0.45015976902275157,0.44422116953099494,0.3974335442312096,0.5991638683897107,0.5991637816916938,0.4773622788597059,0.40154755101961015,0.49510919977326356,0.4300095111271413,0.4602417846842104,0.5339643209809019,0.37548488692337717,0.4388859776610186,0.3995833551356515,0.4486247212754654,0.37831454263246395,0.4339254753035111,0.4877469525736863,0.47773723583591515,0.5240363551321978,0.5345895566061503,0.3342569407670303,0.4956655715874821,0.39598005850556706,0.444455897827221,0.3555436754547174,0.5043591050344252,0.40089623804241986,0.5018170414821064,0.45357804218538655,0.4915816518760739,0.4576002502047624,0.46771143532122195,0.40435674960441487,0.5225458581260533,,0.3461160722083739,0.44095541663327786,0.3855050264475498,0.38774608963972496,0.46652771636578727,0.3780595015878151,0.46280563045851025,0.37165087683745957,0.42585996160227496,,0.4670891609774496,0.5120689775308556,0.4520720859203832,0.37945118641725073,0.2991613332561134,,0.47593853345227205,0.2988935495917045,0.3838039571271696,0.46391479925987256
2008-09-29,0.5842356926347141,0.3940212731745956,0.37671472778191484,0.4475056257714822,0.1110922673492737,0.5906811116397241,0.5368867592291389,0.41598906588098833,0.4837933496579443,0.3415335292297124,0.48244379247829416,0.3590516734733176,0.32339020955531045,0.40611265053751894,0.454765426217627,0.4309760469258928,0.37392107202930314,0.44698678771836436,0.45963206545905727,0.4825375001236919,0.39299564157419137,0.5146507924924845,0.33131875414821915,0.39825386156441767,0.4297206091555793,0.42946549572075576,0.5520879224535963,0.3360747338006028,0.3897983449996818,0.48018202812505917,0.4090916556002459,0.4626025758857603,0.5327927589975524,0.4487015448213353,0.4391151623612961,0.4242991261203121,0.3877006843702009,0.5571517760290554,0.5571517860947274,0.42854654919612206,0.40968363704874866,0.48142863213794196,0.45884599919143376,0.47412988238430714,0.5131755907402136,0.35810414539969343,0.428223928112201,0.36604514936976396,0.4500883298090956,0.37857194046404025,0.4389185346215899,0.5135069256802062,0.4690229851111095,0.5374311194298161,0.5309143019485422,0.3206137601064352,0.5090504452870174,0.3488246247253422,0.4153798890626785,0.3088834176415586,0.4631066750242668,0.39537070608793584,0.5115249684849315,0.4549157460821902,0.5428147233317103,0.3853734774462775,0.46101326663061165,0.43393978359527774,0.5373180365423398,,0.36418587142347425,0.4411337396826704,0.3728583071200473,0.35913460376054357,0.45294662947199427,0.38201192690637154,0.4529286797934774,0.38829075923034223,0.435577193311589,,0.48441780946438007,0.5870781141439513,0.43692462897485673,0.4256956071985408,0.33076696086857105,,0.45516105010774793,0.29107311298761207,0.34283116086258314,0.4472804272029161
2008-10-28,0.5823185889983247,0.33411039520528585,0.36368622743480217,0.45851468216244395,0.16961673122998222,0.5724500789151817,0.5286471235621233,0.37494941175679253,0.47302568379798704,0.31600103109289795,0.4518505435431603,0.3556801542791604,0.32416087196658516,0.4514120753053341,0.4521929015000661,0.35652414535275073,0.3016040298294886,0.4505498706499539,0.4119247764386345,0.4718562163250021,0.36389954590632867,0.4411826315370808,0.34710287259022166,0.43653773335466955,0.41779081572308724,0.3819576782337427,0.44646234444420774,0.34544094614593984,0.4165937714965413,0.4244172063652178,0.38523170578745347,0.39234939169398375,0.48814022101740534,0.4767001730215896,0.5108498393346736,0.39703243425982837,0.3693872809167075,0.49580206092463397,0.49580217661841847,0.3442247117942664,0.4686547809373536,0.4956367538274121,0.4271271794385619,0.49208712258853493,0.44090443718287836,0.334319660148247,0.3588895050221098,0.3536651377257985,0.41224638437836914,0.39803839078990155,0.47004341184570125,0.4412265007362169,0.4270870034602541,0.500282591483383,0.5627507350099945,0.18095867131023663,0.43794380793883736,0.29038440854157715,0.4098944608880178,0.22813044182541317,0.41492373485650247,0.35228163820885766,0.4637477092861565,0.40812880492225195,0.49252267280753464,0.3836558690308232,0.4439879978064784,0.35789221451684466,0.47267905052195236,,0.3882082177200172,0.4031781986739978,0.39734230429111306,0.31009557524370757,0.4247935330956566,0.3696492388094264,0.39628230741141385,0.4110388749028942,0.40960484400579245,,0.43983884139162593,0.4624176178951075,0.41754286314894545,0.46031677373187113,0.37204959835578394,,0.4125094018592057,0.31984143336917936,0.32107283696574795,0.32440460680986744
2008-11-26,0.5388040781556943,0.3384785684080624,0.32215900686721577,0.4201827086000057,0.18949223274781635,0.5570215676311474,0.5186193699274949,0.3299431422588312,0.4563503345673263,0.3036448873759776,0.4052189922801999,0.351631781459429,0.3314797999002455,0.4235425690491702,0.4072689840788233,0.3344892001446118,0.297253034884611,0.4283721582026437,0.4074984223165005,0.39444830308169515,0.33464801216009604,0.3831012507307288,0.35201715219241886,0.427765420233262,0.40175070852582734,0.29567840389161354,0.39337085254064597,0.32501786500420676,0.39515740391960913,0.37261960190036314,0.34608732484224686,0.37031047511079973,0.4651527337726788,0.43931142579579197,0.49538428284372477,0.37687202809605297,0.3283928721578213,0.4959362620767587,0.49593645575500167,0.3821694442794344,0.4122160136869133,0.46054958266577534,0.4035505302569475,0.4828335679557375,0.4042097562991953,0.3120151943020395,0.3228204169515666,0.2628644809621374,0.40277764097991475,0.4133545643521665,0.43553519918652916,0.4554397097114415,0.41472328670887976,0.4561457173060619,0.4646384792101315,0.1765250476763933,0.4161426472117504,0.281865416092927,0.35163919660652815,0.2064802985581532,0.38912481744404603,0.3110801956398957,0.4583012774732408,0.3299005244235645,0.4991129276602144,0.33326267120034875,0.4406305343862506,0.3304073813320941,0.4191053580209474,,0.37566861902036447,0.3511674038559074,0.35242636657244947,0.3003901299031767,0.38411681071408926,0.3453637497843854,0.33132862064111973,0.39015878109143864,0.38387575630722837,0.4390351167959837,0.39431605905100303,0.43261374188505936,0.41259952924669696,0.39877225979910846,0.3602188551802776,,0.32045085754431163,0.3070419506174464,0.30078693908239434,0.2826611305290428
2008-12-29,0.5744916080634698,0.31109871244719745,0.3064249494980574,0.43465531989964395,0.468257508297139,0.5440972345824895,0.49904531603951424,0.27641382083119487,0.4882664423109674,0.28542116842929194,0.3908245038104471,0.3500892904085149,0.34854345164023165,0.38705575148654586,0.4047173679849406,0.30751883019737325,0.2517611983309076,0.43560204110788553,0.41895524619804986,0.3755293484520393,0.33711211325314244,0.3480656948585398,0.3404714475162395,0.4193374585669115,0.39161424780239823,0.3089612837972344,0.3852227509069218,0.3530933274892055,0.3942533638247891,0.3709492313905679,0.3364713928980744,0.33841571166220286,0.4320169568833928,0.39181457078186416,0.5006323019803556,0.3469310581827453,0.3543579916199686,0.4737600697679686,0.4737601960914645,0.35301671545995883,0.4397572696002389,0.4778805314338805,0.3948849407721302,0.4804121018118843,0.41843996578902276,0.28390641247268017,0.350976133437331,0.2544835230669315,0.4206735724020971,0.42548695766254413,0.444033453423688,0.4390727923097655,0.4169685118941118,0.47467360582815865,0.4663084283795337,0.2212533298280119,0.41748280582091274,0.322868422468474,0.3689712253329594,0.2849636898330012,0.4039897549776272,0.34637562361581764,0.42730217799546777,0.3332367988881339,0.47004185596452386,0.37020963515988975,0.44279828836464197,0.3524676987087724,0.4173154055114593,,0.3878924752847388,0.3697604276213961,0.3754634352895576,0.28524909272077775,0.3869363067353899,0.29904612734725977,0.35370108952831103,0.3880819572305713,0.36440100740099823,0.4378413368002458,0.37005943968702304,0.44011868606797433,0.3947604318988734,0.40601228552906704,0.32687179127987814,,0.33772820744814164,0.2894384744925442,0.30855857744966714,0.29835905651106476
2009-01-29,0.5758540125843956,0.3375442517714546,0.35173584885184667,0.4323269120203578,0.5218253905248896,0.5133242941749078,0.5382645104807341,0.33260131698938666,0.4966778312540053,0.33466327195755924,0.45217195600396237,0.330840223716961,0.3935655143651379,0.4056585844108377,0.45277805077537003,0.34011191819706155,0.24985273256744903,0.5063013480970999,0.4657127348728969,0.38122274564236575,0.3243974865420739,0.4159242533361159,0.3716809295910033,0.46692165818568904,0.429728161147257,0.31647429484806655,0.42943197144760226,0.41612579338182004,0.44045613722110816,0.4171464103302195,0.3726215093446523,0.367789209768754,0.49096440090414717,0.41296847340713033,0.5464254302934787,0.35010806045591014,0.3865308581918326,0.49650178434060044,0.4965019000417893,0.3622328861391007,0.44954783966873746,0.5699279411652209,0.4469771492248758,0.5010137864637311,0.40868862393969924,0.2872389819291074,0.38232312487067127,0.3154039690526388,0.5307855055324326,0.4743637363612011,0.4513765673590019,0.45006318740450074,0.45877287610675915,0.5006655348957922,0.5227259553570532,0.34136568145686536,0.42652114638225097,0.32410739347372125,0.37696960751483005,0.31602009703628997,0.36043079299554887,0.40945195019387287,0.4784667771365618,0.366403645658142,0.5212052845388949,0.3542056335075077,0.5328765210338946,0.3563621728871178,0.4366091266670936,,0.39293121515125906,0.41037772741742723,0.4190911660140319,0.30138381007672016,0.4107164209410278,0.33972165669317655,0.3798777460577869,0.4109000455413657,0.4166393271493037,0.4388558161111656,0.3889092698987673,0.4660362332961985,0.39113874861596454,0.4572976428441104,0.3503852734835306,,0.3899392166562986,0.2740059368777149,0.342304696067851,0.32111536452923845
2009-03-02,0.5624346458478545,0.35292491531815356,0.3589905639617502,0.4520083981007978,0.4589986335566442,0.5139936105040722,0.5269082841751398,0.36898256349579484,0.5082714742568527,0.3441000312278369,0.4632178047386449,0.3420409395567426,0.4032019177418261,0.44484621018452897,0.44060880215660136,0.3520084838353889,0.2992927973479071,0.5476504353903139,0.5064535235463996,0.41057522338158026,0.3820261940219734,0.4171296008335164,0.3789507697710798,0.46722519800042267,0.4104587279335675,0.34653001606144324,0.41915157276114406,0.4321431416094237,0.4639761990668676,0.4480366164894324,0.37643419574971604,0.3784498660652005,0.5276043164830965,0.4464856659610934,0.5754850732427224,0.3752399599655916,0.3832489227378211,0.4900659750570606,0.49006616298527494,0.42080928558200087,0.4682563848738786,0.5987809620943589,0.4694871298102669,0.47300400394007464,0.4192687748315643,0.2952322352924936,0.394214486106809,0.3275258260940923,0.5662130137032746,0.5112054135404667,0.4720049973873838,0.4338702504984847,0.4784751863242843,0.49417492685686104,0.5527694458468183,0.37830451829758144,0.43445740787387793,0.3933605078213445,0.38627212419411494,0.361911280771712,0.37086431476350085,0.42470946111874075,0.4889783926154707,0.36600712672271396,0.4601273733202289,0.3692010216952448,0.5342700049796879,0.4111991867690965,0.45724210438293905,,0.4276095529340669,0.4280439675512839,0.4772796695662812,0.2850321460913018,0.4453299398778445,0.367321007025965,0.39100717943983654,0.4261701198962386,0.4660006493516173,0.4352230142913043,0.41315583560040087,0.4858187617128976,0.3967849386782248,0.47829416242153633,0.3228272676244603,,0.3900892817554493,0.28719939714015247,0.34582936241033757,0.3073940639770699
2009-03-31,0.5491416071306816,0.3172942968480241,0.33937079412901444,0.40851489052211754,0.43966308461825576,0.5514769830988369,0.46259821255256717,0.35512199139573103,0.48232717135579944,0.2990923314263163,0.42008684926494044,0.3207315263963053,0.3828695767863845,0.40032056531438903,0.4230872235144775,0.3405223734120234,0.2575784823297015,0.5200376231151896,0.44702468830908,0.35977356587996545,0.3625221229505667,0.39011523807491305,0.36753585515154047,0.4497868461286789,0.38930607818761764,0.28649654418960424,0.39157865472948966,0.4197275580475732,0.39378667796178696,0.40838825642937887,0.3401309601579572,0.37334480495193056,0.5066311901884046,0.3993660905498887,0.5236997044069589,0.3279232016929171,0.35752022470233624,0.5087828756976015,0.508783037905193,0.40193902644134055,0.44003341955008596,0.5393201890128512,0.407595022466564,0.4230219673371699,0.36044933268507307,0.24393994467198682,0.33409860408442105,0.30837498168158256,0.47886534112871,0.4568404413805457,0.46037520460832154,0.4417541143366422,0.43103744678438344,0.4623815431863289,0.4732407469600352,0.32624236314852995,0.39886081345887153,0.39926293063830476,0.37352579886888326,0.2919174686108993,0.3641811949975536,0.37513778928330965,0.44909905130491656,0.3557150900205158,0.4775008193057888,0.3400414543814663,0.45872670205157223,0.36634333848183204,0.43022909208491733,,0.3891039758100012,0.3988622387196091,0.4302741924032203,0.2727116368361384,0.40646034550646437,0.3279836427565613,0.37026927068730997,0.4135808831702399,0.4017527054509921,0.4409828313171685,0.4077346452583655,0.4871200762103897,0.36879082927248175,0.4566724851669198,0.25524791689093035,,0.3814773192798756,0.24333931077949403,0.3443521995706745,0.2930230027059296
2009-04-30,0.5863811434039767,0.37355915904516734,0.3826938324956475,0.47202443026605506,0.45529903907511976,0.5195650620349727,0.49056229006274804,0.3693348857343133,0.47475818152895644,0.3596917598291061,0.47970719293791786,0.41994997880921775,0.38460774127329406,0.4449453367340877,0.461997524714572,0.36965917725067754,0.3647606092030424,0.5859204013344559,0.5100376971940218,0.4268337693342216,0.38409225717830525,0.44262184708228686,0.41415407293775197,0.5050326596893793,0.415672434889155,0.32880230540434163,0.4398088126901136,0.4899271322818853,0.4625208740650888,0.4634632222137625,0.3906523134503621,0.4233382908264365,0.5668331989276543,0.467731632373793,0.6228681330324751,0.429647531791989,0.387086211385006,0.5164346081049355,0.5164347903774507,0.3757536235552301,0.4924978419196038,0.5772488790947148,0.4630272324732059,0.47175797982855516,0.43565799678677625,0.30834123312068634,0.3844422277380987,0.36800252634464853,0.5779627395154147,0.5090852361240772,0.5139468301205139,0.43048593076226294,0.4829503237633419,0.5119075034398546,0.4788309133176317,0.40901527784097147,0.41962745397593404,0.4162677556036322,0.3975713555820723,0.3418808312519287,0.366012654156467,0.45221711517889707,0.47935238844318195,0.3792400697267706,0.4664445471789163,0.3878411243270429,0.5132932641816196,0.43705556017954644,0.4658448119669086,,0.4430359554615803,0.47811929097684985,0.4469589340381827,0.3143148024223297,0.43981852303256214,0.3645630491081301,0.40857163841522376,0.4738770799651568,0.42334705029797665,0.4351641893000369,0.4044837821433603,0.5416619823699197,0.4301510753949815,0.5245664711260861,0.34987942962492363,,0.4199578910318794,0.35128678458637225,0.39691762922925333,0.3321669086303001
2009-06-01,0.5587735512179283,0.3829134856595615,0.3620080270865194,0.4780957601054436,0.45548981251172194,0.5361744148206418,0.4653962822681242,0.3640745618291115,0.4631656263412784,0.4142638258499302,0.46967395204238777,0.420067768433745,0.3751856661464864,0.4437770107355703,0.43832071212187873,0.38497581216232163,0.3960363145004257,0.5448341777575132,0.4841407243574899,0.39482096938239924,0.41723452422942114,0.4414865427756668,0.41807658331269176,0.48588413121037555,0.4127694149816853,0.3142447162710167,0.43455671502080906,0.46050986265539245,0.41162740806384346,0.4534943094517242,0.38869835612038606,0.4196479441777623,0.568524283772214,0.48278475716589186,0.6322526090304786,0.461803020479165,0.37912331217473105,0.5028259946309301,0.502826172848113,0.4029663164652259,0.469222692514681,0.5309640402144827,0.4347167324000104,0.4410474444960979,0.44866302872505076,0.32773574282875395,0.3742495547695272,0.3393583144147086,0.5520886938469216,0.5604416461512872,0.5037874306971586,0.42987237377735166,0.4586614817024106,0.5396205956033228,0.5279729448399367,0.4153794428568337,0.4570078607638639,0.40530326876401757,0.37480609560025296,0.31100730935498866,0.37920880622157804,0.38779269114274845,0.4831262533809762,0.4125214530395311,0.4817821501889646,0.38896968560504525,0.4832724766793095,0.4197415535398564,0.47324235868775494,,0.41660769914644474,0.44449181759769363,0.4190414857691194,0.3298766019106447,0.42495759405584327,0.3944338451898521,0.3879766207483148,0.4632788195134416,0.436344696442232,0.4482048495731554,0.3943543312653689,0.5229675488659015,0.4108966993941723,0.5076379958675853,0.39023744897242924,,0.39246992285455645,0.3844668276182736,0.3817696546579199,0.3277010178877966
2009-06-30,0.5994786988521185,0.3830462044205812,0.3671378887480752,0.5132996641465293,0.5306325280077723,0.5357660381618021,0.4961348176647482,0.38712717464789004,0.4904038848518713,0.47094189974789774,0.5161061037823951,0.4749385832684227,0.3907538214997673,0.4782646314143366,0.46866421224739147,0.41895174446725586,0.48128449279984015,0.6054418470826247,0.4997871007480153,0.4337079026632422,0.47476384640757524,0.47129773588583507,0.4411059976526255,0.5072476177869398,0.45070867443314855,0.33224230241816416,0.454012269052198,0.5085281108219848,0.47112223473871795,0.5063767075426024,0.4266555437407634,0.4601746250043766,0.5717337657190115,0.5261235804379506,0.7017927095310064,0.5565998654462692,0.40294293802453723,0.5347174741089442,0.534717642626376,0.42906129780429536,0.5086134908101129,0.5699633655622435,0.4443284844357926,0.47583746960612466,0.49066847165711663,0.3701645743557603,0.4107041150830907,0.3635278124452469,0.604397534247799,0.5607768607662735,0.5562068483011758,0.4448103247950569,0.48689181490019007,0.568732916381746,0.5355803434385188,0.4905953536016121,0.4971744733849278,0.4318209194612392,0.4035062540802404,0.34818371195548553,0.4060195789051757,0.442871979433084,0.5035850187429819,0.4189099679581646,0.4624720508794778,0.432837845480457,0.5040003119978779,0.45829073996079306,0.5091728805544864,,0.4323357482944748,0.4963297318031619,0.4504247496738373,0.3675690866013443,0.4832652514559523,0.41576886030527277,0.4317056465068405,0.49393083957402245,0.42551978134136204,0.4168724170594331,0.38993184658353836,0.5674131214267607,0.45334862240932844,0.5380025922251138,0.42491988601106917,,0.4477798663566938,0.43048163159226505,0.40511497685215647,0.3611878702870213
2009-07-30,0.5630970353025146,0.39673337729566766,0.3842172889017146,0.4766603819941428,0.5182248336255666,0.5360764652318015,0.47921059193455645,0.387637146006564,0.46959738324976913,0.4675384376649482,0.49042505390370345,0.4244361464800743,0.3933333309483853,0.44133860307389894,0.4298576555322259,0.38882352392861025,0.42594605341578085,0.5600181644945367,0.49124091681014265,0.3900733904600123,0.41408277837555696,0.4479222718117463,0.4250859467899431,0.49134750284952405,0.4268866207457835,0.32298732596336066,0.4222720247411841,0.47906141705258953,0.4279197257428476,0.46561425128009,0.39000125499229543,0.4304213394542828,0.5657348791264467,0.5029240609880612,0.6745058345553757,0.4806066395805475,0.3817630160446933,0.49336343715599285,0.49336357335444014,0.40456717347842835,0.4722982614772623,0.5506386809940891,0.43956868816894373,0.4459002916705349,0.44755161694279244,0.3383815089186657,0.39043605605326814,0.36131336360594235,0.5693179054130957,0.5618633323928034,0.5033119345360065,0.39193506315231025,0.4430445419956806,0.5256530327038081,0.5205051377677465,0.45851272062964077,0.4504026498923626,0.3878848672071567,0.3938214860057386,0.3408082494783264,0.37573205943372007,0.41272320260192186,0.49297208343293614,0.40656435809,0.47874138288553164,0.40941963092597755,0.47880175450214724,0.3972607118535657,0.4590985607082649,,0.38820574901422517,0.46847332404568165,0.42200241080611917,0.3430376560445329,0.4536879754880815,0.40832405009991884,0.41508674628258313,0.4803793257637232,0.4319528657707525,0.4268046625605828,0.36468187204513036,0.5425767177290542,0.3874835442958994,0.5148360974204195,0.38317729087285657,,0.41417241006271555,0.3874379979808696,0.3790084323386632,0.32326202398724796
2009-08-28,0.5959047647993982,0.38750580094855397,0.3759283574008695,0.4931433010131027,0.5090121548977308,0.5644353472512929,0.47066214151438046,0.40038645997156,0.504495024316911,0.4947541044619527,0.5316984716754929,0.4525708820000503,0.4285371572041775,0.45136071624194807,0.46846726170486325,0.41243364655223286,0.4725641058260726,0.6095641966180384,0.5108439257914673,0.43155440766213043,0.4765252406949121,0.45711129563649905,0.44622102211549713,0.5161417636001964,0.44208285472963277,0.37400342186516056,0.43787841657620824,0.5138754325581463,0.4657490801598845,0.5047416859274854,0.4228145080884113,0.4715625531568527,0.6200567879594648,0.5123739089755209,0.6897704748712506,0.534700361019533,0.3590622694747094,0.5456776957808266,0.5456778891155771,0.42238702043377824,0.5318220869691024,0.5877127210312015,0.45683793092178354,0.46237020943945656,0.4588394740821806,0.3572265265632452,0.4308018912355665,0.3922627645185865,0.5953796426963361,0.5904250973825788,0.5372944119503217,0.4460930605936757,0.4811450305869514,0.515139475655843,0.5482238547752102,0.49085686017804825,0.4684573699329377,0.4231251718138979,0.4348335194101996,0.3694501659089829,0.40255518158124076,0.4475209999257312,0.5196658829045626,0.43877837483862886,0.5179907728448344,0.40359460115089213,0.512593615696904,0.43556682083812703,0.498381253813275,,0.39373517525097,0.49482055725919893,0.4718681112648578,0.35329119955818,0.4714242684377647,0.42655905205105066,0.44981334832643355,0.5187781252552389,0.4369823320101126,0.4300809355502773,0.39493457421666517,0.5425895357415291,0.42505000857638164,0.5440599127107445,0.4199415694248496,,0.45241642045072405,0.4301471855427377,0.3827207329027707,0.34013873009464396
2009-09-29,0.5474383368787941,0.4116716778861969,0.3765608230600651,0.4408248022171928,0.550922716631216,0.5463165916273646,0.48091447544459043,0.36423125478009855,0.4710061844461606,0.43768274134717494,0.5270970887796516,0.40719406895378707,0.41189458799740275,0.435991476320337,0.4425924187060897,0.39381399517190213,0.43960934507784705,0.5613418014574557,0.5008546177793424,0.4094906830574307,0.42144776180590443,0.4468213785372355,0.4048180479088277,0.45846140195669793,0.4062737769861226,0.34593205760255036,0.42105442738750526,0.48242501416688477,0.41801992702076296,0.45949072658238144,0.4254280774230685,0.45081341359416294,0.5503327151121692,0.4926346318752819,0.6812197031117572,0.46211796084989,0.38488954635615547,0.5068206601033616,0.5068208357180334,0.38456446148367596,0.4863069464785409,0.5552098370945519,0.4323252422499021,0.44578232273932256,0.4507698056379125,0.3416317457557479,0.40917798736220995,0.35503476650758015,0.5708404281405551,0.5745698953702626,0.5009647473315897,0.43919011571043387,0.45263184931776124,0.5349372907774547,0.5124773167065604,0.430933854751253,0.4376587643890869,0.4201763281928154,0.4408779565122098,0.32358989533617144,0.3997311528804482,0.42361543629202264,0.47016493524691616,0.3923598256633188,0.4830062121892279,0.394175590394231,0.4745629747852814,0.43416632829656937,0.46692903555275,,0.38755196065673925,0.46829136804616195,0.44767001481461793,0.30659802613471754,0.4972545538084778,0.384149151669407,0.3934370829800373,0.46643125834844756,0.4236661172237933,0.43477508136032156,0.39385997922542054,0.5599784938416422,0.40548543001304704,0.49120804295515996,0.3658051033613946,,0.38896151878148155,0.3953173202155358,0.35255185304216985,0.3345727494615951
2009-10-28,0.5593862132862136,0.41673996589691115,0.36793550183071894,0.4839667502594197,0.5071966716153697,0.5538397273312283,0.47823680168791427,0.3578127944930918,0.4884494057864753,0.489757943322972,0.5036399678238977,0.4609036897040544,0.41879440203724727,0.45501688533547036,0.4337934562742138,0.3912967067461832,0.44670390291902395,0.6165688077248686,0.4793866489196691,0.41675427194748255,0.4660132172594216,0.4608075701502251,0.44737442542736827,0.507196760041831,0.4465297477681132,0.3626159832598567,0.42882009431189533,0.5116640785652798,0.46449746430109246,0.47977274192378927,0.4067717257195465,0.44608443418179516,0.5963543598723319,0.5052887981409687,0.6576858542443171,0.503193113795066,0.3647261978163155,0.48096881679852715,0.4809689962668547,0.35794301345025586,0.5074872992092019,0.5595860622247673,0.4646124349414627,0.4867148109044796,0.4311173168894269,0.37092256781909383,0.4079121305543985,0.37941431839225015,0.5673654054093055,0.5350379153150527,0.5184831798404063,0.4313896873738251,0.454202469756182,0.5238265699295976,0.5226725102351536,0.43943760027015993,0.45197256306288214,0.43163986070884824,0.4136506263833492,0.30964751720018013,0.35641121698904465,0.4354935962158675,0.4649443065262116,0.41920709216730967,0.4798908067911245,0.41876114530783604,0.5219404667148021,0.4284724532731457,0.4692816085848104,0.4603346598629667,0.4076826688090002,0.46009627982927864,0.48460565960596136,0.3465286728720498,0.4834374202289949,0.4164641893616749,0.3941420760940175,0.5068822364264223,0.42972872384130034,0.4165546018461014,0.41125565697338107,0.530767389223066,0.4428588766988546,0.5402591394616992,0.43113034998496497,0.4721322667916705,0.400070407877587,0.4058654422197893,0.3843367130567621,0.3136657975860385
2009-11-27,0.5848317337371337,0.3841661909312203,0.3850163020417547,0.4904527058101067,0.5687678606223703,0.5124513305131033,0.4934686452782939,0.3629359905880945,0.4631291829308533,0.4945614043255885,0.5356496979174993,0.43643171865210456,0.3973783354869193,0.4269273963003142,0.4485055839283625,0.40033543812319916,0.43776507880536764,0.5886538695089123,0.48839258406347386,0.3998378065501039,0.45966271908174616,0.45599796483382743,0.4243132479257191,0.47076951399518585,0.4434447263148004,0.33019229166614156,0.4283438789283638,0.49544340433399875,0.461474455900222,0.4860262156120857,0.404237177614341,0.4454419295906466,0.5444275282722347,0.5097576047027998,0.6960644971508778,0.49027480507196974,0.37906997231563405,0.4807675821808373,0.4807677546001423,0.39580553750793857,0.4899983994754646,0.5488363956447854,0.4458688774176851,0.48685668816354105,0.46131314837685294,0.35090465733046494,0.38793229971325216,0.35328051418703,0.559253969267494,0.5559383429378193,0.5172734341874304,0.41181730558611757,0.47089256123734435,0.561463762146434,0.510615576056181,0.4353207261597252,0.45824453487894035,0.4142872080789169,0.38477266082177536,0.3198065134644974,0.3634250798015275,0.42431720851594573,0.4395731130927357,0.40765710187581683,0.4667062284893859,0.4119667821852942,0.48993617507467974,0.4291294348030643,0.4885316907559094,0.4462600932293487,0.40887754129325204,0.47710515372272366,0.45527037814532967,0.3294260870419864,0.47949645516817424,0.42156469323167395,0.3827962985663071,0.49840233865356187,0.44218069633140933,0.43645854232637127,0.36091330064861676,0.5333254309440854,0.42873843699151326,0.5060677260744013,0.3955392415171187,0.4783126963713863,0.39767700003465006,0.41264625175289027,0.3881806924644818,0.3255265479682286
2009-12-29,0.5823670097046911,0.39853123743888147,0.35740501355146215,0.4714724781378313,0.5694449276833395,0.5103719883596682,0.46191959956774026,0.36566402409862314,0.4701212571169883,0.4744286108526581,0.5077145185538221,0.48125148816365154,0.37234155411234066,0.4579667003968091,0.44423848551425144,0.42777369700355805,0.4673536549765654,0.5984267775259691,0.4755986376975796,0.417121589749084,0.4979015200718447,0.41523798122548067,0.45315556315644195,0.46489548895092636,0.4324767220730639,0.3439842371718631,0.3992086028997851,0.48785718426034347,0.4326734999117988,0.48211749680291566,0.3936202391644878,0.43117151677938353,0.5592116532883705,0.5027042328065949,0.6541882309947451,0.5193049289681335,0.37538723994843853,0.4944626670659068,0.4944628765291785,0.3956352224966488,0.5162410223517628,0.551901175776674,0.41488718647852474,0.4341765086788608,0.44645998794587244,0.3725417627899113,0.4053962517061875,0.3317190929850884,0.534540024534152,0.550165443859256,0.5367294234875375,0.3960423731987693,0.43141835486147073,0.5252862488496076,0.4944059404506422,0.45972000978409877,0.45531347501550634,0.39006497247410576,0.38296611926751417,0.33498538034553565,0.38746864386830104,0.4195084000884472,0.46178776860449716,0.4106896866380956,0.4664017882175883,0.42464131231009455,0.466134561550988,0.43324085730388195,0.4865130549447195,0.4597496308237411,0.41996310507574824,0.4720507393433558,0.45393083535329865,0.3605181116496007,0.4769184865294426,0.4157603731867143,0.40871485931383783,0.5150719724358395,0.4308609253000319,0.4959199126401112,0.3379939824929792,0.5294949479036959,0.4224081639272346,0.5431864018083816,0.440282123038024,0.47868668527363123,0.4303450463666807,0.4187814738621967,0.3878279297058566,0.30168191707031783
2010-01-29,0.5010498913120461,0.4125784945159541,0.3726232533487412,0.45542746382474086,0.6074106600894912,0.5480561282690897,0.5039025698419405,0.369016990702298,0.464542079036135,0.4853760546367031,0.5492710559298678,0.45375311306130983,0.4345533564163647,0.45042661705509585,0.46004553288750405,0.3978271688853674,0.4587324228995774,0.588296920468129,0.502267244543357,0.4234044326823909,0.44094213078082045,0.45654308634523216,0.46550215167581543,0.48298947416679944,0.4320155841349525,0.34449599109784007,0.40772932687444735,0.5178837393233187,0.4204568645835043,0.48386952479206935,0.4079599110215744,0.4566604995304537,0.5696985795150731,0.5052625020043466,0.7254349827926238,0.5295066698860268,0.3828997883879341,0.46974149293739115,0.46974169332795024,0.37294185228684607,0.5088128645331067,0.5749764353805963,0.4392229040615619,0.4509608249511795,0.4584550598997542,0.36263947335080404,0.4204916563969505,0.3613506817979609,0.5732857847052898,0.5844979643386421,0.5272566357520755,0.4040728954356954,0.4392357054944436,0.5437723394855019,0.5215347121240175,0.4585615035744006,0.4380297347980022,0.4241709577742701,0.36878817619482457,0.35294934842706993,0.33791224776226403,0.43287465835577443,0.48510087780304156,0.4247029367897758,0.5031429717792633,0.41113837897430255,0.468365481511464,0.4310283626392136,0.46556769645154117,0.45842058349993087,0.42034908161619117,0.4968666696612702,0.4704679183630635,0.31905309963652373,0.4641545774021781,0.43587820621456946,0.40923762584485013,0.49297828297645346,0.43080379130508123,0.4949150588168168,0.37107197143703935,0.5546090592963013,0.41568326310512665,0.5242004325170441,0.41701700901383715,0.47859831324261765,0.4116015201981794,0.4335206169715465,0.40761553260158184,0.33532407542927084
2010-03-02,0.5346556031348669,0.395737143534658,0.4089471484110415,0.4580616610632118,0.530865365836661,0.5643249243738327,0.4797242786213045,0.3834971656522603,0.4965378534325964,0.4893030986497099,0.5467898569312282,0.41268954832528415,0.47908914474145514,0.4530260995299307,0.4687799865898772,0.40668087349298804,0.4483016457109779,0.5795644982027417,0.507761246354099,0.42434405722928986,0.4373515160059709,0.4599552332435862,0.44912032441678684,0.5001098158570316,0.4354801508626348,0.371094684188451,0.4382736001735538,0.5180162899213548,0.43081169522788254,0.4783492772603654,0.4181511066508253,0.4607767271206864,0.5815863610338409,0.4839437633222058,0.6669278262917266,0.5075818293030296,0.3815232901666193,0.48666843910192964,0.48666869582916356,0.3974377063107531,0.5303956261039119,0.5866821257202988,0.462334995837399,0.4492038469374054,0.44588065001183697,0.36047619274198506,0.4188344341513306,0.3893181825299751,0.5873346893721826,0.5718570192555703,0.5421070506192043,0.4499042532616153,0.44289178040977234,0.5244949292582245,0.5061517651858382,0.4566440037167883,0.45025083051627757,0.42863220680877295,0.38221357148294954,0.37279776107012835,0.34840506875728877,0.47050680589342914,0.4411706928503117,0.4253541423277806,0.5205023445244096,0.4061254633256755,0.4806562186304479,0.4349765068652646,0.4554311840674391,0.43452194275692024,0.4066011045352262,0.4904640915809851,0.49083336767240765,0.31217366796843043,0.45645249686865574,0.4109484739989655,0.44713488655880035,0.5079614766333138,0.4450122463102842,0.507771803922678,0.4062732118565339,0.5305055504995055,0.4161398846088192,0.5216234492772635,0.38551163311100406,0.4807971286861421,0.43673502679863324,0.4063035598478841,0.4049533471478107,0.35194255858357343
2010-03-31,0.4930824449279792,0.3937376850168156,0.3842828970370897,0.4573038959515115,0.5386602415357041,0.5798303617657671,0.46169835200729437,0.3708942782463343,0.48054802222532245,0.4450068413869126,0.5215995132172576,0.4190501209300619,0.4598483997558089,0.44848549036610075,0.448025417220866,0.37440458742051,0.4235008739064193,0.5716964260148006,0.4850099274576842,0.4343814619590933,0.44581852953553114,0.4523141606420495,0.4727571681640488,0.5006351934978638,0.4322341053458476,0.37860948597165367,0.42782315764532913,0.49617322526579377,0.4116031886040481,0.46603670037807504,0.4108798627671878,0.4313539385822138,0.5343298297614376,0.47037380764420844,0.6606674517337099,0.46972877690423315,0.3848410370878916,0.4707272201349022,0.47072746313253894,0.40064655128802507,0.5089827321698828,0.5573524285650936,0.4439772839631431,0.44402712165138897,0.42298817765303093,0.3325107363986709,0.39600707563307486,0.37266695337354755,0.5731795820503376,0.5524317201380352,0.5320083529943666,0.4488476368001895,0.4312048897869833,0.5148420401492361,0.4951471016863451,0.41970837612875517,0.41459867710438114,0.451306430046317,0.3928478554176302,0.33523448428423713,0.3234439943564086,0.44144158404972594,0.438194299933397,0.40176625902514645,0.5288143655359145,0.4092218610913658,0.454265011337704,0.43909743705414894,0.44631308434296907,0.42531967012786903,0.43170889337876717,0.47181991070156215,0.4741790178942064,0.3128530293747729,0.48260594072074475,0.37410803733929243,0.4143132505406799,0.49382558154034006,0.41773713171206184,0.517824058479684,0.4201375137077024,0.5279757973515475,0.39388953636097973,0.5157018041305594,0.3917847257300083,0.4517494890573506,0.43254546894966317,0.3921278639204054,0.3877013218815321,0.3326089673203697
2010-04-30,0.48814795794894267,0.4109193700147709,0.404790216918517,0.4609963863135128,0.5203031738197896,0.5714477539965744,0.47647672903950156,0.35412773943808423,0.44218956606266513,0.4926996797582009,0.48516833294999495,0.44945033707244997,0.42567698217965366,0.4558737788608517,0.4758815247646988,0.41897870868802933,0.45385312331138844,0.5963536110685841,0.4800121428931494,0.4487515821040085,0.4587624791699256,0.44956163723742426,0.42443603614051983,0.5089904868913631,0.42384051669239126,0.3555965212785185,0.3984668751794591,0.5086515551079219,0.44097137617755716,0.4467977515343262,0.4091580699648686,0.4327949233674895,0.5467699203853623,0.5081037743233662,0.6834535539518392,0.515136533295938,0.38685308722181994,0.4223459307363841,0.4223461016124195,0.3893644602013772,0.5091169175200365,0.5602925962861525,0.4457143727569687,0.447147188821397,0.4387868589263564,0.36225292886682003,0.391541052245136,0.3731118860295154,0.5921621376708416,0.5503481349190226,0.546689132443364,0.39840630164252877,0.4329969939470463,0.5108166110616965,0.5055897596184861,0.46220488925696196,0.46306812496679806,0.4421134422177971,0.4100701600465882,0.3230549913429882,0.3469843277663931,0.45465411583909393,0.43668891396881854,0.41276153972913865,0.49413317139532487,0.4265953922450397,0.45126723038678473,0.44205759753031776,0.45299657058973847,0.440113626024435,0.45047973491654425,0.4742938983118946,0.47389910540044744,0.3237444071834304,0.4714400479964038,0.40855550105807936,0.40067928129747116,0.4874075967164184,0.43402733849006564,0.5177800836413324,0.40011352641387,0.5590143817378593,0.4265082889705267,0.5260141736229202,0.4294935109665269,0.38588692651384027,0.4299729902516741,0.41817858793038337,0.3951214507795111,0.3277002273248676
2010-06-01,0.48577291714082943,0.42629157950496244,0.42049905303351365,0.48966475785173896,0.5759318921528225,0.5668456556638856,0.5101181179259276,0.3631599109529603,0.5045560639252701,0.510423262466764,0.5195790130217989,0.47362368584684483,0.4205356252763642,0.48554290489646384,0.4640752392329793,0.4309897689553548,0.48072731426880544,0.6008576216630468,0.5114542142692837,0.4605038785149521,0.4708477448911628,0.45619979738631306,0.47506217598007705,0.5076501491637474,0.45352506536553927,0.383104552434578,0.41378427322375777,0.5171493996315742,0.4442313641838978,0.4917811694466228,0.41577799891779127,0.4445673212169995,0.575826540477107,0.5502302465207564,0.6905635356592221,0.533164812349922,0.3943394193166836,0.4164990220287463,0.4164991658374326,0.40095375025026436,0.5365031021235294,0.5585355089911184,0.46024970172108115,0.457119201441396,0.4793721886816241,0.361584914410995,0.4157855361882193,0.36788042491448825,0.6136841849664648,0.5817638572592394,0.5564227703463999,0.3838606093959603,0.4559933404713765,0.5363034500828212,0.5236024350691443,0.475188021120167,0.46301514189228565,0.4263428573489381,0.39647064899829526,0.3557898914257524,0.3736939697845238,0.4518723136944107,0.4357251434046389,0.43144795820840914,0.5045360031748992,0.431743344488671,0.4849655096966743,0.43689036324528,0.4720841278617246,0.49578085239434433,0.4668962882603261,0.4977489002245369,0.456779405726994,0.3504387886648705,0.4770164098498463,0.4378458145363895,0.40486263287928753,0.5303431328877602,0.45550567735623865,0.49901780403927687,0.35637727109496053,0.565299643926339,0.44176841931054894,0.5585357402342209,0.43433850534797647,0.39418422112132173,0.4435028474593188,0.42692253906335537,0.4229941072283024,0.34184809523032744
2010-06-30,0.47727116539210207,0.4080561656029326,0.4050955108112213,0.5052099942511634,0.5542510420624803,0.5663121218366489,0.47866155173954933,0.36321313326946886,0.47757332629841687,0.5206944124089116,0.5266078677339651,0.5033605316028623,0.47710980481730586,0.4944975075211878,0.4576596895116334,0.4702454404723768,0.5171475234645063,0.6080362453004919,0.5299199239321393,0.46168145777441083,0.511895324293358,0.4603702371059381,0.4787760228988306,0.4986383418008502,0.47328621070901233,0.3742374980674222,0.40887906375943345,0.5258354060757834,0.4403172684818637,0.51446124641752,0.45104863332444345,0.4552745185705531,0.5933510041905712,0.5364123539513893,0.7108297501596745,0.5778078959456371,0.4003380335714077,0.39916410469898334,0.39916428649504626,0.4014338404535611,0.5463604015524348,0.575092840774103,0.42675204809006684,0.467433369074409,0.4967789786922265,0.3791207470867453,0.4340076352925304,0.3787328596188454,0.5977314350385345,0.6057830360352215,0.5698721800450615,0.39878123366042395,0.4480226605384396,0.5516048910162876,0.5366345134398145,0.5094893301286991,0.4972530429073195,0.4338513525766737,0.4127413054745145,0.3568882127936736,0.3976773502723431,0.458869786002291,0.40726802010177954,0.42569410154813764,0.44788652460001993,0.4479614654102856,0.5069788325533399,0.44548545754415847,0.501059460247076,0.494522063565629,0.47694041730368675,0.508441123986554,0.4815644607009538,0.37032196865339917,0.5078416232305815,0.45952210402985255,0.40880949735261374,0.548232811299465,0.44888663702318066,0.5013269650483639,0.35106283682835066,0.5599481611359318,0.4423339791790677,0.5460103555233217,0.4593981754211146,0.4172105309905611,0.46394012967506404,0.4622595971171671,0.41263505821993607,0.3421500806177608
2010-07-30,0.4688142761272402,0.40589235331425966,0.4186508150768585,0.4350256443424422,0.5904329694978429,0.5285703197022925,0.42737038819468887,0.34604354703297285,0.4871569487681396,0.5024351878146948,0.520383320395817,0.4360934097088313,0.5180463977808398,0.4386682445138426,0.47563035933726033,0.42755025018457626,0.4795826126856063,0.5808467204474201,0.4788372722279159,0.40794600114388085,0.46671719393739997,0.45395125702157607,0.47587989126996727,0.5088478622921363,0.41121774834548613,0.3878477420539955,0.40802539602044097,0.5357364975335835,0.41123065562151223,0.47901434158910966,0.40622014298295694,0.4459493708553727,0.5763254965550506,0.49789920699531937,0.6620628667461882,0.4978144131446359,0.4215067752621311,0.4117663692660134,0.41176658420471346,0.387570618611779,0.5234484699853438,0.5749944936911636,0.4168865639902298,0.41441451553449243,0.43467134543327796,0.3640741402492972,0.39249403069601435,0.3902409188405296,0.5904856064971022,0.5699128009284974,0.5363603716219918,0.4209437744567509,0.443264699572947,0.5216599132007109,0.4964531203901978,0.467604066675374,0.4473928003565104,0.4184276355803022,0.41344810787029845,0.32200057053632797,0.3689555836125266,0.48151492435543813,0.4560728480710809,0.40681154562826805,0.4476359312557487,0.42636148237446597,0.48675611578274913,0.3918035104519841,0.43509625950050873,0.48477273949404037,0.4337115553668083,0.47791424078517997,0.45256443790960765,0.33440873522747566,0.4738666560089153,0.4127668463297261,0.39864806953295884,0.524674868975864,0.38485908224786414,0.5032041544129877,0.3693954084809921,0.4954748706252409,0.40386631367444115,0.5172408969855613,0.4242182013545685,0.418208059743278,0.46059099457248026,0.4310898857004056,0.3959626360333675,0.3483089208305136
2010-08-30,0.48627777683174755,0.414388358754752,0.44716550909485353,0.44645899733699507,0.5410469924410399,0.5177787000559088,0.4124523097540297,0.38363707301210437,0.5241221873978869,0.49013727690732617,0.519735150238912,0.3750130369836775,0.5718105606887129,0.4414123118127211,0.4838661078495183,0.39684783447011757,0.4362996209865381,0.5898103175870947,0.48955913102714554,0.4117437974204939,0.4297727668105782,0.46559005217892346,0.43767794301907675,0.5533321140682036,0.40728538261289743,0.3863487604367385,0.4281541886214848,0.5493255518189815,0.44259187325086324,0.46472116429483207,0.4036401692436442,0.43893225182956075,0.5855991297067568,0.4752447172389363,0.6661504428640826,0.47433035646918265,0.3783158991524798,0.46156789040532537,0.46156808409687383,0.4216518910586072,0.5236108947374382,0.6032422309526256,0.47976599972802947,0.4071216733749811,0.41435470787439205,0.3310463447047368,0.40696503958473534,0.4222345405023922,0.6173720475840847,0.5770609316926602,0.5270345258972927,0.4545074708389564,0.45336256113693524,0.47206871990916593,0.5030618297092965,0.45224838014437074,0.42802858348174905,0.45530625252140927,0.43585173241049885,0.3595372205004839,0.370006245974248,0.49786721298104186,0.5013204730697567,0.39719968923938903,0.45202051996991716,0.4162061868086564,0.48073049453625244,0.3904780678477031,0.4031491411279115,0.48771911845468063,0.4822315630845605,0.4856749122746219,0.4836530464527647,0.3111431239889555,0.4699334156811244,0.38993668422993566,0.4128311407651105,0.5053346665213436,0.4417157190264562,0.5041618256868825,0.40078504077554045,0.4831380338120822,0.3847645611422151,0.5087306352383517,0.3695857440058132,0.4445357332689362,0.47262407537176915,0.38562519107053866,0.4001456003343301,0.34843616627600227
2010-09-29,0.3406771580020823,0.401812923200361,0.3966596758211099,0.38216522149702836,0.5723059715028403,0.5437299749701769,0.3990123046785144,0.3607775075904723,0.4960509499251874,0.4356062521164757,0.4817892025607377,0.35356620392951954,0.5256033504682349,0.40750513450376274,0.4669627162937961,0.36982602722935737,0.42674126002226254,0.5546430464411032,0.39660668765633666,0.3677874900959733,0.40190099066484375,0.3861304748508271,0.42358349770632736,0.41627351922734407,0.35580461293009247,0.3752196630587605,0.3671067588521154,0.45686859972931765,0.32408140612365516,0.395726021765579,0.37170416177056376,0.40919032442420006,0.4731842387417344,0.4533597016618114,0.5951093517651207,0.47391600034552595,0.37556126731883027,0.46000968194717,0.4600098771427602,0.4599896793917606,0.4383605703045532,0.4982184909985222,0.3716589962462065,0.37242111756222135,0.3844995182915466,0.31360749455879466,0.3550198080390364,0.35213478451136926,0.5057692420405999,0.5272042435833768,0.47676131190155835,0.4020403512320536,0.4097605795356114,0.45989885646553474,0.48326176219502853,0.3958668185687755,0.40083726520547264,0.5090692685069672,0.42151552429177597,0.26298854187614884,0.3539735320266467,0.34108344244152045,0.4010547419726809,0.36073049670755797,0.41108749406055134,0.41500551791049045,0.37048281249012077,0.41796537201370876,0.396975990311521,0.46154957940345925,0.46159969116035476,0.4284098772286534,0.4373831674859039,0.28902214078207256,0.4718347544857036,0.3623340825815563,0.3564318725055363,0.4044322760322912,0.4091911003442311,0.48314862265189873,0.39753339153562317,0.4631816923595151,0.38289412567061804,0.46879840619984586,0.3550892020333741,0.3888362624690726,0.4178020647902622,0.3599588451219122,0.37721738833224894,0.35188865290798443
2010-10-28,0.4377703946270263,0.45403169525871306,0.4685614156721632,0.41448737318711987,0.594137392752185,0.569086319942548,0.4207034865254423,0.38376415104608924,0.44855305463004086,0.49018549485681495,0.5249334768401083,0.4610110234905248,0.5140570278352617,0.42200572495173333,0.5038127655565054,0.42737888609728086,0.47205153328088684,0.5927372183905563,0.44073196522034863,0.42774970420539127,0.46051468441571225,0.45819622703247437,0.5062147184311065,0.4435655749289135,0.4071340213781629,0.41347960280868523,0.43936211751024845,0.5007507908275055,0.3904754758945343,0.45938181262849703,0.4516187157720539,0.4481413177333005,0.5415345236119625,0.48069493980743466,0.6292785459021172,0.533942638347547,0.4285333499409292,0.4740126392655731,0.474012809946774,0.3627384121343805,0.5145782680444374,0.5290796815084717,0.3813362922944161,0.40980059550126446,0.4769891063436536,0.37861366976401223,0.4270198155830932,0.4086590864749553,0.5736520099539922,0.5289025122707683,0.5573043840826425,0.419250748854633,0.48542832062788677,0.5143898221028622,0.493788486382681,0.4709637774881697,0.43866487873557425,0.5581169977527373,0.469591684872667,0.3095919668758673,0.4130884021377145,0.44041523074723704,0.399355579177168,0.44260705965079356,0.462665482324521,0.4874211107125202,0.3637479540131278,0.49182960237333334,0.41388058415186985,0.5211838990244525,0.4875155171872309,0.5155622360632465,0.4781805673316443,0.3703854832365228,0.5434848629693692,0.4052935625902444,0.43795639939719927,0.4863150757368602,0.40027570775719984,0.5027276097986656,0.4393411126326915,0.5627956875925474,0.4283285902471543,0.5091291548132179,0.4127419272506358,0.4232509307239331,0.5139982133169171,0.41392390763171627,0.4489215914358879,0.43474383638711855
2010-11-29,0.4519159511100796,0.4899335868973332,0.4820345615467824,0.43621129997714037,0.6274890611339059,0.5441646079410339,0.4241966814388978,0.35297547557873926,0.43581155626521345,0.5687599767003895,0.5471756885634624,0.5458553488061538,0.5383718229454595,0.4601252729150796,0.4817699587615815,0.48239847402833047,0.5452230624848077,0.6091293532416466,0.4669313104418168,0.4776398285977521,0.5577847675398148,0.5084403291151385,0.5240876661217998,0.4445860014430433,0.4228897515208869,0.4366971548427039,0.45521647029969114,0.5369115261585053,0.3775598425430358,0.5127339450939241,0.48202688520896503,0.4993900488325675,0.6045269676200565,0.5174032135164129,0.644509802070919,0.5815705829787904,0.4520872258216194,0.461825278759573,0.4618253840725523,0.38439071262595786,0.5543200885969812,0.5295794035716601,0.3544898947548808,0.4413040257477926,0.5213654085662524,0.4369165284603313,0.4734236959893032,0.43870359868882364,0.5784872820642752,0.5475501926763884,0.5872251119614941,0.4373135425165219,0.4421134523008172,0.5668201862326456,0.47734711532497326,0.492434168804774,0.5127195943496714,0.47721409583206964,0.45947735852792193,0.29292393694969443,0.44989871099830586,0.48794991862359743,0.4000793589104426,0.508573259410749,0.4613957911859031,0.5095196723152565,0.3946453640317377,0.5023588023786576,0.4967370826610376,0.5960764598940645,0.4912738911872172,0.5657395030039895,0.44260327001883876,0.45384294954129883,0.5217873748876074,0.4492066569441751,0.4743003835294639,0.5288806235139242,0.3951137202334461,0.492863245407218,0.4155216038357725,0.5713262978259267,0.42557011246336734,0.5443282151169491,0.4825822233189636,0.4735694524988142,0.5388356865067221,0.4784400826777922,0.48831503330847864,0.44407326498009836
2010-12-29,0.4580606376677787,0.5151106888338133,0.50317647952284,0.5079912235423502,0.6506452100078299,0.5759817040661505,0.4473853506749291,0.38859891170320987,0.4547340174711106,0.6374029772675828,0.6002515950867364,0.5655001199816521,0.5442667481072355,0.5120187798933101,0.4918871005838755,0.5246681112037089,0.5965192806934397,0.6576261707262188,0.5155678039106544,0.5043941497554582,0.6172943278957482,0.5852997749184641,0.5547582987360753,0.4530476206390804,0.4732212346118113,0.46628590205427056,0.5397404529451784,0.5916986297002241,0.4045595711533557,0.5755161824950304,0.5257396991490669,0.5554156627653468,0.6456510486183524,0.5815541706536252,0.7112724006667297,0.6645694472072089,0.4643058741789231,0.49369267560373425,0.4936928304549386,0.395625498282998,0.5794423541569089,0.5489031694744645,0.3872641890574824,0.4809704506267795,0.592953090130864,0.4425078312104676,0.490819865920588,0.4909740134509259,0.6096072162374999,0.5861389371001918,0.6316999838822848,0.45294449642930007,0.47912284251271076,0.5981682351855113,0.5041285965460284,0.5535141940383199,0.5780366440392682,0.5071504901299668,0.4500888630414965,0.3024734121004702,0.5286645705170309,0.5217884968056501,0.40267224021901604,0.5560091231745248,0.4975540674557942,0.5681270245603588,0.39852907317773945,0.5412985608235739,0.5591143728693883,0.6180597495872653,0.521950884068648,0.6155194528845903,0.4759684702971431,0.4910717927623552,0.5562949272200007,0.5175165256097835,0.5004731706462401,0.6248772102375986,0.4145577227460522,0.5096419510512784,0.45945058353656076,0.586509393940592,0.47004282844984413,0.5683780085782265,0.4994278438663426,0.42584240026479736,0.5645739793491399,0.5303245402544055,0.46578691298177466,0.508184017918175
2011-01-28,0.4764976362524029,0.5098139241669217,0.5029519975198922,0.46876903711707246,0.6238933565491925,0.5780652539345724,0.47253425378973385,0.39242691460519014,0.4783403986500889,0.5917371541012536,0.5862236206874631,0.37103282163205853,0.5178195205324085,0.4625878093192305,0.5061083860013736,0.4693025693732223,0.5499569181043082,0.5415751952614242,0.5304438380426735,0.4740469578040213,0.3749549506633397,0.5524267999080277,0.49427156077617934,0.4179846407484768,0.47184028717642645,0.4905817099447961,0.5278890594110153,0.5762697097530011,0.42513908915250753,0.4930879407225432,0.5317251562399198,0.5217326939524837,0.543200049422948,0.5586473135853252,0.7473277689129485,0.548857885072937,0.47414477611405353,0.5320183865280801,0.53201838945078,0.4382302891930987,0.5833460218336409,0.5213126020553854,0.3964466684871356,0.46662513221829327,0.5928226760766124,0.4357391627916978,0.479209525450359,0.5067240379258869,0.5921057581937603,0.6035001106911655,0.5903033318015671,0.43068741169629227,0.46031566403148444,0.5456481549881916,0.5286666135216747,0.5482467376200191,0.47728409433836294,0.4620564656451481,0.490069391322757,0.32749528795313376,0.516863735427665,0.5310990648874533,0.43402689524333443,0.5248291296285666,0.507711445842324,0.565252147423173,0.41461656751144726,0.4291285268503077,0.4869714317325562,0.5280684050906079,0.4958430849759906,0.5609415412416111,0.46046239820863294,0.4599768803576708,0.5298339942581028,0.4766131448637407,0.46559828579067036,0.5921960315098324,0.4344822936478512,0.5384691956724879,0.4666107140871493,0.5890958334367226,0.47720623077296026,0.5279544289374067,0.34738614754460545,0.4313714937504737,0.5652241422602564,0.44298524955133384,0.4347919257221633,0.5146337188805369
2011-03-01,0.4441174670007177,0.4494623177008501,0.4852090752028992,0.43103104227929157,0.5792957966060434,0.5790789579962022,0.43544612789767684,0.3820121306688858,0.4543717573402808,0.5325403315520835,0.5117217238489026,0.36878628091874865,0.579856995704077,0.4152976566176695,0.4761760556748261,0.44230326660254077,0.52601578729281,0.49954790960195383,0.4342242566694518,0.479020728837947,0.35316918772270683,0.4705017506301518,0.4789975618831436,0.4008073472998029,0.45094995987117886,0.4952622168361053,0.4930746765603424,0.49050821645821774,0.35431378689199206,0.4368449712212907,0.4701432563482103,0.45513632351470984,0.579504468131323,0.4968480894754372,0.5415026055200125,0.5102542081767318,0.4481517522747105,0.5215177099967518,0.5215177761731824,0.46079307255238106,0.5975118729641383,0.43082876906488243,0.40340477342619036,0.4327168280473714,0.4898825176663623,0.4517721448586008,0.5121751313025494,0.46845728208867526,0.4952596566547034,0.5148064981501779,0.5597930728802323,0.48342553620203,0.418339751367021,0.4149726840691551,0.4430586391996574,0.46780450421086117,0.42681109386999905,0.45894544974782375,0.44818990985544477,0.31929681817557887,0.44573767232208195,0.48321813258410423,0.41262666567644146,0.49952519875139473,0.5064267546910927,0.5330636790392473,0.4103560238745739,0.4093833317777266,0.39456876391239276,0.5074249610027036,0.500909458218223,0.4634259122863212,0.4251401320912029,0.45134030251515594,0.5033771040572114,0.3820456951470055,0.4858630632726486,0.5662146570522948,0.40650887494524657,0.5205806523120277,0.419745815173117,0.4626732311841964,0.3785741187646434,0.5190404079505468,0.40643411959102493,0.4586803959103622,0.5832843182573817,0.4009894852271431,0.4502322964916207,0.4598753131833329
2011-03-30,0.40072154117687775,0.454455661938515,0.4940623786452127,0.4062553298825115,0.5999583940983197,0.5775406996171661,0.4283500054446617,0.37338152570199673,0.5046710994637487,0.46837425079810097,0.5221947813416344,0.30850542628785277,0.557868392988813,0.4324799786266155,0.5065126775008936,0.49633702594232704,0.4547551956324027,0.5120743110195312,0.4504136623888299,0.48341878420963885,0.37589515725796363,0.47847636581873637,0.4512192708631795,0.4272005372889986,0.4694632265092281,0.4837806654037254,0.47109523999309155,0.4430246758553487,0.38451581620904324,0.44765794800349545,0.3965771303593257,0.4157755084668286,0.48984910951841915,0.45245598018161,0.5214864013537276,0.5201931119420936,0.45484137617019127,0.5056159179611256,0.5056160568315129,0.4799544361256909,0.5317445087469901,0.437580904679588,0.39475634918355823,0.45142731395592056,0.46686913967430627,0.406408630497226,0.5010217695853612,0.4540325421038303,0.47644661838086094,0.48777393728821755,0.4814114761387373,0.5153995830212232,0.44853605557650006,0.4717394142423048,0.4551513167270821,0.395349924854683,0.43179610653518213,0.4707363810731726,0.46425224229966433,0.40804539365623044,0.48882387178643893,0.45317431219314824,0.4037899104972762,0.45736996311594064,0.541206213946052,0.519917028798024,0.3888166614808821,0.44555891699129413,0.41078937956937406,0.5507161098327681,0.5275653497189221,0.4697192369488204,0.4170684056389436,0.41335783346762833,0.4910516588833047,0.37201656093293467,0.46948600965766824,0.4352510400079782,0.39810624612585116,0.5263990664601741,0.4540230773549553,0.4687236995166674,0.34197885381891935,0.42500718721305675,0.3969938019142335,0.47535119191781466,0.5721442157877109,0.4083961843259989,0.45571051408776303,0.4833324433972917
2011-04-29,0.4143795605965029,0.47337858324443793,0.5021616101766343,0.40552797645630895,0.6407954000717031,0.5907925359641983,0.45814421826271023,0.3407650086265796,0.4665849553440922,0.4650620187152018,0.5134229513093586,0.44305824135838506,0.5752755972006479,0.4355613271317922,0.5131500818042772,0.4942340074729319,0.6024578175723275,0.539952618914508,0.45407004728500433,0.5075405455277483,0.4627702789563914,0.47292782941694494,0.4858392134158146,0.45873679333832784,0.46103386713616223,0.47813840769815347,0.4830712753804363,0.43362396208584053,0.37395530616571143,0.41811406086954866,0.3941001703834339,0.42916359541533544,0.46578202927877205,0.4561926184618528,0.4546900915742584,0.5381036353096809,0.4619941473636498,0.5100419883016254,0.5100420420636367,0.48684168692972796,0.5162015188307607,0.4564528757558146,0.42018458917918655,0.4246347092241496,0.4904237542634745,0.4527259155846085,0.4783231663061876,0.46057557278321837,0.4266336712923698,0.44823981372452737,0.47797166554053827,0.5101895691043324,0.4486963032170477,0.4566435600414325,0.44077825817736177,0.43032669250296407,0.4577732634144069,0.5128132458847033,0.45009652500751784,0.4295261432303092,0.5136630593657712,0.4575717362730257,0.3853486540961997,0.4835026283303412,0.5377565243731679,0.5077089570611849,0.37788664947923084,0.4339500118947281,0.4113368467937457,0.5021899753923434,0.5300850990876507,0.4623638003636705,0.41201441923404575,0.41694620038221303,0.46486644079798145,0.397386592174818,0.48683185232277526,0.47662288166407957,0.4366335356248319,0.49754909951782655,0.48188372958937625,0.46646344066397183,0.353636294682678,0.46219717959629797,0.44213496939565433,0.4602682483899372,0.55817824533709,0.4008883089916741,0.45494363413114147,0.4663461515580239
2011-05-31,0.4291331473017585,0.5212861278084253,0.5199333932636914,0.4255444348711689,0.6695645144180162,0.5946510696029091,0.5156709783584021,0.34838611938437136,0.4869607456033757,0.4820072595181849,0.5537337534813536,0.5029795840531143,0.5829148237302048,0.44417885854247496,0.5120770146747669,0.5320196971539649,0.6030295795697094,0.5417498428106036,0.44613145098236,0.5048226010095742,0.5018510685216716,0.4968637219987884,0.4847900519241289,0.4195192424723096,0.5225459270090957,0.49482254886452653,0.5181156145188291,0.4733172194673958,0.41884402048294544,0.4515508611697195,0.39696881521626026,0.43353699149356506,0.5685793520590375,0.4548753338992091,0.5032688111270488,0.5552663265988457,0.456035412625423,0.5165470206977238,0.5165470311725249,0.48551352897454986,0.5458307764832813,0.5130084925884933,0.45191938578808816,0.5023975248566914,0.5116859096097696,0.47485059098801347,0.4510001674650045,0.502494425874268,0.45153451807166356,0.46817468886492,0.5163628529497345,0.4930951861345575,0.44883598515761297,0.4874988035691487,0.4861711518202101,0.4676499924558659,0.4842660756248991,0.4854404410075098,0.45836403130766296,0.44643507707176067,0.4878716686697796,0.48947323244976815,0.39423732062696226,0.5274697287249923,0.6041534025968766,0.511084647539021,0.398137480455503,0.4056589840443271,0.45947181771219925,0.5345089285352522,0.5368429156751836,0.5006104727683588,0.4732543184662676,0.44791440522445375,0.4443050247432699,0.4320783026886615,0.492232848767698,0.4630305292869376,0.4439760749954391,0.5096009438314171,0.4924928717644192,0.4445577907676763,0.4126864548931782,0.4416613999481067,0.49265474081134136,0.46514075501464663,0.5438707600253191,0.42456735676361707,0.4900090186834583,0.5074248962747654
2011-06-29,0.4367560924388106,0.5389640596682965,0.5411348416032183,0.4294923520668647,0.5727547826095539,0.5710002148720471,0.4874748853345149,0.4013441069331651,0.5114919817039563,0.4762251525541543,0.47514032710204823,0.550161615119272,0.5846613025554586,0.4738203419315958,0.5501828760813026,0.5645366388260439,0.611049602545796,0.5612950890091379,0.4445808881695069,0.5445974855868193,0.5037214376164107,0.48230599965255205,0.4847915954619268,0.4398519580070047,0.4957148434031762,0.5412742605272016,0.4960512999688112,0.4900323543820364,0.3925563714050978,0.45751639984792664,0.429088346283499,0.4361114381143626,0.5716016053439414,0.47616150611653857,0.44641249302020825,0.5592400660473977,0.4856291521625857,0.507763685439686,0.5077637750790208,0.5381033191005513,0.5559255829508465,0.4935496254850926,0.46515068717738384,0.5084190824178232,0.5164755035660553,0.5187329295130647,0.4462859622029248,0.5053007420674117,0.501313492713729,0.4670174020708371,0.5210998006312054,0.49071197687958157,0.42515598100851487,0.4792676471386305,0.5333025780755888,0.5064823290451665,0.4836265108376035,0.4747496299538238,0.486897421965407,0.4622055953615741,0.48119135106382055,0.5087231711165218,0.3913374255150125,0.5174722682003425,0.5869580018856337,0.5385501449510672,0.41443747334950554,0.4218423807478801,0.4922495100998616,0.5302304088126625,0.556001357855232,0.4644020307229051,0.48951064136053646,0.45166801813247076,0.422952679123263,0.4508205878541391,0.5126140392940117,0.4842378576372068,0.498754556922985,0.5575335294244569,0.5118358613887755,0.46447232145849626,0.42509643101088185,0.47845386811055757,0.5060987956580448,0.4405430449156507,0.583363977535239,0.42239666560447503,0.5024779144428779,0.4937819312517903
2011-07-29,0.43033439105730187,0.5101971308178782,0.5040522522374625,0.4189010838460265,0.5372515798640469,0.5739105883432862,0.47327527942028647,0.3722203368705532,0.4925166983171235,0.43936160966751253,0.45972602994518247,0.47783555003389494,0.5272497724948221,0.4514998890745331,0.5107516679235663,0.48278305516406533,0.517311482631754,0.45944712229644125,0.4291814760850185,0.528395428200798,0.3710620046976279,0.47996234849659986,0.5093255268378728,0.3813671721299645,0.4717613024767931,0.5293348018823754,0.48049257044790905,0.4491757571275843,0.4076898685190516,0.4256639490647759,0.3991082877401179,0.40697507233983254,0.5342256029838949,0.45485428709580406,0.46100969131500064,0.5407310373236854,0.45658569192605886,0.5133242428438507,0.5133242651075183,0.5434403239533319,0.5341030379744685,0.4508209500091216,0.38068795592897386,0.5200781751010638,0.5353549468769135,0.4612604157415141,0.45231942390910546,0.4930550219933806,0.4959163156493016,0.4819456875577393,0.49434978809112645,0.46428637951923096,0.411900643430137,0.4654816554785086,0.5516080346877409,0.4411294929907737,0.41136233371208003,0.5006484989980294,0.48402547666660667,0.44612461596888414,0.5120619120655163,0.48138194057639877,0.4076607500457149,0.5214386963817836,0.5941155639548114,0.5286874402434973,0.45837484435638703,0.3994479995814142,0.4691946911972435,0.5413201798683578,0.5344022519402364,0.4714297839865782,0.3824430141645602,0.44515099153679744,0.4600173300345124,0.38584090645579716,0.47550744100635317,0.46011020443949446,0.4347549680439143,0.5123526775691456,0.4494231473225959,0.4765339156000317,0.38677526576089044,0.46879292328041566,0.444790083555576,0.4259826896061321,0.5500196731719986,0.45057079029290736,0.49392135652397723,0.4743585222807822
2011-08-29,0.42856405937393993,0.5434821873168487,0.5105933682316599,0.444819048663626,0.46165904034570615,0.5369156028009551,0.5062458939171008,0.3539122145224556,0.49576261318646586,0.46695248364083264,0.46369721560223504,0.4010997298309235,0.5865454725171442,0.4252279842638153,0.5125212674184945,0.44889437033401297,0.4535128158003285,0.4654614350376989,0.44793416553035553,0.4892224838604387,0.35452280191604874,0.494427120126574,0.4317397586978705,0.4355077326668107,0.4504539135157511,0.5155079630934267,0.4732709047056531,0.41353965795784065,0.4132097699218286,0.442446394161075,0.40401116478859794,0.4038727100086507,0.49503911208211626,0.4402407574952152,0.43850734821535814,0.5158222748099204,0.4303132292551394,0.5462259565180698,0.5462259930426849,0.5231468530623029,0.5023730565743695,0.4556187987899398,0.38802712178716636,0.5223704964651359,0.5361083478030119,0.4334238404708597,0.43679618634666123,0.4763919976545819,0.511797261872651,0.4899024634435354,0.5175680447911161,0.43643625166480743,0.3952916608518243,0.4221793108702127,0.5329127092193698,0.44198930329555136,0.43378565891940957,0.49232987381727455,0.4922001005632074,0.43450949844490766,0.5236401600589667,0.4605013949933128,0.4270340876255843,0.49578934115093154,0.5521036924713679,0.527445089187954,0.4668662636401445,0.41595913410165214,0.4716548081369354,0.533415537913775,0.5316016834093937,0.4822827556824832,0.36019827346496197,0.4483115562204422,0.43580507692487547,0.3655978657251071,0.5243997042314958,0.43550058616205845,0.4438247282456979,0.4459654834191007,0.4696642817598908,0.48456545194888984,0.3838579991184602,0.4423327841752114,0.4316112461719616,0.4295837173664086,0.5503390257610851,0.43356345071737656,0.4801739494992782,0.48370796089324
2011-09-28,0.40489163163458186,0.5229257439289802,0.48727634687301985,0.43511984225402556,0.4851251584352624,0.5319646977190216,0.5138602338327374,0.343045254458552,0.5355679200207769,0.46843172854794973,0.4324206313901385,0.3731137326775973,0.6109883798431576,0.44135108587891153,0.5279539636971422,0.4442367116200336,0.4536493670141764,0.4553953571217591,0.4176539962781555,0.45967376896018824,0.35359059165477,0.4498375635533704,0.4567711881189199,0.41218166000419676,0.4455575531531821,0.502245182606582,0.4679157251803133,0.4172280690459139,0.4121420659485577,0.42619287801605593,0.43427794856320806,0.4079079542081075,0.4720680944720752,0.45770752361869954,0.40950594936406204,0.49597678650367977,0.4545671412007976,0.5274540527687821,0.527454117469942,0.47850876530943554,0.4779298950537902,0.4239813474837685,0.3599260273777967,0.49646434351512353,0.5230811656407417,0.4050015277386882,0.45252421191734915,0.447438758431932,0.512681210293138,0.4361883490925077,0.48583541588955986,0.44470928698477546,0.4067234787998841,0.4211868895013002,0.4950763131368819,0.4326706287443104,0.43781551624913345,0.4740404143993508,0.5177852345376672,0.3879229927985823,0.5273016984050117,0.47250530749190717,0.42000196988298377,0.45346255633909344,0.5623425308765242,0.5062517685062004,0.4387477279757683,0.46436627885372134,0.49976629058593486,0.5217683483175221,0.5389998607914419,0.477740537457636,0.3568132093823663,0.4211380317939683,0.4453123125508967,0.36301635664955256,0.5115796483271666,0.42506447711497386,0.45598569734855154,0.4584776096741271,0.44499063870919786,0.41886404516682846,0.36501124157293685,0.44886458482234454,0.39900976598113264,0.4281189198206435,0.5932130992027735,0.4113143631408678,0.49586026604598915,0.471246156284915
2011-10-27,0.40621875251987744,0.5079786436213628,0.4788358718007671,0.42043766147646994,0.5075752351905307,0.5274668660597048,0.4787047348727091,0.3548012977736909,0.4614179788074218,0.437326361288766,0.3781327186312538,0.3538384885414318,0.5576155567190607,0.41060466703799137,0.5271785627372745,0.4376373051257393,0.47289111382503624,0.44790047199043864,0.38719741544229463,0.45582880138526277,0.35118283412637175,0.45810396847994833,0.4505870246975116,0.43955490530653957,0.4208857436675679,0.386525748025224,0.4507126617294564,0.3960474496637337,0.3974463190039618,0.4270605887975592,0.4475712148300048,0.4185905267856407,0.4813827308174844,0.4519727428002655,0.42907332358869843,0.4856546969546969,0.4248675907614973,0.5333043732753875,0.5333043868939693,0.4389618329556588,0.4926886150371136,0.42739047628510074,0.38257707423584836,0.47600757945559335,0.5053745255874732,0.391647769451503,0.42749134667225225,0.45191804443165867,0.46593050573622,0.46895306670036585,0.5203889104567166,0.4146171969821541,0.3642521568069244,0.39158603123326813,0.4730381039306194,0.39888286729716205,0.4231044744259935,0.4633416612356965,0.5078999078723588,0.37057346801365376,0.49444920124474734,0.49077478429524235,0.436759217670773,0.4704053834451655,0.548674816656686,0.5082097346982002,0.4278132939354914,0.47445279632265946,0.42768820688734005,0.49169433345583974,0.5185613360338125,0.45645390520930096,0.3506203328363639,0.41108978122769724,0.458610868513908,0.37307678981046044,0.5380875001047885,0.4434505448309463,0.4136890856246256,0.41645928799819015,0.45431145631744435,0.39070229730661454,0.3538397483622263,0.456367030190996,0.40297871241172606,0.414324751979584,0.5886858752769908,0.40890710931979635,0.4660775685520735,0.4674090295975887
2011-11-28,0.4307159421794519,0.5231162354004544,0.5059357061394618,0.463667371753094,0.4889498015751239,0.44146202776850085,0.5004490093152885,0.3504549374761006,0.4614701022027124,0.4670857784267174,0.42889720055664243,0.38438935576325745,0.5098267978148238,0.41082446757836494,0.5003309122907792,0.43160019086871676,0.46839040188674796,0.48909413333103235,0.39929318933136604,0.47678308875245135,0.37795882223283117,0.4874915865816816,0.47502839553636583,0.43328027839727057,0.4490704854043096,0.4893321437517252,0.46065879938455023,0.40035161508081346,0.4538783283299705,0.46773565110834,0.3636906727771314,0.4476713979809966,0.5088202627811114,0.47437882158939604,0.4556158049106436,0.4755951227686994,0.4587386351299942,0.5535144126914904,0.5535145033528919,0.44334978125308516,0.49746519449293,0.4868703338993217,0.3979092591137403,0.5307806722265079,0.4918104863674111,0.39303269859289514,0.3749414782889725,0.4480584297446686,0.47423327752616806,0.46534745462520505,0.5005290897972723,0.4208752042041582,0.3510268385522058,0.4082991124063229,0.4894278329098857,0.4396332866069121,0.43995943231967755,0.44979184171346864,0.5210652289244152,0.4018046323423782,0.49568167874598223,0.4721325977773033,0.3971031790424044,0.4675874583034605,0.554004351647513,0.5280949350743736,0.4595012090056877,0.4701624953743214,0.46812486505608614,0.48900196707209015,0.4942030500352997,0.5033809678980948,0.3690760450532444,0.4345696391421309,0.44128763700222323,0.3941833381002603,0.4938841165405133,0.41047527872684614,0.4347296793871877,0.5069487510612828,0.5072416003803644,0.4225271048033828,0.4029712539889876,0.4635656160869995,0.4200141419229551,0.42397847603039285,0.5176890783044233,0.3948812232463097,0.4829090975638545,0.47612937274764017
2011-12-28,0.4283071236484148,0.5039018821731599,0.5053147734555883,0.4706418216746428,0.4947221214804257,0.47224177354653063,0.4837591719224409,0.3388712706022623,0.46154787390670304,0.4678455557291808,0.4389698856494897,0.4027617528215755,0.527183354726353,0.4053863364065821,0.509470401993084,0.45990746523277104,0.46559458684924077,0.5062604440229346,0.410910893456052,0.5072904586174053,0.3948844539636013,0.47545875066956195,0.4632067663475871,0.404057933051333,0.42789716445817433,0.5186649032589339,0.44977807600951536,0.42391995301011337,0.4519621250020256,0.4824026355180566,0.3427902067014503,0.4561680248501569,0.4954545144410378,0.48028988044302967,0.476442114406314,0.4984769049870973,0.4562457590776537,0.5246336752253908,0.5246338168814272,0.4559837638221329,0.521285422518336,0.49801683484621245,0.4000285639111465,0.5345547636901846,0.46650464527853164,0.4103252924982121,0.3661067454109684,0.456303394360945,0.4703070502476938,0.4828550935843834,0.5256644055571597,0.4378230600398707,0.3574630635080169,0.3996687813798198,0.49853587886242057,0.46438725306829964,0.4387911845920565,0.4471950647007887,0.49576571545147613,0.40443445927010685,0.49554600859176623,0.46010592437192943,0.4008082420936224,0.47512121817500796,0.5148655415489788,0.5318362761651017,0.45589202271318396,0.42697893516349816,0.4158168502715983,0.513899283352597,0.4873426926664153,0.5048324245487538,0.3734698115092398,0.4457143364029029,0.4176678542709193,0.371384513865489,0.4824918100602515,0.4095517885225093,0.4291818970361813,0.44573134799251146,0.5066512706342098,0.38825467072486514,0.40919051903281506,0.4688498963246156,0.44567444489891483,0.4640550397912538,0.5031089920020272,0.4175335037483422,0.4638575039786627,0.47486587794744645
2012-01-30,0.43346048959980843,0.5051572884603973,0.4993965904567668,0.45948998086886755,0.46701808366596154,0.4814071519557879,0.5063997483233014,0.35465570931053214,0.48473429774028937,0.47035488639783474,0.4693024611777695,0.43452931293269936,0.5230947770002684,0.41029999578390086,0.5305114089484222,0.4197197301009553,0.47755045689968867,0.5058889304509498,0.4227758295758499,0.4946109594180225,0.38589726813568703,0.47688729646649825,0.4488886614062527,0.3827316849466007,0.45537805076972887,0.5224951118386542,0.44293306707824043,0.4276078487928274,0.43149044659075075,0.47597648394165887,0.3537025055556059,0.45831524121797645,0.517640549276346,0.5004338321764887,0.49598287994764784,0.5412437223012595,0.454599545746297,0.5450918824199994,0.5450919518049743,0.46709606963901545,0.517115083380186,0.4878205999168999,0.38993112423185206,0.5445982314455712,0.4961965618012441,0.45159809561442293,0.3811636530162907,0.4490947718898886,0.5000353624045448,0.48962146747026913,0.5301343410615963,0.4441202205440057,0.3964675454267374,0.41656572769216005,0.5094153920638953,0.4782024061292102,0.42452090277655136,0.4647189350266775,0.5134302617514084,0.41937647231220554,0.53034562977505,0.3889021359608984,0.45844785129848475,0.49464266322736034,0.5442392955632177,0.531920860922105,0.4769673107468557,0.41229297064496867,0.456863174716683,0.5496454611674088,0.4379370621890676,0.4827355574216212,0.3678440649529249,0.44622842964374854,0.40335567750168466,0.37348595929727335,0.45757229054026843,0.45570946435879583,0.43414276724388634,0.3724354696128323,0.4594596556450689,0.40852516422460616,0.410913054761302,0.4784495340586048,0.4490940111999854,0.4521316520134824,0.4666741212435713,0.4597956598912014,0.50055533987826,0.4675432304226703
2012-02-29,0.4421797299711965,0.541850175509769,0.5152706647340131,0.46118605823733194,0.4319773082657407,0.4643672560471542,0.5268101030642225,0.37133288644242746,0.44293426494306615,0.48710789441815705,0.4330745525642325,0.465142361647209,0.557275930118423,0.3862727078572472,0.5417616489572438,0.39878577807141724,0.4467408052501655,0.5271692388114319,0.3956879058651582,0.5066175349681951,0.39262160762703247,0.4752600665065838,0.43987282885923,0.426993386921444,0.4445078613246513,0.5093851733000354,0.4611495597705768,0.4172437320754611,0.47263467808756954,0.456211712615596,0.3805916440366937,0.48439200369704355,0.5191264414593637,0.47079500196238144,0.4693208827390617,0.5118817128724841,0.42569309266845085,0.5105983681719987,0.5105984257303197,0.46145507392812307,0.5136797646954007,0.50001018666791,0.37695132265926595,0.5172413564795294,0.47473980680607764,0.42539441890551366,0.42617772443091545,0.4703048598470458,0.49275918134380936,0.458883400338895,0.5213174646004237,0.41898410970269445,0.39394370188485933,0.4097770269395447,0.49086100610175726,0.44592763205339897,0.4571827485650809,0.48172265497443395,0.5263399830117838,0.421348545096749,0.5172926457399828,0.4289821317692284,0.4766415252551119,0.4539870912343521,0.4760274316930065,0.5516683439895252,0.4315388291788245,0.47659489575266467,0.44666604965150997,0.543564483981279,0.47609572801222855,0.5138843021294517,0.35892356266305075,0.43210651933595273,0.40387275359267427,0.3564438769842595,0.4782120249817205,0.4428221673331301,0.4932736350848686,0.43810328916847524,0.4939139445809004,0.4472417158374317,0.3816029533306883,0.4804972525920782,0.4183910635655724,0.42581433254374657,0.4976870640870186,0.42228085646990254,0.4860223093476184,0.46643773418816536
2012-03-29,0.42762316433429004,0.536993890846441,0.5082004988524669,0.4327328237106428,0.447108897110609,0.41759095810671965,0.5138143538777294,0.3612692421838214,0.4531152011745179,0.44530033014904596,0.4173249857386062,0.43355653086765134,0.6001217488516624,0.4019358245600687,0.5320153941398346,0.3781380019370057,0.4308488297291469,0.49719150878601137,0.383358512141555,0.47175853132511,0.3349203968025558,0.4450686255164779,0.46468891099604276,0.4417163673026792,0.4402777787819977,0.47541040342072716,0.44208311485684143,0.41447417502714734,0.4164446306871009,0.40350350155007786,0.38354466287908384,0.4717136425513398,0.516621249008631,0.4582658536824054,0.4278697905750097,0.4930821104094719,0.4356394418578548,0.5342515427881528,0.5342516352466202,0.4648160589107773,0.45932268388582326,0.43422159770804153,0.3834516905959913,0.49594683330491474,0.47115031566707444,0.4210246859751979,0.4347731342147704,0.45452700633463694,0.5163113225284136,0.42498004078113866,0.45129215519772026,0.42205922475813834,0.39355751087933494,0.40047008464913353,0.4643852195700613,0.4124240938847481,0.4455416015535892,0.4860011672738655,0.5192350470224105,0.41959031341101427,0.5010905469784188,0.4167316375832259,0.46667287826289444,0.4537864655992337,0.4973035357461476,0.5318707038806835,0.40754802589572053,0.48077156631551005,0.45586958985685244,0.5748523800220747,0.48183439592325883,0.4718076263792969,0.3442358041668002,0.41141130566216616,0.4323789486080921,0.3508992043193508,0.4607702093617011,0.44390586540597543,0.468955720313772,0.37898604407416997,0.44658646285394904,0.442844155522201,0.37189099970927003,0.44481040027880614,0.3950422444491992,0.4333517481448384,0.5123534428079803,0.37506121411482934,0.45418026329821937,0.4556803960366281
2012-04-30,0.41632392936626145,0.5242912800441472,0.5233421857714727,0.4594458263374627,0.47488158561776894,0.4489443234531885,0.5006074316108333,0.33245967121977393,0.45718108790141887,0.427281192628104,0.409443849179772,0.4498739927710575,0.5230149714255538,0.4002428787700841,0.5300654195618878,0.36406270280892916,0.4161683435899134,0.48945467916692664,0.37158405139161976,0.48389932784387674,0.35409555871274234,0.4343052429205396,0.5081114358477551,0.48031234861847244,0.4328824631549496,0.5030079462043818,0.43325592155731374,0.40283764912572895,0.44671277612071597,0.39674003823711296,0.4032513408436323,0.457202353053522,0.50652634678567,0.4595443159230357,0.45867673743366394,0.5028539671064755,0.44949550548470996,0.5109624990425756,0.5109625463019285,0.4539120130475979,0.5024144106489499,0.4557151200281417,0.40345139070741576,0.49589564037460104,0.47829854270577293,0.3992201812151268,0.42118778280533264,0.39387638963345223,0.49069320274536715,0.4556369883052877,0.4749774502494745,0.37274966371445484,0.3703198022319891,0.4130224428411218,0.48965306148442145,0.4148825578807179,0.4296828788877349,0.49573427888747434,0.5220412540512933,0.42858248352025496,0.48386020191820595,0.4337274773322326,0.5141456034039792,0.4294128847837641,0.5254273031308576,0.5610785401464538,0.43633159388196835,0.5169135450327703,0.46213100715496797,0.48424525312855576,0.4463409470727603,0.4794705901464967,0.341448923476471,0.4278037309980006,0.4026209171306349,0.3591741921608443,0.4571182746988104,0.46494462227085315,0.4983327801063949,0.42520511921226495,0.5014474084163308,0.4108137519045382,0.3533104903203788,0.4631908747450952,0.38670371570612816,0.36476628944044337,0.4679249267140346,0.38225651798190224,0.46906364065793055,0.4511103794838687
2012-05-30,0.4859261592219181,0.48850360906843954,0.49812940573136505,0.48131493140496695,0.4773888060850327,0.489857479501495,0.5401798663547486,0.3108688953699727,0.42592958854358526,0.43641831934511177,0.40014157745584295,0.4664074565928312,0.42117906312475506,0.3949308996349093,0.49277647498235316,0.3563241284395148,0.45753750196786647,0.5285921576812617,0.4012636232179255,0.5045807307003837,0.36270848297286556,0.4669452677301359,0.5038995942552262,0.4471687371802395,0.42161803632741457,0.524805579621849,0.4200440701609237,0.4290302897072721,0.46832841634915623,0.42286048813719707,0.3705205321069014,0.4634881578635313,0.5178272534433828,0.4592257827432026,0.4674348970270623,0.488343028338487,0.4802805875246575,0.5311614247379342,0.5311615001247816,0.466272435182337,0.4967514793431413,0.4674832008087662,0.4304179833060961,0.5277728808428934,0.43019398007909493,0.4186523696835575,0.3997146345356281,0.37715805092930466,0.46923494678520244,0.4623904993256602,0.480853514674494,0.387737558791145,0.3575092643687658,0.395957315154244,0.48098802163089627,0.44082378545723794,0.4164898364911558,0.4366652012842141,0.5101161515386369,0.45329086756745524,0.49194335928019395,0.4055024500153633,0.5484679023536743,0.4522887302926553,0.5492075548832877,0.5191996768125895,0.4305910254643816,0.4342094634528874,0.476173519114765,0.45335211631503286,0.41492346644443256,0.48477947720900677,0.3946255837590844,0.4400272690810189,0.35519195443645935,0.35384405752937614,0.43738078411555126,0.4553396009707284,0.5059749819474855,0.4025947097735579,0.4936152271015583,0.41015469207854455,0.38877719202452166,0.42974103434035305,0.4067543863097821,0.38161676569177966,0.4518371715875895,0.3873895840426201,0.4516240717023209,0.4588793378231734
2012-06-28,0.5064466330825999,0.5344288804963877,0.522196455895028,0.4694761320622177,0.47930737923747374,0.5326382318291195,0.5285737682218444,0.3369026713836003,0.43248089876215556,0.45739259455292686,0.4319694046456494,0.48786892037926904,0.46996529928624486,0.40324966702883436,0.5186330908347107,0.35053337764693465,0.47780818401586483,0.5379337359874438,0.39561277683136364,0.5459078420019833,0.38025233698801103,0.49793329146206444,0.496296600287394,0.45962457213442665,0.43675400836905376,0.5240351845335609,0.4212182750202383,0.43016208321522653,0.4753442867488088,0.45086355722669047,0.41762262419552776,0.4772443873388383,0.5297691428714,0.4449444848570436,0.4757396306737417,0.49008449560592743,0.46058313159678504,0.5066480154772639,0.5066480097890353,0.4935187554960699,0.4511532111209728,0.487760228784491,0.45833946580521057,0.574548463422806,0.48168749998670707,0.47171650662291353,0.3833719775462048,0.39985320982537265,0.5034758955185041,0.5010093572346067,0.4675642038658571,0.37704731822146376,0.33961829531308485,0.4179014139715608,0.507452944933808,0.456048499760671,0.4330769667615446,0.44979310608989076,0.5411243840767048,0.4608682105978092,0.5055306115154242,0.4391053505935374,0.5441783678003809,0.4560035121566579,0.5090460799680083,0.5700438688763523,0.4697575424605352,0.46902383219940663,0.4954063821885608,0.4406440073469265,0.43937995398826424,0.5240845765219992,0.4135421511489888,0.4782713617264125,0.3630074319958373,0.3672015806673627,0.4662434634095105,0.42658743641116276,0.5351873307209817,0.45820943313209833,0.5323331890099191,0.41009345664284425,0.3676847466718699,0.4687534723590585,0.43427966300392395,0.38400213049251786,0.4787348858116974,0.42153598635215905,0.47199167721549135,0.46209037023877714
2012-07-30,0.4788199015318096,0.5219399938109,0.4919002330755148,0.44543857068347387,0.4561215568070503,0.45640093828327866,0.5404841191999915,0.3518436026746104,0.4371787210409771,0.4352065590846723,0.40650663017583877,0.4672438907494725,0.43289651367610055,0.3948536662425451,0.4921163042703644,0.33378506918867445,0.4448301096817965,0.5005230105753732,0.345036194818923,0.47919874412736835,0.37769942302854975,0.4744668002317859,0.5169199152374054,0.43633411473277806,0.42923873395757073,0.4752359967586132,0.41674963349818994,0.4120313366013672,0.42954472081988077,0.4430657801944315,0.40328420984258057,0.43547825277978464,0.4829691539368944,0.42968349141160633,0.44101559239215765,0.47615623005448443,0.45726972141690386,0.5645442005769417,0.5645442682694102,0.45927286650127364,0.40446268880003927,0.4298018986161203,0.43461293031521114,0.5094302145011997,0.4739362316155797,0.47363088891568683,0.3891317873499731,0.37017324473641855,0.4753563199401085,0.45388791955363733,0.45369819934130645,0.38508569637485157,0.36549289083935066,0.42102130127551446,0.49800857926479086,0.454571798152216,0.39620538036207165,0.4627526477069609,0.5158906867734918,0.43417886765802594,0.4610159511040552,0.41141778605381063,0.5161485213696958,0.43448397272403216,0.4779911647780119,0.544308081922325,0.4299472913017204,0.4265328824581771,0.4791161238766484,0.4555679771262386,0.4113036986618241,0.4529719999240363,0.373110760180711,0.44227180084815987,0.34490020979109065,0.3549758946473909,0.443081434881436,0.4550897067242557,0.44452305123527774,0.39753744454915113,0.464981182639744,0.3932221745273024,0.3811323500782965,0.4139273120249899,0.39681013818495786,0.37292685626733874,0.4545647566508596,0.39997416131700847,0.49938913713003613,0.417031823198884
2012-08-28,0.4787930984213507,0.5142559564795854,0.49980842217049315,0.44637232476711286,0.4747341594886637,0.4726747662813656,0.5036433309202099,0.32712808980705055,0.4304224725674458,0.45706416459023136,0.44261918225636226,0.5188055753299546,0.4164221453284194,0.38521202523040665,0.49148814301028904,0.3279911838315545,0.4809457622039053,0.5488880344370619,0.32150423610506856,0.5076335090956711,0.4041555597316114,0.45563587376456866,0.5032230182482208,0.48267088784532286,0.4579240524320976,0.47395329516408913,0.4375156530363266,0.4265078956508247,0.46097969948996204,0.4595716048574688,0.4021696611642387,0.4615214509654732,0.5226656718805526,0.46296550730953295,0.44666714854851264,0.48680454751337565,0.4653632300604255,0.5502041029075234,0.5502041006467727,0.5110699067035045,0.435971621111848,0.46980309893723865,0.42529149512620085,0.5135093124600718,0.46536334272202784,0.5170872181707274,0.4102214305894085,0.40589924449276243,0.4755693156219131,0.49986854155310784,0.470390479886273,0.3814674040729618,0.38135557687775207,0.41287778378747725,0.47310087521917077,0.49617742408853077,0.43279995196826154,0.4611980343742261,0.5301358095595233,0.4847147969382756,0.49372310008345405,0.4371731433988176,0.5650909427480884,0.45374161636189925,0.4953803878575903,0.5426108414763378,0.43294887094205614,0.4622531972383192,0.49248972113553824,0.4479122134132896,0.44346419554076055,0.5077605806967631,0.3806425737670875,0.4250166856788357,0.3438294167078735,0.39354691416428983,0.439054321836296,0.4662169858192801,0.5189387924452031,0.4790140173288528,0.4983429314556467,0.436603574469946,0.4012755521312337,0.4698495766578674,0.40925830108847305,0.3827654379813253,0.46741404274628323,0.3862006639929062,0.5010019473884829,0.429524720240984
2012-09-27,0.47742561978946557,0.5036968781983904,0.5043512261466754,0.44942574759485887,0.4955854734631795,0.41116414944955676,0.5159086497666977,0.3409107984747082,0.45218439484434375,0.4706729245949893,0.4402974440870831,0.5000069469745788,0.437071950394164,0.38555724863847907,0.4950424999642575,0.31528950376314746,0.4906268038567823,0.5291369270158748,0.3352406531119395,0.4942805548668377,0.41369458921985597,0.4456610959011211,0.5177149392475878,0.5084836052512496,0.469176578876892,0.4968893699323631,0.4140718185683834,0.43669426509973513,0.4810942728110625,0.41366837225646935,0.4545056585409002,0.4854472302806212,0.5317798649008061,0.4456183180917455,0.45065213504243556,0.4926358362477556,0.4465445392235749,0.520026835826056,0.5200267871967356,0.4950858204322372,0.42667400793172583,0.47398089525116044,0.4313624690675639,0.5153434759871622,0.47507533886586445,0.5322472762397997,0.4084830479721584,0.4098166831787774,0.45892772057297576,0.5190938803723203,0.47621861621417316,0.38836631924425413,0.39438089740176435,0.3990726091074706,0.4816862640317456,0.48566176457987437,0.4291690700980088,0.4510890572141342,0.5454769608408652,0.4668297378255349,0.5101337869414208,0.4586826074794,0.5457963909039855,0.46349896672429025,0.5208519323586607,0.5689480091031095,0.4502669644462661,0.4721799264354558,0.5100469685443623,0.4469202124676753,0.4625781628676397,0.508047245604454,0.399071109876069,0.43816056982208146,0.37044229373035914,0.4020586765050896,0.41797831073280445,0.51291549791245,0.5068657828367943,0.5079595674182658,0.47978278274911834,0.45727066482205225,0.40432226940238875,0.44658337324747976,0.41119036822479216,0.37594126822887053,0.45458374272724916,0.38475516603817317,0.5079835305525622,0.4140201642319685
2012-10-26,0.47166637233726244,0.4531002732972188,0.4503609414140018,0.46257173198616314,0.5287926101890973,0.43920173722790934,0.5161675949280123,0.3388622113052015,0.4437320025424749,0.43972402731459287,0.38611771632476544,0.4933356775756144,0.4036862714086147,0.3491807235487716,0.5168725454673492,0.3219657084441075,0.4688987899383021,0.5056878891562674,0.3253616097623172,0.47388967598312237,0.38291368935153375,0.42660791780119417,0.4979109610632266,0.4769917607155114,0.4439592830279354,0.4904451439080898,0.39941907825912437,0.42718133239608286,0.4483622718750023,0.410498952163404,0.4587225185505229,0.46508621254012084,0.5084994349958034,0.4370615803106439,0.44989866926520433,0.4635543696728416,0.46524045732705976,0.5224182189601502,0.5224182019988467,0.4875336497662801,0.43399006846914395,0.45179827059708005,0.4103675229907362,0.4807326706950683,0.4382026153282711,0.4868062768461709,0.4166585839644318,0.3866124795157326,0.4420519360112671,0.4944111921763154,0.4759454845528675,0.3700153144911855,0.37330192680599633,0.36030864342429436,0.4612946701056395,0.479157859189081,0.39217914628594214,0.46427226321872483,0.5063684538565624,0.4643160453105676,0.5105866093079584,0.43362038111917384,0.5572236478552929,0.4585590673729465,0.568911715832167,0.5225653659460869,0.4402678345017857,0.42941360878925317,0.49470424198184787,0.41156573055066586,0.45279479579144005,0.476349274821682,0.40491888463129744,0.4111509036700383,0.375125179390325,0.39903458022651106,0.42478092660566447,0.4918709496134941,0.5080151384356201,0.483384742248809,0.4733735809456691,0.45630421938201476,0.36579949247849564,0.44968821982223517,0.38664468994842005,0.3683659656986354,0.46351724316429116,0.3842068816901948,0.5068089899234434,0.41807328345847994
2012-11-29,0.5267100967873461,0.4527548290422449,0.4618233544755818,0.47264647867269394,0.4669093828623549,0.4421339546384591,0.5422234017153608,0.3451664900818018,0.4523818335684203,0.43157321094559253,0.368493609695484,0.5096653112780984,0.42091371783232423,0.36828027203710845,0.5081439682865597,0.3326283104290475,0.4806969148043493,0.5088988566035402,0.35299815101369664,0.49241069089771794,0.3768693296866475,0.47595420206455286,0.4985181456049955,0.45470004359992666,0.4747150905830215,0.4934438621046264,0.4312297275452024,0.4391844698727387,0.4428619458155568,0.42447579845124084,0.4306626310428147,0.47785666577230074,0.5102080553056834,0.4237968770363958,0.45723392510658273,0.4989193041955115,0.42859218505526675,0.5302167851910682,0.530216734792411,0.4762049393285775,0.42891604013710594,0.44613139017206777,0.43649197955987434,0.4807352754409541,0.4447699295483271,0.5108995381614004,0.4290757435057964,0.3835577001047722,0.44761794481999934,0.5170474480284235,0.45345410334494646,0.38724323683301715,0.3973967677895931,0.3953595811990625,0.4730323478366251,0.4731738097161647,0.39692831277485613,0.4564377510363922,0.5370035814505613,0.47452404858308,0.482008146875226,0.39595461829964496,0.5565482856293702,0.4262797692360773,0.6042325342528277,0.5317134718676101,0.45070775636895233,0.4135309536931702,0.5081287954020437,0.447399302325129,0.45896456231508515,0.4774156852239882,0.3861715336311842,0.44357758195938285,0.3799789352949385,0.3835616942445426,0.45732850135348285,0.4620049436197409,0.47021328113373784,0.46618156993927046,0.4783187040895433,0.4527159890807582,0.36525100722965975,0.4387165172386542,0.40580799824243063,0.38003754578776017,0.4458676721233455,0.4024496723533547,0.5123942378829442,0.45600989215179777
2012-12-31,0.4728691314917204,0.46508446949794074,0.4629851553047039,0.45452098130665364,0.37289717402532757,0.47153365655043944,0.531720534192505,0.34507433362179196,0.4482156644913122,0.44020724754639556,0.3644452030451577,0.44285009368568773,0.42880335484147775,0.35054314759587585,0.5125523246714941,0.3514184905153474,0.4616744163408724,0.5418678841289685,0.32548561795318576,0.47967338481957883,0.36090068679221654,0.476332550789189,0.472829452202966,0.4591631163895054,0.46531471237599736,0.47527660041768865,0.4410537306609152,0.4466936157771984,0.4561366398881319,0.465043080214641,0.4534798659016889,0.5011750137410919,0.4678853608499542,0.45193785930191926,0.45125778340511813,0.48324541266955745,0.42456803244986435,0.5228279202892397,0.5228278044151716,0.4902189514168928,0.4384977601458325,0.46152404800081864,0.42757681254336066,0.49376463691810735,0.455259904318137,0.5109075162921913,0.38889166100188727,0.3868583880684982,0.4613183948266982,0.4891892067055148,0.4850062560812647,0.3597651311029109,0.39389667828181535,0.4079364751832638,0.4619187782920284,0.4754476213763279,0.4197685740278009,0.40894929081754,0.5366759476500912,0.47944793980933587,0.4499602413317248,0.4076543422829487,0.5450304532573338,0.44963675358741856,0.45281251157050334,0.509282413316437,0.4732454330479037,0.434761115500862,0.4820894876717694,0.4263282915180941,0.4669267357436114,0.48933637282636544,0.40260909363558534,0.41784943113121925,0.3866006197511603,0.38899959055202676,0.445776901368376,0.40638218576801804,0.47088357956163013,0.47329741203460146,0.48828993265041765,0.42150799791891025,0.37606310560761225,0.4532696897342088,0.3995251645410024,0.37316282400920536,0.4485651098308179,0.371857638285188,0.5043203705836578,0.45983519392146227
2013-01-31,0.48043931444180493,0.4586915092592517,0.4484639129164125,0.45360839607501696,0.382863297826948,0.5174510099948499,0.4932979926377272,0.3329026843659601,0.47794267545162045,0.4333233609437511,0.3723823938496257,0.4742557931095983,0.44204924323980194,0.3614706524354082,0.5066333048778804,0.3266137379349154,0.4612422089488757,0.5369214823951253,0.32660151546594995,0.46629450688731616,0.3547383479406499,0.47697849489615846,0.517401962324068,0.45588615044336267,0.4447225438669259,0.4615353356925098,0.44578735831203814,0.4512588304881457,0.4661659066745466,0.4544851443562588,0.43515304450944226,0.46553688107797514,0.4930095394271111,0.4694102083046463,0.42795305560960145,0.44449979004249757,0.4541362833335801,0.5420695377833877,0.5420694298791668,0.47837747693261273,0.4348062819635288,0.4524161897799123,0.4145484788088514,0.5090419563285227,0.4501076750750138,0.5080984541060685,0.3893528773105649,0.37367551494073203,0.48028007738350237,0.42044488960630044,0.4848702055754003,0.3525775323038439,0.40520132783211216,0.392056436665939,0.46896625179464385,0.45797092175336024,0.4267606679997516,0.43754814373188067,0.5009440124208616,0.45694177307070744,0.4605892376688476,0.40990788140700135,0.5469854893789948,0.46986977358433013,0.4258845757216196,0.5157190886656008,0.4185280572915983,0.4172488631089745,0.49330923717503167,0.45053512858952716,0.4444617412565803,0.4708526862206674,0.42112770153896234,0.4206706716361793,0.36737638170200804,0.3951868862426405,0.4447519770109079,0.4626966986067834,0.455139830959318,0.46659952365996893,0.46604280232810547,0.42893064622320554,0.388996109400949,0.46182898788840504,0.3841113489009791,0.36856707874198624,0.445158258283668,0.37198488417229303,0.5066131555332777,0.40256307119293616
2013-03-04,0.45415354633854665,0.4882202682519935,0.45447786344429586,0.47023301811086293,0.40180296806379656,0.5235398104686362,0.5112490211750285,0.2904732252884677,0.45414291864570056,0.4592299552341623,0.38183116826372354,0.47004080545438576,0.44917173667992016,0.35340695108623776,0.5311996647405871,0.32652821094126266,0.4659595988043799,0.5213746872407091,0.3205982199322071,0.465938214784071,0.3885016330744412,0.4293938369083586,0.5179094685389763,0.4623080199973814,0.4734482887392168,0.4806647556140015,0.4542030344618775,0.44591968891712785,0.48162130683082566,0.43183976253065626,0.48474297138507794,0.48121825364524906,0.48950681447556077,0.4501794650534396,0.4166911691840297,0.4544860517589294,0.4390681367658403,0.5503172814647243,0.5503171968856595,0.49586122236217056,0.40775322038188216,0.4643773797184864,0.4223947033922161,0.49828825451006514,0.4580859531691392,0.5193062970811295,0.37248037062719513,0.3896174428767627,0.4829074475647488,0.44873394623354124,0.4497806368589728,0.35890983266161974,0.4155541094002862,0.41625766592366265,0.4920413728848834,0.47991295858031996,0.42781972434779986,0.44197550717134126,0.5175163308612315,0.4584240103528713,0.45776734355658294,0.4271095079744521,0.52830492066575,0.4264534512267285,0.38258373425658515,0.5537866429065254,0.4645944070157513,0.4504780862429203,0.5050122416702788,0.43252054107419163,0.44254173876894254,0.49691691232035223,0.4207543568514093,0.4297016192443504,0.41595719707478795,0.4041462613977436,0.4899968654620651,0.43998773397333296,0.49724402998669864,0.5405084759745521,0.47839575693155056,0.4496061607606696,0.37999217319045603,0.4357337499912232,0.38585052850519685,0.37572904194438117,0.4569303493498029,0.3859030937861342,0.5191646464415259,0.41555174655958366
2013-04-03,0.48586676041541954,0.441503230928613,0.4572247465852051,0.4381483224981047,0.3988886744331627,0.5242824710437887,0.5027939811694473,0.31438130387393864,0.42742682713795327,0.4603753086299327,0.38314395917153365,0.48902071011342135,0.42225609797825736,0.34168315561690144,0.5147415629571774,0.3228015219101046,0.47297506796678657,0.50304283233112,0.33283141337994915,0.44673095793536277,0.36647799640715295,0.4150710975494806,0.5036606086019728,0.45949153749236893,0.462252398480499,0.4729097259049896,0.43463148064797213,0.403470025684502,0.46281300023774236,0.4091064234773268,0.48499564679351315,0.4588966019106483,0.473477822662566,0.4212569886619085,0.42056227012059805,0.4423017044959293,0.45903226774164807,0.5453091443942416,0.5453091466249194,0.5120855317118961,0.39616402609522167,0.4409589932023953,0.4237358986501583,0.48749276864225083,0.4701753438387253,0.5135714173959317,0.37822309754674804,0.3544246631354021,0.5022901921216384,0.44892444783598096,0.4156601823849298,0.3479344124788996,0.44197824500973304,0.4040413158361979,0.4494396830087052,0.45719468309808997,0.4219409412058125,0.4473300770836514,0.5191841514550039,0.4765649389354378,0.46027417564531237,0.4299532056313202,0.5206896084189899,0.395772592257161,0.390210425422493,0.5016129870062783,0.45508957387727766,0.4266717782554583,0.4985830841022235,0.4174371645030421,0.42506914255576755,0.4731358269907337,0.39546086752328796,0.42350708389076935,0.4268192625505041,0.3781033986861683,0.4253418178176125,0.4517956574508408,0.506539299861557,0.5044303713263625,0.4336696042701988,0.44364579329366194,0.37445092539166536,0.418232919802899,0.3877479784806949,0.3596126954884499,0.47265567256660046,0.38069161918451655,0.5052954639756302,0.389005872950561
2013-05-02,0.4564897020012955,0.4121520327872916,0.45351571559223874,0.44133575422565535,0.3857622923567452,0.48130914009391224,0.49232084980165214,0.3162703637650548,0.42766988470672057,0.42878116878878275,0.3351412585262068,0.4646297399710638,0.4205737213588344,0.32456290100653906,0.5318832216462185,0.3219575531411744,0.4663350546204545,0.5205880911380766,0.30288470575847803,0.45699164788220226,0.3393811016554717,0.4173569625069183,0.48950383901227196,0.4696060075564184,0.4547952848679826,0.4327479253134535,0.4348108566192759,0.40523594210258296,0.4518746059537038,0.3882452466036306,0.4679460512002433,0.4868985054339712,0.48474960729842925,0.45180666951411463,0.4207826488819393,0.44936080868185946,0.45256856262636885,0.5304538161794388,0.5304537399332311,0.5000219087497462,0.40768096304693807,0.4287587032599289,0.3975193076689594,0.44013071614294763,0.3769335593732851,0.491373326968295,0.35889569843841335,0.37013668153621804,0.4567613180331191,0.4691863962879433,0.4244516118253747,0.3491233592230292,0.41139813374680667,0.3697496298647885,0.44270489754734,0.4656295978586173,0.40909680878910776,0.4180032285922017,0.4746346529996636,0.46734330528728385,0.4415672805390837,0.4076714749054893,0.5527217734873795,0.3744697924842744,0.37711648529931685,0.49566506210574973,0.3769070752762323,0.421274391148592,0.47758872865821866,0.39678567786118135,0.41679900144703336,0.4682316429762114,0.39281733295766547,0.4278693542272756,0.40557693999419797,0.3659413032845916,0.40336303690553893,0.4863785855010481,0.4911594188700869,0.48543784337336865,0.4572646602788303,0.4473584984274081,0.34908861890064924,0.4414929145937985,0.3825895287103763,0.3570606558766398,0.47728349046833785,0.3629676761311048,0.4921498487311862,0.4040614268075549
2013-06-03,0.4694347902421817,0.4377414299590747,0.4839046143311194,0.49761415222984484,0.41303216645656615,0.5169124453279069,0.5070762563343073,0.34275402386077203,0.4355354085370744,0.44878803517888105,0.38401082533250835,0.4802287565951046,0.44190641128271496,0.3592908575530949,0.4910522889869903,0.3569213004660548,0.5042307093781841,0.5602670109816625,0.3186800323012249,0.4967233042733495,0.38266131161899564,0.4507292386428701,0.5004755365169457,0.48415127693639864,0.46258239957887076,0.45301598049088676,0.4716480999463537,0.4253192830222676,0.5074429559421664,0.46454476539621237,0.4732701328684953,0.5101690709204197,0.522521724491561,0.5041886989354196,0.46962333269906154,0.4895521482946732,0.44627140060027803,0.5520524131010651,0.5520523261566738,0.5275131021648024,0.4293396260602423,0.4893157535257325,0.42789410136379874,0.4614876197129231,0.3703252520553129,0.5250045767076428,0.37809618518997895,0.40380463506101366,0.45778161558446884,0.49909228048222337,0.4721780990968584,0.3538548409156973,0.4429665119274571,0.4088460567079506,0.47657291908946964,0.5080606023729073,0.45855267533400135,0.4672503832697376,0.4941757786711064,0.5166356046150488,0.47589861000834377,0.42708557630300575,0.5506807842613244,0.41355821759411554,0.41803590872921104,0.539932650198203,0.40242369057601374,0.45504247814160637,0.4608554935677635,0.4297836532486755,0.4390157599937248,0.5118048173057733,0.41030409046018634,0.4562095690720323,0.3956635907617617,0.3800642452306286,0.4445851905227265,0.45368360435900884,0.4686574157948674,0.48900092494134806,0.49680027393981024,0.44252177359054945,0.39884137283823906,0.48940219412679026,0.4296681632137114,0.3593213247158492,0.4788084275159124,0.3974769142890559,0.4825649586813069,0.4373649026972017
2013-07-02,0.4769023762161518,0.42215212721192147,0.46801225485112585,0.5300819435169817,0.40093772993422944,0.5153557934330167,0.4863288487796291,0.359101718400776,0.42122854294906764,0.4265741270731402,0.419276162266412,0.4721292874443606,0.4199681126109191,0.3863192738210114,0.5208052593870072,0.35008113451887646,0.48326216991732246,0.5615112606445352,0.33370217594449775,0.505338255702855,0.39753693122699557,0.46341268078408404,0.5036182110912731,0.4720764456389213,0.467905185730715,0.4679876977927724,0.44832844383211223,0.4370375331720332,0.5148645070382643,0.49385997710506935,0.5143235358524516,0.5217181540290194,0.5175327209515073,0.5025603894101291,0.46952640726287415,0.49410951771065575,0.43519300072489353,0.5116265537456754,0.5116265177563663,0.5043412576764489,0.4600982637478624,0.5271508781843435,0.3983178674122336,0.47845155519151056,0.4007837665865662,0.5122098332235434,0.36537066389498096,0.3958156235008247,0.47888749751557286,0.5115410343002161,0.510137636323867,0.33944611506201305,0.40293186069077924,0.39905094512913664,0.4585566762763116,0.504555657324429,0.44364339272243314,0.444181443149642,0.5084469308349098,0.4935483046085373,0.43069725249001983,0.4449735554391549,0.5476394156007021,0.4142542661995803,0.3966587302685594,0.5301464833125711,0.42635116083788693,0.4792431000791931,0.4525488335524127,0.4241211125369701,0.4591597301103705,0.5235599029671258,0.42975831594245456,0.46466746486799737,0.4367100743266221,0.4095007328054374,0.44071564381904704,0.45767344974403096,0.44637615578664264,0.4992974083303587,0.5202520726409406,0.46468807936550105,0.426017621233527,0.5029536739936367,0.44045897330907163,0.34374981980551944,0.48246260383702033,0.3869629632139701,0.4926505616745721,0.4610091617495004
2013-08-01,0.46098838872585185,0.4150034831362267,0.40357835010282717,0.37717491264124453,0.36900274071820954,0.5770364382509438,0.48652612430479064,0.3278923680796058,0.4637348814727184,0.4025107801025249,0.30562351501706775,0.44606081061454245,0.43966491877109787,0.3475692177583891,0.5015961296203054,0.3025588382767135,0.43491511131294847,0.5104455362754514,0.3556620267509471,0.388523125097813,0.35357032365687247,0.3943371079124549,0.4623096502279515,0.4555088454810167,0.4462830985330398,0.43682921130343655,0.43522950831074175,0.4419933405285671,0.39961545371833684,0.4050051598874658,0.4882044956716122,0.4059390806932726,0.4781243498360207,0.4592441458223942,0.38563569947962606,0.426401455226642,0.43816778041080584,0.5248844413792664,0.5248843771097118,0.49469929124970674,0.31770902564881903,0.33742664637628883,0.4135998251248075,0.4240830445755359,0.3513164786997989,0.5340853642820869,0.4255277176969082,0.31689447943304805,0.4719323268579312,0.37659043088641436,0.4235864873796121,0.35834855987981223,0.4348421031456255,0.4176280646474877,0.38248180582619673,0.46494849153324985,0.37982852741749396,0.42389879599943897,0.425348759034785,0.47772852636372737,0.4066628274976238,0.4178645581761905,0.5222806874010714,0.35627525081789596,0.38308568519257336,0.46490250566044555,0.3669449329973301,0.43276246870395146,0.427169159299793,0.4636372279350354,0.3892497591808048,0.36322920353767074,0.40920550956751944,0.41063434439864255,0.42267061784531024,0.4297503197964716,0.4200701796612259,0.4694399285113832,0.3861048335701543,0.47808576695855703,0.41642505977820676,0.41711133071930223,0.3668683126647989,0.36616594120355705,0.34333793670082596,0.2942129932221507,0.46194454763287895,0.3351666252468751,0.5121751012736685,0.31874493453136094
2013-08-30,0.48714494961768207,0.42650788112964516,0.4253284349235796,0.4057692565410424,0.4152295898594872,0.5783821756268779,0.46474096159445316,0.38302071792061126,0.40348562791075543,0.43486991650390044,0.3314992722811144,0.5351349179917269,0.44590639029243395,0.3609059324958014,0.5607487116240797,0.33701282461838833,0.46393256597877613,0.5076212622073574,0.31024272298058614,0.4249812533629866,0.4003551082444743,0.42890645290016677,0.4685590320311923,0.4704905721054372,0.5094507165583552,0.46857966851456967,0.4661749293529655,0.47434930150201077,0.42009662312564366,0.379346656964635,0.544315089474752,0.45382483527627493,0.49047800709173806,0.43556892301252464,0.4055924488291806,0.461793503914751,0.4487351839356195,0.5243872990848745,0.5243872728938542,0.5165501314552328,0.3496778236473415,0.34691236293405847,0.41303864973641785,0.4248592418496628,0.3946679091261186,0.5460449149911107,0.4163074758843248,0.353004892291811,0.4677588720584919,0.4479392595755608,0.4078012507501118,0.38601906175358996,0.41970369752756626,0.4283970567464773,0.3996286229373454,0.47209835377789566,0.3694199322427379,0.43398421426201483,0.4397488466195527,0.4839040183571497,0.43779329205713263,0.4185820477421575,0.5652725897121895,0.38648841564672315,0.3943848695402044,0.5121646083511072,0.36467752272151704,0.4429309580327297,0.4520485622197191,0.439996262357726,0.43443220141829814,0.41514464844478544,0.43431175513322956,0.43935224835354497,0.45718287173844147,0.5043036768974948,0.43711748937465855,0.4669944008766226,0.4585770536337032,0.5000965755759627,0.4339105130173219,0.43307738178183663,0.34315900979121544,0.3764135645644387,0.38498406369400745,0.3380224256409518,0.48983963801798497,0.3725184111458636,0.5138887078560997,0.3688432767276771
2013-10-01,0.4884911272008869,0.4637559920542108,0.4492632189327616,0.43570413564622185,0.4406902869925817,0.5737393838976074,0.484850895063577,0.3997639945555429,0.4128025885495204,0.46356817466373695,0.36297119747060996,0.5820750578660656,0.4572920686762603,0.3887603397024929,0.5725360879061415,0.383925499864338,0.5230172320926912,0.5178772512020335,0.38065946063258826,0.48646855222592117,0.4098490596475045,0.43103123822982903,0.46838285391159756,0.5065980021511448,0.5271284502647925,0.43660154473319834,0.5015709659157492,0.4373590397030906,0.46867895788926256,0.392914270378924,0.5577198779200856,0.4856168577158427,0.5362317980922428,0.3929310042950258,0.39349979818970193,0.5108929815422484,0.4922923776380575,0.5724094308326261,0.5724094158678988,0.5584109037964855,0.3750210812606975,0.3807250355425016,0.43301458256556674,0.4392317008632547,0.455430993330817,0.5955738375663332,0.42410238649343845,0.3770331933781001,0.5270375158091828,0.43982269486472714,0.413381170037055,0.4038665633309813,0.4911958356957078,0.46470413095800195,0.444221172359161,0.5176943195705427,0.38270407035725607,0.4629565855007966,0.4772228434430847,0.5348139666276395,0.43612558092491754,0.46485628138104684,0.525392051159201,0.4001217668908514,0.4112694519860374,0.5014875207599949,0.4371225269259514,0.44829190294799753,0.4674772476634662,0.44183690999331343,0.47083470190324117,0.45651854214601745,0.42998075736282443,0.45269732035212923,0.4721592868563335,0.4929938444989004,0.45678693189588104,0.5018972945343815,0.5249427444221265,0.5143238510018964,0.42475221228264715,0.44768345464723835,0.3656807581022251,0.3846801714726742,0.41956836298410943,0.3491352523102307,0.5126382245398224,0.41450078088744624,0.5126260757091093,0.4162971660053147
2013-10-30,0.48227212746925197,0.4269401730809783,0.44080169931333096,0.43771134562076147,0.402937170373291,0.5306293328899713,0.5101166316682929,0.4261030204688202,0.452813774088293,0.4147060431252015,0.38762486809137686,0.5745108370532845,0.45311019832339366,0.4036336049677682,0.5560043546738066,0.34325865271720823,0.4878662791901433,0.5033316527446241,0.36510131891989545,0.41719646514906245,0.4089226609474952,0.4012857960788686,0.49096767769129157,0.5514297776138212,0.5298294962808511,0.42417911145734916,0.45373637994297933,0.48367740850679963,0.44964969593459014,0.37238923133034924,0.5699184355384183,0.4688941301642357,0.5033771861576036,0.4406207099176261,0.40513981900419493,0.48952930312727083,0.4601291234069825,0.4967244764182081,0.4967245642053583,0.5681568442872562,0.36487530941759266,0.3372959590188226,0.41275425250467895,0.4126276714540813,0.4634617702681732,0.5712435226895546,0.4129785113853818,0.3544169683372781,0.49966735656535377,0.4643397378212441,0.4275520877696968,0.40481127229254726,0.46619991701728547,0.4484120518219739,0.4560419268073623,0.49634145869181867,0.38800037084692884,0.4835593982245214,0.47389046542016505,0.5405151545272666,0.4064238456765975,0.4763893081815762,0.5526683187533136,0.41140846236609674,0.4280172464755192,0.5088512183470035,0.43027355334815115,0.4456479011144831,0.45907760032196004,0.42666795906364396,0.4835878669576682,0.45782984735118987,0.41577599403912135,0.46753036669762205,0.4787856675189765,0.48516165701706004,0.4462253963632178,0.5196726835815971,0.5257164557873779,0.4978046560173539,0.43846788118180047,0.43688677299093426,0.33406643048742546,0.38332141075804343,0.4091568367560344,0.33998261798142304,0.47503734929671065,0.3933306121078605,0.5033308690862857,0.4015875488396478
2013-11-29,0.4823913047622276,0.45683089759002843,0.45240989631515677,0.3914769151962264,0.4172105003531944,0.5470936209900344,0.5010376169432447,0.42311086090334526,0.44357583062844574,0.3976287228635273,0.41092322656463987,0.5434455087832823,0.40460354031520923,0.4555159380831484,0.5304956910904501,0.3711713156953719,0.5033318464527816,0.5444755731522396,0.3940707088640029,0.4525811448314862,0.4387724311218874,0.4453326953635006,0.5196023182329215,0.5013877786436921,0.5314097350882558,0.4655656002963096,0.49344356933727435,0.5083668089993211,0.44287552036867756,0.45293069760319565,0.5832655176975318,0.49792681964013513,0.5478272022987917,0.4428504408550747,0.46037343604416286,0.49252371566728964,0.4812710205096771,0.5120198988599315,0.5120199690171944,0.5671566923523543,0.3977895214803505,0.37611948450810384,0.4253225856094989,0.4522926202292356,0.5319820764042752,0.5837412721881703,0.44766622230650416,0.32992066770787215,0.5151901652230552,0.5003213052648402,0.4270658213530871,0.44053635258172363,0.44595487810923057,0.44343899997206493,0.49293333023914626,0.519626172997541,0.4347734037924286,0.5204284919681911,0.514960078642916,0.5559803090160409,0.46283618439719004,0.5080615697597375,0.5431647372581376,0.41751669366472877,0.46483212767224175,0.5171237396838481,0.4661032612121014,0.4822782049356228,0.48875205133265825,0.4415482487593214,0.4761692961640255,0.49601248871565784,0.46158855929322246,0.4642716234059685,0.48946550043947273,0.4780463232608448,0.45178633658241724,0.5861018619808175,0.49143760601571973,0.5205980972946639,0.44317270262830233,0.4689825517735758,0.3913956124596751,0.41446094679861734,0.43452449862449266,0.3820790486718718,0.5087924728435844,0.43143917233707446,0.5286462667215746,0.44930410118631736
2013-12-31,0.5441444164775399,0.47791941769177915,0.4252007939227566,0.42187397474235583,0.4466356990040921,0.5593263282924044,0.5061885101761282,0.453515921151976,0.41799319131416607,0.41990346063728595,0.41195417988742355,0.5447401342754723,0.4703642568016894,0.4755001991884243,0.5445237380081197,0.35816107162587885,0.5210420639175911,0.5292848901255764,0.4150399126233077,0.4489749718314194,0.4349431838829451,0.4828136514477261,0.49507382225443775,0.49830084642343697,0.5221871623608271,0.4867046686397614,0.51037784308771,0.4510011072526578,0.4429091990571689,0.43652939163174764,0.6129780602362757,0.47503088001301597,0.501563407385921,0.4422935396210559,0.438014737856006,0.4874665229188271,0.4330204507508117,0.5622889776416131,0.5622890541646228,0.6003515286383334,0.41752602983379994,0.3672176281089224,0.4540821960047494,0.4269855701363206,0.5087991486911654,0.6256595014726213,0.4588989392957688,0.3485043684293219,0.5020944885308891,0.5295155358481823,0.4426823992586434,0.43257719745832374,0.4584710616326347,0.45892411655696524,0.4460622836497218,0.507971015394425,0.4051663284824092,0.5027930039430393,0.47282970035249744,0.5730534916226611,0.41723854193290033,0.4983919889127074,0.5619813522558901,0.42207817555729527,0.4410901795260638,0.43170056121887884,0.49821137911691976,0.47468653416217926,0.5014843624843008,0.4896597211876917,0.4886117500508438,0.4932040833404916,0.48111156285050527,0.503345943103208,0.5074054771071361,0.5149915981818171,0.4952922570166865,0.5478823872969376,0.48273558092839414,0.5558533903868357,0.43039020981918796,0.46475931606667426,0.3134171798617608,0.43422401871557487,0.4391581113361228,0.4205019947266608,0.5347224578875044,0.4326405297142323,0.5494685482036187,0.4484272480910989
2014-01-31,0.5130011318039771,0.47331337620456887,0.4352766477782757,0.3648558486679716,0.4452708619692462,0.5875535442806901,0.46054712185598673,0.4473645379104318,0.4337526416998456,0.4430986929780513,0.4054597131799062,0.5344958352333645,0.4762249876188439,0.4821225900454345,0.49417039665175233,0.36752034449607296,0.5222723667590619,0.418981507807942,0.4233615445294232,0.3974823334710985,0.452851716597523,0.4764472098135653,0.5315660352606358,0.46887111722595837,0.5139769775436251,0.488256690691863,0.5069115138601142,0.43206481947884817,0.4417967230982702,0.4360332288837498,0.5964940468170403,0.44719328157159166,0.45766160482017937,0.44260275032149504,0.41154131929223614,0.48554787829722473,0.4336666751376906,0.5716380516141939,0.571638151184134,0.5407030258614174,0.4094636752841908,0.315930115973168,0.44276647663916674,0.4495340887078847,0.5040388132887066,0.6450730503455427,0.44136438601678274,0.3617781988395647,0.49718672208486053,0.4647371773889051,0.45362878760510217,0.3858875486737203,0.45299749813517426,0.43645756846106204,0.4593413459533438,0.4683387404560484,0.3985605360915172,0.47793375851127395,0.4521708071370549,0.5372811796750626,0.42999868894119647,0.5023756489064798,0.48384266912619306,0.4478566142079467,0.3975229509769943,0.41707567204098817,0.4689984203839669,0.4621869332201803,0.4908915400802268,0.45940206201063183,0.47899282270413707,0.43788179006943473,0.497789405972765,0.5150906575935411,0.45770491705911576,0.5010756428303172,0.4709408979082012,0.5073704224722188,0.3600481412630381,0.5154167941399385,0.3855023582279412,0.4743661022363501,0.3353362983422019,0.45997059284236047,0.44608906217253075,0.3465497349541406,0.5180438467858881,0.4584108670302337,0.5477707232420322,0.4363119246610738
2014-03-04,0.4523738092718544,0.4877201713104328,0.40577193278105483,0.36824550303712533,0.45725022789800346,0.5620242536040173,0.4837000436497731,0.45265857491104666,0.4382527890676442,0.43838435496992967,0.41504918587890904,0.49305115682610173,0.3877901197501532,0.45467500799428107,0.5245048295773175,0.38035611235305133,0.49865547169329183,0.4239576630394137,0.4497660951479499,0.40272188477777576,0.4480654516742343,0.4452150937671039,0.5265706794178584,0.4415405576741246,0.5488242428221352,0.48589864462931814,0.5158176569516909,0.4403173499036798,0.42632955132490596,0.4255037030673018,0.6291226508278993,0.4676119038262813,0.4762583795312541,0.4704497911884782,0.40466365504168605,0.5040222924254314,0.3942509953543495,0.5517185815688906,0.5517187271882437,0.555092706613001,0.4194479856346887,0.33725848739896425,0.4273599061900375,0.45169021926622294,0.5093878018991879,0.6045320624205848,0.45320371247445257,0.3527387774110094,0.4981409509672182,0.4740710106563585,0.39965871650784796,0.37259405510825755,0.4640725223377333,0.4557532038273949,0.46338933242040875,0.49287142130244027,0.42672301624286874,0.48476660644942615,0.4805821266127451,0.5478693630164418,0.4046272526596909,0.49690251170087624,0.4749980116789853,0.44729922352559737,0.420416223685263,0.4472618606429051,0.46729140847494655,0.46350507187829354,0.48006083289154183,0.43832150549108373,0.46131912215191717,0.43767525695368353,0.4566966073098237,0.449731361234107,0.4901608767437761,0.5191737729434873,0.49335549678904883,0.4786613235621433,0.3852781524605904,0.5428354654167588,0.4051465295322095,0.470984513201095,0.3317758632384937,0.4814344066046454,0.4379283131312506,0.37001728629526537,0.5400826385697215,0.4218844180286025,0.5696687658497922,0.4675993213603132
2014-04-02,0.4412812211900591,0.48144164831952174,0.4341165814310878,0.38429668737058337,0.44871406749135906,0.5701923302541207,0.4431895447086668,0.42776379893095495,0.4615261933509377,0.4306477312271922,0.44333738341480944,0.485118571162582,0.3754683831035016,0.4691359098127344,0.4893510050517261,0.4065247489295574,0.5418168795856267,0.4940992435747751,0.42687323732318777,0.42213936089364074,0.4415831835771872,0.4450520358875675,0.5282040226882296,0.4468051894119522,0.575814384485545,0.4984009235359165,0.5364758259374343,0.4626840219452937,0.44591503320952813,0.43967071762382026,0.6052152101772743,0.48390002064458526,0.5019468227060564,0.460133504133016,0.4382807035945145,0.5126052287207089,0.41182453862706714,0.5598106175694716,0.5597192626126926,0.5915090506197461,0.4387317028031661,0.38151232552282627,0.469146249954442,0.4612482340955144,0.523521209202898,0.6315976550633725,0.4471832756154085,0.3556918287716225,0.47325710551290273,0.490219113744942,0.40954687485073915,0.3942360944090097,0.49404792268970554,0.4639682284343811,0.478585411055554,0.5447785156158244,0.46708248175432654,0.503492477677359,0.48066732503040116,0.5792090947392659,0.4306796804638731,0.514418929595218,0.4947569388282484,0.43278327656220217,0.45247831283398354,0.4845690048618947,0.4522592444050564,0.4663797043221203,0.5381139039388426,0.4364580291302998,0.45850973167535863,0.4785795872989802,0.37821114007779366,0.460010997301638,0.484716134614921,0.47574666525577125,0.45780883899573416,0.4990240108613601,0.4334949976599248,0.5769013956447727,0.428198150472189,0.47274313907860327,0.34629354843371596,0.48126436062648736,0.4613069220807084,0.3776385321998488,0.502237749089414,0.4534190798479077,0.5509750789458634,0.514274307716869
2014-05-02,0.4326331904868898,0.4619967807234924,0.38746155398611454,0.37873200337951696,0.3982752611433193,0.5119406093057896,0.45339302459875386,0.46563584540665787,0.4211677628401739,0.40049627123871984,0.43760573864577684,0.4342806882034544,0.3758713551107499,0.40719176128047874,0.5043234907623847,0.41058506111209114,0.46878667986189254,0.4557111212987684,0.4486202456286219,0.395918317344993,0.41586910258377074,0.43344336114448323,0.47792259952720967,0.45392737612494305,0.5005067731933596,0.4839914082639565,0.5291410111713104,0.45900789181519647,0.42797776102281454,0.43145400902427694,0.6008022596027571,0.481319727872607,0.49173236020563615,0.43558206587888076,0.4023685072056912,0.48460402383238704,0.4403753981987526,0.5442287477319416,0.5428595539880641,0.5418497320088035,0.39920472368632176,0.35656431955112317,0.4478354405950171,0.45097252564849966,0.5155751574322144,0.5190275802363239,0.437387009391692,0.3251446093235029,0.5001310817931082,0.435322558567044,0.41496600416303586,0.3634407499326705,0.4520009123935827,0.4555637340136881,0.4592947245855465,0.4881456374343633,0.432011750655404,0.5389892326020167,0.4669745203494501,0.513552207416472,0.39119100854166994,0.4815558069643669,0.4873093719352543,0.47537236201123395,0.37051563790474434,0.40040841957529816,0.47445607438080606,0.42670326244162016,0.5083359360796563,0.4427887844407294,0.43873743314992264,0.4219734104429869,0.3884189763253886,0.40444863688179766,0.482387221598581,0.5113133575127623,0.47040059474102824,0.4761598869575569,0.4179312310889684,0.5203930071482493,0.4028550132722914,0.5007685669634351,0.30292527616746795,0.4655691747144157,0.4399112191116048,0.3805437447230465,0.49787577580978104,0.39721079191644243,0.5658811511963385,0.48932965362696074
2014-06-03,0.45429104146516097,0.49197313929157677,0.3811902451671579,0.4212746416105354,0.40512160038792117,0.5163015047744351,0.48158416284248257,0.44594280845795164,0.44453928834746664,0.40825060362246324,0.4533802257268492,0.4567025864518052,0.3823541186220051,0.4240005837115959,0.5085059037964581,0.4255275691801363,0.44259208519349186,0.4357154437481304,0.47565514790745894,0.4067102791830316,0.4386608245283968,0.4462373483854941,0.4995445289417523,0.4473254001266832,0.5298566408470582,0.5219118809211493,0.5488717947571583,0.46641041847146536,0.43759954352160246,0.44129240716467955,0.579255311623355,0.47934059694516684,0.5416998994575519,0.506417584166465,0.4163334927830229,0.5347154891933391,0.43088835846553425,0.5276447018545032,0.5249509081573366,0.5039163034184908,0.4172572889700988,0.31583267797595493,0.42032476443610817,0.4490217834113236,0.5336106331558523,0.45763720632811444,0.47023336533084975,0.3177152976855949,0.48418176289636,0.44339518306595405,0.4157477880234329,0.38350306340327783,0.43216108679925624,0.4555170010841865,0.48198396183372405,0.4629242873005532,0.43988055329612386,0.5573064342418,0.4618625708919331,0.5017865747014741,0.39204845634233226,0.5023392736973146,0.5186791463680686,0.4685572119451502,0.4403610148162338,0.41617444690661837,0.5116930203709714,0.44828503835137085,0.5207417086668062,0.47077970395419333,0.4120691962100569,0.41573433167339385,0.4429928652705882,0.4240965463809573,0.4769250552223856,0.5061431781976738,0.4924620275293754,0.5296704659530684,0.381695719654206,0.45307457440777477,0.37087675317671503,0.5124303854260229,0.31829404041778186,0.5024647230247261,0.47720053620915887,0.38354216296054666,0.49115091775262676,0.4274027987082318,0.5627419192642186,0.5214034303784231
2014-07-02,0.5015779500237726,0.4733062655095491,0.3943752946149951,0.4512901324603181,0.41813141728631953,0.5317217051339824,0.48378297008308224,0.45608022812003773,0.4343666106227036,0.39941549668205983,0.4381404397813151,0.42800915535185224,0.4031540836042684,0.41946135522733785,0.5096013577457259,0.42426423205264935,0.4197393617451687,0.42070172742462303,0.43444735813331253,0.410306591535189,0.45459588275252477,0.4768747410617401,0.4644522892094449,0.45543844266151334,0.5151407925466694,0.5086528861694958,0.5775334767699184,0.494121800529125,0.4406308921687548,0.45397168033350255,0.5651559347086611,0.4876324668684729,0.4720000560197069,0.47957833870392513,0.4459620355909147,0.5225232891204872,0.4488756274537892,0.5518657901841387,0.5493980987482832,0.5210267492040609,0.4097865526101542,0.31395318566030483,0.44483315633627335,0.4528429144953373,0.47773556610714524,0.4602988943485005,0.43940747639966504,0.3244784411034031,0.5203511845792096,0.47348748027583654,0.37212017288556004,0.37690285543849283,0.44917145715807016,0.453568250214765,0.4670073747491498,0.4858060973745245,0.42913465078611884,0.47407950827690853,0.41682041127555686,0.5143615787528194,0.411453159276072,0.4832643489032,0.5359427081010967,0.4377742679860181,0.44411205855793234,0.40565794352246864,0.48846812142549534,0.4558916917914841,0.478751391342124,0.4370657289308546,0.439033893123001,0.4274079295609198,0.4462766513700432,0.40477225387505317,0.4772382190950221,0.5013155007132678,0.5135163829213486,0.4805580834190454,0.4086263008666727,0.4846793043876917,0.38820601973205593,0.5028139043250014,0.322544451273943,0.45854926244359134,0.45172482431130434,0.3935268507731084,0.46682838272766275,0.39312638332748306,0.5113982794387332,0.5391426664447471
2014-08-01,0.46890669919229583,0.5039234331308005,0.4361113739696108,0.4667230189571205,0.4070752775540423,0.5381086762183325,0.4824775459544311,0.47397871131000985,0.48153544125546,0.4412259692200257,0.458427190766814,0.447619494347175,0.3712452368207876,0.4388732224702221,0.49227343987905176,0.44834018539383524,0.4426425269282846,0.43317505285990743,0.48467181425958406,0.43336462870422926,0.46230252959972773,0.4880085250627535,0.4955645966369375,0.46510723582406116,0.5089766641604945,0.542725519927042,0.5590490105319866,0.484026305836099,0.46031415506896245,0.4647830841105978,0.6010836819821033,0.4564419616339362,0.472356399571475,0.5015130991315504,0.4286558291605012,0.5466322619902245,0.4960027916944072,0.5549785631039321,0.549913125852299,0.528170848311139,0.4266931058435538,0.3332032800338149,0.4731536622832911,0.46097990223866553,0.5153411980000839,0.4867906156017851,0.47774157026485686,0.3404707845166288,0.5296460442614254,0.44060991048196446,0.384637286201053,0.4042480789024063,0.5083725280357001,0.47542508645172016,0.48212512823002873,0.4468352158899473,0.44675380377774365,0.4623204309623828,0.43998731865454743,0.5144573438005211,0.4202671036785104,0.4917165772724199,0.5060906512399141,0.471402210662134,0.3628473453091434,0.4323528666785975,0.47830540020359275,0.4728816493492897,0.5059350831295403,0.4396625132265511,0.3665086050188424,0.4546369035190643,0.42387926290535727,0.4366612678640741,0.48207075117862225,0.5045325885484616,0.5224956002526984,0.4897967052871607,0.42037231932008595,0.5062450314346989,0.39960019600626023,0.5196924264950432,0.3573207316971742,0.5038998031226201,0.47756690006660657,0.41147562365887946,0.4969162607465442,0.4236712054152266,0.547691145417781,0.5551549209990836
2014-09-02,0.4310483151588386,0.5182024893860996,0.427412183781567,0.49425762947949237,0.4288294619750428,0.57349665640849,0.4820764881748253,0.469765821718585,0.47152770086223567,0.45700346252758844,0.4662196509582619,0.43921994999035713,0.4321443602320103,0.44232723137315494,0.5179949587098316,0.45467640972364537,0.43717426774564966,0.4560686145691865,0.4820717785652476,0.42119599911200906,0.4584906133608314,0.516621610087098,0.5056751502168254,0.45039222582552485,0.5046882965536875,0.5456310504826355,0.5800451406426437,0.5150499251613483,0.502750857230853,0.47237189798744533,0.597446416422957,0.44342657485519005,0.4683453387686946,0.5094824062213051,0.42992213601387447,0.547468409652553,0.4597286759233695,0.5376948168072366,0.5304889579565798,0.5144298082243793,0.4218435594807846,0.34861823148555177,0.45419970342812777,0.45947105656699616,0.5101923239942148,0.4988665037036879,0.4892462151081516,0.33859845112646947,0.5176874853849308,0.408713189675424,0.4013668313301911,0.3830032811807217,0.5369554258141689,0.48973110494487093,0.4845481191782681,0.480384095486027,0.4884124161390408,0.5247012174878024,0.4381268472249255,0.5030023277529017,0.36671641764882756,0.4881931640374333,0.46954372296320995,0.4742571058275802,0.39291885932119747,0.41852590797398975,0.51881273426016,0.4958985602095734,0.49559845290834975,0.46522776749841166,0.37924372517345245,0.45168135923222574,0.4232006845932929,0.44627441969879983,0.5026434602418524,0.5500082037275671,0.5210652360686393,0.4889834428144151,0.41567797887321606,0.4520585097297384,0.3761524161670609,0.4853890429447504,0.375194867428584,0.5060654051100147,0.48996290107540924,0.3964305828785754,0.48983496266689974,0.438286096590769,0.5691853598949848,0.5566089393954843
2014-10-01,0.4258869658227244,0.5050592134601085,0.44685714628999895,0.4766393538687726,0.45374821485497585,0.572880313980181,0.459276187829864,0.48002634364110436,0.451039226008746,0.49707964346515915,0.48099265105366307,0.46096730608803055,0.4210784514992364,0.442385018156198,0.5092212253358314,0.4899283398511134,0.4354467228409021,0.43201467201524785,0.4893717650784176,0.430069955728191,0.44955110017875677,0.5085163264175974,0.4772439704873546,0.47046437993829227,0.5153320134032279,0.5467818203980223,0.5622860422853974,0.4805070753905349,0.519809648986148,0.48334969966831,0.5859974234592065,0.4230388422085169,0.46829344904625686,0.4758405126783755,0.4406532913827229,0.5264113716418952,0.45959011164397645,0.5314797232759427,0.5270311408810429,0.5216994089166912,0.4125518928722917,0.36715327297098543,0.4734305720666869,0.48802284094658144,0.48691590231662796,0.497746526823429,0.45987556357529974,0.3282120138130207,0.5056255020458572,0.41902824439998615,0.38613179396364933,0.39085961261490465,0.5169214154850437,0.5078794234461232,0.4592259390118497,0.4876878003511381,0.47707124134102247,0.5168889476010801,0.39301483825488565,0.5111334959611118,0.4362607290364261,0.4722078529929675,0.4873951326999778,0.42687674058075165,0.39970912261614083,0.4074088794411968,0.48044483188589987,0.4830443480291729,0.49951375625912214,0.4628735859930924,0.3550576279578477,0.4325513555574446,0.38525362232118204,0.4425177401340672,0.49705068295532023,0.5051383112388609,0.5242238420919684,0.5040343782151167,0.3941732890855151,0.45887639709377864,0.338709939964892,0.5067366056730112,0.38405694656724104,0.5145813011980586,0.5059779451654158,0.4252954658008037,0.49196436052598136,0.4742869719521256,0.5492783552312743,0.5143889108840661
2014-10-30,0.41476757863540764,0.45800101839607454,0.40114705169203885,0.49358853946473413,0.364307406405349,0.5029524390035065,0.479137932316947,0.5111597275135379,0.4439956050994073,0.46360050488359134,0.4622268393080287,0.46730462863634303,0.4267095705996034,0.44704039755075153,0.48715270399913213,0.4122032076894217,0.42800560754032435,0.49792378984668095,0.5122235412641923,0.42795039751206265,0.47082393516283594,0.5159728805317275,0.4258875845954981,0.4660379481450139,0.4792125631160081,0.451914267359728,0.5215978441461194,0.5137584769986303,0.4411995301676378,0.4080293718896744,0.5491650240076525,0.4600940205436929,0.5265669921900286,0.4928787859249995,0.44123100287588596,0.46071389344629776,0.46277028977048684,0.5058610399041418,0.4964077875705208,0.5238887097779461,0.42098808457781456,0.336624847746687,0.41240541394037605,0.4855794794741909,0.5156349678339889,0.4691082174008224,0.462475437792312,0.35360111629797547,0.45805878672457156,0.4409925660732427,0.3783032660424943,0.40020977507547567,0.4027702759611023,0.46335763455567996,0.4468161156520288,0.4647323970316066,0.4168471002736688,0.5018397501376295,0.40631510520669706,0.503678362857595,0.4345244633742391,0.47143649388663683,0.5295450395432505,0.40245324281180783,0.3856440210100601,0.4032158225571252,0.47071698694956926,0.4505528974693074,0.48571773523520806,0.45705799061770175,0.3541485811967949,0.4226296920739707,0.3859519205660811,0.4100050103182139,0.45556487907639703,0.5036384447891692,0.4872427042398434,0.5119570796131718,0.40872847002291296,0.4241307708852673,0.33310638799646847,0.46448288680288347,0.3155219474158018,0.49016946997284516,0.4615599488194591,0.43279192196588406,0.4778244812808234,0.38346005528727806,0.5293231736175125,0.5043532901516772
2014-12-01,0.44444866939853844,0.42267633743745153,0.4265572577429941,0.45518655097627403,0.381656214798533,0.47987751717806015,0.4798695285985213,0.48560222788716584,0.4080784552975937,0.45040343491805596,0.49434244345046807,0.47999770370672495,0.40226443840262444,0.4439159946982338,0.48614447386677184,0.43847392192974427,0.4235702206238075,0.5072283355986772,0.4825893758399474,0.4232830657265006,0.5028435906585953,0.4843844559458212,0.41078285634806716,0.4374305312100219,0.46508845817668737,0.4699152748370261,0.5042837661724592,0.5096128845344081,0.4705727564763536,0.42196314138477836,0.5492916833150341,0.454055970090612,0.5401831857180773,0.48893609202139565,0.45851905107991353,0.47537584758039997,0.45607705770635687,0.4619421486733356,0.4555769587921169,0.5502163156522734,0.4402568840247844,0.352142095315023,0.43988014633337125,0.45177962155189927,0.5006754225721057,0.4928705426185789,0.45712360850346295,0.35606964062159485,0.49196341945021643,0.48811343566555787,0.4060328547599018,0.4043005475134765,0.44824648578676113,0.4581136716325207,0.45918777632604624,0.4853761617885301,0.45801720402521723,0.4946544570859119,0.4107731071350636,0.5236557740443882,0.4244054700059547,0.48034876426042594,0.5419865990577757,0.4083076666871773,0.42848630911697494,0.423093697826866,0.4369961664005843,0.45810303536492153,0.5058951904362875,0.44962922242926545,0.3347030595639567,0.4855476638457045,0.3719517416608998,0.43710357087600127,0.46311230506723505,0.4987764415771574,0.4533671206567658,0.5001569979343254,0.41715330977663023,0.45602136727496595,0.3670868315656705,0.49497428052691755,0.31996145392154596,0.5110130624110936,0.48631998699716766,0.43211008649537735,0.4713895340930312,0.4137599148832373,0.5114210257340578,0.5124182251010204
2014-12-31,0.45112296921669065,0.4516643096809131,0.4294802517444729,0.5012750050505437,0.4069698976495201,0.5038682913089508,0.4628574683263827,0.4962995860216802,0.4422581999413598,0.4885140346613828,0.4722798056657477,0.42814189517461454,0.42862492970042565,0.4240552500953854,0.5048563139167913,0.41473714174889864,0.4010319975639169,0.43325619759159706,0.5014859401578723,0.4312082024560021,0.548042004955418,0.4285742172839988,0.422128535176552,0.43564421021077154,0.46319862552312197,0.4833229261863401,0.46098537421483554,0.4757218638265055,0.4531264308434264,0.4478496343181362,0.5660327388128906,0.412146722914471,0.5032934098884037,0.4899650895011861,0.4732407088873981,0.49950953220040656,0.4724916158290139,0.5205704633280155,0.5133713661415695,0.48759986738182026,0.4384763733886937,0.35382375543861194,0.4579543869066103,0.4454169584511921,0.513332778833693,0.4410803406640935,0.47622978150146955,0.35790283119649163,0.4656804906802547,0.4879205110343614,0.4201061996225644,0.43427655036840085,0.42817616222158517,0.4969016165665203,0.4585063904852886,0.47834274780798575,0.4745108588849471,0.504194770270463,0.37366445015215666,0.46316971404403545,0.4031061048264933,0.49689220729242517,0.5521300445221131,0.4375706457093126,0.4466616868162817,0.3835085910414375,0.45471164446057305,0.48658616249643705,0.5187272564911437,0.4602661637757947,0.31530699219101344,0.4828335627595371,0.4078837459560105,0.40837004311878344,0.49179845027184715,0.5217331566852075,0.5062970998605313,0.5340194074592547,0.4205575015907973,0.3986764171953611,0.4038958223762183,0.499245657777792,0.3237299873460379,0.5294795851868191,0.47913094649494287,0.48157148008975287,0.4637268000593202,0.4158473277317355,0.5409290806024069,0.49972117245976194
2015-02-02,0.46012158529641084,0.47753040842199623,0.4270643041303097,0.478048738522992,0.42587844529200725,0.5074374334617092,0.5053315076985924,0.4915484300065884,0.4367554787128027,0.4747959530595376,0.4577262256818422,0.4642692962213413,0.43728132621921756,0.43607153186085945,0.4892697363713155,0.4393619663932968,0.43195524542311575,0.45167731500534153,0.500534783092881,0.442098878390315,0.483060016718886,0.41584332173596944,0.4203447226961456,0.44784218661221215,0.47069181025284235,0.5002085288607645,0.42133216502210125,0.4455609297958558,0.4604450387145028,0.46629092640355196,0.5564962421620201,0.39004597264032986,0.4970791779660015,0.46611229038285196,0.45879360230913857,0.49151868352148487,0.45577619652642354,0.5009060878624266,0.4916583570634064,0.46678555902723484,0.4169253231696685,0.3748773018255988,0.5065637581457012,0.4877115471883003,0.5288620449402172,0.4585722150754548,0.49354508125032787,0.3529988149537093,0.5082359691458409,0.3830225502139112,0.4258866989457644,0.4326455057314954,0.4278490152511389,0.5141575189959108,0.43694801216685564,0.48629754423743604,0.46611590932969277,0.4869646262939526,0.4015189666465498,0.4578197765207133,0.39299718679555895,0.4911405895236259,0.472095241161821,0.4427363516162847,0.4550772364859293,0.38091014503264337,0.44188876691609147,0.5108290657743602,0.456840677092912,0.47476097714773524,0.3064058568862892,0.4818307602726065,0.41426362135319494,0.4382895919683647,0.5044284368586172,0.5382462892009706,0.4900572747968864,0.5431538823794867,0.4253809731275441,0.389681420639647,0.43241304895413923,0.48370959523432844,0.34529984525677115,0.5057827187982683,0.4838125300976824,0.470689947339164,0.5036175154628465,0.42544569170008256,0.5212740063491156,0.45664518352015154
2015-03-04,0.4634470409560813,0.474448399763752,0.4543338227237412,0.49313236105381436,0.42079033192709203,0.5232728254927518,0.5052491595582607,0.5044636680886543,0.45465060950179215,0.4843839181259096,0.46825699424392164,0.4645853388028778,0.4494552873337407,0.44559883097862185,0.5155958815581604,0.40951016640826315,0.4465060770272592,0.4408327815110571,0.4925686347981804,0.4296417129743325,0.4392728500557911,0.44063340761601905,0.39413777638671693,0.4614095575644128,0.48260283693661304,0.47007922910513106,0.421794671246535,0.4423581677850837,0.4919378467435275,0.4637881385711426,0.5626357769105159,0.413411145433969,0.5080506603424562,0.4916646876282583,0.4874612880214342,0.49427392748478405,0.4294856550646612,0.4911476187722717,0.4794649799348544,0.4745031760866823,0.42458307094662195,0.3755238227273478,0.4710763616562488,0.4985178389059499,0.5215014683468332,0.46793431877912484,0.4949435831317822,0.3578256093892486,0.4774051610806356,0.38033547408745827,0.41896987529774743,0.45402128801943964,0.41965405258700555,0.5183531676734404,0.42279404545118765,0.5126736311626331,0.4918570239941241,0.5043204886029973,0.4163680766528412,0.45900819093351947,0.41831045625550617,0.48022213733612507,0.5131864303775094,0.4865089638439242,0.4661371765534777,0.3863239480399156,0.4296135922130683,0.49539506122963806,0.46395127727791086,0.46621707104984594,0.3087960334407847,0.48915259958280205,0.4060540636873409,0.44959852564118297,0.49184966689025966,0.5550314085983168,0.487063599246102,0.5328574137225679,0.4542158610799555,0.43733450468528273,0.4623683916366552,0.4561854590608929,0.38238971793666743,0.5325084000438696,0.4983669298150809,0.4993660921474547,0.4790287209193328,0.4190628236703252,0.5382341786093562,0.4438631546851468
2015-04-02,0.4785169214068387,0.43121028295746616,0.4245928172695405,0.46449179198742907,0.42606208814140206,0.5376894936123653,0.44554147965812557,0.45680286954731203,0.4942484478367456,0.4707147813038088,0.50893429759022,0.46014651923689615,0.44451435754863944,0.4584397134707248,0.4965752833350946,0.4581626162050532,0.4664515902339115,0.4331535307300338,0.4704291744316172,0.42214691912099567,0.45357445978617994,0.4248199231479439,0.4077654453692126,0.4739686859338875,0.5083928319973364,0.4406097499291113,0.42399143765641484,0.45196208063991056,0.4650854906113403,0.40814142559252825,0.5662789148924139,0.4110133923815396,0.49341623073591206,0.45675098332905795,0.49617784968196,0.49509205765332126,0.44024513728726383,0.4784270715133504,0.4744570558980251,0.4742043754401902,0.42629553041191576,0.34508410623340335,0.4464516037014118,0.5163660127698051,0.5150946438899674,0.46322756003208715,0.44906884330757,0.3563157218885877,0.4457025707564044,0.376185647073073,0.40970286604360284,0.4822890102089475,0.38353290026955295,0.5318117634931971,0.44777150512605113,0.49089468096789435,0.5032460302553933,0.4970680894695473,0.3962404965728725,0.43706358289088937,0.42969957931429154,0.4608383668574251,0.5433499313215383,0.448929917401478,0.4431688105835369,0.41629548865737986,0.4319358970595689,0.4397699575370427,0.4682080379094299,0.44220547334148846,0.33522873305908746,0.46992751436673735,0.4015139828466498,0.4232337774226036,0.48012876168384405,0.4636925539650727,0.4464217540202542,0.5431103619590919,0.41426913250487624,0.4419887826736451,0.4463163876552466,0.4282103483144164,0.39680613056224967,0.5209395931063562,0.47537172100727487,0.5169566312978201,0.43762169209178015,0.41734808494625225,0.5212532109101675,0.47170446043482633
2015-05-04,0.508593928262844,0.4221546427301859,0.40409817747316645,0.4824554009004401,0.44671472235595017,0.45439778806166986,0.4391938365090541,0.45865615459909426,0.5007959728634522,0.45309975106526573,0.5002228872907962,0.4982501673397458,0.4498048314399801,0.44312188028855914,0.4924951616178947,0.45550408506719353,0.45291540722777246,0.48028310567649674,0.4875620932982803,0.44937103927226646,0.4907426916760364,0.4988069358251786,0.4157465714791098,0.49031159104046024,0.5004373647124262,0.45114468856246237,0.47506595391165546,0.44217416094807893,0.4797913396048043,0.3923976903350592,0.5520827522909623,0.43088243470161147,0.5311441301677868,0.4321047564219404,0.4868495813814927,0.4688186160948594,0.4482753927884724,0.44912567115628266,0.43945924257192054,0.474737139562502,0.41740989214921315,0.3646632778666874,0.44089620508670235,0.48939027692162046,0.5179162471893289,0.47306162300336435,0.46886225967692147,0.39723665928502205,0.4431353483985512,0.38320014153344206,0.4136672210839378,0.4800690465365623,0.4260690558121425,0.5005677145612191,0.42037723150187695,0.5072048870241539,0.495204864193665,0.5160123192919911,0.41225493549032344,0.41982080625763146,0.368249027408573,0.4575327265409021,0.558122259355024,0.474587357579894,0.4290256552403764,0.41259111202989507,0.4385165747261061,0.4312695253015564,0.4853420869239147,0.4217068821320485,0.368709556660763,0.5075409866005441,0.4184032225668393,0.4339014747056474,0.48443744656055415,0.4750697122553987,0.4577346200748797,0.5466102234422674,0.43805745710280164,0.4859768995071854,0.47623087649159485,0.4687167176304445,0.3905307064949516,0.5169112884072373,0.5135001527973189,0.5096823408665979,0.43275439083585115,0.4429838270196374,0.5226506887632315,0.4720895076231531
2015-06-03,0.48223504490440455,0.44794303294078236,0.4144724240794711,0.48066879552753705,0.46104289421486816,0.44505799843952526,0.4416284460883113,0.426772929586796,0.5043199443784327,0.46651855254476843,0.5098935622259981,0.5196647792236577,0.4889578526700297,0.44333827683300847,0.5105792205431297,0.4394826391476136,0.4766618551233659,0.47552603802137966,0.47072695934647046,0.42669483346510173,0.5029615569087421,0.45887025560091294,0.4493593507337607,0.40614282336295654,0.4845611047683621,0.4979729337790407,0.44072076097984025,0.429032025040967,0.48576462482736943,0.4218889219348774,0.5607448880608074,0.40923173626157505,0.5236352771250329,0.420748404579556,0.5205562327931296,0.4735987227591891,0.4572092917162242,0.4683217098346149,0.4604903235180631,0.48032996090909785,0.44698212275911897,0.3617320071577157,0.4808075826586391,0.47350512513084647,0.532695424140505,0.4668952212489756,0.46488578757636306,0.37055225899255245,0.4408812210230584,0.4172036147798774,0.3881247077299379,0.49277873093304747,0.4159316999026443,0.5223491938287752,0.41164017470418424,0.5064856960328807,0.4990095761080387,0.5151931208296557,0.42141115304287197,0.43298144296079955,0.38843452551217256,0.46045086376742717,0.5552885008354991,0.449778645828746,0.4257676126802709,0.3725821280894557,0.4304282622245873,0.4543492327167327,0.49515215987695216,0.44607129346819696,0.31895298433449704,0.49091212866876294,0.4029252252216935,0.44254198284726276,0.5121967984183983,0.4701007994199809,0.47846318302801694,0.5541183724644955,0.43971301173463967,0.4704890593127456,0.4602005274042497,0.4687118153676328,0.4106604723976686,0.5491249789825416,0.5000496310353074,0.5325870979012192,0.43838081881624436,0.4577256603789247,0.5077497876777596,0.47800905498883267
2015-07-02,0.5022675298431367,0.4810472819444936,0.4127141770390427,0.5192651169063741,0.46044132306309093,0.45565724831175103,0.4105587009784392,0.47343228318376657,0.4964066504670435,0.4778049320663778,0.5259630138161537,0.4643964480262714,0.4893702581603479,0.46269024896707067,0.48796442675936336,0.4374772735402885,0.4256467267462682,0.4674012188255406,0.5041477248443029,0.42825996782977765,0.4742584853691713,0.48755875320854813,0.438325855271516,0.42079689393434083,0.4809203599465229,0.5112514597992762,0.4741683863689089,0.4226563033474155,0.46368603108967904,0.45143807629555327,0.5711296970806925,0.4104416621918249,0.5352205986634271,0.43295728149827334,0.48418510868714465,0.47447779228061665,0.44285448356825574,0.4881779201832272,0.4798400606842285,0.45055239269256975,0.4502803155925004,0.40169592631690026,0.4592016705388503,0.5119463413848161,0.5085589366968669,0.4562685430662888,0.5099716455976664,0.39852804477705983,0.44327320036967205,0.40781003736331994,0.4046943671833808,0.4657271760874187,0.4316860022586276,0.5347904873147595,0.4233287484516839,0.5007394444179571,0.5040870137478033,0.5415644280002995,0.444006637607917,0.41282404259781924,0.3913767880384199,0.46853681072992415,0.546530305313698,0.44385707322964607,0.4567509342248621,0.38565325327470784,0.4518954831748581,0.49550233406385813,0.4925529807536395,0.4509792488083416,0.3303139471304605,0.48438194452522104,0.4071567770373136,0.42900864712429665,0.5250603530920844,0.5208034499123061,0.4983625114007343,0.5490326827650305,0.46697999190908984,0.455554843517704,0.4652220937720964,0.4481833926116754,0.4077198263753579,0.5484407525371522,0.46945549517411267,0.5167067976055513,0.4902879611562021,0.4248642930535083,0.5069603546868132,0.5124962606818249
2015-08-03,0.45127257408533955,0.44016294830627894,0.4072061498960254,0.4775841120968345,0.46384028707222097,0.4568995951103003,0.42390647359201894,0.4069039285603306,0.4754032417133133,0.44855998487638715,0.4854511471993133,0.4927906006296435,0.4761327350717036,0.42847463609364667,0.45780795835859095,0.42802919004799994,0.44797638852434296,0.49961264843590425,0.48342813601276213,0.40160427812874727,0.42165101472240163,0.4809731496013358,0.44404361575666995,0.41991319086266365,0.47827732042738347,0.48501607425273807,0.4401697628792573,0.43887601283746125,0.47678238264202744,0.3937799626286864,0.5157401006697413,0.45459475420689094,0.49249898292060296,0.44453522704993426,0.4956857988371622,0.49163546312791045,0.43903074190493285,0.42240657377232144,0.4146538582297918,0.4704446511137852,0.41327885154412297,0.3672867589274572,0.4831145277228942,0.4875945326356811,0.48596293603879337,0.458671515995208,0.470184748068847,0.37835690238307884,0.4225310301766632,0.3943210338881508,0.3837764454742355,0.48514800613853226,0.4314429202306794,0.5144476573264786,0.39491939992344327,0.5129437615107252,0.4969078729275607,0.5001180612382912,0.43003634673178603,0.4092034623620283,0.41188694115319774,0.45017998876065857,0.5699404933582869,0.45927203724832444,0.44670325901059854,0.37351207167904454,0.40385451836643366,0.4751244140534259,0.4914954916068333,0.4733936130922853,0.3200400427203748,0.44025611049243063,0.43900152171136597,0.4204312751469217,0.46755012934831336,0.46950550725292123,0.4702077904830572,0.51569044278173,0.4352705117353627,0.4495541634785702,0.4479758558795948,0.4306225172783769,0.4096327642900811,0.5197948069640155,0.4832625687764244,0.5146126222077424,0.45585519497580534,0.4431202219204597,0.4705051476442111,0.47059156357319537
2015-09-01,0.4331462191506354,0.4066411512946935,0.40907482034218445,0.44769088861990597,0.44892900322201806,0.4631543098547373,0.3880751545885365,0.39075764007046315,0.5147435925250126,0.41643862026001327,0.5193828102856848,0.45964862629335956,0.4631809200909825,0.41436175177641404,0.4443141823450581,0.3988636429912091,0.4099742505686588,0.4985462392444776,0.4598814271422074,0.3862002603012246,0.38042478755624454,0.4959333759333379,0.4148563762858303,0.4016380548058705,0.4597569187021763,0.45277628559244365,0.43283001346188293,0.3932715421466303,0.4494783775712895,0.3721751687663159,0.49827364763953325,0.45725279784630907,0.5007546672312011,0.4652783423074653,0.45787177696185105,0.4769449412066959,0.4087938344438082,0.43629127782253596,0.42974736832357047,0.4611620184041207,0.4026938050016785,0.33609413024103096,0.4630840339051388,0.48876691352992485,0.4470506923164278,0.4341209266668028,0.44635948869601055,0.38395133856067176,0.45383342326041465,0.4001884197530163,0.41005945178513153,0.4446949278982952,0.3923861499035218,0.4858721364462905,0.39110107003083944,0.4901959545836237,0.45886707467430793,0.4942535955775098,0.41639126080653127,0.4154067513086143,0.4555089442378056,0.41213984508341844,0.5697875588249991,0.4691122848304787,0.40671730513704324,0.38936810937878186,0.38224366590698955,0.45889000714901895,0.4842129825695693,0.45571765300714845,0.3330769099540519,0.4314372479031739,0.42354896382322194,0.4216289791102552,0.4663294728887188,0.46107874078762817,0.4809189706363715,0.5109375371709465,0.4155741170238938,0.4590345875724192,0.40002459805174057,0.4081205171194437,0.3686242759013364,0.5330875432404641,0.4332741050898989,0.466120975691521,0.44527792285290535,0.3753322959238535,0.4673437823700032,0.43563392210431756
2015-10-01,0.4518907520184425,0.4178283071810389,0.395305180065053,0.42967576849507144,0.4465018850247772,0.41310604146956315,0.44000809031396126,0.4034208077244511,0.49377599398432087,0.44986568816553635,0.4921534886629332,0.45294681805485154,0.47230909874249116,0.4059936824619295,0.4445291034009793,0.4004117868027882,0.449542659153375,0.48140435855410857,0.47473105373378094,0.39682868189399795,0.3835710867513086,0.41995760110873487,0.4166797544590924,0.3826831125519497,0.45559502359861875,0.4603902344993727,0.35853054393384487,0.42419186876468656,0.4647121189593134,0.40680971060961557,0.5016058297341514,0.43399175732806416,0.45417161325654215,0.5000636303148749,0.49015920053629786,0.45979054435314937,0.4039367912570595,0.3953901192940881,0.39354604580240393,0.45621251078390174,0.3687540053348238,0.32792257890204213,0.4249300892753448,0.46025309146396837,0.4439865985857579,0.42173474759939444,0.44281623479080046,0.375786372348328,0.40588683061949576,0.38193060768182896,0.4023762698985615,0.4876298137075735,0.3761339399012419,0.5314443881490238,0.3823282440187814,0.5164994246309121,0.4929105097942677,0.4969374946918614,0.36966839550724595,0.41257954567093674,0.4073412403009588,0.44651967690041766,0.5239330613163278,0.4196775789465309,0.42509700587882226,0.3699580165143827,0.365272649342462,0.42609022950652226,0.48461107400748016,0.4445110075477728,0.34784706951629335,0.41585619888638947,0.3946656436102109,0.4222694273422979,0.48019967883309234,0.4605723048612338,0.4436842950895544,0.49322534956095737,0.3842765882444272,0.4767120221901443,0.39051974044271165,0.38288216754775933,0.3566305604403868,0.5358363343314303,0.43916132945628905,0.4933895512197364,0.3981544749366744,0.3825852415107273,0.4628603389845362,0.3986509874763772
2015-10-30,0.43156902166853256,0.38261017126297275,0.4019061528293137,0.43555525743340195,0.4622303138532154,0.49204792103474526,0.4200499517127544,0.3810359614998329,0.4992521511403699,0.4242170280104515,0.4604440007898758,0.4661687101816401,0.47884801379236897,0.3797306213397264,0.415321891155819,0.4323300950316526,0.44777198801209467,0.4389696907423378,0.428297568154393,0.4360315886820279,0.4271243654636143,0.47581947893471666,0.38706904032548484,0.40424305693601287,0.4636522271333717,0.44655177329638074,0.4237815365276551,0.4179563091176083,0.43433116488093093,0.4312041573005844,0.4908302735358195,0.39903639242008226,0.47630709563433754,0.40562155565771973,0.453326343853595,0.43128729736632393,0.40529824018345806,0.45509110011598497,0.45214493065037475,0.45990943244652405,0.3817181435942234,0.3095867272407395,0.44950953117330067,0.5150202763311348,0.42812793302066765,0.4247425616838113,0.4506915115350987,0.3924686970795001,0.38551823088740583,0.3918712862489033,0.39322746319052626,0.4598983757341245,0.3589099485889487,0.4835670182736562,0.36040892685194015,0.5140817419636287,0.44533024422450224,0.5124024886943712,0.36639494238253334,0.39596807019932617,0.4210012464840524,0.4358796755130731,0.5539249281959682,0.40880870253450186,0.43859386857332017,0.349665672881937,0.34713108386108,0.3987347652173885,0.48063052712531323,0.46290165816507256,0.36151561526159,0.42759755558553514,0.37240546488162035,0.4448757097775328,0.5062563798395692,0.45055016016695343,0.4459435338384416,0.48878665266603327,0.42744849271978097,0.4774596803410356,0.41737609033412926,0.3601031095971567,0.3559155279615408,0.49444243238728836,0.43266361962119976,0.48553034406430373,0.3925715694131699,0.37704169256224207,0.3765513239787902,0.3926676844580136
2015-12-01,0.43381888118863793,0.45422465089838054,0.45018542234255715,0.45728705237351347,0.4930223810167569,0.48338745727678056,0.45316420100381816,0.4326142138424449,0.46348424768484076,0.4238363925962511,0.48647790923214457,0.49054653286795513,0.4901026068074123,0.4495206302940085,0.4410050683867042,0.48452343833750455,0.47419712186008606,0.4443478447474607,0.48520040573957707,0.45726520060668113,0.4453721719398976,0.4954009975895669,0.4080441940509037,0.42106091713710836,0.5062109326378221,0.4564471546570585,0.47124359634827084,0.4504292224320621,0.45870630390685946,0.5032841676770309,0.48912736370490223,0.44779932153552787,0.5029308818843361,0.461128283089722,0.4763045427495706,0.48527079905936876,0.4305957267458389,0.46147895871775935,0.46116914287896993,0.4596886111323198,0.4015020989423352,0.34988769037197487,0.45752263350429595,0.5563312612756965,0.4727455454924745,0.45980363660413354,0.5130292562532252,0.44107096052277617,0.35363793488554207,0.4313482312570858,0.4086395602232931,0.46785098611604997,0.4039627983517634,0.5552973209003114,0.41126233566957143,0.5436434615764797,0.5028872077051064,0.5529937974187213,0.4253616927888009,0.42941779231933447,0.4655689649343157,0.44847138419463956,0.5338578527742204,0.4138294188571849,0.4767832575038173,0.3749496109017914,0.40696060532902634,0.4234227877446392,0.5177556843991182,0.51888828033396,0.326091986673923,0.48901878526216175,0.3719595511907115,0.48122375856179506,0.49458153526499443,0.48566700997712053,0.45760538764227976,0.49748492423742396,0.4771217539802262,0.4535156035106443,0.45404946266307933,0.3652722367170589,0.36394022810184723,0.505023974487906,0.47009397915652457,0.5239672364837216,0.3718322476244054,0.433896247768756,0.42336076594304833,0.44054023250992075
2015-12-31,0.4583086243617098,0.4771985070928159,0.4317955251739085,0.47884613416145283,0.4707163342299927,0.4653165691934961,0.4451245766421272,0.4436208394881036,0.467964727263273,0.41571818620511103,0.49873433104894876,0.46106004175891696,0.5021197768357265,0.43866348501058483,0.4606536396859679,0.4257567597830771,0.45368675940810954,0.4320840407906464,0.483795412383031,0.4436308209286445,0.41492049086902816,0.4584659280229561,0.39707616854387995,0.40193794602449157,0.4947882206223851,0.4316322819120937,0.44868760522260215,0.4460902170929131,0.4764481577628633,0.5053852017427956,0.4793917479354086,0.43010707899147893,0.477399972652932,0.4692920642844424,0.4948878508350612,0.4723896077509244,0.45130053958037286,0.418228116813867,0.41497359879186874,0.44561826121538783,0.38002351725195194,0.3594283637332771,0.46711705013121924,0.4803313464905439,0.4796729471756073,0.4505256936006084,0.48169303934267316,0.4515205891425905,0.3867397578748509,0.3970125437339991,0.39949144623778776,0.45502640448979487,0.3901863280953944,0.5481179772759659,0.42416925654587034,0.5328525183579993,0.5059831692391799,0.5400544686769067,0.4101657464352156,0.41921310277047447,0.4186265848645308,0.4543342778912018,0.5600135673765332,0.42427521969676657,0.45554575225361194,0.3718420003815337,0.42420265831488474,0.4323531459560747,0.530941975410325,0.4966133776200997,0.34518955829569004,0.4878777702621442,0.39331793687515154,0.4751879399035384,0.49545681733631974,0.48528899271006043,0.4616188250621733,0.4642105056162438,0.454899824411585,0.39806586785697146,0.45214225067972313,0.38785767421266054,0.39836878732281206,0.514832830762461,0.4658719989760269,0.4990556226781623,0.40114069904990934,0.4326373186834091,0.41064846294668705,0.4113373183795291
2016-02-02,0.43155502268783363,0.47034869459613293,0.4186413177825396,0.43821587006004303,0.4599471873827603,0.4439902513377323,0.45227744522421803,0.44741866282700143,0.4901774118968636,0.3964852679809587,0.4616102862943742,0.5060378731702481,0.4831047012084198,0.453794406734138,0.4286448270251642,0.4247567117141982,0.4640448326504085,0.458584905216248,0.440262170731286,0.4602539287815901,0.40144608947133215,0.4588734602976334,0.4097663247239806,0.4102783987258616,0.5115239613587048,0.41935460999797475,0.4168361451237957,0.4291811004075321,0.5093060837670266,0.4891048583689576,0.4561315888373355,0.4339892832620693,0.48058066758006895,0.4657510524688405,0.47850899030807215,0.4738587935115301,0.4535160966396484,0.46035163015094965,0.4590820097931789,0.45040849475074646,0.37710132582431766,0.3514547515337839,0.45169896129014675,0.526107790715301,0.4378477393161961,0.4567466237275321,0.44930188799950926,0.4499584590216471,0.3662539544069462,0.3881135946532717,0.40304912084430566,0.4573171593724199,0.3871842224028605,0.49693285226652184,0.40357449300885223,0.4811453205625871,0.4995017591747847,0.49203637820457796,0.4080516450700572,0.4486106209053142,0.46541507495406054,0.43653981710550865,0.5545437391634433,0.4207834262700191,0.46584664497621014,0.38472065714305914,0.38022252677915946,0.4073214471825365,0.48267786562787696,0.48660600422882855,0.3517188615956491,0.5041021418016399,0.38793514712695887,0.5191107027358367,0.45522715958185067,0.489516559791912,0.44410325507812387,0.4373069870604782,0.42530136839148786,0.3767628824496736,0.4812036917264204,0.37233743051942875,0.40493916398952734,0.49946140411300405,0.45380401043626833,0.5119016320827615,0.3858870175551531,0.41972035762823556,0.4350385014373156,0.3752395259823365
2016-03-03,0.4622029821810895,0.46406136476884335,0.40455302922535163,0.4188163252138086,0.4739504840336633,0.47138026291589596,0.4700080626892466,0.446659329470179,0.4850930492931965,0.4136361241899247,0.46816605111262566,0.49775554430519964,0.4622024531053807,0.4689415977419657,0.4651013306341093,0.38246461084836675,0.46152632897286416,0.460814689968788,0.4547736735175963,0.4525953533698719,0.4232671278759573,0.47821970024515864,0.4313383221629436,0.3829216310863615,0.4844312868245476,0.38890210885179727,0.44690677458662326,0.39223836053309685,0.5300511996212603,0.5189182441787477,0.4880632981470373,0.4596356434824173,0.49664604334589796,0.4881825722431068,0.48328996488214226,0.5095704795313357,0.4310735043663923,0.45072183601634824,0.44308077960325315,0.459156560262287,0.3563034269710157,0.3623795312292643,0.42664847151918917,0.5195151754199997,0.4570986207208781,0.4483254248155154,0.4566686994880533,0.4826416078392829,0.39099143986034907,0.37065550564280847,0.3921389319404912,0.4650154957090012,0.41796766972174554,0.48614875276742575,0.39986937399672384,0.4603921947935853,0.5358451525571174,0.50591471259752,0.42517244780405333,0.43729568613277403,0.44392224788059637,0.45439742793114035,0.5508650372212252,0.41332224325912315,0.44160881800785434,0.4141005756619241,0.3956202350464767,0.43044144697070397,0.49497279846440967,0.49337639418877277,0.385452173724096,0.5154019385030771,0.38062302351604727,0.5181252615177208,0.49467810232796966,0.5289528316331357,0.4474329129791567,0.42970626736257356,0.4277094371403239,0.40095849970804365,0.4996458769825181,0.34731653746376273,0.4228409110986218,0.5130495521456869,0.4468378958794194,0.5036622161709897,0.41080584063125486,0.4303847317874967,0.4378386001359906,0.4123116340469199
2016-04-04,0.4716706386083218,0.5004691373153297,0.4214613479696952,0.39968890895135717,0.49263040526584473,0.46126374392523717,0.47279961243953433,0.4618973969361586,0.48987963611947527,0.45762172021147474,0.49494974078959875,0.5083144850053691,0.45199570212943374,0.4660719260053409,0.4550175900035288,0.44234143195847475,0.47796189873748396,0.4656971737019891,0.4514660281676904,0.44336726584858943,0.44497797662272487,0.4646822925859691,0.4153103189007054,0.39319174009161556,0.503352568292283,0.4377728913421609,0.4199081407927357,0.42552821164956306,0.5442225760994598,0.5127061353898044,0.5001825027550107,0.45009449440922206,0.4909664872011748,0.4857563354856148,0.49814334940979843,0.4675761947873253,0.406813565303694,0.41817975717075184,0.41272058730619077,0.42836814882220114,0.37816216281664844,0.36969226218044193,0.45064927032255403,0.5244773158770819,0.4442185595364364,0.43104348989883323,0.4612328084917954,0.4811467835930117,0.3877184209102691,0.3775342163794545,0.4003674557037237,0.45515873517460326,0.3976370356007956,0.4881658746752381,0.39687247480579585,0.49359758125276276,0.532014068905708,0.5084892778473246,0.4381723883535943,0.45630339250317975,0.4656659928212037,0.47457094018135254,0.5439334387129703,0.3566214518201167,0.4600744128024014,0.43299923426546455,0.37863695146277454,0.39988745793430847,0.5290229107834836,0.4745742463062296,0.3948689392036422,0.4994029797673404,0.3465008498365468,0.5537119806983645,0.48470591112270517,0.5046183650580721,0.4153556044816299,0.45514631626577606,0.43535813080766705,0.4171162079780158,0.4865946584186358,0.3387767295765654,0.45582852698651677,0.5491683020201148,0.43980902208201045,0.4849770139948056,0.4315378421133034,0.4436221511624507,0.4301047997979444,0.38017599637701494
2016-05-03,0.49677069236297194,0.502576540603656,0.45272817983440833,0.46204297181962223,0.508057120445787,0.4716601212024379,0.4664980026984146,0.4993930361859987,0.5099247680572865,0.5334080381269222,0.5256007275969459,0.5115690506123906,0.5282151407962461,0.5036431530422151,0.4718934402513673,0.45866496166631754,0.5227053803719403,0.4999386907057992,0.4547840179944479,0.4879892236977603,0.48523767346261676,0.5492301009079092,0.4239728102567312,0.45196143278462836,0.5477294120501599,0.427196926766285,0.4931262115900474,0.3854582151445575,0.5482779247705302,0.541478642211889,0.4837451009698136,0.49340621294146164,0.5542787675236599,0.5484263326294517,0.4977020653365852,0.5074307312933497,0.4217087933769088,0.43306111918081824,0.4336570165613579,0.4612273555362454,0.4138632812980447,0.38874880694773173,0.4581656124168543,0.5662242324758571,0.4658494235953051,0.44966141936189485,0.47378196529364397,0.5272807072363853,0.4178250911951801,0.40150741114026667,0.4419383171216774,0.4866240456264547,0.38725390267239024,0.48491230029917926,0.37230954203339023,0.5079490820355695,0.56998944445408,0.5116585961271435,0.4453616951628186,0.4910969123783696,0.45953604195904085,0.456787522634131,0.5403044725765828,0.3915705079032418,0.5079655442571857,0.45064340824829346,0.41296312680034536,0.4362522231349114,0.512596106426016,0.48377496753707394,0.4237388097418285,0.5518464586435667,0.38292896891985445,0.5643983894845302,0.4761313189141414,0.52313818360334,0.42832821026860746,0.4628945521891694,0.44458610229961176,0.3991213452307441,0.5232690080917193,0.3332828357707065,0.45797317275255756,0.5512432830826115,0.42977465487169764,0.49687875545621074,0.46344680335932087,0.4345962228465745,0.41930777672730957,0.4331632343166645
2016-06-02,0.5043999538589464,0.5573048052915212,0.4595886756653681,0.44354088571502714,0.5426170922548945,0.4875198597876519,0.4781316030491898,0.5302766046509961,0.5450589205950522,0.5403482309472254,0.5536413271553198,0.5907579865440327,0.5610782659535669,0.5307133724575835,0.5005151293861982,0.4790984476385415,0.5811199940692787,0.506932728690031,0.46773604805931507,0.4458287888811889,0.4959388439573192,0.5315521121238442,0.4550413815447913,0.4855079392406416,0.5668587276888359,0.4454960021390591,0.46396997134109014,0.4245668268261847,0.5714675697087939,0.5533274035969017,0.49780210699496014,0.514778244851553,0.5519941840308761,0.5731784413839544,0.5023695612763929,0.5265880232252282,0.4364168053507759,0.43748016707342474,0.4356193488319742,0.5103116490325947,0.46133168417780124,0.4093043933616733,0.4942163173507533,0.5649899705599243,0.4817179628299869,0.5033385580286294,0.4769176793758551,0.5300937069951221,0.39988622483999325,0.4165671293632161,0.4513456352115646,0.518155034431495,0.4253430487791089,0.521628631660981,0.40115138825940266,0.5465704940769698,0.5733731449832047,0.5063084517523421,0.4655781522374707,0.5644456642250515,0.47594983672976837,0.4732248821267407,0.5212144588364069,0.3965983689218691,0.5190416169360451,0.45146879920276245,0.40391726281937873,0.45691943099289556,0.5128590163871195,0.4715630151776522,0.41856962279034077,0.5907965897880314,0.36857554891557237,0.643330177063189,0.47342319384806225,0.5013138207189848,0.4334422510478332,0.4884153183736052,0.49321794704629673,0.3860061694878174,0.5559150077646325,0.35237976157973494,0.451397188719376,0.5437314477265821,0.45821463911983096,0.5220645291238557,0.46118177485760115,0.48209861766161055,0.4242577540230057,0.40357048187292566
2016-07-01,0.4942230555512241,0.4944500592495667,0.44185259058348264,0.41596224449669367,0.5114782601251572,0.47806442192421866,0.44581882422074953,0.4923682277091535,0.4969267901996395,0.5039583742252228,0.5128068797166082,0.5208209048098009,0.5238209012393649,0.4810774422262342,0.4817534993000394,0.4453593136378347,0.49623521327823084,0.4965770458861849,0.4719663284041032,0.4604838306284198,0.4447991517753109,0.49684686425653785,0.4344678148881202,0.44983415272808913,0.5352437345835803,0.4541807575425321,0.4622892753399053,0.4148392001461393,0.5089865569008191,0.528121708645455,0.4852149387201772,0.49320096108125366,0.5351206847740172,0.5351069956823098,0.47303265067449285,0.5038971656095999,0.4310721367340291,0.3904034428940953,0.38773507579097644,0.44566310161652173,0.41539462445427483,0.40020616452707847,0.4802368925461936,0.5180273247289802,0.4532117915721142,0.4262016740447091,0.4606846173530813,0.510161812795514,0.4232033833223628,0.38112137390802314,0.42973781415371076,0.4937191532913134,0.4110043550759581,0.5054162189973009,0.39198540993137876,0.5016757821887408,0.5696671377523701,0.48776925557289585,0.43647007944547894,0.4763621120470741,0.4375167192472477,0.4630523691672413,0.5045417260096876,0.39337714056048984,0.4925229184143863,0.4394953220975467,0.38437983564435396,0.4453732728790696,0.5032797322653522,0.4713633744453463,0.4328014230181735,0.5714838405402044,0.36205874518933734,0.5727938547666102,0.47699193730875566,0.5177046827774514,0.4212121188303748,0.5349280090229671,0.4535732357624682,0.38679773161947906,0.5101466838551827,0.35372025862035456,0.46616364456210113,0.5428413303061423,0.40928009405699256,0.5055557879315498,0.4721985654396971,0.4176701662439131,0.3793329156317491,0.41817335835096486
2016-08-02,0.5378795869977794,0.557599572469352,0.4554998668020019,0.43082349034135786,0.49657661564496774,0.4779934134233039,0.4853301038614237,0.5108170659784521,0.5270782138387367,0.4909360932497048,0.5202403027142358,0.550882354005395,0.49483730271127396,0.5100642359888544,0.48807151678838645,0.4532312680751687,0.5315723536545329,0.4890834436182193,0.44089748175812915,0.4703432462266302,0.4895619724018666,0.5102551334813163,0.4462334310015719,0.4690918041570382,0.5515235406045649,0.4504533757329439,0.4476444532805385,0.407176446906732,0.32560235134583515,0.554869523153453,0.4878387621150322,0.48091558637905846,0.5319744983948789,0.5598860457925565,0.5017080245676173,0.5035674869696651,0.4530808003521113,0.44357926601718234,0.4430604216114458,0.4761136270091074,0.43969572310030913,0.4024214487135648,0.4805740783984845,0.5473074435980959,0.4657861112544618,0.4656221642966555,0.46637500040605595,0.5259405345453341,0.41236589347272173,0.40721214543803863,0.44178914760380084,0.5136952986371038,0.4121526821228212,0.4732198319242972,0.421223137975234,0.49534246644187785,0.564906293452119,0.4919787627003338,0.4644596239600306,0.4962896500635883,0.4840297710632773,0.473948731357291,0.49076347166971834,0.40361155792239406,0.5013913254211667,0.46040902557489605,0.4150738286619931,0.44807320914112,0.48382035669319995,0.47697746851162753,0.39224964326791595,0.5599168088012145,0.3815973915917251,0.5925816625789773,0.4667804550591757,0.5209452351170338,0.41705164674812656,0.5342332202638806,0.4757733250347249,0.3963337219339328,0.5428575525916335,0.34535307885601846,0.4183437456623188,0.5308906543320594,0.44388105275797923,0.5228372276026265,0.47600894242132447,0.45636446061610964,0.4099077197482508,0.3882651958644002
2016-08-31,0.5109218306677594,0.5483488160158567,0.43856935160976307,0.4345049569533865,0.5025456147106057,0.46674549645286645,0.49356333676186265,0.5023170899810043,0.5377987655201026,0.5236729965534861,0.5146046279508738,0.5548042826521868,0.46858855905758984,0.4701268928387148,0.4742494289315739,0.4283196597882693,0.5224613250011756,0.48449061632289014,0.4306636925222174,0.48353749203917,0.446982092335977,0.5218469321202154,0.46649915310362444,0.47468083569026936,0.549657092552394,0.4362726117477108,0.4615957612195087,0.3861568895843826,0.34147542446293155,0.5594296712431333,0.5041377589240138,0.46389960482876297,0.5094409441263086,0.5180417489288965,0.5196483531710598,0.49993152134551894,0.41950383474880965,0.44483625298041,0.44145579024359105,0.46808647118474944,0.4180455643219939,0.3768670453297963,0.45865091949947195,0.5454592757828263,0.4525207193870067,0.440244086191589,0.4458874780926419,0.4959513480206968,0.4311604780392854,0.4045905300946787,0.43815602607190757,0.5150009571127002,0.4001850159746561,0.4800093341341649,0.3983832888388511,0.47569132064745473,0.5371296777455433,0.5014445397983335,0.4332198029063735,0.49458661026512746,0.47664174310115404,0.46820360437617153,0.5152897609643367,0.4248315809515878,0.5271886843543996,0.41786643599122997,0.4329166946397613,0.4694384103398325,0.5071056056339605,0.49130172334032146,0.43417507471651323,0.5231599760687321,0.36776055519342593,0.5717353377186495,0.4819350117557605,0.5252226738176258,0.44189714458197576,0.5503422647311038,0.47861738690455125,0.42545147280606704,0.49838626741924646,0.3258990074791562,0.4450679745860753,0.5320221428691596,0.43047007104565427,0.5221289452552959,0.5190563707012266,0.4370665007695045,0.40806924518633114,0.4234976003204273
2016-09-30,0.5552813924634133,0.56837233684908,0.4303264939404009,0.3933723602160572,0.5003350770049052,0.40444652885955784,0.49703053937747166,0.5020846958791703,0.5335065611605143,0.5203415123115691,0.49836687101544075,0.5622170548738097,0.5196441171093885,0.49695677962380586,0.5028134725518959,0.49311948035185793,0.5430479822527203,0.5169028829572911,0.4279911293871422,0.46125407728655593,0.5283459773053684,0.49021262716249386,0.4852250134529854,0.46010807249624763,0.5576706058862647,0.44790304849702633,0.4397676492055013,0.3902651965335007,0.3817598427281266,0.5562071286815854,0.5249400272912457,0.5070720462295581,0.4736352978165473,0.5824300561947274,0.5435753424774415,0.5086609051765115,0.415675086352172,0.44493247077790554,0.44872694637951005,0.5033974917111683,0.4387121055898147,0.3715785876182224,0.4968098320369661,0.5445065477530866,0.47553892365956846,0.4827868653797273,0.4494169583518553,0.5175105965251073,0.4240284202275531,0.43667398023064935,0.4395262962714842,0.526779138972543,0.38854104086771424,0.4657527918853163,0.3932280045534534,0.5064925259082277,0.5554457919116955,0.5064455744107684,0.4091331690424981,0.5201876499302113,0.5074317505736315,0.4567575996119397,0.508227916265287,0.4461672665137407,0.5089870244119941,0.4698019486652209,0.43552103436110534,0.4095996034581316,0.5214487056151136,0.46058980494510793,0.44416955464970553,0.5402843837540657,0.3581537839546203,0.5863899997176455,0.492920174375786,0.529089695168124,0.46434921937478746,0.5982778017919297,0.42577422584195296,0.3985637455135285,0.48993537168183915,0.34060884014264065,0.44945012704057247,0.5915526002318549,0.45114505257315285,0.5217729993721523,0.5129853668764511,0.4611820528311113,0.4250415124970019,0.40931498845034847
2016-10-31,0.511992917187926,0.5809972319516383,0.4307269268311032,0.40163328148990796,0.529798394970277,0.4480341667695738,0.4737994301918919,0.5128523910458747,0.5313554223547101,0.5166911392681948,0.512057305272151,0.5789202240393274,0.5016194800176759,0.4911337804332932,0.5009766687688666,0.4552397637825471,0.56269618726352,0.4677019746643114,0.4271053804625626,0.472165624404618,0.49605172873398856,0.5155939613942017,0.4975066409070304,0.46900975371326104,0.5430784346926741,0.42896803173583437,0.4511218370437896,0.42919143628617257,0.5279623477336614,0.5470457972381939,0.5153829378464881,0.4626992298164987,0.45989720151327695,0.555364941114689,0.45022802441345544,0.5173747006532249,0.44212986981458996,0.441365179248803,0.44724107058796836,0.5087505097103573,0.4501629953575491,0.3599630347947279,0.4564991019052866,0.5664977179518047,0.44142785851325816,0.4783573505444232,0.43010319713076967,0.5262524302358906,0.4465181958281005,0.40968082278397083,0.46084919839780436,0.5051583332680708,0.40539858343817836,0.4308588545949812,0.39741071824227586,0.4987060404873844,0.5253460115985704,0.5362579065661143,0.4497871282068692,0.522062265741122,0.4705231074226891,0.44695207885872,0.5299414252079079,0.40365028367115297,0.5133958143291727,0.4407710102243094,0.44917743706345253,0.44721693335186796,0.4832473258944577,0.4757722052846234,0.4361443767783947,0.5844332466772407,0.35030949153530716,0.6045352952324721,0.5046323422153189,0.5318403570621414,0.4737117265322992,0.5220891335754083,0.45592206871663593,0.414699540915769,0.5076731287052721,0.30864546865508863,0.4380102273005699,0.5252396772827129,0.4256536246610424,0.46510786293865186,0.5365150694026992,0.4574344632602846,0.40884711589553063,0.419352923931416
2016-11-30,0.5378359915088226,0.5950076494081816,0.4171150611389306,0.37234406985471286,0.4911688421430889,0.45494831515073775,0.43802459422441803,0.46298893847003403,0.5092496909081722,0.4733936212099759,0.5119225478738435,0.5516245082889701,0.539546942562148,0.49869402016126735,0.5195932939092707,0.4569804300155668,0.5536992112761693,0.47484737783702646,0.4462574615231856,0.4581063759371103,0.4875352342733822,0.5273462970769504,0.5013609851883536,0.427808844445304,0.5542135468332581,0.4436718298502586,0.4719932296483827,0.44529218572161944,0.6653734618532103,0.5486665333484414,0.5046181711422577,0.47764122065175685,0.4639924923026534,0.56653033057459,0.4258858313153388,0.5305323550094103,0.433447570919209,0.43643892142008583,0.4433615787133931,0.495039313022292,0.45130400079821786,0.3515825852551984,0.4736810020421031,0.5566880100957267,0.4439046249653947,0.4781805948224402,0.4203153622649394,0.5222322497275701,0.41571841477614513,0.404669047558252,0.4349630435719515,0.45915713611926706,0.3579885951947379,0.40726594949068456,0.3683638605686735,0.49571583879617204,0.5441492330138775,0.5210674742643858,0.4100337497856282,0.5203784108753152,0.475683545964039,0.4191885426015631,0.4957413949374171,0.42978605589170715,0.47128732353098174,0.44715686785323955,0.4289779969118105,0.3870120862381458,0.4831141823555174,0.4502094437128277,0.4590726133866788,0.5739771696801683,0.3532817997992842,0.6144928616581912,0.48011334656305704,0.5407303546508301,0.4377596705891263,0.5543699479554622,0.4443557672749917,0.35014912588858144,0.5224693348271875,0.3273207985820472,0.44335732239300724,0.5261440223877158,0.42437980889646537,0.41387282415690135,0.45308297663498404,0.43780284701477973,0.3673425813248126,0.40958685484790625
2016-12-30,0.5232134250693209,0.5743472819716139,0.420520978770067,0.409011278201919,0.4580476341145801,0.4687753894857644,0.4420698037929773,0.4585531493029905,0.5021476347072951,0.49411697199001636,0.5147873103117204,0.5412407436604452,0.4687720058547114,0.5010685754775447,0.5381043023497156,0.47316165870963456,0.5062945435520225,0.4427669737242465,0.4303415423725867,0.4865295376620496,0.47138554810333005,0.4990151770453857,0.5034306978533292,0.44711768999473633,0.5017041498524484,0.4410056886684417,0.4535234200482612,0.4114281962427263,0.5086756733876319,0.5533007074911026,0.4908432844950567,0.47415208202794784,0.42933515398022054,0.5505579420740258,0.4382907453814141,0.48056418534887557,0.4677532095750392,0.4320642319239803,0.43545220452772204,0.4987717572366421,0.46336094789903864,0.37333210754424256,0.4551027563801613,0.5071031948791812,0.4257642469671091,0.4410021812924886,0.4326411622497656,0.5135132610743965,0.39339581294800796,0.418649173293401,0.45326794478337495,0.45277055482932255,0.4386778136670364,0.40317147849054125,0.38785103610808475,0.46071345628392274,0.5504311592958927,0.4954150966220473,0.4336830678267951,0.4924749427116987,0.4682202863671992,0.43472840955222974,0.486492941529287,0.41646646241382057,0.45744547946048386,0.4320658506995257,0.4106989011345726,0.4053104495628176,0.5068088950793204,0.45123397835775625,0.426625329972231,0.5460174716205041,0.36227965017075897,0.580437545036741,0.4431830578628544,0.4797890710237337,0.4637147864148968,0.5339926663390856,0.4606927347234245,0.3766823431683391,0.481263084898939,0.3469198354055488,0.46302839104409543,0.5108127072070288,0.41511977526535043,0.4305083634057521,0.505851649921251,0.4557808753734525,0.3591594048721301,0.4308882330114894
2017-02-01,0.526380523412131,0.5984548513840291,0.42357108487428635,0.3995796892489334,0.45667488397564837,0.4550849956121084,0.4561035576031667,0.48097344075081716,0.4863346210183453,0.5125287317853304,0.49450921073382886,0.5645790371615891,0.46890134187888904,0.500743509607298,0.5178746717689426,0.5062078449726115,0.5303378240195402,0.4691347224737893,0.43663837990502596,0.49933688164568224,0.4794271689431359,0.5237909594973665,0.5535701764978267,0.4509390514556022,0.5428133676179677,0.4401111285986561,0.4782096092165083,0.39774343303108917,0.5364841835895964,0.5661279462950413,0.46074631784367576,0.49536358787437657,0.43599062592686777,0.5658033907356151,0.464187093615054,0.5155513850297045,0.4790390150374627,0.43612054098312064,0.43984643831009945,0.5037610858601493,0.4761795268537599,0.3712829797651299,0.47534560400679515,0.5497585418038085,0.4360059828044383,0.4590723745063639,0.44956727339711616,0.5032036477848224,0.4213149052245866,0.4476961444513229,0.4562989811601764,0.46763837949900766,0.40097278413450477,0.404684753180425,0.41310632954996424,0.46932573752471946,0.5220649254391351,0.48887828447359705,0.407158059356739,0.501025671801446,0.49239985795679936,0.41762917412393125,0.5043824539117491,0.44263002328951406,0.4403750058305399,0.4470115225906937,0.4335748711155071,0.38669440904313335,0.5004486655759454,0.47103408621509013,0.40577073226296057,0.5515299312921236,0.3712188290603405,0.6027060087808725,0.41183781559663396,0.5107247637674137,0.5295204274210841,0.5757705795446602,0.47041053254388826,0.3724442234120574,0.4685282957213908,0.36311490786334477,0.4498091499330262,0.534160682107111,0.43339900806020154,0.4294623814462469,0.5335249777429121,0.47664368752319713,0.4138741758444789,0.4317102769878763
2017-03-03,0.5263595529597668,0.5885249434094078,0.43445150026762563,0.401853450785602,0.44507522834035035,0.4191426779633412,0.5060613206959366,0.49097080138503396,0.5024513681207852,0.49773394625242223,0.46038495154156867,0.5559270686505161,0.48014727538979357,0.5048233709759798,0.5308864248176844,0.492794792517326,0.5162265419536922,0.4569926686241861,0.443211913125323,0.518790857658383,0.4875765718391449,0.5090662336019108,0.5215373700836619,0.48737597131266813,0.5513403557232429,0.4794474391737724,0.4936505309081841,0.3964989781284018,0.43752476021728576,0.5850069504961651,0.4523205233199886,0.4912367365379149,0.44404826099845773,0.5297777350374395,0.4741582716941229,0.5329707199726013,0.4445128111421642,0.4701369342323565,0.4780719344297326,0.5330150293900605,0.48471761520196965,0.38909821084258034,0.45830768724721255,0.5336372183313148,0.44444195615351934,0.46633614564983544,0.42956274524938004,0.5000691688635233,0.4452528848101713,0.46833076810273455,0.43905233676242567,0.44206814316552934,0.42750285198805715,0.38824099223420355,0.4510373113606815,0.467716596373256,0.5425023152349838,0.4727525867345465,0.40848388418772097,0.5139205664603073,0.4926056488927098,0.44865293071447787,0.46929890492919246,0.45086361362378474,0.48053026306341606,0.45974803195529157,0.43752439980744523,0.42302029844853206,0.4752948053196035,0.4927565825203452,0.4449008965499439,0.5546407345124481,0.3639826389432963,0.5754484525175083,0.3944651085137598,0.5048443116774102,0.49910403442361473,0.5735576123030657,0.458263211763595,0.37338943810878017,0.4644937064984524,0.35133084348150323,0.4626011147580961,0.48555237554829755,0.4296632919048492,0.45384068618207707,0.5296176021494717,0.48949344084815594,0.4055760171919101,0.44667571862073724
2017-04-03,0.5576870439617356,0.6144633154395965,0.4579905237895459,0.43305477370966405,0.4689183754684759,0.4416321588478488,0.4883786701132154,0.5245988364721406,0.501593183188855,0.49837377328035104,0.4647810530082684,0.568075814523893,0.4645492219049795,0.49516633513412295,0.5403730597437298,0.4994182300532144,0.5283352826864226,0.4752217188822434,0.4797165233706929,0.5276388064399224,0.5016782084228599,0.49093784829959597,0.5402022454319998,0.501383487068421,0.5572590310373933,0.4994817388128639,0.4546944259070129,0.4293182941172169,0.603480478607957,0.5719859731849093,0.47467638159683284,0.5031680208015221,0.43001350347242684,0.5671785852891857,0.4843741979937047,0.5136216178954784,0.4663172601856046,0.4577858186911219,0.4631711768241821,0.5555777160813126,0.48256407245589705,0.3783746089505466,0.46979114486301726,0.5350134505931251,0.48435155270360924,0.4766822952790747,0.4296241821617061,0.533268059894631,0.47435829931980966,0.5003099458667898,0.46882465568892984,0.45117175929788994,0.40502320649639684,0.38921233531868715,0.477517366231476,0.5119841804196792,0.5553599190843455,0.5180773910998069,0.4106922877463087,0.5244856668671353,0.4889799876531257,0.4783524474771043,0.44381394266341107,0.42601634359724166,0.4860388229848267,0.4583719832105115,0.47459637854003617,0.4083481453098252,0.4989663969757976,0.5002436259612638,0.4525458314090625,0.5508683476265293,0.38770707368208596,0.5949545550452029,0.4275976126800875,0.4962877128779454,0.5464006130344429,0.5914296338091372,0.48009974435391023,0.40114805190159386,0.463895106175523,0.37847558519989133,0.4771285003519205,0.5294826281750532,0.44507033211367586,0.4517891182318297,0.5569085087421476,0.4980849074579179,0.4104631985955754,0.4269324046314455
2017-05-03,0.5304560298325862,0.6015218689377507,0.45674590133734805,0.3962806609930403,0.4775398851654751,0.4531279803383743,0.5142453916644509,0.5124608705020045,0.48886175898474205,0.5227843631931682,0.47926290801332905,0.5865130012286675,0.4840488080329315,0.5105453054490563,0.5580360008337074,0.5213273885700018,0.5532587676894576,0.44906097999146444,0.46008461182555815,0.5364172078841671,0.5160312248400498,0.5357862957880828,0.5187494024969966,0.5059185822444001,0.5417198980810569,0.499759975160191,0.46958798615590547,0.4520231738657522,0.47917777708016257,0.582168945279098,0.46328194162082326,0.4717945701092809,0.4666589518624761,0.5499974709434248,0.5007782909135386,0.5370555579453624,0.46525877407742894,0.4363011872288977,0.441602231418058,0.568669816464036,0.472215158127191,0.382824895508882,0.5039925528464079,0.5406280735091257,0.4790093197311893,0.4832144095788707,0.4295934215266535,0.5342331829180957,0.483803992132074,0.4595421319237812,0.4585928640420339,0.45833692901823875,0.40630356828502673,0.392077580178656,0.4714916458871194,0.5011021272270147,0.5706627113994402,0.5213057860088479,0.41335817642978234,0.5422407927065508,0.4403035900817304,0.4614742257445397,0.46369565406045443,0.4283387833218296,0.4972618896421115,0.4712045043395362,0.44078760518460247,0.4367825771083126,0.49004275348650345,0.4845743566926856,0.4999810600232242,0.5626672272452306,0.3705827543089391,0.6112986200272857,0.4161883674215747,0.5113061579513588,0.55792652271266,0.5711933959406286,0.48562913472310154,0.36692274481228565,0.4833558688777815,0.35024665126305404,0.47792751604717787,0.5134534660717784,0.46489661539766075,0.4406791773130765,0.5822241290668332,0.49858554061896876,0.4255674057961893,0.44148043782069224
2017-06-02,0.5379270658332376,0.6264937444400567,0.46381731212140365,0.4213831704365663,0.4572261952001607,0.46331395711535206,0.5546894510611812,0.536462587167828,0.5285056489102998,0.5296682841100063,0.5056497786508538,0.5781894249390066,0.4873888351441888,0.5236558906522873,0.5731302067892291,0.5295501919428435,0.5569476334793332,0.4468972880151269,0.4903199381001123,0.5470587224388654,0.49072971933275417,0.5305495657286408,0.5254935450963742,0.5299338902077274,0.5598986970763062,0.5158481598544201,0.4899170502872313,0.4273583200349355,0.6395043974064378,0.623847471999748,0.4639493357759026,0.49849779417851126,0.4506979442489991,0.5633015421535938,0.48053300193692555,0.5465000519858354,0.45465760238515657,0.44690290251726966,0.4614750706463231,0.5381287332506925,0.4775695730113736,0.3840321588595566,0.5090421700328918,0.5739955608247377,0.5220389670656742,0.4783939922675015,0.4504891870227365,0.5262685406420139,0.4708741111113036,0.49559399390142367,0.4778075709080956,0.4845633412120392,0.4322369416553398,0.40584002013475257,0.47192756431614363,0.4912197367480827,0.5886570382037576,0.5130255737363928,0.43558308820224023,0.5394541900403986,0.44429533491585416,0.4834971370888758,0.47547433936415867,0.4360372363034581,0.5048971274401649,0.4635912424020872,0.4792693026186227,0.45934228730416654,0.5499834791694795,0.5305441906932031,0.5024334909589142,0.580712224958097,0.3832859065295293,0.6159009147969211,0.4211586383485854,0.5050448672237844,0.5627623668319145,0.6033096819866659,0.5083829587541524,0.34125255164612966,0.5044626066907888,0.37112621752165,0.45762631537093235,0.5107836580118856,0.46159522070035247,0.47147189821418267,0.5729548376166776,0.4791054116770082,0.41073697027914624,0.4560920291204343
2017-07-03,0.5372452717152597,0.6168262120523051,0.4613664701239986,0.4078562352647098,0.4692911564961407,0.4362806175520846,0.5373687687171309,0.531906433271154,0.4895413669214892,0.5393497290928807,0.49012879231827366,0.5656337853700116,0.4661888532100169,0.5302616337995664,0.5866560441571592,0.5536708991231882,0.5166501610019224,0.4320788710943899,0.5066775270769236,0.5046863714971056,0.5099091243649146,0.49777983866278086,0.507773191121444,0.4890558949886397,0.5658770764837453,0.4531068664952081,0.5062727797869727,0.42495410532404043,0.3746397719978436,0.5967857020789303,0.4567016563427163,0.4868013258096335,0.4533654304569523,0.5554815792222955,0.4811782940459944,0.5512175391404948,0.4590205575926914,0.40064122587912293,0.4099967615256617,0.5540599781233396,0.465228959206529,0.40607436479288345,0.5025877866383389,0.507617062345254,0.5459556551702743,0.4817425472983279,0.4691539872742584,0.5186038101808934,0.4612555655750773,0.4470092361646018,0.46704092473286224,0.45796753576593807,0.45848531198878134,0.3935622840131915,0.5082107321130825,0.4745636565446004,0.5931573453485001,0.5114833471280065,0.4495080296110921,0.5176650424370927,0.4658816932500414,0.47546509476691334,0.4482851779981533,0.4160768602890426,0.5052668262365908,0.4514361947615736,0.46945490715863214,0.4505771325541757,0.5713798609962096,0.5324220287009098,0.4851844018799163,0.5817655750755732,0.39458415567707417,0.5851127406825156,0.41965946605425547,0.4917428743242207,0.5682310346842063,0.569654749958421,0.5057714936451395,0.3589707825320214,0.4817299846107983,0.3920981634266497,0.46730515203991885,0.5128239833433069,0.4710255459049034,0.4513416262129433,0.5761888694111497,0.5166877803325849,0.36218406830613303,0.4628478643835362
2017-08-02,0.548620917439957,0.625013293738695,0.4779853694906626,0.4197874053751839,0.450154456557778,0.4307319091019337,0.5460069382040722,0.5427145189011541,0.487317968443175,0.5429919512790625,0.5023188279400648,0.551507115465972,0.4795956724318785,0.5299199368592816,0.5269780675113692,0.540277498210645,0.5203224918660255,0.44263274064573194,0.4895254316848266,0.4985522504247461,0.5053049972909105,0.4848050521762117,0.550493659055262,0.4912322414270479,0.5593719926057785,0.4873762158143683,0.46433919102106097,0.42849770588552943,0.5657405478109543,0.5568200206760336,0.4648914039437245,0.480994809688996,0.4778420568446334,0.5727058926546995,0.4828427900583085,0.5241834232399348,0.4522344817559375,0.4480597487929014,0.4555341489611121,0.5291576827210234,0.4989323042138822,0.4226352175727019,0.5012008773589042,0.540518972911459,0.5186850897682574,0.4804387030653797,0.4834928984544238,0.5268966465299195,0.43796368213102504,0.46229817132713136,0.4817317130538231,0.47239482109760483,0.45410683495949805,0.39078163392015935,0.469511890585856,0.4829432966168158,0.5796290741595144,0.5110434254685525,0.4290902914955159,0.513973916049303,0.4754315448144829,0.4632538690098323,0.45141974958073827,0.43749071263976436,0.509500503931379,0.44025445763095916,0.498961297648702,0.4261809835444176,0.502353470039156,0.5230529348967387,0.4900545026685167,0.5885129826353018,0.40964372426291057,0.5739809968188155,0.43383824487811606,0.4906237885116248,0.5571514021318634,0.5691846340398936,0.49321372594609086,0.3710047002884134,0.4969866611753365,0.3788857681323642,0.47882305318116886,0.5299564000546857,0.4709699238748086,0.4402835925206269,0.553045331130071,0.5008484652818037,0.4057705474431839,0.4334844113826741
2017-08-31,0.5851527894848194,0.6226618254927887,0.4747942917653979,0.4364913778463027,0.4880956964741678,0.43315125876286464,0.5356848546841068,0.5283324883957528,0.5390575058684831,0.5156775396987794,0.5004832742059685,0.5890665827202068,0.48487664431331157,0.5398948442645765,0.5912327344564128,0.548291434424318,0.5480477573939078,0.4299219757654382,0.4893596610875106,0.5190097623571739,0.521028287489724,0.5216559339059135,0.5718958094403408,0.5261109676982039,0.5750700715080185,0.4645824760054501,0.5041606794082332,0.39940852146695177,0.5280128570364061,0.6058378861997161,0.48512757048166194,0.46727488658603383,0.48092304882122144,0.5692889763997996,0.4933226069099303,0.5634068603934487,0.4669480591518849,0.4947059829301278,0.49725887245021944,0.5584224664481646,0.5169749158110594,0.42386038313455215,0.5042517708282336,0.5825926770690333,0.523806311210836,0.506143782994309,0.4331579256251485,0.5198233939923501,0.4832836823603252,0.4761673780093913,0.49622202679221256,0.5023033307849474,0.49703884906654655,0.3845766529237514,0.4845504832804958,0.48974869488672734,0.5699480942912205,0.5326478771088144,0.425215523536861,0.5373452712857417,0.49735723531370185,0.4509466619690354,0.48329270492952736,0.47106926642247454,0.5439515193620603,0.45498689372210016,0.49208701092643303,0.43443732466088175,0.47170878783267345,0.5338218541997289,0.5181079946972408,0.5906753513961555,0.46195517317841683,0.6037473767745208,0.4191437093711879,0.48870358150423004,0.5446763153356469,0.5711611389916692,0.48978368403388145,0.3650401096725894,0.5154181522311642,0.3854714461999444,0.4845215633042422,0.5507279871575465,0.47267110815264174,0.4890977557841625,0.5832944426528048,0.527061235391948,0.45993614839408664,0.48184705336500905
2017-10-02,0.6054953288850949,0.6399735569195092,0.44429943674369493,0.4269020324190131,0.47899156649573743,0.4317001775702451,0.5323068397197993,0.4813483575350133,0.5419393589268979,0.5131045744965866,0.4717306145760464,0.5840279096818396,0.49575915953949123,0.5139037456816093,0.617890464667098,0.5364150743237399,0.5331163411444911,0.45663675366786616,0.4663167556064511,0.4944079826415144,0.5281174788317639,0.4789150893612723,0.5829123427780039,0.5047578336550848,0.5340690272973609,0.4792380878607725,0.41856164023608,0.4396126837267772,0.519373490796672,0.5719690661653161,0.504344275752206,0.475120611469433,0.4576525701963401,0.557393664447745,0.4784113670304179,0.493780293473023,0.48023597696342624,0.5143014664044323,0.5189453384071,0.5443718564155746,0.49730465693636394,0.39859156391758727,0.5263798381060689,0.5465035125427897,0.537632077961873,0.502084208855355,0.37675966473766004,0.5192056628672318,0.5312537770467503,0.447848793850178,0.4873160198211642,0.4582303845153047,0.4553096561290386,0.34527408953324806,0.46280171447346763,0.47188143561226426,0.5545195965317908,0.5293125647581541,0.4317001748198992,0.5354886721159823,0.47322794751019814,0.46602279351085285,0.5069752391546898,0.43054585248469734,0.5416954089734283,0.46830885691539514,0.42725001845794336,0.4196956431443328,0.4350364869834939,0.49195453428285135,0.5075875999943845,0.5390641908819409,0.4214956757856773,0.616123403426927,0.43507697439612125,0.45832235441666774,0.504974913384912,0.5933406983156108,0.5061398400365812,0.3655471528127679,0.4795646684792085,0.41346473336336614,0.49700510568771494,0.51859106013868,0.4688386294045184,0.44153103252732284,0.5694909604198586,0.5070778765244205,0.43302106716990274,0.4301035088159139
2017-10-31,0.5954346227106175,0.6242072927598049,0.4351467081735734,0.3788322504108538,0.47189316274905097,0.45681339197908377,0.5425228456450907,0.5171335684826206,0.4458210416259679,0.5784465397953471,0.4841328690043029,0.5634427388053216,0.4830846080434828,0.5103167030658301,0.566702070255016,0.5541216709619012,0.5241331774125291,0.4795951255113162,0.4579876926104769,0.5331577148644457,0.5566166905318151,0.5226626780497663,0.5633660385005181,0.5184897136300441,0.5664122266439479,0.3894599781972709,0.4709449984135836,0.44014021107440837,0.5805521429647954,0.5124101962201223,0.4584234177545988,0.5044259948399478,0.4966449501001676,0.6148920184369341,0.49257504955384973,0.478424404587473,0.4672781424405233,0.4347762220946567,0.4443521589394278,0.5390005003346766,0.5010851986432514,0.425338266834992,0.5502073663240176,0.5584419051987409,0.5315547096326478,0.48469817831362905,0.3861086212009647,0.5494258179843576,0.5433627598664023,0.45990502107104586,0.506097500212787,0.46970816011180094,0.4150208835576597,0.3477941650028101,0.49664631675185533,0.47690636408964415,0.5866795645381729,0.5483962069638841,0.4201473158955797,0.5315132601915864,0.4141259841344234,0.443039498900366,0.4930152626686668,0.41031420285136366,0.4992796952799567,0.4871216290287503,0.43456998699013266,0.4502372318298454,0.42871731633425686,0.47837029185813074,0.4994559577917047,0.5805135734184352,0.4147016261508507,0.598394044578484,0.4475439913719243,0.44625069087188934,0.5335390074226742,0.5712765797292677,0.4944816229993049,0.3653778830251009,0.5065072891676466,0.4353930939810305,0.5362225179178703,0.5755277072021328,0.48160107909242184,0.42476606042344023,0.5962014937431552,0.48700849927866124,0.3938013886223859,0.47436376070148806
2017-11-30,0.599772535606113,0.6289801367785637,0.4684728702773972,0.426443924271303,0.5023252994308778,0.4663911835451271,0.5571277225631538,0.5310656362357712,0.5045003800108857,0.6260689086234603,0.5256051525689729,0.5806073139738885,0.4955474583847565,0.5049151665669761,0.5715244618777732,0.5656013462442409,0.5620222899878802,0.4657395858653191,0.47063819938747475,0.47351392262597003,0.5468457610477047,0.5489963378211888,0.5674682799984329,0.5517174674659551,0.581440502247502,0.4343007750720159,0.4827081094111636,0.45724290383725935,0.5419167894400841,0.542975043914379,0.461909584170933,0.4684820223591373,0.4949490967185711,0.5896533689119884,0.5102046180164194,0.47829175274866514,0.5124744085058953,0.4726646016188285,0.48761916338919425,0.5430714404160625,0.5263553929407645,0.40951299605828884,0.5625384673430716,0.5564121217684798,0.5461517789817579,0.5034724304595595,0.392853439265182,0.5248280800999487,0.5347375091023667,0.5019153010422717,0.516705704353048,0.49526507502556183,0.4479672966164391,0.39384430948531096,0.459449464447847,0.49032893577208486,0.5649690478228864,0.5145835279100169,0.4201491488731263,0.560368312965618,0.4136089959445854,0.43008525774882184,0.501072015040452,0.48110940461049867,0.5272181414108537,0.4859558253461045,0.45458097372187295,0.5071152687177753,0.463135804394838,0.4957259429842033,0.48296185692822874,0.5964236685884345,0.4290342889608416,0.607039392181751,0.45667087847284316,0.4668727108800012,0.5424370103860129,0.5778287942154497,0.5138134297460195,0.3570365895344623,0.5141989755001879,0.441225862269722,0.5016519502777047,0.5402235093337007,0.4783249938785595,0.4300104866417442,0.5883033693724805,0.49449651911334525,0.40910239162808076,0.43238127880474714
2018-01-02,0.5799735538114605,0.6126797536696106,0.4460114254884634,0.44277172972494583,0.4960431030300336,0.39694028052327734,0.5835607273786982,0.497616891830111,0.4824851467910707,0.5663122688095863,0.46507196246827825,0.5185795979147226,0.43127419121387334,0.4678166441676822,0.5543223466790852,0.548215168646491,0.45707072628752926,0.41278790558858697,0.43553489173617865,0.44366860575943334,0.46386933969570515,0.45928808148407857,0.5366059376612236,0.5268335562259643,0.512610668107073,0.4526391801801802,0.4173359090885842,0.4740967972583057,0.43209638756962665,0.4750293477638939,0.4574772294837931,0.473492764708737,0.4467741901101689,0.49016538143289856,0.45439540563397945,0.4661621159114802,0.4919629251611047,0.42738286293538724,0.448787670853189,0.5134887159187767,0.47851716173327513,0.3986812908694166,0.503731371217015,0.4985879677005972,0.491573583855293,0.4300831572006108,0.38052230058290043,0.4610097718551663,0.5276542584306533,0.4905220776813361,0.481001457634625,0.38856555569240003,0.4391018878992579,0.35822209697717167,0.4553520679439682,0.4618388365709557,0.5013160411536843,0.57648797383088,0.4404588768429248,0.479214618662801,0.3817152220437913,0.40655768043613316,0.49049529836470407,0.48679762777684016,0.4893617932098227,0.4253710665095269,0.44590327768243987,0.4621694471709192,0.4667274738409127,0.497785823964646,0.5203706702496674,0.5415049693053573,0.43610173146715064,0.5390969170664943,0.42270681095182194,0.42686003551564117,0.5795464373168064,0.5528358277945333,0.48423162524976104,0.39037855621305706,0.3809053975552023,0.40212970380572055,0.4688919317378086,0.43403976068150574,0.4361310832847844,0.37288337180688125,0.6017064578961417,0.4946970362219675,0.39684261140360133,0.4393267217457465
2018-02-01,0.5936085507129444,0.6203282625337644,0.4684872338583239,0.4915127923256419,0.4437666202928947,0.40914556430382953,0.5809528210748219,0.4658111027663559,0.4091793827366287,0.4889636188369264,0.43083978083499036,0.4836637176541416,0.44270525851882353,0.49040258705942474,0.5676978246720418,0.5629683584032376,0.45075593331847114,0.4348027471067927,0.4333957392738962,0.471287235144922,0.5056970430890004,0.46263916959036755,0.593047316710785,0.5022871978417313,0.47664904364047395,0.4888800429456773,0.4661029583124557,0.4389975541192283,0.5455237460461229,0.49234389959655794,0.4924614646473667,0.4864320811680453,0.4321366370918581,0.5366937626204931,0.46746397404585227,0.46619265006016747,0.5143027463931819,0.4837303212525712,0.49815719267583003,0.5130939932208926,0.5730448671731913,0.40660844301475985,0.48875752336693135,0.5292483275048452,0.514724906518153,0.4443621271602345,0.3953251811956913,0.4744544703280743,0.5045651329201871,0.4604441365648122,0.5198519073438312,0.4201261909480978,0.5031334111611204,0.35669891676872406,0.4630345985761037,0.45381453268806005,0.4483778918417959,0.5226001808130607,0.4678071802369055,0.45512092511712754,0.43497250921318004,0.38410325876436546,0.46536981438376357,0.5486733850610261,0.47586076806136873,0.46040031875152515,0.4592191499247476,0.4136487574911924,0.44325823342137094,0.49516634737814713,0.5487879885930331,0.5496416855024,0.4761122940264638,0.5013718960181094,0.5063043128097854,0.442693686171485,0.5990259891426865,0.6007302121679745,0.4938207600572885,0.39458335732450656,0.4043061183736714,0.4343697446678777,0.4838045596269462,0.43518981192266604,0.4431950149016161,0.42992549315814915,0.5995504309462985,0.5030032477512156,0.42309223188199985,0.45517194547872336
2018-03-05,0.5593706464410901,0.5932828768674595,0.4375474218649043,0.4463341380417429,0.46661843608183307,0.3898463921072164,0.5949759931924686,0.4049775900573219,0.40236454479042283,0.4417530989941311,0.40423111303880865,0.5029598760835192,0.37450686462819543,0.48307602224769003,0.5773520766859503,0.5018388546592605,0.45035407507648473,0.4091607499485056,0.45363435667000856,0.4765471775273104,0.48062828070676755,0.4329176602430423,0.5358271532459477,0.4331031372614637,0.4313088687456881,0.48767657553214017,0.47305375886748957,0.4535664967064152,0.4713592753884513,0.4666223360635024,0.4836994334476907,0.4391430084429406,0.43798580423760947,0.5104073703736199,0.44781019551713674,0.46170031409181717,0.49428991556495644,0.42106469945159886,0.44463746868813625,0.5164236048869926,0.5130453070660794,0.3656129737011069,0.44931965304362254,0.4778314644420354,0.5096601025497322,0.4647557829814841,0.30500886621758017,0.4221028032222354,0.5089296552879496,0.45010812235481296,0.49277036416841646,0.3930906043732832,0.46891020217900653,0.33041047304747023,0.4864787734175929,0.43444478820450694,0.4333517763376181,0.6017512277349507,0.47735647239480083,0.47638144179915465,0.40882449332728366,0.4049203988680506,0.4257728468570447,0.48619546642555067,0.48563032418851265,0.382230599910619,0.47290468015543907,0.4027772140994664,0.4890741922292136,0.4854545912874666,0.5505378017144283,0.479199558625812,0.5017873309486583,0.4964764507129182,0.48848951409554536,0.4141036658255603,0.5860284068801365,0.5169185942126773,0.47534905609613853,0.39962971807242964,0.3746695904291742,0.3894877155236234,0.47649135822785926,0.48003657255677784,0.478453410161573,0.432000116360308,0.625335333119363,0.4772106103458417,0.4013756191672807,0.4592721454653067
2018-04-04,0.5601757670224339,0.5754906969142403,0.37933164418363835,0.41590601100077723,0.4687291242012179,0.4069253397782755,0.5665312921768126,0.42589225791057295,0.40766115559372207,0.4265049750679792,0.3845232680473283,0.512113336197598,0.40529196014325797,0.45108756256918237,0.5556157503084913,0.4584995318635247,0.4454099316192268,0.43088548067430876,0.434298904638161,0.48508592776676346,0.5096590886135839,0.42245885254479376,0.5915997389701737,0.45267021871200475,0.42136683042540307,0.4814730438603673,0.5022880957358727,0.46271915171358496,0.5961445926941686,0.4779310236297235,0.5151504406991532,0.4526381806546621,0.43816567054346317,0.4947655829110028,0.45052209213763955,0.45606402097149035,0.48106776516790384,0.4270807084260631,0.44999615215633293,0.5241846437718533,0.5165914535595676,0.36398842112310964,0.4190394554241131,0.4443911926984961,0.483598427402555,0.459741188902375,0.31169601579587564,0.39937751202427235,0.5174172543470418,0.4673925940639452,0.528903797778386,0.3630967227031528,0.4360014670823779,0.3478921222490924,0.4721338354530426,0.4524546624022115,0.39815909599049754,0.5537948037729021,0.4674525853534633,0.48702072600667207,0.40653356138201874,0.43574597173069085,0.43379802202456336,0.5267797734602293,0.48689416033110017,0.38131473879479555,0.4998766260358022,0.38844506822157415,0.48128826621182297,0.5004689122972786,0.553219877331976,0.46925550784180287,0.4786742307101632,0.49740849198796955,0.522928127156489,0.42415970916724655,0.5718041994658206,0.5755079691044228,0.49666859048908607,0.40057528065012776,0.3868862204465588,0.3879992713819906,0.486682326429045,0.4984625613017909,0.47716347094802297,0.3759499339814066,0.6115886393599135,0.5001877694157355,0.482154291881185,0.49405443162791296
2018-05-03,0.4762955378318543,0.5240202816457399,0.3764446866301136,0.4158609179412696,0.5004841871055042,0.44416559097697933,0.5319536514265165,0.45321049263703556,0.41125148565022773,0.38980383970405985,0.4485680373324688,0.5128468168583256,0.39394773357019586,0.5035766975781949,0.5466600938934731,0.46560432363557336,0.4435772922068247,0.3967199023332588,0.4707813313324639,0.5073064597947567,0.5150845927791866,0.4707854402061886,0.5503217153672837,0.44011295423867763,0.4086416847527953,0.49838982932027065,0.5458165115072398,0.454381925708403,0.6108628713448269,0.4305346377916543,0.544137893414722,0.4501039867639251,0.4634664211866199,0.5253869355721665,0.42594583065052743,0.45672579275385733,0.42978332026519817,0.42325390188453516,0.43845485440646687,0.515044569103243,0.5184436705641134,0.3572238091864161,0.4410670358949345,0.427030570789124,0.5277299227030484,0.4563781011550092,0.3362990045304146,0.37076360477209347,0.5054807397938411,0.43249268287553905,0.5537272447644075,0.3932990984736964,0.425564753998259,0.3356920573959179,0.49389919849436525,0.4849647384598509,0.40901690843581845,0.5780461633755662,0.45980065196212244,0.47900284399499365,0.3491984177244707,0.4443804545607339,0.4553021393029988,0.4556737734171777,0.48447746217740695,0.3904362740045277,0.4954528538268924,0.3913652270373754,0.4940295472005507,0.4431475651459045,0.5218153643136489,0.49755457023296973,0.49137191291666715,0.5265211965547475,0.5396543601947655,0.45077817647551716,0.5993431272718863,0.5497595160249072,0.47522007009642986,0.39625476939716253,0.41588632770981665,0.39075022593218656,0.49028651095638703,0.5294323720197246,0.47383330819607716,0.3822696868203093,0.6335228972357028,0.5000785319734753,0.4490703222066084,0.5012116107587522
2018-06-04,0.4859804839091463,0.5681350146241416,0.40399629109236074,0.40518070963293695,0.4307964244455575,0.4609314660045998,0.5846134022705738,0.44986978552556306,0.4478207888420821,0.3888781383962798,0.4680482746881721,0.4604590025338122,0.4130138150317528,0.4943543292482947,0.5638965800569392,0.48692323659510073,0.3828191066627901,0.4008562998726921,0.4885180874582836,0.48738691527719774,0.45800156999424463,0.4718558571470361,0.5621888701843347,0.42180598166197497,0.4546626808932935,0.48969087079003354,0.5767078393056481,0.4924036796070767,0.5733520197876826,0.4456478041031072,0.5318049199824789,0.4587719775149719,0.4746775822470791,0.499874247931155,0.4327217421465447,0.49340090980008855,0.4878651861461432,0.44954364109322703,0.4628429371073991,0.4706616155771065,0.5312316274326886,0.38190228473777127,0.457415876576765,0.4681761444359303,0.5347738296345818,0.43856423082939616,0.36090408006879454,0.4190261523893963,0.5135803117147436,0.4374728551521985,0.569339839059325,0.37574082614921694,0.4447477905798985,0.34938800443271867,0.48103047017718226,0.4364210829397356,0.42983681233259696,0.5151571732355198,0.5284735365055944,0.4256296260168139,0.37557823266099655,0.4043116072442663,0.46388919889211,0.49955040843284504,0.5067357153853937,0.4227247788825346,0.4969867055538033,0.3936479747259384,0.48314565351670496,0.4212563348773992,0.5586591381052799,0.5005689892304578,0.4735313582638395,0.4943348855979929,0.5382067881439483,0.4491009041587755,0.5747537282121414,0.5280500473386138,0.4829996674352569,0.4013414054999903,0.4655894014137824,0.38533465320330557,0.4792435198028525,0.5836757297771877,0.470110503889967,0.3871630712432423,0.596437986226163,0.4943037201308158,0.5260506608460057,0.543358650868069
2018-07-03,0.49942887473445263,0.5156412350424016,0.41005755434055685,0.4277397627144303,0.4418302971815928,0.48629891478973203,0.566534751933689,0.41456596176123794,0.47447766804275493,0.3963212639711586,0.4681110877232032,0.5009848610129501,0.46447149077709987,0.5180177768109385,0.60344361966682,0.5041432535235078,0.423922080965215,0.3950799815050525,0.47833999244809683,0.4758102027628832,0.4667219569487793,0.49149200818550276,0.5454486444747351,0.4430435074191405,0.4447907452235073,0.48091841335431224,0.5860108633335178,0.46144363155565554,0.40864512133271524,0.48055078280766256,0.4202244620353644,0.45644267760295704,0.5036487528445822,0.5128499938895874,0.4527510980492243,0.486318761471856,0.4330817059741631,0.46255876853865335,0.4784833595631035,0.5132673304556526,0.5417353455055447,0.41578335391948834,0.47739525435211155,0.45686341683149867,0.48430412841844966,0.47617038810226253,0.38972335116551293,0.43443086690583266,0.5050153711770906,0.4197075306760027,0.5534754064074109,0.3600891604765829,0.46233303343685067,0.3919041061926202,0.4749129410483807,0.4602388792943505,0.426728159439376,0.5722330914772878,0.5116042660665561,0.4746564850202485,0.3514138554938451,0.37959488509844247,0.47454431685370313,0.48182854574228223,0.4819204889008477,0.42960620995696985,0.5388055374836086,0.37041153934120563,0.5369948261266759,0.441670333056495,0.5657381401524829,0.5088534204980764,0.46350956149592354,0.5286610654429705,0.4427312445897502,0.38543332211540754,0.5258551485879883,0.46747938379399895,0.4614724080494805,0.4479299386308864,0.4472442868796265,0.4316878807978285,0.4874584756787583,0.6138350182843727,0.4956636438634895,0.38682966166438043,0.5763271752975822,0.5359598739687341,0.5024240355746122,0.5466895864780911
2018-08-02,0.48455574111079214,0.47474523128980056,0.4250300795056997,0.4158885895354829,0.45568297320299417,0.5009769168462676,0.563675827264545,0.40877497064920604,0.4580572042502339,0.44424428978460956,0.4965515425927141,0.5173807655392828,0.4645821643044721,0.5138499568053565,0.6167102524175513,0.5263184044797257,0.4486742063924319,0.42540152749780513,0.49443061128157684,0.5078654842838197,0.4823712435387738,0.4674194014329056,0.5362144057932592,0.4308056372677188,0.4437607721229804,0.47847575307386886,0.5377463762981248,0.4615005902581546,0.4128921284087249,0.49285221720713696,0.49619326532940394,0.5104531792582082,0.5172963604087613,0.5146237512982512,0.4497569271603241,0.4976603855525904,0.5145373701335503,0.4335123650911846,0.43904517167500823,0.5275067723211806,0.5464742713463034,0.4143076202203823,0.47337244788976796,0.47088156193604375,0.4829526339306559,0.49117455302535323,0.38770895361782526,0.41074667255966346,0.4970584494200259,0.4419094444908456,0.5963853601425898,0.3574002824014859,0.42068894749048286,0.39166368336441265,0.4519989523615956,0.4231809717426527,0.4569034155579075,0.53463111356954,0.548815544018405,0.49500328325309667,0.33095449980363445,0.4104721361192937,0.47815637502730096,0.4682636917724111,0.47546715111986465,0.4456186544305336,0.5510896938788885,0.4114115852187855,0.5258811302064391,0.5048392334185201,0.5732569862925433,0.5266039413151634,0.47311706092859274,0.5257059431093237,0.5319118255048592,0.38382083711561255,0.5375906086990487,0.5129242196217856,0.46731438784506457,0.45500016102751256,0.4475712749145096,0.42570809767815093,0.47939758717535996,0.578123177776553,0.512998270463874,0.3758023675824361,0.5557593032262619,0.5558292408831812,0.4805650768724671,0.4784693153234987
2018-08-31,0.4877978604437948,0.4883594070377597,0.3978936584317874,0.4206003792900904,0.4279280271809192,0.45244119645968717,0.5808393991343357,0.4096938018328694,0.45436364423603526,0.4039451085168788,0.4256576250034884,0.4967555401474092,0.4292271038335927,0.5087388927855877,0.6211511989018605,0.5041604117095185,0.44490645219314623,0.39874402651185875,0.5133628477687456,0.4723527410011747,0.48219939508305054,0.4789140127772754,0.530288314879403,0.42145338417758466,0.435676224340868,0.4624302390047587,0.5755068950555069,0.49888254188885534,0.3509417482490812,0.4537675975190917,0.49716292662583683,0.4605189076212903,0.5444173067413153,0.5150109425726824,0.46009790713506327,0.49033846377826784,0.4937043287076683,0.4203643555277969,0.4302303286360991,0.5178221920547796,0.5125529952529142,0.4464135227712057,0.4521280415376883,0.4366749108911426,0.5042713186732417,0.4800118226221059,0.40023755895044866,0.41012844144961963,0.545981695272426,0.42253237793396553,0.5447803190049448,0.33421609602957797,0.47429324980786913,0.3990207968426292,0.4735427333185413,0.49833054858847675,0.46466911431148483,0.561865761376691,0.4994585632381944,0.4838132088564858,0.2948184679187819,0.4113346798694519,0.50658242690547,0.46725002447975866,0.4835867317568108,0.42914988597095016,0.5992563655977978,0.4216786230390923,0.5446821632605798,0.5559007334610212,0.5682411489700866,0.473910299685933,0.49271157396693205,0.5366541474223719,0.5042621987512829,0.4039954805868242,0.5447403774624032,0.49962587119318563,0.4697104643051905,0.438955853281343,0.4350037267085473,0.38314605074921365,0.47931642866694885,0.6045284660654917,0.4706851969103271,0.3534130894699978,0.5701597093198038,0.5032069456259799,0.4854419138313254,0.5065575405511493
2018-10-02,0.5312667839038785,0.5033261024148299,0.42416404811526376,0.44388592642622243,0.4559566721718411,0.46333979302075146,0.5766596378511386,0.4731628578232898,0.4372737400317417,0.39773744913239256,0.47830722563631517,0.50951142283526,0.46710939662579376,0.5101146459995303,0.5557717831824682,0.5083108493291595,0.46369787541196483,0.46927742464175454,0.5486733534765904,0.49916836970369804,0.4873570240025898,0.5205868234933373,0.5219694627992297,0.43495705693887443,0.4779473745361834,0.5130041518623605,0.5710702073470646,0.5072361824414622,0.38353362658035256,0.45436462496135654,0.5534201653705562,0.4874453743006072,0.47906678670529346,0.5599034323905997,0.4554279771689577,0.47033779735202064,0.4886414445107838,0.44257364989970643,0.4502017074624957,0.5234039680057193,0.5347220321203533,0.39100762040102893,0.4430224921324008,0.4549052467323995,0.5043920486099421,0.49043376335765143,0.40235910484528425,0.42053908887490316,0.5502557303960844,0.42511140079746834,0.609859796342164,0.3402051346952825,0.45851378563686307,0.3852354007551175,0.533198137944692,0.5118312803012657,0.42061320464144397,0.5367030798889624,0.5326504641919612,0.49676066342529834,0.3095221181704644,0.48548494872597375,0.4783703227049689,0.4216572407377348,0.49777353883118236,0.44888103450155514,0.5932801092250825,0.40502191196306947,0.543874633841613,0.5630415230165763,0.5873250957645605,0.47991371604906413,0.5201267260911286,0.5456051940402475,0.5593296481428902,0.39593352003739546,0.5511892951640196,0.5549485687798443,0.5008762658840068,0.4474450449986469,0.4459078419122103,0.4063977785705922,0.5160708026554882,0.6009799205666198,0.48529874962681385,0.40323722151598584,0.589150851141164,0.5081443436358869,0.5155930343224928,0.5215560206593473
2018-10-31,0.4765569154027888,0.48809170570348287,0.42763115449271105,0.39569034760447974,0.460596572321423,0.4792522277812051,0.5231489249343145,0.41753211875574553,0.4166930051299306,0.39146166816346595,0.46584452589982256,0.5005595800463216,0.42522294728879095,0.48945519969636136,0.5838758712601332,0.4692978588690238,0.45157483031407303,0.4299359697976958,0.49319169719512623,0.46255688557927865,0.4899563895576184,0.5242518889387577,0.5248241635040102,0.44334066480316553,0.4543850427605175,0.4559661745544361,0.5798066248931275,0.5116276708589464,0.4174299610357451,0.4494907947290343,0.48527986649471444,0.45160018556979037,0.5276151290085018,0.5459458798989775,0.4215455563876116,0.36467530220342054,0.49065959840349344,0.44415333874405066,0.4479932015226385,0.4889806464572614,0.5570593616905264,0.45466209502264754,0.4482607097544368,0.41352161014501443,0.5084294517010831,0.47926129455697775,0.40164453580967197,0.4001900223471687,0.4972147845094914,0.41724243485951407,0.5700611673048476,0.3488764978323556,0.4300981927294861,0.4147219621023955,0.5374521105633747,0.419158732688452,0.4291583216197881,0.5407196508343735,0.49469180435638577,0.4467646828461693,0.3180688840417742,0.3704090794644012,0.5118097523556828,0.4383775002638278,0.48155341539554014,0.4391586796646216,0.5948197833279143,0.364374128540451,0.47537729476979806,0.5310429089782626,0.578419140050151,0.4792197495991662,0.5312784215860499,0.5201596327492244,0.5246559529155185,0.38512237147027073,0.523385384233418,0.509269033506874,0.5007910712824861,0.4265855342120634,0.4484467109897077,0.3954845059910373,0.4978069181867803,0.6135733311934284,0.4558812113350243,0.3740026103098268,0.5880967400090978,0.4867743396943525,0.5196731704681146,0.5301949577663876
2018-11-30,0.4991039285140117,0.4430348989601357,0.4279654277535039,0.3486047527955912,0.44208226780103094,0.4881578059853774,0.5417242123531554,0.42529604275446464,0.38579826624349883,0.37101983951674933,0.4542869907330125,0.4294760491679788,0.44570271721116417,0.45706701324875604,0.5885270663215693,0.42196887022683244,0.39733591705049315,0.41463802940602046,0.4791333046478409,0.4192694159197002,0.45555571314110627,0.475708572255649,0.4945646344622706,0.3947334813161007,0.43931748550956007,0.4744024662056871,0.47454382231383496,0.4821769214322766,0.41092618425653277,0.3964732324551812,0.5134239833124059,0.48160176946884475,0.4705852041099553,0.501214630256581,0.416204261089736,0.44523220124808804,0.5131174144648688,0.4148760667296882,0.41752203281403494,0.3549057544844802,0.5417293206326446,0.44955595614576177,0.4948973466287117,0.42917148804198657,0.4609407047168409,0.4487455442679012,0.4128632765882373,0.40573485182662306,0.482278219368294,0.4277017028177093,0.610656185542564,0.34493779818488507,0.4068841576518757,0.4271401219116976,0.445685457873381,0.37563027550586614,0.405785366119834,0.5147930647661528,0.5143417585306721,0.3829481463666078,0.30449691982606264,0.3926502165093723,0.47387533027354417,0.4507208348039916,0.4249848274569271,0.4457073777077912,0.5802750716900039,0.429679076132859,0.47064292271487357,0.5136106797385154,0.598764452641355,0.4676230867127435,0.45846765405121853,0.46750916139495935,0.5589094342331153,0.3572998767018152,0.4508288245645522,0.47418025445130163,0.47657683463407297,0.4295971291650007,0.42326662819998817,0.3377131286537737,0.46610911242282543,0.5828660286525723,0.4388462819950925,0.3434711161587249,0.5278676053539955,0.4811167446081868,0.5219740786929922,0.4854096265662828
2019-01-03,0.5369732026484968,0.4156600340079591,0.39919138450073194,0.3514487471217956,0.4108825454030065,0.5033976106783515,0.5374032924645729,0.39837059712781786,0.3958472715836162,0.3801459022633973,0.4242320342460801,0.4370303767533961,0.4063723438739953,0.4694067932371013,0.5734386206036828,0.4353263215277029,0.4130676235149458,0.41123938893915174,0.4476639961684253,0.4333783998196108,0.4772240352930353,0.4818280156920011,0.4530696474129279,0.3439844029861766,0.4457003399712958,0.46067314523095015,0.49457673846433853,0.45039388462038915,0.41123698529410696,0.4275643453629261,0.4987918962334005,0.48958740597642453,0.5186557764388419,0.523909937642108,0.3945907928933077,0.46701492190718524,0.4804763082283665,0.42021111034799724,0.42461093510186226,0.40064147085373997,0.5132543542808761,0.4460536771569918,0.499314024359816,0.39525247890515885,0.437167792301878,0.44182536320990456,0.41097752084604416,0.3932054861955374,0.4975552458164536,0.4115599606321727,0.5771472597207197,0.3220672336975066,0.3961544799667967,0.41441122022816684,0.4251830404068215,0.38997068514990374,0.39763563238940663,0.5624940241419081,0.5355629808558862,0.3978755161218895,0.2934801013118715,0.36873354299712935,0.4455862247600144,0.4547946181948673,0.4613750340611987,0.41031520622804596,0.541022762938858,0.4420997143817804,0.5062978759094425,0.5164689117302452,0.6173096449310495,0.4696116438339693,0.48298022270142876,0.46900969535920667,0.5051522647239599,0.38511216576294577,0.43729366989291885,0.45297697890852656,0.4406086985235775,0.4159375793458699,0.41769640794104484,0.3295057108770498,0.46529147448879726,0.5917644302369586,0.475528946797292,0.3152672652380566,0.5353523644973195,0.5132322704597915,0.46295964326975275,0.4935314389856821
2019-02-04,0.47777262648128943,0.39052144638473796,0.4084400236154437,0.3684082839250078,0.5091814660110934,0.49499331121387363,0.5023164877018517,0.41708838286243294,0.3933161108050803,0.4001903757933852,0.4648890209007895,0.443414955500054,0.4229305133060597,0.4970871614845333,0.5510065314870878,0.429441222973912,0.45710463520424516,0.46010170150257335,0.47080327596362287,0.4540267247972683,0.4503050753570688,0.47241843965915153,0.4725246495072386,0.38368065129455686,0.4171852534300308,0.48775626240140124,0.45832503208117353,0.47413019546309326,0.4023790223684782,0.4134481700429761,0.5238765220076854,0.4810459686152806,0.486327787226044,0.5410970400929904,0.4589684503010336,0.5394735573005189,0.5133795915281625,0.40482852127642066,0.4077440811836712,0.39648683875864765,0.5333692962120079,0.4693860286115771,0.52125166201475,0.4027736761150124,0.4409312959803659,0.4525961872211135,0.41819224947305067,0.3591848002025548,0.44781230339065325,0.45223321841850506,0.6083168319925752,0.34697313580628325,0.3989406340481117,0.45297072111633363,0.41756423378669644,0.43007718192822164,0.4037801093601818,0.5203477099924559,0.5033402875549766,0.39377822016933844,0.30500929020396395,0.36546595036684004,0.47371201513804634,0.47224807900906857,0.4870082686160475,0.4324710263295587,0.5958187138410956,0.3835069228914929,0.4917474872347124,0.542551067803369,0.5664633773226075,0.4697138911564586,0.49601601991511146,0.5180578861871418,0.5388454526234339,0.4009677660773864,0.4626693986610096,0.49332945452782745,0.4456151337985659,0.43694656170779267,0.40190082191061854,0.34745807406065754,0.4590632178292239,0.543030282427413,0.4714985382723942,0.32923796711617914,0.5283459438446018,0.5020785662976894,0.49570794215780545,0.4635275267284643
2019-03-06,0.5340510009775088,0.4038000057535523,0.445854217878292,0.3987289503072742,0.5325213935596091,0.5066380964482331,0.4969428095363327,0.4105883215869075,0.42392966760886724,0.4155509619491137,0.486705861231298,0.4596160187191531,0.4400432051168592,0.5116950383381935,0.5489058951132769,0.41998045524970373,0.48119267007141,0.452251267228606,0.4765537773812418,0.44253153408695944,0.4310138635136806,0.5093729245395046,0.47684401021792494,0.4376856208638083,0.4194147615809097,0.46885109764659616,0.504335750821215,0.4573991005259151,0.3998019713679436,0.4078636351887268,0.5340566933164465,0.49075728449437794,0.4889797689874286,0.5559239943935752,0.4581391697767697,0.576333377784041,0.4980833565336195,0.44182476774441776,0.4451288700494175,0.4564927039249473,0.5631625978440451,0.508475538053441,0.5640388913350264,0.39886189271186206,0.4340340238866653,0.4495220358032592,0.4061065291626629,0.38589164013140176,0.4464373137085562,0.46185473553457673,0.6036237431749486,0.3995123979074136,0.437824077693425,0.4671697475982143,0.42874313466931585,0.46900446198382195,0.4180085826515103,0.5552474335105314,0.5075682163368168,0.3872366182470537,0.3211756792130227,0.37592938163124573,0.5069091132836807,0.4797328730416832,0.5006401252118431,0.4410750727451583,0.5791675144507707,0.36810046162885895,0.5133041102209598,0.5903777986574332,0.5635976019943666,0.5204784660603227,0.5255307228017381,0.5061137290624439,0.5384992376068887,0.42716749351559785,0.45298862826934233,0.4746376377789711,0.47000565274842165,0.4468444953621915,0.4416705581705015,0.3675629738068268,0.4826553499293768,0.5972492789146954,0.482556865639147,0.3594664632864627,0.5239795582892923,0.49239182012569094,0.5198133613299335,0.522763852598489
2019-04-04,0.5759374463082508,0.3825958555788262,0.5053693791755612,0.3888927759251479,0.5305035996597961,0.5187123820844687,0.46430147146244244,0.4212191126339505,0.41223743114743033,0.4813620367302737,0.5042597252572095,0.4528848077253708,0.446566514876808,0.5107825447273854,0.5141002805554208,0.4264630739633618,0.5131671711901988,0.4771089309323915,0.5022834847848161,0.4699764912557101,0.4688057459224778,0.5093154206421334,0.5283157803777806,0.4052473360542487,0.4607607429666057,0.4871053769013642,0.5400282398811139,0.49015024196742435,0.4259701634361182,0.4257465627537173,0.5490610053041328,0.5671314824359895,0.49976900990815143,0.6370999622799832,0.5200831898334994,0.6163683335713094,0.5127354438352136,0.44177161740580106,0.44441718183680423,0.46693998867469644,0.5453016830165479,0.554209747832171,0.530183033203056,0.40574270973633647,0.5224887258654719,0.4519746279868159,0.4425950643659428,0.40652617468513347,0.43820001997746755,0.5193009705684253,0.5896110740646208,0.4145454806374112,0.462399878162769,0.5217083546401007,0.4621786234101055,0.4756515971096382,0.440308870403612,0.5871930524110426,0.506920401589503,0.3817391268100379,0.34967147021495654,0.42311801705043295,0.5186210323330771,0.4618757044284799,0.5084154528368773,0.46817832014053895,0.623588465180856,0.3675892422646582,0.5067937903239655,0.6146064986069717,0.5931595544631643,0.5865314127662492,0.5530028089615204,0.5328097514070058,0.5627358690458737,0.460109851353573,0.4895510312623633,0.5085615387350877,0.4666160815101279,0.45977691902657614,0.46152835872847786,0.38748609867821926,0.5271141187319034,0.6283150164844277,0.5132825706375423,0.38143663813210527,0.547136883716501,0.5192709188254673,0.49000055857344044,0.5765665023326583
2019-05-06,0.5679522502791695,0.38082034015240845,0.4878121259962065,0.38301731288522156,0.5213926230657839,0.4744201136636742,0.43291460381854385,0.4449932172665311,0.4060027735582397,0.49031352020485697,0.506631466861011,0.50357485673225,0.454923651079016,0.5182740421693282,0.5395288691309497,0.43968746430574207,0.5395412285757667,0.4483387469615209,0.4914878231721894,0.47934948333430455,0.48689631664463,0.49904337809797167,0.5270448455160024,0.3894574621185595,0.45096180878903147,0.47637135665675195,0.5320109362942695,0.4637997026397939,0.43448961701457395,0.4129817421425387,0.538492185149682,0.5508627521580055,0.5348022980778065,0.6576793279114025,0.49894686773328983,0.5456530751597902,0.4791169502069629,0.37923191279802304,0.37845592495355534,0.5108048138047199,0.5536061862136477,0.5378701446106746,0.5317907544832704,0.40650468558765784,0.5061949500003272,0.4789121103583174,0.4231861425867825,0.3622396129051012,0.44535407765305207,0.506693960166825,0.5928064021229158,0.3976853630637213,0.4123157879265039,0.538760946326229,0.4530404292391741,0.46195217586457527,0.4093051296602839,0.5936762762182305,0.49955690450403856,0.4143755000830361,0.3436291170862962,0.40468972580166684,0.5142411058700567,0.46589600333450065,0.43767163571941387,0.45689957527094804,0.6152865021187357,0.36822901480591613,0.5046552050610372,0.6744274380832357,0.48856778302996,0.5795095635793223,0.5111317312091351,0.5293994042203481,0.5623372562031698,0.4311052730642552,0.45256117505765275,0.4983051426783413,0.44459939635923196,0.44334351852800186,0.440829275591692,0.3756988451178278,0.5107941856246745,0.6105939151964613,0.5418336008070834,0.3700313619620762,0.5394703110395977,0.5351732044294876,0.5042718342385938,0.5636959365555736
2019-06-05,0.5526307595716549,0.36608205152400086,0.4777505978056035,0.3956226585546185,0.5278520549519178,0.5367394031369409,0.4557173516317335,0.4231585739827224,0.44768405603016,0.44875683415832857,0.5349014969158966,0.5030150373886124,0.46464217965237936,0.5325444493364551,0.5363590905709654,0.4256466285281764,0.5223358950933654,0.49421379014924355,0.4773133875397175,0.4471551530182105,0.4673848641881408,0.517592314848487,0.48664282297520517,0.4342892214992715,0.4490546492584677,0.4878144074005345,0.5141609145224579,0.49814004249354454,0.46881343802766995,0.41718410947894036,0.537339577211194,0.5663043378618994,0.534565945020412,0.6079074619523546,0.48489721036026145,0.6076151186596869,0.49843744646332083,0.40609712056950736,0.40469774317953383,0.47924962590149195,0.555072350568623,0.5210379025369064,0.5658746689587436,0.44288735512731275,0.4612814986226074,0.4650245782656667,0.4530566491931255,0.3639049042490563,0.4503493655107855,0.5194059289441124,0.5862862859298439,0.41237654241033145,0.4317728110311717,0.5066655523855156,0.4276935531945668,0.45919261937396005,0.4506471754697728,0.5203472238420297,0.5102685685302107,0.40877935231942053,0.3483068954164582,0.39076448718915996,0.5191269256041809,0.470796649419119,0.4796881334946869,0.4821538367068417,0.5593538902865826,0.35719118684312084,0.49051870957497906,0.5729953182142146,0.5284381471982769,0.5396477045097642,0.5469438034760897,0.5318970701462762,0.5787847043150957,0.4310445709537258,0.4569168241975858,0.4719681103317468,0.4155727781869717,0.42110582130956364,0.47560695385880986,0.38295003392240407,0.5357159429970443,0.607830029677083,0.5187033868232968,0.3670387408130124,0.535375461096485,0.5084033135646486,0.5071312475844157,0.5416469247348509
2019-07-05,0.5792696487503455,0.4030621155355362,0.46377477669936645,0.377182182530371,0.49557128387106325,0.5092334318821199,0.461042181855496,0.425348611444797,0.4512057553438875,0.4446936756877733,0.5283134878112346,0.5059699703737618,0.4493815448960909,0.5011543657621846,0.5246926839917192,0.42628805320762003,0.5284655474888539,0.466735484649468,0.45742874228226543,0.45419084183637803,0.4647599603707598,0.4994293588358137,0.4447051638946307,0.3931116462422721,0.4410053038788596,0.5001782935634842,0.5018062992908254,0.4894695724647647,0.4556129088852489,0.43996380192919843,0.49620467896193,0.5682369035822301,0.5211097099633368,0.6128405650731297,0.4786036737212248,0.5668983004248792,0.5094813894563599,0.40764059961602894,0.40871737789891616,0.5123811314389622,0.5532915317225637,0.5200071301320444,0.5095362727751208,0.44136165864175053,0.455635151756404,0.47009444415259005,0.43525009083124083,0.3707565995505632,0.4543526739919881,0.5033152773694121,0.5704590379158039,0.3863289638648498,0.40864019656364675,0.5195082181466327,0.45547947062663396,0.4590741832232197,0.46879829838713355,0.5847913516166834,0.514144158735337,0.4250812697838895,0.33794625363585523,0.37954085166606566,0.48718841297466314,0.46407701063132695,0.500040626506133,0.45138375740308795,0.5760665410039699,0.3777612987999054,0.4910569898532964,0.6541981880756312,0.5559092936078054,0.5497147004057062,0.4940107133333094,0.5312946707567375,0.5058071822302904,0.4564724835115666,0.4349845889734541,0.5231392174651135,0.4346694602294233,0.41784577574127385,0.4372438924859587,0.39911823804616203,0.5121857940944025,0.6220536795551092,0.5311509062288904,0.3620233305720614,0.5119134705788775,0.5279737001355915,0.5186348388967406,0.5580772554769902
2019-08-05,0.5493515332992901,0.38384661349764754,0.4727972046307367,0.3848954644070556,0.5416391682583747,0.5556161961384638,0.48936141172813935,0.4358495884334699,0.44856963620318896,0.4275962990314797,0.49153623624845527,0.4968077106605307,0.442153881441958,0.4887104094146093,0.5348611893239554,0.41214714264271113,0.5190624042796884,0.48735541253094594,0.4528783988791244,0.4523833591613159,0.42543744830854063,0.5003235797456748,0.4481206518750974,0.40295530051551126,0.4150427173101537,0.5079043320298502,0.4856640337415186,0.4917658835031286,0.4317160185256411,0.4619378568145206,0.4863830081849304,0.5302345430786352,0.5038743048507938,0.58614504501376,0.5006670063718786,0.5935982497095198,0.5141327771674516,0.4030535565078073,0.40401262116373216,0.4865630579427895,0.5540988545758544,0.5048141960271234,0.5437140014951568,0.4620679713011823,0.47759031231196664,0.46237655795335675,0.4319718690058582,0.3307790995159382,0.42944708574865736,0.5045805660788066,0.5832025829422186,0.37291912021164947,0.4074091039825661,0.512633128581381,0.4838792851917954,0.4823973777877956,0.495259476745629,0.5282275817299927,0.51706031656212,0.42118948796870587,0.3269485491447639,0.3720191485896849,0.502594145903685,0.4596525130661785,0.5102636446432303,0.45690777786370734,0.5963412397265696,0.3748596030811006,0.4740878933486036,0.6166505307737086,0.6188700864175967,0.5353087026561212,0.4625056753289103,0.5016036528849341,0.5191381284880332,0.4366697181709962,0.47351523205634555,0.4802655174662886,0.42360841996359805,0.3829758266797527,0.4312314306416444,0.38392928640119034,0.4750910313097515,0.5720975878664284,0.5236383092226867,0.34320101715222784,0.4866479970491653,0.4912858025190183,0.48582416327419964,0.5231944808773079
2019-09-04,0.5592427805892971,0.39967931137709833,0.4702788569907327,0.394870760775893,0.5092325478987918,0.5266923231275867,0.46984585445171356,0.4294874775149216,0.4174949298110428,0.4574761452243986,0.5291714271263436,0.5067006240985725,0.4441057114024125,0.5303513491054445,0.5323915242930842,0.4419184133115784,0.5554966057755151,0.4882189824912533,0.45649603599206423,0.44082873951146895,0.4259401116448198,0.49503313322552905,0.43629604118841386,0.3998448796645403,0.4469866237940482,0.4956957440341925,0.5042130700952187,0.4509419470596101,0.43435802834538717,0.47535130294444694,0.5143180712323713,0.5615716683722669,0.5403800499803354,0.6187453757693165,0.5057090087507989,0.5911193938820618,0.47962471129233847,0.38674318355585763,0.38848961764383466,0.530584734930727,0.5457732894782917,0.5271630770589457,0.5397864773253336,0.4859904439487932,0.4707810179802814,0.467997610506827,0.42244260812424944,0.38528100335261495,0.44434028104224255,0.5011806643629791,0.5668006306753998,0.3857412480574822,0.41588495460554353,0.5077021405148431,0.4606102896841961,0.48910576029871944,0.5065000961512583,0.5380080001377103,0.5124430662872075,0.43780988390500575,0.31404348740650356,0.38081048106847754,0.49648360613231945,0.42796674400229656,0.49011113411656165,0.47673556245298754,0.5895941298429856,0.426605251980207,0.4468900638904936,0.6525051775077177,0.6369751924406076,0.5693475173815347,0.46996477142291687,0.5016349881873972,0.5280432916372956,0.44649213786492276,0.4907327822618701,0.4879396801904167,0.433591368206409,0.4191830752517921,0.4342149641421827,0.39999660179085633,0.4819870328977745,0.5939929173369127,0.5320044878280987,0.3503164617022615,0.4881266271099829,0.48204550675792035,0.48763261916658074,0.5460281133541508
2019-10-03,0.5593263280746541,0.38037948332823257,0.46582738274345287,0.39111078266731986,0.5191273401254033,0.5035936161699324,0.4557516295113899,0.4223411000092019,0.41575456409461164,0.4520774869076133,0.504659147184281,0.4945767440183238,0.4576588321133105,0.5228864192993279,0.5120479468450949,0.4441152206606653,0.5342580927840248,0.510030773141993,0.44686089056467193,0.4434711126812251,0.4262270898235653,0.47965823256785656,0.4711602383628255,0.39233503325480845,0.4401248143709916,0.48947220398451424,0.49878730003405947,0.49998969615132355,0.44539995706210994,0.45198270727617607,0.534749846950739,0.5520934783153443,0.5274612405931149,0.5654996884592713,0.49782978086093593,0.6090757792475359,0.4842070328742901,0.3950346992171785,0.39499394720504977,0.4980431227061256,0.5428858166766082,0.5012917284296947,0.5388560655502278,0.47902371901774843,0.49896185557783695,0.45427871372281303,0.4470644998764287,0.38921228459029616,0.42498757029313233,0.5101901995728855,0.5828179523324861,0.3704910760700156,0.4382629264294014,0.49380411783120426,0.4234934925044182,0.450544990217208,0.4967317491485997,0.5638567672765489,0.48829541175839264,0.41963122108320683,0.33085289302952287,0.38399949379059983,0.5254404976159512,0.38966286990738885,0.5178380271213762,0.46141899075711124,0.5975183476768882,0.446797970073224,0.4636728227052472,0.6133041809292827,0.6000952167794671,0.5551428261373738,0.5301508898207035,0.5035880639687297,0.5161782817063589,0.4361259031913323,0.46528198386622227,0.4999712617015299,0.44115022225786726,0.4320734299319264,0.43304375013965807,0.39311660564349504,0.4699547111168471,0.5995364976438705,0.5101699876869277,0.3431103411846415,0.5109828190249118,0.48267329961160327,0.49230544223381706,0.5357737766186743
2019-11-01,0.553654689800785,0.4058223551301276,0.48283157114870195,0.3922606943954997,0.5037707758228269,0.5160978531919208,0.43885516532715546,0.3993456919909792,0.4389811555076633,0.4558555723434873,0.5308421155004677,0.5246627929911425,0.39925713469382323,0.5513191546248407,0.5253071937659114,0.4824435265830627,0.5689442334539195,0.5397154971623662,0.45326709380110247,0.48770300511257225,0.4522279275140962,0.47893899261728196,0.4666665738022414,0.39872094291870785,0.46598483597079027,0.47697260914100703,0.5156098728755747,0.5158212403633041,0.4481577824757888,0.48151243230254986,0.498244687291351,0.5782836299161839,0.5110310919714651,0.5932995294967052,0.48239799225237306,0.5504271098363116,0.440168062942866,0.399101195848396,0.3978076108201188,0.5342303591844879,0.598696607678221,0.5400710111353684,0.5626983380962521,0.4318420724075828,0.4758732062802239,0.4904800315019359,0.4058457053240555,0.3980092891797038,0.42434665465501864,0.5009662124892372,0.6000151367115462,0.39986964779127504,0.43527082375685683,0.5079147407606749,0.4611031956437511,0.4499872006825756,0.4891416535346801,0.5557972988847403,0.460494907103873,0.45633029560108795,0.32998538219968526,0.3702133225102828,0.5103778147087747,0.43573087830615576,0.5250848989978711,0.4891392937657597,0.5853252146382888,0.4783385116465223,0.448667299341529,0.5965392808330885,0.6079237972512587,0.5722416091294282,0.5410037038294172,0.49523733811286885,0.5133945520449619,0.4467501936535418,0.4120939000130802,0.5100338027359461,0.4383869493275858,0.42491976561146033,0.43648632326270664,0.41081489854532044,0.4913762132230734,0.6123395524187342,0.5342905877491213,0.37857193626302643,0.5348491484602949,0.5233631891962726,0.5337197929973604,0.5403626021820126
2019-12-03,0.5697163012421893,0.39890079830043473,0.47247875518018406,0.37066508567446266,0.493040912475715,0.5000009598523103,0.47450005627950353,0.38621044629378803,0.45875762935272824,0.4415156616588477,0.539506155568334,0.5403617791026034,0.4289410489179642,0.5449273113427447,0.533766130289041,0.45345633529548823,0.5598743398313859,0.5470257846083156,0.44214846394346163,0.46158849905814864,0.42544934898429954,0.49136427837323976,0.4461312475389344,0.40468230377319475,0.47087901228129514,0.4975829197392728,0.5042331949544407,0.5165778918093469,0.45264637473337505,0.4695878569402542,0.5370125915097502,0.563126010407058,0.5134030903687907,0.5664689490219476,0.4779804903432561,0.6143266047872642,0.4510920470944795,0.4170084745490242,0.41756294982615155,0.5148441612670687,0.5394424636824093,0.5155492259475873,0.5464513963756251,0.48403752682770995,0.4406430424014339,0.5011527015610714,0.4279850054272805,0.39336731484255527,0.4369059082481376,0.49876250257927224,0.5923486002762077,0.37890216766213863,0.41749870768292824,0.47533069448793414,0.46035571270521214,0.4649317200488279,0.5251313134785593,0.5444489628271101,0.4431133764723164,0.465182440724674,0.3369317448512992,0.37341387458824843,0.49639171547527233,0.4174777775223388,0.532981637501054,0.481580983134084,0.5590624059737712,0.49343443681024063,0.375229223330481,0.6045610062583382,0.6301495612916955,0.5387612371738534,0.5452937524596126,0.495420580748097,0.5200439788806741,0.4299691909427239,0.33745884382323843,0.5626857537065538,0.4595241691452192,0.3612835542277371,0.4349488350152554,0.4395385351945214,0.46420702847985384,0.6155109603968681,0.5365876344361242,0.3753563415456817,0.42238572760773174,0.49028059098574833,0.5205114286063345,0.5381773179533851
2020-01-03,0.5691071770234636,0.39556071636229184,0.49554025360807513,0.38006924476327747,0.4737694543111817,0.5260912928309955,0.4626523527029708,0.4138187429601232,0.44071650440144455,0.4721785264811613,0.49670915711523095,0.5226384280456393,0.4610217723285552,0.5159878799769134,0.5205190646825975,0.42327748752925454,0.5601646451779757,0.5077871208486411,0.4195315590289991,0.41462463845893865,0.43812862217791165,0.5175795132880195,0.4667106627464021,0.39349179435332554,0.48281626097807356,0.49779175935382663,0.5184645088212065,0.4653444699743896,0.4270753381944227,0.4898143185322719,0.47211030731839554,0.56765675754545,0.5155042758791376,0.5735430828718242,0.494746405834633,0.6085690864863231,0.3885853838751152,0.38412655249571637,0.3866124028418281,0.5019818823393914,0.5322495282863989,0.5281043642120262,0.547207597938829,0.45206444401277834,0.46080095481236405,0.502187537715176,0.4313029885528397,0.4024354229764053,0.47179761895986494,0.504098626641667,0.5744830414950034,0.3667803935621806,0.4556454323823478,0.4892305632259544,0.4952803333092231,0.47131015097863344,0.49002158298777315,0.539343663441127,0.4716248050706934,0.48099813795637475,0.333145458690767,0.36902005562764684,0.4566108526668556,0.40948801427827575,0.4770830476069079,0.4775914053171284,0.5474005992380959,0.5248587366777263,0.43071796444819493,0.6573602677533097,0.6120187320303847,0.5571704317705888,0.5440413828511566,0.502389901835547,0.42583362024889493,0.48523964465800623,0.35379455359448936,0.5173992180859617,0.438844836115246,0.3863594407652475,0.39444592421575675,0.46564501714863005,0.4650226204260146,0.6075799586846432,0.5591203815596436,0.3463175462249221,0.4445225867632144,0.4859081326734549,0.47090882847753446,0.5642975196719916
2020-02-04,0.563896856476583,0.3978375984897231,0.4964843691337835,0.3964651312651024,0.5156437830164774,0.5568000703691198,0.5063825787923332,0.4364916530179062,0.4514712710354232,0.4498192185676197,0.5251992928240131,0.5573277556405472,0.46279562100669974,0.5350700497563312,0.5300484642182639,0.4315110708856656,0.580083837055392,0.5262515667778259,0.4356927437703391,0.42720017109858943,0.429861248171548,0.46729610807206884,0.46011162994105803,0.4153691135877765,0.45906169669846586,0.5019612228054208,0.4209937402372208,0.5083087975341847,0.4511373984766099,0.49675806267532535,0.4617736792722818,0.56398308966435,0.46466004753915535,0.5404112845687503,0.5196894075274333,0.5768060857207375,0.41990050091885733,0.413723714667435,0.4136066797395703,0.5508994607813021,0.5422757790219546,0.5345558335888951,0.5819262385896228,0.5093420391509734,0.41480582793705334,0.5038908281830942,0.4010373021153482,0.361602089745506,0.4461880896808996,0.5123454947610478,0.5717285370864967,0.37492008060288134,0.4078927952120363,0.4931301889999067,0.44318465084407377,0.47451528515167185,0.5390215866964142,0.5620844523798857,0.3902603265594214,0.4737127382178524,0.3217271064484716,0.372285586592473,0.4892561287227259,0.4379392003233409,0.5114051974448739,0.5017553872658518,0.5631439625221379,0.47770620375695866,0.41350186940440165,0.6170623318114196,0.6273902011974054,0.5525823843350287,0.5503087530046327,0.5472390284599371,0.42117822644354724,0.45171970284581003,0.3841357055247719,0.5462601071347124,0.41860125689367955,0.3980458779262836,0.4317956210983221,0.46952545966997955,0.47695896298289264,0.5280371711296228,0.5949602934867838,0.3587594628467412,0.4111525593454117,0.5312649821613865,0.47795966411072804,0.49780770661640095
2020-03-05,0.5292519623162666,0.39475774996188584,0.47888849429340336,0.3707916018992258,0.4673832255119355,0.5151233202868429,0.5037552092628507,0.4585047611161853,0.43679372187943855,0.42813718406853607,0.4944078559911503,0.5362451258109237,0.39345878829101877,0.5474598513095316,0.5504939548237473,0.43793108851607526,0.5477387984299779,0.5276426277290652,0.46397336276849327,0.41041690746850973,0.42444611792643017,0.501932289451191,0.41122069159816177,0.42515191664047436,0.48061857697302296,0.45591921238741107,0.43291612847092725,0.48955515124016863,0.46723164114417687,0.5240842756946384,0.48691532226655515,0.566857730297739,0.49227623399496945,0.4983403872717334,0.4692660037679633,0.6215880282844622,0.44526463271337363,0.4130067254679007,0.4115194988113522,0.5460967783377343,0.5497340020179132,0.5205250784714714,0.5437716520464393,0.45241852662893506,0.45782234336854055,0.5039175425894016,0.44165799785780085,0.4081840681343284,0.429347466931059,0.5053571878726637,0.5639000111716377,0.3690981235244085,0.44832957836079435,0.5185060593588547,0.4819348564532274,0.46616961773656096,0.4959652671932678,0.5769976269524043,0.42194399651570064,0.47593916360050054,0.3143002786216013,0.3948809426654714,0.49267813701628077,0.43856321539203313,0.4992027922423401,0.4931967694430321,0.6085631332266598,0.551631233770928,0.44155297776725816,0.6320705172985116,0.5983209663800915,0.5495167930084657,0.4909975350706726,0.5335831470334433,0.41279011191152504,0.43441157670519,0.3801339150632761,0.5550579305263242,0.4212256582133508,0.411165068277948,0.40973246157080134,0.4162157673667286,0.4743248020852891,0.5032583240227478,0.5644987260879524,0.32521430097444776,0.40576531061391824,0.5122117249366508,0.4651651628134517,0.5079481310988453
2020-04-03,0.526789615827892,0.3198245330698095,0.4703871812935419,0.38052243248874035,0.3968375483626831,0.4631855797671383,0.42921849856352745,0.3523763752857152,0.3928446661258266,0.3418615850503792,0.3517298934610042,0.49267448079735865,0.4111551553492988,0.4573278378917035,0.4741786554044455,0.41265460279687505,0.4841468177923832,0.4987133335190878,0.41469079569058886,0.39093289341273074,0.3566726514907705,0.3871147358185673,0.3704807627833555,0.39218893341971406,0.44027023933700826,0.40920257093905443,0.2949037898218339,0.45250122369205004,0.44098504988064813,0.4616026226462891,0.3734998860912996,0.4960796097582942,0.44289989666950974,0.46709874630552817,0.4758022744882593,0.6075544464090427,0.36682295668759934,0.40096542862910983,0.40012723634285263,0.5192264381114888,0.4055442646732285,0.4031968892417387,0.5283419319088659,0.4682791066183769,0.435176214911269,0.4441000250000151,0.39933583295262365,0.3420539686749695,0.3448909179057998,0.453351740646221,0.4221976752113843,0.33968794567951305,0.3206368617556005,0.4376452636192228,0.4151372276723268,0.42045005883129516,0.49708960464070095,0.5317319461358112,0.37773176189968155,0.4622056218439097,0.297717632493129,0.28179012671100007,0.4737095197954025,0.38053037394302275,0.47026213157901703,0.3864896168484969,0.46720590482940494,0.4508576086671312,0.3083654119254028,0.5906867159517171,0.5398849501482494,0.45843751265793614,0.4412504303037725,0.5213069990165561,0.2843833740987681,0.24312289991111855,0.36487353747572343,0.5233401404739677,0.38390042982968753,0.3993592181947985,0.40067716833562167,0.340454523701306,0.4253197788175673,0.4831750449887829,0.4879528803213065,0.3070493768537005,0.3842542236807348,0.4152322745860125,0.3555585497884362,0.47158129477943717
2020-05-05,0.5254686812862287,0.3557939537519241,0.46142289668592834,0.3818485770191123,0.33537702404499925,0.4568978846000782,0.4543939321949312,0.311145057959297,0.4317692823871201,0.3110415308218755,0.31990511446546244,0.47311973378976224,0.4242480196565103,0.42002383506789454,0.46248393032241364,0.43071757076465317,0.46439621154170907,0.4954193828990144,0.35828800666959654,0.38510325355306674,0.314631816319778,0.4273689213467445,0.40563397757220065,0.3895015390240517,0.4799356517700573,0.42475433661292983,0.3050032184925201,0.4099413187423372,0.4682947749595706,0.4621739448993852,0.3135568294429709,0.48890401821086765,0.39750779352612864,0.47465454694297543,0.4600032826838134,0.5589691865766084,0.3141707153695331,0.4382229224762668,0.4373488787095932,0.49648409780806085,0.36346697285255963,0.3931890600224418,0.5135576825516145,0.43424501032469975,0.443360913056064,0.4293653230045743,0.3708258826642538,0.36590933939542963,0.36921376125561595,0.4564193412289785,0.38425718422756266,0.33108127807445964,0.3256383707695554,0.42215950294452864,0.3788460944219619,0.39221818923613433,0.4601294187107796,0.4852611254484121,0.393599695678367,0.4584005288539414,0.356002506108815,0.2789651042332494,0.46476539893584506,0.3620468290155984,0.4379718072620948,0.4139745105580112,0.40255675458052576,0.5139331860990027,0.267094365930872,0.5697807425687734,0.5735308185600185,0.39903514009995195,0.46844313213699107,0.4971813060397538,0.2738349645587629,0.2208480300685853,0.3199953327880597,0.5321932449477439,0.4175844725625081,0.3498258225901566,0.39057576480995987,0.3275667072255317,0.42750818778513505,0.47724677824128964,0.4382667826181953,0.32164834809818116,0.37474320976422687,0.3913862324455361,0.34136714531029416,0.4867099976322176
2020-06-04,0.5627857759236036,0.381542824261917,0.5115647214513874,0.39105262097898047,0.46093727100777926,0.48370873623679284,0.4540704873342592,0.33893373208752897,0.44979431353560134,0.4025600452615681,0.4125555053960803,0.5176173241751062,0.45000621109719935,0.4891547463544335,0.5297194763565289,0.4341269985731955,0.49518008369845207,0.49388977556422203,0.3842238854112886,0.39870181439734526,0.39781090060161833,0.515799642384024,0.39738537059743195,0.42703674953983173,0.5033422817766431,0.4621747995938474,0.4006992022356233,0.41391978078357244,0.5074027018492427,0.513801190715596,0.39050136088570575,0.521728763600613,0.4529718551274767,0.48675031922575196,0.4920254152120455,0.5732107653345917,0.32619705704482327,0.49806824532949456,0.49951766456688806,0.527336132505215,0.44651603767118575,0.4223962280236166,0.5831338906890903,0.49025142355410134,0.44190474038464433,0.47368777148689295,0.41966423376482587,0.41596250460713474,0.3811762693903003,0.48683276742543213,0.4828796227657412,0.395934949976556,0.43548116485872956,0.44788373511086427,0.48246775908606393,0.47904678954813806,0.47381590607877483,0.47643609163075307,0.3876249654681285,0.537289492632037,0.41718455661875,0.353025673110572,0.4270942127769085,0.44076606822615516,0.46243208091117144,0.44015692757145575,0.422805697771905,0.5193793761139969,0.2772479717158762,0.5664434773450929,0.5823726367064486,0.46804391442811266,0.5033191720901075,0.5183949729110765,0.345629776351421,0.3102642309917968,0.32194442708448534,0.5272629442880721,0.4322724200262852,0.39118389582378943,0.4146362565402931,0.4020361442620834,0.48857778307550104,0.4782361956273238,0.44807056619182056,0.3951647707660801,0.3823489173819121,0.4251736277627734,0.3348767940072903,0.5450159381717059
2020-07-06,0.602845708613505,0.4352966880036827,0.5836332135595992,0.44680114310301133,0.5959356352255832,0.5423628177877909,0.4834823832333478,0.4051566095636566,0.4776893488118108,0.496751230895731,0.5687628285211853,0.5610040442361723,0.5240794263832066,0.5549095927473421,0.5556264614339322,0.4809856803848354,0.584210862139179,0.533526329388849,0.4097377072516863,0.4430187243373871,0.5429277078849141,0.6523631983607996,0.4079882425857567,0.46609953997652054,0.5480325566352043,0.4911091554128319,0.5527960269032887,0.48074178315680877,0.5579237318155773,0.5658338235818842,0.486605053848742,0.6208021047812883,0.54131007337208,0.5169115583030193,0.5776168917692408,0.5922593596206308,0.30961630885077335,0.5295902779092909,0.5305707096252625,0.5939193216032925,0.5383598315149611,0.511904435401467,0.609200071962835,0.5307398621865711,0.5086021620790271,0.536959421894976,0.5365493457652406,0.49256944850035944,0.3936133406604313,0.5412849312760003,0.579777899301686,0.4744427536120587,0.5115865486673122,0.5017214912644188,0.5646765334954089,0.5895963284511857,0.5086695810077506,0.5230534667664315,0.42973948871969636,0.6076786223920488,0.46090833305832707,0.4512747585102607,0.44310129223992134,0.5342116996449574,0.4964472250766874,0.47834962449812524,0.4678847296516037,0.5801095345657177,0.33869119458100916,0.5784389778908994,0.5780542253318426,0.5568091386909148,0.5516519398972599,0.5309006532958793,0.42427397565433517,0.5109441257756177,0.4115808868604957,0.5492652230293452,0.46154769068637413,0.4481128191856869,0.44486600237552665,0.45385413741774533,0.5567595511981822,0.5031628974267978,0.531145474709698,0.4648083104535932,0.4124660736194912,0.49519647920902354,0.37875770701587785,0.6398256373279443
2020-08-04,0.5756207715476169,0.4462821141924048,0.5673095267682674,0.4415558323429608,0.6230501846904624,0.5176073172513905,0.4617244044332091,0.4251635581767788,0.43511240055151,0.49507962094818275,0.5778788512546215,0.5511228548961448,0.5125203105133657,0.5463067742472969,0.5399709849332717,0.47877429138688177,0.5977484992968289,0.5316224378292499,0.42123009251736276,0.4757336724973346,0.5706510134528062,0.6512890650836325,0.38690692292587286,0.4844614893944605,0.5024617902608229,0.48661823064960746,0.5360324061843832,0.4922864718396544,0.5698873977792807,0.5520543906279819,0.4836397926453316,0.6115858974329265,0.530803820612223,0.5085343766764632,0.5722102062080863,0.6062831892466725,0.3067437308258774,0.5443376388065896,0.5471849613102313,0.587922080434492,0.5639788929129231,0.5013943027341694,0.610206496114592,0.496473967280599,0.5014802794520171,0.5329378865419213,0.5439358296907875,0.489544630308711,0.3706715772813427,0.5391450157678275,0.5977325522550959,0.46405649087013234,0.5412435479805355,0.4975439115638155,0.5433571445378456,0.5925816566348968,0.48814563560783686,0.5178017961665804,0.3991516288557801,0.6059085838301207,0.45073156324574454,0.4641740141467768,0.44342392033077016,0.5046767333945721,0.46995262800747134,0.44059803745540654,0.4784532129617674,0.534610833745577,0.35238796260529986,0.575408604033782,0.5825578939280596,0.5550130563172521,0.5462507117267574,0.5100738681677996,0.42307691898210803,0.5576167140933846,0.4392339989318194,0.5651036322138066,0.43993112529915646,0.4260474426563149,0.4528963299194725,0.4313665150200783,0.552183206703938,0.44753797984913013,0.54341244199148,0.45980271458802985,0.42405167131876187,0.5119026686509536,0.3788406778343131,0.6369193804975145
2020-09-02,0.482497170654229,0.4366312606291391,0.4811497469211639,0.40102679038990435,0.47433648088094216,0.4259067915994454,0.48738674484796396,0.37516916865372535,0.43836765825105145,0.3917605752093333,0.4333074496934774,0.4905436019005039,0.44842223027291633,0.48117451673387934,0.5142320834891885,0.415798839823329,0.4878265445515522,0.49169773773969805,0.41061531233680054,0.42637610081376,0.4411163127378274,0.5562485064270113,0.3625127570956916,0.43236045221516267,0.46423433435163236,0.4412771409975617,0.43901232536962137,0.42162471063285867,0.4963154256466494,0.48906363904761363,0.41104114577495654,0.511973457406217,0.4427223525144064,0.46608652347140805,0.47710270699892243,0.5800466099458067,0.3240074113969403,0.48956679735794917,0.4905069871385958,0.5090605287241831,0.456506140151874,0.39310173121707587,0.5609327582946878,0.47323011157624273,0.48513205424374223,0.4494480442205384,0.44001848890434264,0.4108970762999325,0.3768346183280877,0.47614468955435074,0.4709605217210099,0.3902663534261212,0.4284537534977121,0.4466994086905338,0.45483991640284294,0.47098197921228335,0.46510524777162676,0.4791836987305971,0.4128662496689816,0.507273161203329,0.38916632465397527,0.3804621286940277,0.46643047016027983,0.4375440608856073,0.449041944049752,0.443392137673009,0.42348878948579316,0.5471388164764528,0.33460041776092564,0.5360891711458231,0.5302677396828065,0.4374750338705063,0.46982194861825066,0.5178767433565703,0.3382780442841371,0.42500038098528875,0.37103010368228917,0.5555907100833787,0.4167752532349204,0.4189835962931944,0.41110210997700003,0.38930297243313555,0.4655893409224594,0.47469547667915024,0.4714654964375012,0.3799326590727519,0.4200770040877809,0.4325250370922866,0.381241504569802,0.5369794614804327
2020-10-02,0.5803230400354032,0.44900173946414285,0.5795707385484283,0.4470386233414185,0.6254248788295634,0.4584227175559952,0.4953597592064397,0.42602533225545497,0.4642054019383617,0.5259563966369192,0.5822407265059992,0.5892650149099268,0.5486574329920879,0.5545198256807942,0.5592950411498412,0.5140452811193336,0.6333745535449737,0.5310948575521002,0.42584530861487263,0.5058645664836434,0.5888211305528687,0.6906452389009857,0.4207490103396501,0.44818142205599126,0.5290290923857286,0.5069825029516948,0.5706224899237302,0.4987631036307861,0.5750365680459552,0.5776133745041311,0.480238496515514,0.6248452617753402,0.5605800160933968,0.55779419843972,0.5867765042900043,0.6634122343893207,0.3195595990440787,0.5649110473923568,0.5694489088258737,0.6297719874463003,0.5426998170747614,0.5202964512088235,0.6156811753284218,0.5414414091239833,0.5162703460874644,0.5657384736189519,0.5558605631531935,0.5215947410481889,0.4064925688393091,0.5600121109027061,0.5852464391428746,0.4904870455956254,0.5745581290065818,0.5232911428748158,0.5696058117149453,0.604131189348386,0.4968653790574561,0.5334040265050566,0.4382809244279889,0.6476282934459162,0.46826929614162355,0.4544143628566917,0.4833274952079959,0.5158416352041518,0.5068307985238185,0.4570437224971356,0.4885530088296241,0.5829534086666118,0.3743490684183168,0.5905416359708828,0.57132787440226,0.5788769276365809,0.583823796818969,0.5706826458322068,0.42630195232063905,0.5708336090491267,0.4566850030173226,0.549371887269718,0.466504817563156,0.43683470046982326,0.4672072767143984,0.44513934015233053,0.5690861677550059,0.5061900892589672,0.5694318974402536,0.490447623285224,0.45803223648840596,0.5441723990926277,0.38780704670348176,0.6700006965788587
2020-11-02,0.551841636935952,0.4270720825141373,0.5301361298417399,0.41294402825629817,0.5217296080358935,0.44787728112204644,0.4810006450499955,0.368055581417733,0.4716686365822097,0.4468272534917661,0.5085264136187397,0.5034050895256311,0.4696203279572102,0.47903190433875065,0.49781882171871467,0.473339810144471,0.5460421814144053,0.46163915396648464,0.3950151616424691,0.4575116254587405,0.5012930529186523,0.5604155673892729,0.4759944674625067,0.37712635604205846,0.4970346023841875,0.43465208675526334,0.49085451536516084,0.4418898225087708,0.5210879142605934,0.5017904193909748,0.4138241806467638,0.5443453883514627,0.4848310524997505,0.5174929306905394,0.5115369727186212,0.5201231486211891,0.32024978086847106,0.4811593116918098,0.48379677039410857,0.5484770169140423,0.481258380619048,0.44079706111707384,0.5299516577767508,0.5009163242509501,0.48731872473350835,0.4757464027725253,0.44704017269373364,0.46473760975978295,0.363173975194064,0.49870160131363883,0.49841885883528586,0.42400731569559746,0.4909621531301073,0.48719716992342005,0.49604889462266244,0.49702222511175104,0.4496481802408901,0.5133460786386452,0.43641912913601605,0.5457231198281595,0.4240256005794452,0.4074020005923733,0.43394429223597114,0.4569552150523938,0.4682808783201197,0.4634785082446024,0.4171984470729818,0.5719058368305063,0.310551724138444,0.5634838342553533,0.5261473600023079,0.4973988410359167,0.5151930334015186,0.5019203844370176,0.3711372933629818,0.4937500391814941,0.38514559419636385,0.5776690821752647,0.4504298932399715,0.43811955967224,0.42505072974342967,0.4123713898492349,0.4717465690972286,0.5205679905879934,0.4751519845690071,0.42409164206939887,0.4221121534654341,0.4459157477218292,0.4217742590894091,0.5680308199814513
2020-12-02,0.5356460796134624,0.45169040121336257,0.5660472908246802,0.43961345531331847,0.6206987386667618,0.46067562220514124,0.48239477972120826,0.4017341118230294,0.45565787546660097,0.4932861310244481,0.5896686581099592,0.5523328963707346,0.5115711032515712,0.5582401905443468,0.5369219886532797,0.5198818634511352,0.5968275374246687,0.5091684913377635,0.41018260338117946,0.47165599588891677,0.5547612047659554,0.6606510448865538,0.38206134547871207,0.4566008982269617,0.5360408283509493,0.4555126345269595,0.5759267445943699,0.5139528445788881,0.5669228507152132,0.5756492217445802,0.4822015505411864,0.6005884149728997,0.5399221598878028,0.4941734657799786,0.5724096875900357,0.5950966663229448,0.34276931915668823,0.5444197577716435,0.5478809143637146,0.5958443730600685,0.5428810458753744,0.47689985342726554,0.5862051919767939,0.5379551041315788,0.4981564077606834,0.5325812838034383,0.5205471691889512,0.5129900561550316,0.37833402137045014,0.5448415181971051,0.5873848301446895,0.47627720110441263,0.5565488265238746,0.4881619760172144,0.5564047176468312,0.5967835223689165,0.4837048106309652,0.5003591818749935,0.43510623841066437,0.624649742691257,0.45141828339570605,0.4734178185873701,0.4512283225771057,0.5364726905113485,0.4457160321220812,0.44630223403221675,0.4588001682561969,0.5848369536829842,0.3477331961444658,0.5644496621974959,0.5571265686094877,0.5499552067268125,0.5671252503313083,0.5548120271958775,0.4332850488605404,0.5236054954868895,0.4246723650134989,0.5580637813514041,0.4440624516104577,0.437437043365713,0.4532002678756519,0.43783284363944847,0.5556818694160205,0.5079713597332072,0.521269411205492,0.4714992509254649,0.42775654004697033,0.4955642114023216,0.3587272769381202,0.6444047318317123
2021-01-04,0.5191645583181023,0.4647156124232775,0.4947191682605017,0.42667148003215594,0.5423677878773661,0.44413177090318146,0.4595811285740479,0.377831305762545,0.47250214579764277,0.4341952708841501,0.5303752407272696,0.48762471710140853,0.495172396722695,0.5033899185030434,0.524775200152844,0.4786262977890129,0.5519592876057222,0.4852571020552311,0.3782580412103627,0.4389022895516565,0.5070813604103616,0.5679924822102442,0.3477486159137197,0.4448679160769006,0.5257789280963232,0.43769549826913967,0.5191890796561259,0.4735539954285021,0.5326375642546882,0.5212600590087865,0.4376284713973822,0.5434637963612194,0.5007479226085225,0.46613535926007926,0.5228580647227146,0.5449002318094133,0.3183278885002826,0.5257099207701381,0.5273026001717447,0.5286087969761329,0.4897230169168404,0.43510090395988144,0.5235960605746691,0.49075488291471286,0.4716495095377623,0.473572430403978,0.46882711540919597,0.4631318155099913,0.39536978351064384,0.47446186176150557,0.5290048013672521,0.415908661690566,0.5036785001841315,0.43484177317598643,0.4854681498561677,0.5036962145940357,0.503404900400172,0.4920472565546053,0.4458644197614464,0.5714073996763833,0.40957007652275024,0.4049729767648475,0.3951298645187819,0.4816397043715543,0.43095264232818375,0.4461342759104794,0.3996460983867373,0.5577098630105025,0.32252171010360914,0.5215927914755937,0.5301941194624364,0.4888488567752063,0.5058665007322674,0.48497077531249405,0.36092281825227884,0.5068944903720218,0.3977132613545089,0.5294565234283909,0.42035982782003845,0.42807114864688084,0.44583972900017765,0.40866340262364864,0.488182494879293,0.5130346401009097,0.46595700746520863,0.41638254936302466,0.42495297085791145,0.454546531996311,0.36847556607160115,0.5800905761100716
2021-02-03,0.5173304536565386,0.46510084443956673,0.5420881509831351,0.4527358689377764,0.5664606607131365,0.4543037309252421,0.5045146305350509,0.38037819921051946,0.4770934552737775,0.45251574002818534,0.5207206532793044,0.5231185917379311,0.5100977878668946,0.5287464161685983,0.5244719240026198,0.5014843606326613,0.5638109508329798,0.5083125231587412,0.4302535863612639,0.47542748972022697,0.5191525269952812,0.6233737566281273,0.36678605589339525,0.5005108921697625,0.5259354791007377,0.4545560187625834,0.5310163671208222,0.48361042755300654,0.5522932894208523,0.5624806891316916,0.46232329564753616,0.5774647849292471,0.49933799471562823,0.5101228707637832,0.5451946234011882,0.5525461357901447,0.3245065560758281,0.5833874426361348,0.5854541182207327,0.5521111877361586,0.5150366335150143,0.45171694947206553,0.5518240015966558,0.5073623076967706,0.5004013868532147,0.501075011055394,0.5117172636855066,0.5073915173964293,0.43030047238703223,0.5030004848256827,0.5451026138722866,0.4565679291258712,0.5184567801891986,0.45966769860384393,0.5059531792293441,0.5487766623204706,0.4692648949364878,0.49892822519827124,0.4274016287257899,0.6074393772175621,0.45901083151551547,0.45499533134051495,0.4059945803844564,0.48552304517830003,0.46751993045730156,0.4578432785924539,0.45067709188249233,0.5682258813496412,0.34813356387493855,0.5065387656407672,0.5253601527344174,0.4981229519567635,0.5171730758801235,0.5118683430283855,0.4092124606666924,0.49825849256318144,0.4183091255706472,0.5400791999436371,0.43930043025474474,0.4416341828258972,0.4572682813011636,0.3995262074872161,0.516534770490585,0.46474687604181764,0.4919136546123253,0.46356261023879264,0.4322443254908265,0.4711912097695484,0.35287640733900694,0.6048706446179558
2021-03-05,0.49273115507181486,0.46757609994583127,0.46806539472665254,0.39764561453536446,0.49542909815183134,0.48216677946312153,0.5251313370759368,0.389785078653324,0.4557745710358305,0.41362150107751483,0.500426372743704,0.46413440848573145,0.4645686491365577,0.48667485613420025,0.5187337164815441,0.482425074261095,0.5170507920990702,0.4845277732276076,0.43262467027145796,0.4490395511353934,0.4499353774399781,0.5630178053465039,0.36559041933311076,0.42621011045955787,0.5165166790639402,0.4257408841273836,0.493948912612113,0.45489085155538755,0.5098324514579237,0.5229774808689331,0.4334418937094926,0.5039442700723606,0.46468340135148084,0.47750655244028367,0.49427019751311313,0.5201037922035138,0.3460956713145572,0.5042023848105252,0.5052096576689928,0.5090873231264402,0.4781820117345,0.43445114898562026,0.5114331204053686,0.5248774072420029,0.4909006752709652,0.44395371775659304,0.45137648554813525,0.4549759581432481,0.43871123814237145,0.4734138816971698,0.49387457727189155,0.3970041878316007,0.46713039799955713,0.4494513755367497,0.47540447588648627,0.46721753887352996,0.461475753938875,0.4662580948180383,0.46189493594935194,0.5490594960117204,0.41037562557666113,0.41199725895237066,0.3793589644817483,0.4365613889141557,0.4226996274354423,0.4482968490263757,0.429496086839572,0.59821027275647,0.34389272084883193,0.47601299883246734,0.5679606206430909,0.45396953350622987,0.4682850568196227,0.4841739616960422,0.3732907707668754,0.4586010295833067,0.3884340073347237,0.5245467204833885,0.4255510484102767,0.4392808442680052,0.41653442420045167,0.41166453698770566,0.46497108061431525,0.5216678585501193,0.4321735809525652,0.40723854732342785,0.41881691946440974,0.44610625993669184,0.3673856526944341,0.5430825040328658
2021-04-06,0.5122609916220968,0.43648728063327197,0.5146102070672457,0.4165629866045494,0.5823513661527087,0.4505382789490377,0.5107417539981157,0.39865116042952176,0.4388524614954246,0.4750407671317717,0.5532983608667796,0.5107662746476589,0.4907298598986456,0.5178955978515751,0.5270098551540368,0.5110012431198063,0.5735328263555458,0.49567147941661427,0.4406512289165893,0.46749875030060883,0.5392771470720182,0.6117415227882338,0.3581303808827764,0.4631227856050824,0.5223005443862176,0.48210700817911945,0.5493681708414117,0.48613489600860477,0.5132163277927304,0.5288940774972174,0.4791948770400664,0.5567611960474467,0.5086523359065915,0.4786055542756676,0.5551266366320187,0.559447226584916,0.3133162228794401,0.5417340918511323,0.5429776557499033,0.550743050070855,0.5172289813650572,0.498941964198252,0.5401317872325372,0.5170729849106588,0.47850031118805336,0.5020222297547631,0.5312262354369325,0.507964507845262,0.42810819086167873,0.48546744167408956,0.5498217154247008,0.4439717798896672,0.5206016019442284,0.4686122931219517,0.48621198145319505,0.5537386587974904,0.47865776584600783,0.4817543567648694,0.42974013234011815,0.5844522012257164,0.424553773022618,0.45358797389273486,0.36236955205272503,0.46554731179639847,0.4280501153894354,0.4173792489013939,0.4478571860397608,0.607432279403939,0.3414823643662839,0.4931839260049279,0.4917691677862007,0.5211438046659874,0.4939945747881277,0.4974793547418342,0.4113279978810761,0.5226999618170856,0.43992192080025405,0.5209370984087089,0.42472241853961806,0.46548887542536627,0.416894591325968,0.4191514659115853,0.4977643585483375,0.47908098943138566,0.4848539894763294,0.45289977666160663,0.4162487686211195,0.4804719488013547,0.37373259379437634,0.5744826742769661
2021-05-05,0.4947793944024203,0.48477745908434894,0.5505638432122315,0.4491232875841543,0.5646323249180064,0.4853650120793782,0.4989334247494931,0.43937784384451056,0.45937676293308527,0.48397673490206133,0.5576457767570161,0.5428862619115274,0.4948338121730428,0.5555484630575769,0.5713338222364046,0.5230350665364895,0.5954438268621752,0.5053352513585265,0.4427730576295199,0.4736395612930019,0.5266395603835505,0.6097242501262522,0.39153207139939994,0.4308220289901738,0.5170829932016805,0.44474139561852666,0.5406228594843944,0.44557196297684953,0.5589740689525744,0.5644084205665932,0.5190044233860797,0.5649496921746017,0.5134465012534345,0.46826596391321035,0.572071882566197,0.5802313694489248,0.3577042348795354,0.5355662253822729,0.5373433969298452,0.5720179497438949,0.4829608760625904,0.49068319607934224,0.5644224073410463,0.49669183269598627,0.5117710782396536,0.529925584030114,0.5501101689532064,0.5383816776344036,0.46835534965754544,0.5469729086373836,0.5124705721735844,0.4610659497085584,0.5025086239964668,0.48907708259093513,0.5161893016353278,0.5795542231572268,0.4264531647661312,0.4888465693739073,0.47097159205778877,0.6073674283154474,0.4506696899738994,0.4887737090285584,0.3676271777252467,0.491370948586055,0.3665290859046511,0.44908115237752844,0.4651069638415734,0.625261929815091,0.36516456046346624,0.49880101039008456,0.4678547388777232,0.5338603421260315,0.5163813621626415,0.5368437999571896,0.45034700091912977,0.5010740341913956,0.40721717891647935,0.5305852753254109,0.4638798999832295,0.4592662110515818,0.42670341215246665,0.43832859277852154,0.5128665650883772,0.4822458797746701,0.5144112079790041,0.4666257575171391,0.4346860918568757,0.5031550643865522,0.3866448557400881,0.589244688282373
2021-06-04,0.5095856380642068,0.493564904896463,0.541556628006034,0.4618362823683628,0.5751810498512556,0.4798783662758639,0.49355086080895433,0.4254403826614343,0.4890562266378095,0.4731097690518971,0.5263248005939191,0.5375077866214188,0.49803539864081675,0.5534538540505566,0.5748799440365246,0.515935155125593,0.5830828534548561,0.5092843207478701,0.4511017752010839,0.47026656477212475,0.5088116571741043,0.632847220768962,0.40588134156048034,0.4983805460568538,0.5664739007175522,0.48874477933591765,0.5638593245475224,0.43777701360009147,0.5542448624135489,0.537403252630669,0.4923229902408865,0.5661660678229501,0.5102692823853076,0.4716885167103438,0.5568381649564159,0.5923774267620492,0.35877516453452224,0.543311621824739,0.5468352452654407,0.574974362046166,0.49092227247594955,0.4774259043335241,0.579088583162116,0.5153430427008023,0.5204629196798909,0.5275381295736357,0.5352298344629074,0.5250140689307989,0.4639677920761018,0.5466538088815306,0.5211583735756001,0.4663800105990367,0.5217948583404675,0.47675415771760327,0.5259808382960104,0.5699637899438719,0.425889679697232,0.49684815928346304,0.45585555123615745,0.6157818179688986,0.46855063332112273,0.4778623570744499,0.40456763219590136,0.5068096632336405,0.3834798744546694,0.4616505167576768,0.4847091660372956,0.6414455961572956,0.3704742489467658,0.4792957389282115,0.4490374413159707,0.5184237829645679,0.5433961943117452,0.5360704311827253,0.4312497776933403,0.4648460333246974,0.3957385082167285,0.5359670988956409,0.454347762678457,0.46856959407344656,0.4265280981629081,0.44448629494218284,0.5265351227727889,0.478101743424157,0.49705478665331976,0.46256196057982774,0.47284651676376743,0.4957325194948463,0.394239911177719,0.607325446101913
2021-07-06,0.5198426524930221,0.45376507858570236,0.5343940582323812,0.4700957674991917,0.539496755399715,0.5215982259657944,0.48040291221129167,0.40288095857647427,0.48173112820345965,0.4394992643555363,0.5115028914843698,0.5138870890574662,0.48311983634089256,0.5298581284985024,0.5074866099979027,0.4879128711561717,0.5558545616015963,0.5025388990665611,0.4267877556278494,0.4664667051988573,0.49506678779983393,0.6128412380976989,0.42254764713216,0.5132742107090131,0.5502824245055319,0.4422071349863077,0.5209048821419646,0.43348750105301453,0.542235518381235,0.5599879657230101,0.4527876032379246,0.5384175198631499,0.48858500269728294,0.4768597537174589,0.519523501724069,0.5559473252563846,0.33907998971849546,0.5431390426806837,0.5468968295492731,0.5387786932397316,0.5219478780637372,0.4266061050083701,0.5398421467903615,0.49278729143186395,0.4660777581482698,0.4902727968645797,0.47239192342350417,0.505663939160228,0.4283649852048292,0.5136316333854254,0.5325415107027901,0.4414863509331669,0.5019966587190281,0.4568000576892253,0.4951689707908174,0.5283157082514439,0.42485090194890185,0.49579731671663985,0.44419139874408303,0.5941776618407903,0.4578482990702095,0.4435873612659554,0.40544277108887733,0.48182817896776664,0.417432144986898,0.4564442171496388,0.446806444158844,0.6069278816526218,0.365642738778125,0.45745827439090414,0.4706411471351883,0.4699347109058293,0.509331130952467,0.5260170242106879,0.3954828896940337,0.4783377976547624,0.3951202398046052,0.5373548163488896,0.4495219639454031,0.46306187114820807,0.4310310491133578,0.43191058906009183,0.5012458442109534,0.5067272284353445,0.4679127655995308,0.439895910599273,0.4476750660335224,0.4611271203660637,0.39366825070436207,0.5859553210792963
2021-08-04,0.5467647603134514,0.4860972623658345,0.5557106765886793,0.506330875981517,0.5986806359572522,0.5296153487194178,0.48644086644763135,0.44331078050814,0.4673373832401691,0.4840944437265952,0.5918550264522139,0.5272153875196636,0.5204864428791844,0.5242913874809652,0.5524520474248366,0.5248373079308045,0.5992856362908257,0.491242562823147,0.48155312721237603,0.4987576980190683,0.5443787607766863,0.6388654531529916,0.4218823317232571,0.5315394786596581,0.5320582396757602,0.49192675133392944,0.5952766462759499,0.4734760849997967,0.5799081956983726,0.5516937817071983,0.4869153410720487,0.5632504318818752,0.5347686401531888,0.5235161002967734,0.5934569694454578,0.5654683659262291,0.3523176622321206,0.5861418694508631,0.5867783254251471,0.5792980598261828,0.5681431409200871,0.5096826441418615,0.565184938266757,0.5179589138006693,0.5092361540505381,0.5208755000475513,0.5664707738896404,0.5457342344431271,0.4906499506213185,0.5396858774650758,0.6005426224000092,0.48978598348074126,0.5645851256670126,0.5150245633499694,0.5261804171309179,0.5731313965830396,0.43292990917908497,0.5382671210004359,0.4369180600099112,0.6269450578851796,0.494293386547842,0.4756939083026147,0.41944636007576686,0.4934477307778419,0.42019374562849393,0.4174084756482688,0.49015156155667433,0.5859419452694938,0.3966249272533958,0.5061788485125689,0.4719155317360271,0.5340290779070608,0.5310047290617242,0.5193304703634016,0.4163946518446463,0.5353445962402087,0.4543356366594958,0.49828897442901304,0.47249311464034505,0.47889759056580045,0.4628113285866718,0.4594317047338948,0.5599457363793218,0.5061356445218107,0.5107665663677935,0.48656509913084894,0.459490306921699,0.49931056487096354,0.3807308961531019,0.6209235064070511
2021-09-02,0.48543163287594926,0.47185125763665436,0.5178172479262688,0.4483764639460839,0.5353435074312284,0.46262922222213093,0.4781753479947384,0.4142325320322736,0.45118010735654174,0.44143553229158083,0.5257527617870318,0.4888351187815527,0.4610116813571677,0.4911623740729691,0.5268410272164651,0.4930741932666315,0.5563334332624591,0.46568554140580876,0.4601106620655923,0.45159900386803775,0.48654297875042923,0.6024353377628804,0.4327084941275382,0.46649694266776115,0.5275203914032507,0.47168082765854846,0.5354753395691352,0.42496041968548803,0.5548529782973671,0.528377148954062,0.4454743121958645,0.5107644495353357,0.5045482207617983,0.5177623856564194,0.51500252718265,0.5340244507193151,0.33979930322022883,0.5272198925210168,0.5275491429755239,0.519704724552508,0.4990742742182166,0.4683864901625591,0.5300358316627438,0.5253032033657861,0.4707623354030936,0.4690815250897367,0.47960948307223056,0.4880083398617926,0.4504947649629223,0.4994045437576715,0.5152612535170712,0.43054036488068115,0.4942981308995142,0.46686493278372937,0.47504048352869926,0.5128526584679836,0.40380932224953037,0.46231539017399575,0.42887949227995303,0.5669455992940667,0.4476535399028841,0.44369396754721746,0.3725717537979911,0.46384700383951893,0.3888282895257977,0.41106714834760816,0.4338712012599044,0.560510022032063,0.3626065895637098,0.43433686590048237,0.44284028805276016,0.49501612504997594,0.4824015857383757,0.49622984560430045,0.38704789104538717,0.4772171741532789,0.42376932129692224,0.521479610401756,0.4471520522759877,0.4882992947344409,0.4141845934477825,0.40884988728132565,0.5015060391159805,0.5417398176616319,0.47740656011717175,0.4321049714829512,0.4139834605581292,0.48374190760418573,0.40127271953739335,0.5778041556319593
2021-10-04,0.5293784006751721,0.4649543121480414,0.5412286173795114,0.4776792692028875,0.5706980096718254,0.5128189591929324,0.504374519032139,0.4287347295691158,0.4543398462011045,0.46341480576875754,0.5431611494811517,0.5218134192508819,0.4939980735003272,0.4934961902650944,0.5778424322905914,0.526684578623946,0.5885106183036072,0.4748494222182165,0.453948518396144,0.45325497573954543,0.5236473401488807,0.6273459797126214,0.41706354855384026,0.45609778669785883,0.5191128942886498,0.5166211358286027,0.5698946409120749,0.4344651240973076,0.5666910017562522,0.5490580971925252,0.46179753914740934,0.5569446391686,0.5271361406299623,0.5024080728736282,0.5431785592164613,0.5659705457545731,0.3541905268689714,0.558810344578977,0.5591805190530414,0.5559316561060998,0.5063648524258283,0.4819396559501669,0.5270142163627372,0.5155831197411113,0.4930615012906108,0.5141651651100366,0.5147946864529263,0.5014866437378882,0.4747022880836154,0.5048693587963587,0.5279305979174762,0.45048007694891645,0.5045235541875688,0.4753351791338844,0.5006101420784694,0.5529222854889193,0.42175683872098924,0.5050321633409063,0.4554372962813471,0.5908134895350455,0.46711649099620883,0.4658500435871024,0.38020580496546635,0.49278717221296403,0.40733645664341944,0.40690121499870346,0.44507617479888645,0.5670152647709805,0.3632336729287584,0.44802026379170634,0.46810794933750205,0.5316527623027029,0.49281140899130865,0.5148830264942599,0.402268069187595,0.49229030012964026,0.4280974184343235,0.5457786358488077,0.4699669092118262,0.49879519900331293,0.4273894562645095,0.4182259766980717,0.519096975514612,0.5376279178192337,0.49845401075228685,0.45307123760467155,0.4375068078465091,0.5013845274829253,0.39131972916118973,0.5943318022123582
2021-11-02,0.5291715161098874,0.4722555354684821,0.5315698238796435,0.493437026564908,0.5652290375401761,0.5123776379432624,0.4769304051175396,0.42301301553496845,0.47118473448607834,0.46151229853941556,0.5356780333559511,0.5026949900065569,0.49066918169482027,0.48935445791936,0.5718594190609847,0.5088238055483878,0.5803214322248091,0.4228736829219509,0.4429014804128473,0.45405192430549196,0.5194224890376649,0.621483373207119,0.42535343752480304,0.4787885502570998,0.5104937770836614,0.422936087790048,0.526581866573561,0.4161951276878246,0.5761195781815521,0.5031313827321156,0.46702865409239475,0.5199245735702983,0.5328467878719523,0.45532670487191096,0.5273666881171261,0.5370192390238615,0.35147331133076376,0.5523965674490687,0.553952375114582,0.5431342386876107,0.5094199002345136,0.4553837576726092,0.5288537403179729,0.48366540544717795,0.5020853693797539,0.4871905993973714,0.5323602828150374,0.49118605361309636,0.5028857482418929,0.5156734504992972,0.5229493173043785,0.4536855334797981,0.5181947978608554,0.47859294210400194,0.5104094517133363,0.5333215579128777,0.4093914767722979,0.46677540869715045,0.4525922115608806,0.571850553395581,0.4672844967562201,0.47941441508520405,0.39274069115100285,0.5221850370209318,0.41145451391682464,0.42103353432896995,0.45825476924678443,0.5961069231903161,0.38879672683341054,0.4504057258879744,0.4545823944977835,0.5125385348539566,0.5157554366939807,0.48246891309946105,0.43218572460104915,0.5082649458483798,0.43345786161785405,0.5181576219077468,0.4512645011751801,0.4783386204389931,0.4303056227397922,0.40370800444528115,0.5041612540080175,0.504642422902314,0.471087413506284,0.45350914474645126,0.43876485179546953,0.46873731640062527,0.408529541307216,0.5746625412920796
2021-12-02,0.5277860149336998,0.49360119320691603,0.5162643827500509,0.48224922078224375,0.5547968685006819,0.5224078985528393,0.46829728631646467,0.41911642623946654,0.46874428570379645,0.44409463045801956,0.5219973356165262,0.4801877122854629,0.4661703940876452,0.4934709687584522,0.5380459977683156,0.48043899536312573,0.5508283031765937,0.41361141404315804,0.4613573990595506,0.45592719708064133,0.5021962603314811,0.6056048945488095,0.4312942565400918,0.5087898329991577,0.526201084270609,0.4550649498873247,0.5453262666080784,0.4203672582480191,0.575706658015523,0.49707917884514113,0.46790819395888456,0.5057714611383891,0.5138102905468855,0.4716545809965172,0.5308658251172332,0.5449633161251469,0.35453572530473604,0.5533721852816784,0.5546435624097272,0.5279127139859929,0.5177907366774741,0.45168621423559885,0.5219767802397249,0.48383242799112963,0.49784232727912353,0.4632559984437867,0.5320273903418976,0.4983064486728061,0.4880548689414162,0.48908665086191183,0.5485042392921966,0.445483682723156,0.5295976195185778,0.4735523387861186,0.5078880807186962,0.5214403989375264,0.4041470031145749,0.44307092528080305,0.4084206308991321,0.5638568448210015,0.4754050378439207,0.4807692101247563,0.39548582089942663,0.49188961731395725,0.4325211352923832,0.41655161537364394,0.4579057516134163,0.6040655373404734,0.3781412929895685,0.4327418141541294,0.4708625193378746,0.5103922998985913,0.494453185045387,0.4687963880309305,0.4301473879625154,0.49738034250220475,0.4151482430243215,0.5098355172588158,0.4585990972974907,0.46296748117189096,0.39828526562772365,0.40058891863913504,0.524848816533066,0.5379428214828958,0.4406459395564656,0.4524848359397527,0.4205958365569306,0.440397421281855,0.40567884432030166,0.5682175338842771
2022-01-03,0.5238805205995458,0.513290757874912,0.5587111404179528,0.4785110941217651,0.5834060815039472,0.49514662718514313,0.47561314833745194,0.42215808986736614,0.4779139538368387,0.45767779246875306,0.553481737907136,0.5196865892590606,0.4860901396113823,0.5297625442277066,0.5498120825698812,0.4812456343686617,0.5736616267209355,0.46984650026946523,0.4583603905302473,0.45294210445438604,0.5183601279194413,0.6379211115917135,0.41069068751077825,0.48654374750901774,0.5571218996270891,0.45800324029301204,0.5585293621863121,0.4478463860488999,0.5847890422753711,0.5429971244727885,0.4614126419194793,0.5641632759853851,0.5507792513703924,0.5048843452083638,0.5555516623589276,0.5345093668749424,0.34799665098913096,0.5569918831723748,0.5587912496612868,0.5451314098696631,0.5355462049486501,0.46378280136465844,0.5509778857002269,0.4869853750454955,0.5140607797086396,0.4986631505564699,0.5060892019687764,0.5379453869796861,0.4805140476616518,0.49297718099091603,0.5713774513116675,0.44609208272635786,0.5040712864090894,0.4753821726274376,0.4855104559716351,0.5622276775928904,0.4288404302304152,0.4651854556330149,0.45525705118528936,0.5903755746323832,0.4763619671058654,0.4703155551704886,0.39221276490146995,0.5073193355852145,0.4627443790294077,0.4208404331263334,0.4562249667952314,0.5903164522980494,0.40492304798728485,0.43474664865019397,0.5075780488469266,0.49876685493780887,0.4888490175116037,0.5069822803029352,0.4190933713667924,0.5079649805193336,0.41233535354063355,0.5402103584421863,0.47014938565506637,0.47773626330375085,0.43621248456008455,0.41428407679090357,0.5578637255406385,0.5377156913199201,0.49986730521441536,0.4454454332974057,0.430992180437441,0.46660858034052966,0.39313728198768444,0.6088314508892541
2022-02-02,0.5670535220981004,0.505594119713757,0.590295671853395,0.5299098779123834,0.6357768242776345,0.5078282564065967,0.4903336767303727,0.44824972685577813,0.49167473314555915,0.49346042585408684,0.5876208213353111,0.5596098247237601,0.530026499386364,0.5578938651403924,0.6005350772252351,0.5269969259882826,0.6292350248730174,0.4898290597134577,0.48131669351394823,0.5003424896519497,0.5700887624673698,0.663698399820684,0.45350539146264934,0.5324572416303771,0.5672415291755432,0.5168175786894939,0.6015459933078097,0.48923286249052717,0.5865953053305759,0.5735038927643649,0.474475674181306,0.6065808852783086,0.5579790998843459,0.5688244754485238,0.6033542641264746,0.5467255193329366,0.37471261109858733,0.5941010032140889,0.5961968671131113,0.5744449687114782,0.5697132438820048,0.5147479365723476,0.6108483924994654,0.5052769295191362,0.5287437120626404,0.5245649274346588,0.555783751991666,0.582710743275496,0.5220129064073092,0.5074766307506507,0.6104818195709888,0.48416127703601836,0.5439524560128488,0.5097465901597777,0.49605133671129226,0.6023183689863297,0.424252945031427,0.48605474092097967,0.45600515159813604,0.6282809388203245,0.5203765926196632,0.49743535386402504,0.41343240619239835,0.5563490326675242,0.4971861847969937,0.4185730441932513,0.48229839626818105,0.6133933100396579,0.4121021894013236,0.4921735045584371,0.5291208841004196,0.5396874890753081,0.5239596297067872,0.5012624489430858,0.4320133056209528,0.5632857952616969,0.46870608086786536,0.5482590930795841,0.4895570527428576,0.45766825770450265,0.47402872075855373,0.4544078260395218,0.5916458232635733,0.5339370582969428,0.5299047345730377,0.48309156983811197,0.42756169161900814,0.5080349478804693,0.38714748724255926,0.6381862919414276
2022-03-04,0.39719231485930223,0.45683118835251885,0.3775904618368429,0.4065115934112599,0.32332231749518886,0.487987304671993,0.4367893532564005,0.3991703426435327,0.38973986662713017,0.29577599123424314,0.3079020258632778,0.33346191494801425,0.3387505476980654,0.37709360945231774,0.46416084863015766,0.40467715364083856,0.3864649101629286,0.3694664540092693,0.40992897115765814,0.3399461988036806,0.29108777508634304,0.47552714877836877,0.48898620933557174,0.39686125553764146,0.44092556118112053,0.41343200792936763,0.4062473632871424,0.3219086016195753,0.4654530062828118,0.3680284927797179,0.3581553295225834,0.2911601805926607,0.43084747551270075,0.4429081478354286,0.34341964120145035,0.3675063104202799,0.4066167153458166,0.3667957250168571,0.3669732963683695,0.35397901944084353,0.36905222016743083,0.322637878953468,0.3917516872472907,0.4405494619856375,0.46110988208522546,0.3071101995630792,0.3367930716756852,0.36608954359671003,0.4920680964929076,0.38285417528341087,0.3283762568241975,0.2601428966350351,0.26642271512383875,0.35957468597336145,0.32730340181747236,0.3025221122374541,0.3149775708061744,0.4149146535058235,0.4390699731163674,0.3390701282691872,0.3715707400803639,0.4120008698576559,0.3691421251738193,0.403872949714982,0.44363766567162655,0.3779818414971225,0.3456750267212009,0.6118696116043011,0.34698246798478194,0.38768102665740817,0.4398738949684073,0.324620449171313,0.332563465002847,0.3460930839865433,0.3249862133571561,0.30398200817026,0.3531250925950701,0.46530981267216126,0.43096811325935663,0.36670551568161813,0.24570727860106237,0.3586792442411306,0.35563888183354664,0.4959712450376253,0.28646937475200235,0.29370207166836315,0.39934000022632854,0.35684648477189157,0.4307896545044709,0.4661477976565785
2022-04-04,0.455661056847926,0.4422531030585212,0.45746681864399324,0.44065564721110123,0.478888217992983,0.5023132199118218,0.43676893879020023,0.4813785474183986,0.3535441456262849,0.37938943125850844,0.49742521570936055,0.38531995676119907,0.40496537507355784,0.4643300496611407,0.4590323264180586,0.49926979217689305,0.4890424457500426,0.36658958683015813,0.5145414285969614,0.3900684278667024,0.3785121252393041,0.533094195474246,0.511846338082349,0.3912907302435952,0.5079618060586022,0.48008630261140417,0.4883112647062213,0.34910105539211006,0.4449280125757831,0.42620906275792597,0.4957345280156295,0.3598286874477609,0.5044635580757068,0.515957808040312,0.44924853564461115,0.43133614848849394,0.44294820032823934,0.38751084508680744,0.38970552365871575,0.4095936198146407,0.5186452445097558,0.43875293319207936,0.4533074535430701,0.4388313496983417,0.4321152095140556,0.3643628709654266,0.4202827528913079,0.46041595969404797,0.5326767333097355,0.416596284265772,0.4748542612387337,0.3561009907473752,0.42132926003115995,0.4778359773107199,0.33713563807049196,0.38967605775051656,0.38719371557196236,0.5012119677678527,0.4717422324560693,0.42841358428504694,0.40114477769933665,0.513532869514513,0.36600596347249587,0.5002880675501697,0.47094671610097055,0.3566771391716986,0.4240835168190653,0.6398754339992564,0.4936114379079286,0.4640832982259291,0.4984430529820356,0.43648674970404305,0.3472588569765312,0.3843207187096521,0.4645425573064372,0.39166647011613337,0.426004669709209,0.4752574212350357,0.41282762475997237,0.4326145454994765,0.2965624038756467,0.41663419453660366,0.4313915562403512,0.5284222250077869,0.34238930387072486,0.38779275289720855,0.42649874548762917,0.4180338793124434,0.4552131352914096,0.4702892058530117
2022-05-04,0.4781277526921162,0.4804276216395806,0.5208307706410973,0.43413405653521936,0.45389871636480716,0.5046496293605225,0.44717906541850616,0.5254350907860408,0.42725076222671554,0.4064953987791657,0.49577956935956974,0.41892308131161454,0.3972749628587043,0.4717007148058868,0.46300119902576164,0.4747528388355315,0.5338502856471012,0.3848573751521111,0.5172118788861905,0.4066141458816087,0.4001703523876935,0.4935229677999978,0.557761370527017,0.4177904672860217,0.5195008015168723,0.4388574390806045,0.46789134093681356,0.35974568128392137,0.4924185346387476,0.4339958738852225,0.5064846147500012,0.3714411530820665,0.5141167423877797,0.4412163999951996,0.437584091410059,0.4143629673843858,0.48497722457261044,0.4043706055336149,0.40211015106098175,0.41804788153783756,0.4924590945546336,0.45075655710630824,0.45037393918859575,0.42147874326408763,0.4652096224828488,0.40129364682074886,0.4397186979993467,0.5182768298995503,0.5438970289899414,0.4015689637024267,0.4427889729778112,0.3552351602347426,0.447683911562344,0.46692601692698565,0.35907929593142224,0.41219192213458244,0.40620464112519383,0.5073245068746035,0.49497078679405515,0.442471462738908,0.4016405243968455,0.5398277825910376,0.3920211806229229,0.45832737852039684,0.4796099014291836,0.40285598241737913,0.44064799586807557,0.6262666693191372,0.48815706996735714,0.4796081468294711,0.4544660911160607,0.4156361328373708,0.3874677304701413,0.40705622408195097,0.5193810692900577,0.4209653192378388,0.46382635578064574,0.49798459730478334,0.4128175982605065,0.45690283507660595,0.30465310979839755,0.45221572763456813,0.4354456584936159,0.5074791983344427,0.3879837889857854,0.3738435180113396,0.3866698284862814,0.43114286956260167,0.49889531527268843,0.4594584719497758
2022-06-03,0.49980360521351563,0.4598415203550441,0.5078258273310176,0.4345680838424718,0.43762880472815335,0.5214661110751867,0.4497186116059053,0.4959395987098732,0.4531274203923507,0.4061947156519908,0.42381924025514034,0.41083127355053395,0.4148409964629075,0.49041638358320155,0.4221662227173879,0.5155391562522689,0.5100352771599604,0.36631475401507857,0.5117900804704432,0.4097166150312898,0.3704619413981181,0.4871804470731288,0.5562084665513712,0.41103586403465103,0.4703755671540625,0.464334404580776,0.48529879890275307,0.3569777420873342,0.49895366649986617,0.44361267086409323,0.5085197436293855,0.3600912481959869,0.5426559348210954,0.47037305795009393,0.40951876274408905,0.418771931012898,0.5122220652446955,0.41177645421719167,0.4106999413402307,0.38410883311558597,0.502765874395156,0.44033055718783837,0.453926225570538,0.42651160773997376,0.4529146996457085,0.36749767902575503,0.41342147731448425,0.5295902561550752,0.5367624660257765,0.4356805806448048,0.4558557472622618,0.36780500802740285,0.4437112923855261,0.46869069967618243,0.3323877978927127,0.41546907110533327,0.4066929102437584,0.482423872585253,0.4992589176855951,0.4106856502726194,0.41434063810035743,0.5798185112489487,0.37804914138434753,0.4657066439335324,0.4946057470499189,0.42462389618024804,0.4486556557622656,0.6040894544495331,0.4840619398316928,0.5149434612067174,0.47322231534453285,0.4138461076880414,0.33316472759330246,0.439766801575706,0.5079069936171713,0.3966758079142209,0.45070509338108755,0.4286392299476267,0.42900904628190534,0.4599147032503214,0.29338156669919013,0.46119068951911896,0.47636889792667825,0.5339501846281121,0.35075626871166815,0.3766438433657356,0.38398549220402234,0.41930711310828106,0.430269262565485,0.4528900036444201
2022-07-06,0.5051489211255186,0.4560170677109931,0.4806236166343982,0.4344320817740574,0.5108190974397732,0.4758149652630868,0.4188223474362114,0.4710874487884301,0.43133023117268604,0.4326717869006299,0.461184628762032,0.4407221816667633,0.4420463108526969,0.48236425708160796,0.46287780377301113,0.5466880300070998,0.5868735464721387,0.4158343134405402,0.5147075885121161,0.40806474785121016,0.3353265438171624,0.5334678418471804,0.5317626043725684,0.44934439700689477,0.4776904560171401,0.5011886000874963,0.5480490934239135,0.4096273550597616,0.5162986126941932,0.46156966817469036,0.4821255106842323,0.3945755763582178,0.477094329121811,0.5076618558119146,0.4689224864323479,0.46240174029566294,0.5165153792593351,0.4094597003227009,0.4097864066975072,0.42868665682546747,0.4741912225158792,0.4643744455117487,0.4573379332943159,0.4461985299407171,0.4523207051903138,0.42269464253655714,0.42304081465934606,0.48271425013206265,0.5205748368164709,0.42686728285619824,0.4401291452710996,0.38869028568011366,0.4849136190501442,0.4889419639461318,0.38485343791072013,0.4769165136594767,0.44175398132237775,0.5108547181172111,0.5288449722500363,0.45570899119463637,0.3758439801470835,0.5295650608138434,0.3856613709248709,0.44177079201260594,0.4731082810198373,0.4123133786595843,0.4592572825919495,0.6065305682693573,0.4970041700730508,0.5204239175233009,0.4473812838650658,0.4504581436510223,0.3236294292734193,0.4353867791947109,0.5226879207512245,0.3730519312351738,0.4706889823718004,0.4558006608333926,0.41639340942735475,0.459355623260122,0.31747384074590496,0.4566993841892501,0.45735085999073705,0.5641414992501657,0.4008795809562277,0.3772592346061465,0.3905189085924674,0.42982416880465013,0.4751201374396221,0.5028457038185224
2022-08-04,0.4472515923390938,0.43335663748607145,0.48584880136144926,0.4378501973755152,0.4868698357290279,0.4426415943773239,0.45190656693091097,0.47745658086313736,0.4543411224485431,0.38259721524459106,0.492681781078888,0.44951194172738185,0.4216215101186731,0.4890928386226837,0.47025186794478663,0.5390012286515337,0.596828410574611,0.45708761012800836,0.48983301485159914,0.4172982092927364,0.3402015491860629,0.5534264861711791,0.5719477298612384,0.4485552970714584,0.4766300476562574,0.5110649428259988,0.5852510630508374,0.41406741548993314,0.5005011676461698,0.46836232850554366,0.4996343985492344,0.40490466887938,0.5113065423127788,0.49259269738058714,0.46230978368799197,0.4602919878922845,0.4585659152992261,0.4231281045347629,0.42016852021768314,0.4433589394729248,0.4525505775677192,0.4714789251954827,0.4643969560381382,0.4225701514916327,0.4517409236007836,0.4259476779831808,0.41944006566511044,0.4826167656329774,0.5710458061713277,0.43051429770714106,0.432245365834749,0.3600462082118606,0.44923910001952955,0.4612727455907261,0.38666034023624496,0.45966418222630046,0.43234349937108035,0.5538475561871012,0.4784034300991176,0.4663286353140264,0.41081285375347826,0.5511048312950084,0.4933746628118122,0.45115647856471197,0.5148014202688537,0.43832773952252435,0.4354743127997523,0.5717119108033755,0.4398569785960909,0.518769266247376,0.4675110326272716,0.44168777526627123,0.36016249649492293,0.45340730631451776,0.5173951710906572,0.404650514771552,0.48760752737082436,0.45759171347197947,0.4224969730994698,0.43072623863141174,0.34461850027467295,0.4829915097650199,0.474793141827488,0.49210939148942695,0.39855776061294995,0.3739501049914828,0.3797346658347555,0.461693721033929,0.4821354829558773,0.5479090940086329
2022-09-02,0.4741950328043385,0.4799730997552589,0.5134686613618848,0.4331755427378306,0.4591212078344289,0.452087050627779,0.4572490692514535,0.487941970258069,0.486491295358972,0.44890626586261057,0.5247271631275412,0.45236484874448213,0.4389257130616642,0.49378782509789937,0.45135792433640265,0.5176829139795153,0.5565810771000773,0.43352994985246235,0.49050330007181403,0.40020394665454345,0.3638084923091498,0.5345071963809415,0.586624643726564,0.4427601707808796,0.47864339192481525,0.43016923970789,0.5176239004196624,0.42863834926048655,0.509853619120535,0.5146407765072499,0.48291009639093235,0.38572176236758543,0.5420965053837011,0.4914567321425024,0.42726138699851357,0.4564770382174089,0.5035114759078997,0.39066960251602806,0.3860505743722323,0.4339778989677459,0.4811046171825274,0.5106100536798794,0.4543697134168063,0.43012497682951845,0.45059808593118417,0.4109306817399901,0.4327733862026393,0.5002544946823424,0.5424901806474598,0.4183245349719879,0.47210456058854194,0.38730584842137616,0.4374909210302493,0.45097757556851975,0.39882187934264296,0.4550342031904158,0.4692240561090614,0.555245070380834,0.5041008716748726,0.442234818892287,0.41159137216786146,0.5775564544162909,0.5605569707346598,0.46805117117448636,0.5036647000370534,0.4396616792001465,0.4508909110666007,0.5786773373794779,0.46764197335006746,0.5431221563393197,0.46905542512458975,0.4455030526916417,0.3926607218603014,0.4583453219617841,0.5278755834566253,0.42254378930481135,0.4839932739316405,0.5403638995914368,0.4332253227211478,0.44946615354954317,0.36434291254676493,0.47195416144846886,0.48130366844611194,0.52351196335184,0.3885067747350279,0.4091316592317791,0.41111298695831483,0.47990067519976354,0.5488688611579199,0.4890561213659069
2022-10-04,0.5095493717569147,0.4795061928700972,0.5334281509987783,0.43945568529638984,0.4527582118283954,0.5029378980211925,0.4417306561607784,0.5100905982453406,0.5037357570265583,0.4433787035955321,0.5415125974777315,0.4062962619777511,0.4498966641077892,0.48357213994955245,0.4260656866376847,0.5313392636072383,0.5175098745405633,0.4467324382723778,0.5147235268848795,0.40442125788764566,0.3781749833601745,0.5537132404538966,0.6090512919691833,0.42953401196510865,0.4971797612416162,0.4722767765981191,0.5265534952249329,0.4561498649982034,0.4810647115079966,0.47570943734416293,0.46933753332527484,0.4092558170640466,0.5374809165840487,0.45836113343704515,0.45333127837513476,0.5004756156249868,0.46615612653787336,0.38605761620877005,0.3816651736189895,0.42532249928541904,0.4849510898393331,0.5328526301502043,0.4891281316607992,0.4410859047189643,0.43615024779628525,0.388327732158034,0.4492367620534226,0.4916748117210448,0.5494848229028786,0.45608401739847726,0.474193984159442,0.4025678649163859,0.4375364486238947,0.49307816074923166,0.41561778384627834,0.4489577596135871,0.48810206306042275,0.5666327182052806,0.48523824773701996,0.4253144310508905,0.4503129943217934,0.5823340762289659,0.5530272991313773,0.4665960971249183,0.5256052986594625,0.4369885121702212,0.4667200385497783,0.5948872131933597,0.4581147647302299,0.5441416498059843,0.5294343098821359,0.45937063610964796,0.38295212392639644,0.45294879593816334,0.5039939601121662,0.44909992792319514,0.49454309820355796,0.5572417758350775,0.4288021252754131,0.46486739209473127,0.3889537023553711,0.4690033896194244,0.4899621221171475,0.4999564147228537,0.37839935196918484,0.40703738093319847,0.40625861213755793,0.4465011648154964,0.5557006254436118,0.4420815147298614
2022-11-02,0.5408157566703627,0.48280098531110704,0.528402854791218,0.4767231121975981,0.4171111625750286,0.49994298863968145,0.4508005246800265,0.5527293613936585,0.49691506604274854,0.4291510535893036,0.4900314429874958,0.40348194185972075,0.4414401666802872,0.49417375530706315,0.4491331308701461,0.5015169268172411,0.5097897835407933,0.4732086998732254,0.48902987442649487,0.39131981355814294,0.35590103341235363,0.5189747283413659,0.5716471126480821,0.43213711577130043,0.4533023793142556,0.388638069211796,0.4809554327998045,0.4611325994307367,0.48501304730183364,0.48606355854575245,0.5120871297047821,0.39941117785546654,0.5667013185371144,0.4730027030784449,0.39183693792505997,0.4586014706908969,0.48456861155158204,0.3849794557909063,0.38121965966124566,0.43295174033025374,0.5001194309052811,0.5083385920466016,0.45604301836267436,0.3821148412737345,0.44536115459227354,0.36500625193893493,0.4292892198815619,0.5130928433422031,0.5833723489949093,0.40426498187312365,0.4519287409077871,0.3914728715672786,0.43524633457783285,0.46994937657651126,0.41768754475556985,0.4372599626610909,0.5442592579431165,0.5529332200452239,0.5164481780939236,0.43393815470772823,0.43706347530369916,0.5781803700470669,0.5114054634760211,0.4826960291798123,0.5097182893315444,0.44730254396242486,0.45904145767987525,0.5945097184018128,0.4792719332825267,0.5074499516163181,0.48257793590018494,0.3945744954406994,0.35606464508622976,0.44308115007299836,0.5468392071961596,0.41055780132353936,0.4568820363984506,0.5310875760324911,0.4379477155527335,0.4471372750455963,0.42281408475432364,0.5034677208992794,0.5025742185674202,0.5240352077395719,0.35939919428186334,0.40814220352747776,0.39672792416772834,0.4245232895392054,0.5054008368126555,0.4330065757753184
2022-12-02,0.5124880979109409,0.45032337766604974,0.5101179201691987,0.4732489784402843,0.43801655510670007,0.5074009986817107,0.4612948551258652,0.5482416780373864,0.5276070191743739,0.4413730631430829,0.5312001015338381,0.4559351386545183,0.4713076341180106,0.5088319385120446,0.4570683750855868,0.5201072458531287,0.5106389140579823,0.49607985469526145,0.5236947550000132,0.4286131049280219,0.3554879259761139,0.5471286939036527,0.6233525247114172,0.40413860953676795,0.4809662594880533,0.45755402249728727,0.5105404481268803,0.4596378052684039,0.5066470943213153,0.47514879053946096,0.5284562914358313,0.470140141600287,0.5898402410391224,0.48590957176747873,0.4497668034283807,0.4900099703374393,0.5150286642987301,0.37987681577903404,0.37964140908715055,0.4602266661224348,0.4856373928822321,0.5543783922532098,0.47447227001661496,0.4432838919383767,0.42751001158661234,0.42923223680406264,0.47949703146331724,0.5150968076753235,0.5512220774439771,0.4615785980555164,0.42449701499635933,0.4089632873011956,0.4650375704522884,0.5419834565576336,0.4054490625403297,0.47213947963234815,0.5853451863111289,0.5249090655706533,0.5196574887329756,0.44722358274803303,0.43225802948680275,0.5969762707062893,0.4944176161989846,0.4736255133401463,0.543062304738507,0.4748382878151176,0.474137936488682,0.608968476911863,0.5152819589156992,0.5442986327780039,0.5002500148087234,0.4468163942800094,0.35888123292418944,0.47158935305593724,0.5604369505995125,0.4795705511549758,0.5353813962033459,0.5216092840459801,0.4353466500797822,0.42620400794896457,0.4327250110421965,0.5177189193942172,0.5189625179961472,0.5350012975531113,0.40851936804497263,0.408267988748225,0.4288385241224783,0.4279580464948786,0.5204115562576925,0.47309657339373357
2023-01-04,0.4861838992313873,0.47012113702498604,0.4882959611600833,0.5175622497597037,0.45638569253604716,0.5083000701054313,0.5027865708807199,0.5736072564049879,0.4828835451056233,0.4492719112642552,0.4888596354363506,0.4639418212401033,0.4765228871835131,0.5332849201919957,0.48267293563123953,0.5360027612252491,0.5119455151920165,0.5218803279672957,0.5458916796460443,0.4721962193325224,0.3529836335257938,0.5591828963770586,0.5706646384133254,0.40213967639852904,0.4658808436032429,0.47500502039818304,0.5271008042395712,0.4926788123476908,0.4858872533221256,0.4902517367619318,0.5983401900849364,0.4706633341165319,0.5764279687195516,0.540414359610128,0.4272744043327883,0.49132652925546977,0.5075131181818138,0.36225520524344135,0.3635630102073331,0.46353123820860115,0.4764333259845545,0.565401917089012,0.49912704732279173,0.4347331207747366,0.45774979008039596,0.4375083442091976,0.4577356598015095,0.5488172689033504,0.5271914148945294,0.4305304039128352,0.4259853223709469,0.42430299872602417,0.4836787384174756,0.5517876232727946,0.4379712340626358,0.47626706135162405,0.589400858780021,0.5561839752814492,0.5399678875655574,0.44631952012424586,0.4289434755539821,0.563577750848001,0.44670606009352015,0.4668610790714147,0.5455233181554657,0.46511926114454305,0.48679077258715575,0.6179916468233353,0.5584717911748168,0.5095000660215554,0.48045403126359526,0.40621365864308046,0.3496066616025248,0.4419769483323084,0.64083577065529,0.48234313652324035,0.5534259785701237,0.5298132252239754,0.4182380048500188,0.4354033746378479,0.4386035787155127,0.5256200811604831,0.5269171828139283,0.5310939713867142,0.41702904223610054,0.4167207032803523,0.43862962093298674,0.4395576380567887,0.5553507903632531,0.46755207301991025
2023-02-03,0.5089824785196508,0.4408650001719323,0.508787675190132,0.5358177319479444,0.4729120938786721,0.5332088920549468,0.5273903919594788,0.5842126259249604,0.5199294942694445,0.4518411967817605,0.5650112798671071,0.5041283431141931,0.48486126211487734,0.5686167405191377,0.48936269432618906,0.5524589049041753,0.5631863300994213,0.553333305292231,0.5331002168460733,0.4913724257739482,0.3807805531197611,0.5667341738468615,0.612259462078304,0.4430192293288175,0.49661787949775255,0.473124803144092,0.5511153797874574,0.49683875561261204,0.494435114293515,0.46662162034553656,0.6148127798239551,0.49452563130460975,0.565409506827149,0.5407182715073403,0.47509243762469705,0.5300289593844021,0.5453374202048397,0.38957320247791655,0.38666792488384444,0.4902872170729931,0.4963813508327372,0.5774855194351508,0.5145191709495526,0.4404868841682807,0.4665422971042738,0.4726544895353539,0.5011489558039094,0.5418042995006321,0.5540840531244794,0.5187538111688289,0.44707748153061405,0.44803756912164316,0.5381283324817563,0.5518680917832517,0.4249493103630927,0.50945494565055,0.6011195344811581,0.5626490739430099,0.5136426467624968,0.4466031174023871,0.43873916300755744,0.6052018614672702,0.5297290648377672,0.49454424780030715,0.5658318081344244,0.4981560966043466,0.4600113342844194,0.609162226221788,0.549689773468738,0.570142160265776,0.49069934422369293,0.45405353120438635,0.3895973305488698,0.44315211410577526,0.6342420586471385,0.4949520608034376,0.5695103773168522,0.4943145279217454,0.44020347800859777,0.3943787066468038,0.44060521757976345,0.5103247339390459,0.5321856408408928,0.5572525185541618,0.42906067277087256,0.43685393258976696,0.4455592533610038,0.4633755008096,0.5324425360917991,0.48721592091089255
2023-03-07,0.5304792084013977,0.460513064458636,0.5140330976126782,0.48754185016258095,0.4744176267791718,0.544190990598243,0.5556802379333428,0.5475186580677252,0.516311860020003,0.4646823009552159,0.4976899057524001,0.5032182607439291,0.48128423580578006,0.5768101615471303,0.5106368500451524,0.5610375661105775,0.5316122456023546,0.5249723589616825,0.5211145433580491,0.4468929515899455,0.40336998869165325,0.5267897614559953,0.5985340698394884,0.43875770993202423,0.46175247922276436,0.48754753479454666,0.4962128723360796,0.47875433254110966,0.4642033485957569,0.5378306567021904,0.6107889336330992,0.49578056414709143,0.5730771676304858,0.5078850540118429,0.4759897775429385,0.5329409144685074,0.5605084271063453,0.3700042763258745,0.3676447744740729,0.4965307850269462,0.5084271047720643,0.5846787411298712,0.5472446664532553,0.4034790182269106,0.4883912748057744,0.45300016619741046,0.5063616406354576,0.5259959541851346,0.5152606509871139,0.49608138777972,0.4584564241896007,0.4290853117796062,0.5084925008550583,0.5446088188489548,0.4590961488827456,0.5129853976885383,0.584542759534657,0.5433723618622934,0.525700322225459,0.4626994413246997,0.43927437410325654,0.5960061948362866,0.5392878705494589,0.5096848427441163,0.5409782908935005,0.5019700584909345,0.474583155977771,0.6146626082370014,0.5723801917495293,0.5678735470953693,0.46713459981875394,0.4333761382118744,0.393686181833166,0.4698799410802883,0.6529572644415867,0.5151204762132267,0.5794576226217872,0.5572134824892667,0.4332512458506799,0.42567179415137624,0.4602975465742274,0.4891108396632314,0.5367169477741536,0.5552839180584153,0.408549744099938,0.42956709813918675,0.44494084085312335,0.47934843399946686,0.5575268264843861,0.46189495260107
2023-04-05,0.5308448706978661,0.482793479660174,0.5236420380259339,0.5095911617981094,0.48068957898160763,0.5321237576541614,0.5383033628335383,0.5414421678064382,0.5226501344087736,0.4634465972337132,0.5497071061991009,0.5044971373675717,0.46864783583133646,0.5719577721800952,0.508567306947022,0.565197366031857,0.5136563122912879,0.5631502249607563,0.5352191028433538,0.473192777252029,0.42454205269111245,0.5428039275796095,0.6110084572424261,0.44018609095176114,0.4929498690496841,0.5119365676490394,0.5114899531575375,0.5002042865121968,0.4632693676959586,0.502891752168029,0.5641993307169242,0.5146147127265597,0.590468157099652,0.5275053067496974,0.4556690757351194,0.5312053624895661,0.5831353720627424,0.3851510458030662,0.38223447955476975,0.49316982237400875,0.4883233498206322,0.6030872336303859,0.5557291000453629,0.43418237191068365,0.4830848960553657,0.4570536390972196,0.5032450774486479,0.5376003700089492,0.5125935969548773,0.46583495059656693,0.42044327080269767,0.438136774482455,0.4950167385998395,0.5609750055297297,0.4149495180129837,0.5106638989475912,0.6094728840698306,0.5175024817556059,0.5243874884555048,0.42811418606062257,0.45015835459583076,0.610286588145114,0.538898938161263,0.5067190883588719,0.5613577231208997,0.5270817725823052,0.474464245384992,0.6267172982946516,0.5723748324381485,0.5700375247684566,0.5017353861907714,0.47035225432477645,0.40533740646184946,0.41997570920141175,0.5891393607005805,0.5304822804303414,0.579280196108416,0.5267784570251435,0.4457823831829092,0.4505403923185576,0.4379733096548031,0.47690770207986144,0.5016147667199699,0.5271593864980921,0.4054503111204225,0.44864594448647793,0.44807425003297485,0.4719372726634677,0.5392130397338856,0.4722337491752403
2023-05-05,0.5575155177729841,0.47434755871769024,0.5141380954708704,0.5235798062100658,0.500597527978946,0.5477822259455989,0.5254554836023374,0.5794499664789122,0.5343133183683623,0.4946224331133352,0.530149504944804,0.5291755788102857,0.5187386529233611,0.571969171812201,0.518180569192266,0.5410000610874992,0.5417915796988596,0.5189256600784868,0.5233836158240118,0.47250779440552076,0.4477853839690146,0.5299327717061304,0.5734113702588666,0.44920566032836223,0.4725219906250134,0.4683897920307965,0.5190353077656669,0.4837425862366542,0.47628418509735376,0.5429876243095195,0.6137935854061323,0.4905748777768673,0.6196297993640489,0.5385492603015412,0.4667447427685124,0.55419427666104,0.5636709356003395,0.4098842673594622,0.40394335020717315,0.4987052516137572,0.4579701590913373,0.5832267286711443,0.5087161337387925,0.4270143880498127,0.48877223985149115,0.44648684873073863,0.5004436259410013,0.5238895334183977,0.542877420378759,0.4818335595647102,0.42480694875762653,0.45862064189100216,0.5138583315007387,0.5463586431850992,0.45120887074169674,0.5230198071926271,0.5775935854766001,0.5509302139992123,0.5268948716502271,0.49673468889388306,0.4294842685804896,0.622446886225225,0.5378765640920634,0.5379781382840284,0.5611482779034319,0.5165750089933937,0.47513937258607414,0.6257753597380367,0.58092392883154,0.5740731871162758,0.5011015216095885,0.41226915827726557,0.40157577842715686,0.48681906100304845,0.6677123239141148,0.5098562453331211,0.5258797941211737,0.5325032821135782,0.42051685431766916,0.46060933805834364,0.4641197253674569,0.439664624251123,0.5230398786393889,0.4949045366168763,0.4656098329771138,0.458894649535947,0.46621861032035095,0.5091075397065516,0.5152218571808518,0.457464577723583
2023-06-06,0.5149473492255668,0.4656081799800938,0.5081279352665066,0.49596844625366127,0.47493921466400724,0.5208948249785547,0.5721479368688119,0.5575329216667775,0.5142058087458645,0.47913565417135334,0.5202899509357992,0.528894115950887,0.4907966560536865,0.560140185169497,0.5355257511779566,0.5288232495972034,0.5128295817013865,0.5388795318475768,0.5250239038197622,0.4900636266559152,0.4577675211761713,0.5591664958798507,0.5972211371913284,0.41104142718088854,0.4949953061720782,0.45341513145648077,0.5354832658527617,0.4457081852193034,0.45729392695887905,0.5158882373853845,0.5560815700610025,0.5238021548202987,0.5841456650805421,0.5144978422417866,0.4754528682154501,0.5390686965068281,0.6284619844055005,0.39349513080908294,0.3917094643825772,0.5160685000922132,0.442899229774298,0.6104380316104853,0.5355536233065495,0.44039645211083467,0.5130446982009222,0.45028103699105637,0.521543160547547,0.5394050792324357,0.5759080454517835,0.4949847828987373,0.39056542357456736,0.45024533790625104,0.5330211123119384,0.5669833584311735,0.4425954516244886,0.4896970284503559,0.5997123107902916,0.5069981692426826,0.5475047486271033,0.48782797135100486,0.410706844112144,0.5694735430781714,0.45636087628914684,0.5189227310206507,0.5350532509417355,0.5070166205537469,0.5097968096151758,0.6249390778947083,0.5881457090791704,0.5515065342583046,0.5042843708534928,0.44468238333415516,0.3817983369088159,0.46374968738874506,0.6054790490787432,0.5196092409600688,0.5993817537422381,0.5471366273679578,0.4105456882628224,0.4436972346206959,0.43979015487670026,0.4703942700578091,0.483351265117633,0.48351000693060153,0.4431085136283867,0.4446268747605242,0.47158646900876056,0.5054973352069341,0.5471217924843493,0.4853042002538748
2023-07-07,0.5129378766186626,0.4873449504245699,0.5072210268309636,0.49468579369923443,0.5143327340351418,0.5182480166879659,0.5344794709635785,0.5715551348931488,0.5168966878796807,0.5171579062471434,0.5350332734185106,0.5204792393652888,0.49010879831488763,0.5711412922703956,0.5078579876138002,0.551406417249218,0.5295932401068766,0.5172254419572713,0.54007314311775,0.49298018015644374,0.4796005313383151,0.5529381399609472,0.6013695432128983,0.40576784205311306,0.46985810876432205,0.4530278891871252,0.5452677039485282,0.47431400768034143,0.4582876147844827,0.5449602161456919,0.6223626223371826,0.5075402433557323,0.5862534579967471,0.5485978043529072,0.47810053380283835,0.5539003562054727,0.57262384233823,0.3978821923827818,0.3953146199988969,0.4990054043012921,0.43601759531770007,0.5800376778288893,0.5100070979965632,0.42314607768733076,0.5183686495090333,0.44538270032091865,0.529548108238847,0.5247099770792033,0.5940628596356264,0.48149827927654576,0.3817915089386147,0.463446949652162,0.5293325790892236,0.559365162403483,0.4773931172390749,0.5189392319524633,0.569078797520536,0.5854848721059626,0.530342300265585,0.49837309527343143,0.4030553185857209,0.596660347698861,0.5012346458078618,0.5166394349610937,0.5055671570338397,0.500683232543953,0.4716223938994545,0.6103831286050933,0.5904376679912361,0.5995656315355029,0.4844644021068914,0.42779488917802927,0.3764133421407342,0.5283379423076148,0.668601507215418,0.4985361243499376,0.5533275736981371,0.49918648399321885,0.4115652207175204,0.42046781763106256,0.45399298878286265,0.46064526253226284,0.5404319964688775,0.5092958478625623,0.49990828468846443,0.44456565106649193,0.4691628709288728,0.5308093674568325,0.5324234544389974,0.463436146721178
2023-08-07,0.5037810990501826,0.4655705550701805,0.5119602289735596,0.5180070687389958,0.5147310833943575,0.5430910294649725,0.5875188528308589,0.547722657321237,0.5193671032051628,0.49329532643791646,0.5420670790372891,0.5401394956461966,0.489142350316719,0.5724596837640069,0.550241007246303,0.5767147822358225,0.543893116373525,0.5666476763702057,0.5242791062849539,0.48015800493599686,0.49126393171782434,0.5218956338774429,0.5992767853323299,0.44164777419715706,0.501098611600579,0.4631569867588195,0.5237246210491623,0.4758523329953706,0.4291606219971951,0.5323939023116053,0.5686068309063373,0.5321715183669881,0.560225936527121,0.5460131807664297,0.5008874937650387,0.570217328061847,0.5782851652033393,0.39618391440146195,0.38921419935716517,0.5212214938579564,0.45380506912644164,0.6076910505119468,0.5581028562843299,0.44869708100504185,0.4855396466660355,0.48803960213767167,0.5325926131761483,0.5328741773790856,0.5688339533070487,0.5196512420020466,0.39044161969912977,0.46798279497147527,0.5382216592394491,0.5782332450916366,0.47749953592917305,0.5638039573035487,0.5945239962335884,0.5570331418736245,0.5272993977520211,0.47943044948641184,0.4147881257148483,0.5752642734435589,0.5426661248492712,0.5003445869535579,0.5452667866371391,0.5236136683595246,0.4943169993209688,0.5781774465183046,0.5640244392444748,0.5695007964474234,0.5223013863482604,0.4486946440327119,0.3855733769579402,0.5299674782681939,0.5988545915081864,0.5529543929604307,0.5574502103737908,0.5260675439786939,0.412829010365292,0.43577105307872854,0.4640859751918334,0.4593134170378336,0.5323712173530387,0.5159481982499046,0.5410689180803586,0.45530442309966346,0.4582284466304495,0.5385144281313069,0.5345835509884354,0.4506125853060035
2023-09-06,0.508066807629428,0.4966969516983713,0.5132795273788081,0.516383960756464,0.46670057613776944,0.5543396111720507,0.5643552888700248,0.5561160785953974,0.5129466484574704,0.4953105611528916,0.5297869956051388,0.51064190875575,0.45908449770909454,0.5730147053992205,0.5065662424686942,0.5312875771802468,0.5206720540392004,0.5225965551638686,0.5430111061423107,0.4709311536017292,0.48871934191029276,0.5368478976881658,0.5928069282789407,0.4673634352963911,0.49218199407917146,0.43825397785113474,0.49622024631029477,0.4643232816519003,0.4316932671782413,0.5303392009053246,0.597180722847632,0.5045937401485785,0.578744746387344,0.49970413063084274,0.4762506395803407,0.5420952925240331,0.5463895030118522,0.40116989709423084,0.39600958510686257,0.5095649240952793,0.48820780785390117,0.5711475442359576,0.5614565574680286,0.42930935310337015,0.4759533469518213,0.4545019359371233,0.5192154595183174,0.510334798269041,0.524982507178487,0.4934322814990382,0.4453562198264359,0.44340439042632396,0.5239035461985004,0.5652620713291935,0.4758813754802162,0.5352383337259352,0.5500300260412732,0.544837901045078,0.5507217761033634,0.4715679401753591,0.43402266373970144,0.6108655940478049,0.5967277595472823,0.5285755332606552,0.5598260298520426,0.5289373550284246,0.49131708568408383,0.5919258862435138,0.6009625967676935,0.5782842049892177,0.5218454351732171,0.4321762155425838,0.43601698968569375,0.5077526504791734,0.6398825592540834,0.5551676305355174,0.531226678951573,0.5371787995007989,0.43313520807135464,0.4340334463966552,0.46366338262420276,0.4381849387433238,0.49009971619347187,0.5224007012109229,0.5227415286358665,0.4455984173724528,0.4338867314722495,0.5129752507690364,0.5288504258842941,0.45138696517483223
2023-10-05,0.5215177694004113,0.49135852840271504,0.5475415143472546,0.5334979587956211,0.524176918091676,0.5766585014723256,0.5599997701670157,0.5469895167103729,0.5362368942806792,0.5013596710112111,0.5596720511258477,0.5344429939309152,0.4832904021049635,0.5987545800793395,0.47373188272148686,0.5354901735387454,0.5330905832422631,0.5666790747975291,0.5455319865144377,0.49058494742424413,0.5148612226827601,0.5294337864313914,0.6174296890166611,0.44244974347640237,0.5277871415679553,0.4766782297657603,0.5123889462360244,0.49613711394152216,0.444152481416719,0.5370379535384008,0.5567285109995568,0.5258418624300033,0.6263931359037381,0.5482542473858275,0.4837345290244046,0.5652690501357744,0.5894504688393143,0.42865532521620053,0.42290413325355364,0.5367506880307635,0.5061085599196808,0.6131696435753435,0.5677453881150024,0.42772245678697,0.46197371849739877,0.4824795563156398,0.5171493370785955,0.5272544117520717,0.483056929799968,0.4979490683176486,0.4651671218028892,0.458960057090369,0.5496597204134472,0.5759410615191078,0.47150403410546027,0.599486196617572,0.5589008088182535,0.5412501656769166,0.5243470018765994,0.4936891786017009,0.4541607711667904,0.5939569467814853,0.5544782022514781,0.5118167296937519,0.570367956534078,0.512361122712519,0.501386008827332,0.6082873515414385,0.5953082341699737,0.5809530341446402,0.5193193074451594,0.43974227194188326,0.4350472493841692,0.5389914789710143,0.5745244936997558,0.592357156041883,0.5535068511133102,0.563337875620073,0.4491696571198991,0.4442969214186875,0.46164644248191755,0.44726209870662387,0.5005704485285702,0.510031517758399,0.5587435715220532,0.4621835733287586,0.4687113622956505,0.5417305969579406,0.5560665072268902,0.4803287981656772
2023-11-03,0.5298737649626043,0.4729876615761718,0.5275237217805817,0.5013547044416719,0.4652574828791669,0.4992014446551862,0.5505252493198174,0.529336597653941,0.5048093430873687,0.5146383048956886,0.5306644178740451,0.5378998393006985,0.48680484445000916,0.563944798268436,0.45919643348900857,0.5302866831127829,0.5273279815419228,0.5480937547687703,0.5528967712629863,0.46800689015858365,0.49511418303942173,0.5346845195436064,0.5795005912713965,0.4323149447452978,0.5082940671446531,0.4765128723426246,0.5320029031545294,0.48778748755175005,0.4525924389519836,0.5311515012493412,0.5418515794654928,0.5322838600635156,0.6058540148173214,0.5177287631601841,0.44531829093099107,0.564103317425747,0.5525842429076476,0.39992042434855596,0.39653272118727195,0.5167122063610834,0.4746247602000953,0.5932814523566732,0.533008048903007,0.4276525425035777,0.5000781733637547,0.4757790352954653,0.5108891612374764,0.5034370001697605,0.4984641753556066,0.49022259629053,0.4445672239727233,0.46026141582956215,0.5550157939967069,0.556433796103592,0.48746216306722845,0.5560537163472077,0.5809397030483505,0.5234910800163811,0.5682925462175492,0.4993665142748871,0.4111979630154505,0.5650052370328367,0.5100872866019098,0.4517250290230965,0.4979837791919745,0.5046363498723296,0.5072104166491533,0.5551901026472065,0.6080221870575651,0.5646461766260155,0.44075884760229694,0.44057797010480826,0.404322557106365,0.5378793986683861,0.5909856454388831,0.536642916161114,0.5340964015460803,0.5428737482869942,0.4415937399249636,0.44561513647680284,0.49125936011250676,0.46051769497627476,0.47585819659914724,0.48843904104574815,0.5408447710349544,0.4498117048029278,0.4538997021175068,0.5509661203870319,0.5189000024135968,0.47736689339890687
2023-12-05,0.4862864276563396,0.4563934036565644,0.49490785419800853,0.4790035428199835,0.49317953815597854,0.5040986696353046,0.5305327053528702,0.5624097123163673,0.5132820942303046,0.5109300189014164,0.556367838720547,0.5505237490854196,0.4883784919317285,0.5660830132948587,0.40056259366081065,0.5334247709339213,0.5671356857387865,0.5449501909774404,0.5448496209053694,0.4953226231388548,0.5077375947896848,0.5095440825084834,0.5717608185382131,0.41458369760569336,0.45284361314879457,0.49788990294561997,0.5042650994323992,0.46558556781454513,0.4511166286103903,0.5428396482845081,0.5628903559644226,0.49299797362651654,0.5615154785634954,0.4986920515533379,0.43896439822971317,0.5424934155950408,0.5318277991196636,0.3956154314935016,0.391605872040344,0.5283198917857411,0.4442229349949249,0.5843173274807442,0.5211710652356397,0.4227359252634559,0.47893575158164553,0.49476843508691354,0.5230624914823419,0.5211131560298062,0.5219955570515709,0.46784968132516536,0.4092056302349244,0.4721406476348792,0.5507571364270559,0.5781378889364169,0.4648808710245572,0.5794397742494737,0.5788446956145238,0.47425645344509104,0.5299151948126253,0.513884952280162,0.4250876555168959,0.5473686584383783,0.49468752436560315,0.4819032337884925,0.47905679914359417,0.46084967634025137,0.5078233818297997,0.5015325871840127,0.5782982048377544,0.5774289123409004,0.4371291084491169,0.4546911846176199,0.39863116714808006,0.5558609103128606,0.592540192153939,0.5403616464166149,0.5468448909152134,0.48308206756877664,0.4455267337940407,0.45189735413082316,0.4725891679559499,0.4527409764116195,0.4928878314097251,0.4934463320719427,0.5689630460425686,0.4437239116125313,0.4997565652177684,0.5729138417426873,0.4979774266384916,0.4532455185506302
2024-01-05,0.5004907245500511,0.46380733334989716,0.4876635905891698,0.517415457413505,0.4787058631708972,0.5239801442326981,0.5640234718910532,0.5644593802667539,0.5090744381326838,0.5521235173697613,0.5660817643603986,0.5281099479980101,0.4965616102026726,0.5928713005497908,0.4434217666592234,0.5751206479661236,0.5381835001124143,0.5742926284435429,0.5587250629012134,0.47739866980780454,0.5128506179702293,0.47955380781773854,0.5757651543236517,0.4239278742035505,0.462772657689841,0.46980853910836134,0.5289077714746174,0.47565144087203887,0.4340637264155362,0.5315051539309135,0.5851931534458589,0.5233293213702533,0.5756675339427447,0.498117650695462,0.4714249789630614,0.5478536344711008,0.5486008091984643,0.38879897473976327,0.38659678996969077,0.5397897199647389,0.46661244744571406,0.6187487591188724,0.5490187841922142,0.46021233228696495,0.4984464642169903,0.49558000613708003,0.5608395126662898,0.5160200933921293,0.5225786168393077,0.5187969712330828,0.41803276708674547,0.48597890460064264,0.6050325490240639,0.589102276955189,0.5072424351903646,0.5405364408890417,0.6141667199725176,0.486522827023504,0.5341058381755478,0.50407200551164,0.4191140809860527,0.5729627552053507,0.5093983973793756,0.47554502019086886,0.5099789501051512,0.5540159145584101,0.5088353601356834,0.49641756479929683,0.5981169093026709,0.5505067174026459,0.44991583093777265,0.5002758584287414,0.3868189803517612,0.523278018532931,0.6108160632505465,0.5551447714569384,0.5396822956148333,0.5393844973942056,0.4377025218859518,0.42821916252061126,0.498378369898216,0.4245124649744528,0.5189090971249438,0.5149184171353977,0.524732522298231,0.46158913427169723,0.4825415098759654,0.537954384313997,0.5348575969133331,0.42216267807409347
2024-02-06,0.4966573568426447,0.4950426531745231,0.4887073093781427,0.5294684708126562,0.52117656035328,0.5381192916158748,0.5606638205910415,0.5764170531172578,0.5306790617094425,0.5226115883937366,0.6025391013981358,0.5599278106360892,0.5422774077113554,0.607976874625969,0.481472873013579,0.6001323131431134,0.5559266707818658,0.5962701832009248,0.5569611709067477,0.5162922669073969,0.5345108352730059,0.4968538949648985,0.5832814257589667,0.45072242062632517,0.4848170247474061,0.4808184391361495,0.5468262555125709,0.5207935188491107,0.469706161088574,0.5311683221525552,0.5954491497942198,0.5391755843971482,0.5742182091467942,0.5210708882414891,0.4890188835708057,0.583450158265481,0.48232419351649797,0.41457097021104844,0.4098752918267674,0.5773370294041489,0.48962395130683223,0.6033570038249194,0.5334268297702219,0.45623586348658296,0.5102463614031112,0.5343949847082906,0.5742583637182159,0.5160048982033725,0.5024946057422984,0.5439585559311586,0.4447267294000924,0.5330716609129454,0.608684637178675,0.6040926727556682,0.5470686031398431,0.5883598026551039,0.6050912667177327,0.510923807546421,0.5416586418503595,0.5559190308002837,0.4202913016059169,0.5989770880872953,0.5482299161040394,0.4980831404355,0.5368585464590624,0.5397465480976833,0.5265353472812581,0.4936732726731264,0.6114168711643474,0.5654950766476969,0.4772060615242301,0.5292625284499853,0.4289921797331221,0.5731962675252577,0.6077611330759691,0.5874410260891639,0.5408225946240927,0.5391000332436444,0.4801750509927103,0.4052729043725182,0.5132286904769223,0.44547797565417313,0.5329453849065022,0.5469260085617956,0.5941719507732335,0.509462580721854,0.4924736429409395,0.5561248692817373,0.5469812606258667,0.42087623227958065
2024-03-07,0.5445614922720138,0.4970184118493017,0.5116736915187116,0.5414691311125881,0.491085631699329,0.5405375442318731,0.5853948280574924,0.5795309913158814,0.5508886604658052,0.528730965242999,0.6408077685410483,0.5337812263826605,0.504224055910423,0.6239798749344353,0.5068533976030232,0.5573472886982409,0.5165319645002758,0.5645440084356927,0.5206350890943484,0.49148094436977585,0.5193172806754026,0.4971396559048498,0.5779471758591633,0.4732953473378145,0.4874830765131031,0.47058914962243586,0.5130824837791657,0.49416797233776344,0.5034089946488584,0.5520284850040558,0.5927504157104773,0.5459543864456426,0.6136197275142451,0.5110886067438267,0.46751876396866093,0.6045795498867497,0.5215059218510717,0.4212476300815507,0.4171450707471934,0.5652864523813554,0.48874059967913497,0.6216291249649025,0.526891371300627,0.4573076452894528,0.5191500441760459,0.5021448699535243,0.5702513617626579,0.512692634119715,0.49439213196133636,0.5306300347191306,0.4560276483592402,0.5286289132490106,0.5867522993409778,0.5868322324518414,0.5534704814257235,0.5509849495419931,0.5860439515338229,0.5386390271279046,0.5587246043583955,0.5183477790135825,0.45329018986169783,0.5875107950055007,0.6114435770392435,0.5251763586905259,0.5404897979371459,0.5527436475758661,0.5147054552213617,0.48947652209246634,0.6345199805342698,0.5523412104833898,0.46959886936964423,0.5020391281788898,0.4617251214051835,0.5406958612757515,0.6041003709859312,0.5720097295424746,0.543897390053716,0.5472931723182165,0.4814033267623945,0.39793668727056225,0.5042786317941822,0.44746927573452233,0.5025972846932737,0.5344954042192243,0.5315127273767692,0.4836978655102061,0.5001610752757607,0.5224353921054355,0.5372998041705659,0.4382719240442542
2024-04-08,0.5486125478739913,0.4815401435704481,0.4728229928989041,0.5062955864095687,0.5334666299098509,0.5215758778183525,0.5739224417540224,0.5710809404031966,0.5332303220180158,0.5422347103058013,0.6625364239686337,0.565422403682319,0.489837044418611,0.6137053020427459,0.4584042321943011,0.5376384772335944,0.5080997873327701,0.554759234483404,0.5045445606264328,0.45422137134723933,0.5304614746966527,0.5315071237148777,0.5866132640995494,0.44907434383277517,0.49521278376209116,0.5271489276308688,0.5348523521845417,0.5231919398987082,0.4738100223414113,0.5585297983778439,0.5585459688157896,0.5348197856421127,0.6136830358033594,0.5215360912743345,0.48059631013276505,0.6077920178596102,0.5266964007272709,0.3922080338857725,0.3880230880123135,0.578943203512822,0.4842324137518297,0.6353812701701861,0.529746037912119,0.4601218414100708,0.48327161968005933,0.5310571263816153,0.5399230293248212,0.5069313681503461,0.4851240562070028,0.54293008389473,0.4463921734635199,0.5054794917220112,0.5771798266885424,0.5773740137345471,0.5199087635809913,0.5892911609992808,0.5931750892529821,0.5009675047623566,0.5293035729546879,0.5452509871921153,0.41179643865913246,0.5624605044704373,0.5478140104555445,0.5169906977996228,0.4998200799156885,0.524340645603968,0.48096202816840017,0.49460537869360083,0.5987882498373996,0.5232469305207977,0.4567357543915417,0.5049714218230863,0.4434099496555882,0.6036063618142076,0.55993027696489,0.6026185409760776,0.5233810443590103,0.5634510147662111,0.4583601277722634,0.4150292658355692,0.49685190395123946,0.438009604524698,0.5208363197353807,0.5071404349332276,0.5837967644671441,0.4629007095981328,0.49944069353865667,0.5703365982599841,0.5716639775880937,0.47551962136423354
2024-05-07,0.49878420637900844,0.5089381577866243,0.49611904955361397,0.5253172545135537,0.5469654190586805,0.5362961213622464,0.564655565970712,0.5728609646129192,0.4447187773678498,0.5498114183178215,0.6042998261235795,0.5623849362941639,0.5122930847641889,0.5888771330591204,0.4162521629901155,0.5374620724233924,0.5190639381091618,0.5847988411708804,0.5082643327579672,0.45899013602096134,0.5503355502918298,0.5733023072579352,0.4731958881698092,0.4507543958006607,0.45338559706068293,0.5144510039835622,0.5452204782274416,0.5247765067449897,0.45122666526054495,0.5344068379606179,0.5569021552014722,0.5200264547777448,0.6105614281333882,0.5160990979773125,0.43522115461409355,0.6032666401384355,0.5319761442270766,0.3774403896451627,0.3745597930390675,0.5861760200413894,0.521982437551665,0.626752786189779,0.5715265155260448,0.45921743765379297,0.49913955755446776,0.5089175203190388,0.5264677149922585,0.5191124118702393,0.5051218105539785,0.5191866597140831,0.4661958402930897,0.5377166299261499,0.576268247354457,0.5626226222312273,0.5538035798690545,0.5744873046629488,0.6148804214326675,0.5490069186028227,0.5189422355829781,0.5723591652670962,0.4345742786471707,0.5686727059318252,0.4641215786067513,0.5010388300491718,0.509763181269221,0.5344227671176118,0.4928758487680214,0.4734209690915699,0.5857239706027941,0.4739369304546906,0.48166002173673594,0.4836962891481466,0.40580118511439484,0.6040939606568343,0.5661704695539485,0.6029973875430703,0.4840720829273876,0.48152699943848376,0.4723798486018693,0.4131795912076566,0.5049333378611917,0.3776204378588206,0.5010167232492273,0.4975966147482237,0.588582643056549,0.49101325640807364,0.5060404546097422,0.573187201865015,0.44339437444949215,0.4756628313135494
2024-06-06,0.5415180375988967,0.5038777299022624,0.5052169488436611,0.5256143852645391,0.4854287876830432,0.5632227320285238,0.5657541276356393,0.5917996577009822,0.48103024781188675,0.512815683021593,0.6158456108158374,0.5370216592106295,0.47268880914832156,0.5782450857661978,0.46459096372586955,0.4697265982192866,0.5299930018245925,0.5612619587105165,0.5257113588409995,0.4666560681518304,0.5261449226014872,0.5244410700689676,0.532573374123042,0.4333415827453401,0.48668684772908766,0.47976585505357755,0.5148544161112867,0.49056629028307597,0.4424923812477631,0.5683684867019072,0.5459077966650006,0.5154501701243495,0.6119071711017597,0.520645015975868,0.415936168948678,0.5788014764830924,0.5113636312862083,0.39971099465121196,0.39599080038005424,0.5706518209721803,0.48943208865410504,0.6020956263810642,0.5566532356275478,0.4655723489964366,0.5026939721494778,0.49321461713354836,0.5803798606028082,0.528020871825635,0.5275381322952529,0.5423147874331157,0.4321950233030764,0.5371379812285614,0.58121083135797,0.5665609679973049,0.4971065218203306,0.5394884942344246,0.600345361879092,0.43881786397841405,0.5260632465886217,0.5436434469424735,0.45956815508527493,0.5419636071275683,0.46361809545391314,0.5154327535309675,0.534008229249038,0.5338203900995034,0.49150494950455026,0.4677046868760418,0.5922992099434667,0.5014156263548311,0.5070661430851734,0.5096357864755372,0.4249174265564326,0.546826430714395,0.5796332031341328,0.5657767329731841,0.49660464431048407,0.4903583196631479,0.46959486669361106,0.4215888522145111,0.49685633854788747,0.39281561634219386,0.4982692646438979,0.5262582366697252,0.5581329622347047,0.5052457884800083,0.48549153242002335,0.5480723588099604,0.42159660478482536,0.467711469484675
2024-07-09,0.5183720524398199,0.5471523582185284,0.5381394495515753,0.5643284488192435,0.5251254960217284,0.5775477679029989,0.5810919276115493,0.6174647177527993,0.5010268957174296,0.5560683639334048,0.6650440815588835,0.5646910604884151,0.5110071381113503,0.6590521350839045,0.4809938904641189,0.5254982726385612,0.54780102560973,0.5824631795816446,0.567758933639769,0.4875210070579914,0.5634368365776606,0.4852598593465282,0.5293298908069386,0.4593088858832092,0.5122288242384427,0.47462978317884735,0.46978164475792544,0.513604769811778,0.46863454370829105,0.5854088577591476,0.5964962589114295,0.5728344424802566,0.6221771333535159,0.5598076784612904,0.45099529522304505,0.6196687836486631,0.5082860071985452,0.4289759120575792,0.42607811981479354,0.6176545256509608,0.5657639340457815,0.6481055106764453,0.5872514258101288,0.49166179633031304,0.5276441490550721,0.5212010019475334,0.6172552728602554,0.5658032875989876,0.5632788869066286,0.5494026763660034,0.5027384401258795,0.5777254602370219,0.597327052109139,0.6018113335649956,0.5412620041628103,0.5547673520074579,0.6506673710041749,0.4182482869334113,0.5286770828586757,0.5972127809239953,0.47143988905929324,0.6147411002798264,0.47524002423611333,0.5335029397587577,0.5591971503155918,0.5465908917796479,0.515588517757174,0.5036852139251918,0.6470091292836768,0.5464078707722901,0.47340146646191195,0.5731344169708356,0.39784564511946974,0.5594630216318845,0.6135214908406214,0.6476008713803174,0.5341810972525016,0.5254892653453727,0.51412449209781,0.46313767234064507,0.5153725267389777,0.38624113222803697,0.5402636148467511,0.5861145272682076,0.5845836800820511,0.5229243496142318,0.4775559665502702,0.5887864608149265,0.4376460652741864,0.4681581554707723
2024-08-07,0.46744222486902026,0.5281327043940126,0.5247639829432295,0.5956166451593917,0.5422315107433918,0.5751118794722947,0.5967458780417187,0.6262750386070384,0.41817123390495486,0.5399435879858229,0.6612706552347112,0.56796625081573,0.506247271679828,0.6477961790529015,0.5093606423166175,0.5143178221202974,0.565135205823573,0.6086102575328733,0.580200454484156,0.5436934462368725,0.5698096885268621,0.49676998783864085,0.533750966899571,0.43622027247600464,0.5228235835330876,0.49505177109958537,0.4847506021540464,0.48694616389689094,0.4416357548228987,0.48661784176881334,0.5951069966196623,0.5407409791137248,0.5337427775492183,0.6047743068901053,0.44585319384099376,0.6075117143734855,0.5280133559916982,0.42668259060136343,0.42364925025837535,0.6074371698965607,0.5399351223430308,0.6182019417449088,0.6117634902052936,0.4859559850199312,0.5192216278729745,0.558169239870104,0.636212300796849,0.5671106443098315,0.5163473521982277,0.560749069346235,0.46741386183791406,0.5821716626072867,0.5800947783396702,0.6340367925140313,0.4943886871977859,0.5700866228614502,0.5731866427743083,0.4171296266559403,0.5342310029700938,0.5600486587156911,0.4535001987135551,0.5553273292661741,0.49638018507616605,0.5600581076520075,0.5756657159277206,0.5677572895616497,0.5208479057074106,0.5182058416762905,0.6612029502406297,0.55438705028912,0.5018003872883376,0.5957376849808429,0.4269358515858265,0.5341996722347498,0.5801294303258943,0.6325799597969305,0.5423787512821635,0.4876694204068796,0.5147210931913401,0.44554900516310847,0.4852136392091128,0.4075654546162108,0.516363055573536,0.5098196044424181,0.6010850625215945,0.5396597258937604,0.510566148968416,0.5753060288540663,0.44564347678491695,0.4843563888471113
2024-09-06,0.4671443673925198,0.540709271486502,0.4977511334151113,0.4919988778805445,0.531879874510068,0.5333483457916833,0.5924539438424498,0.6200497689041725,0.45899548763334846,0.5194644952653171,0.6197770116497304,0.5796558824022358,0.4914875767539763,0.6298114263369969,0.5211487644642214,0.5018141322590592,0.5440619355756884,0.5678382347977112,0.5513651625760867,0.45281419658816396,0.5627966599699314,0.5007561718359119,0.5135288576529645,0.45539542783387804,0.4674936936702385,0.5252447918986418,0.49807106805818363,0.48265125570777195,0.46215666512475395,0.5090724778508832,0.6259122163670211,0.5277143418824007,0.5322102463739379,0.5134577884770594,0.4770134370641245,0.5053673601925425,0.5605589408544587,0.43231904869948584,0.42829927243484384,0.6067845618903868,0.5172316611785454,0.6009864595892487,0.6256540147912603,0.4651957768290353,0.5256454563955879,0.5370672450139771,0.6135976990526696,0.5449734477090944,0.5386080625780432,0.573139074152478,0.48347953468112687,0.5188426647943675,0.5908501962532783,0.5999217036684239,0.5393877993243563,0.5861478264432631,0.5212032715662955,0.38480437327074,0.4991075459301978,0.5721809526549679,0.42689041494619867,0.6113477031120599,0.470372588637061,0.5363294366450213,0.5138631343383921,0.5134591368243174,0.5293417541816149,0.5132725259396085,0.6487241685091579,0.5287991306902472,0.502676185910096,0.504923990122107,0.4015205259544375,0.5567454248254934,0.5998311959363437,0.6082700164176114,0.47999656902380805,0.48271657790460265,0.5024421579227657,0.4264696667104828,0.4765138298807163,0.4259553678585754,0.49405353617436665,0.4800258711470628,0.5993996023814167,0.47104696138320507,0.47395030262018734,0.5791773825391437,0.5103767717634401,0.47711574335681445
2024-10-07,0.5098330719815529,0.5331075185915429,0.4790603603642655,0.49645666455500315,0.5651900166046223,0.4975325440970665,0.5872454318948875,0.5390069948738422,0.4681252509726155,0.49078197565231607,0.5963631088607811,0.5625305277245899,0.4504399282715738,0.6157711773094812,0.534853191957099,0.46841882573633037,0.49028031583282494,0.5682339005782748,0.5243766101270784,0.38935939717256024,0.5473026628440357,0.4904368631027463,0.5060535349716374,0.48674928318629557,0.45452408533035055,0.5366827954650607,0.5048997073660968,0.48834191134855476,0.4366853355930048,0.5040662345966245,0.479534852156633,0.5323449015856421,0.5468187560000343,0.45702614266684827,0.45694314632509997,0.4781071556282028,0.5668985609730003,0.4167239251575297,0.41525050321490703,0.5828799854138503,0.5173267686516908,0.6086615568248375,0.6230455741148417,0.4733851856261496,0.5293584151769929,0.5170842057766153,0.5779008065817645,0.557253145939429,0.5077944358223054,0.5501086056220214,0.4748079888705735,0.4777103614321439,0.5758873090955589,0.5928364988165336,0.5340199454320093,0.5790400477266064,0.5307404927551436,0.39851666105611805,0.4949175940037644,0.522636365521024,0.4402605399206508,0.5471023995338192,0.4912223583691973,0.5221253878629026,0.5041724250214262,0.5253948266452596,0.5146096628494955,0.5407345456074051,0.6196806726587981,0.5007507105501628,0.4963313933614655,0.5594106538944121,0.47870716119515727,0.5572968437503705,0.4534171262153973,0.5926415686343401,0.4795836174349279,0.4869792342355852,0.47216703828155493,0.44624588729612874,0.46262934877731093,0.4338304423805865,0.45216831793319723,0.4251828745568499,0.5734398324284187,0.44296162805015443,0.4543436504356877,0.5501214911456085,0.4959483718477288,0.49149742590780937
2024-11-05,0.5283373534326669,0.5441903369424962,0.5021902230704214,0.528632846776125,0.4768267170001624,0.5057522547350416,0.5264496625914157,0.5193108835073145,0.41196298724555136,0.5072996885093841,0.5745868980218339,0.5321043416203731,0.4933346623940931,0.5221128678612792,0.46971106042063615,0.45216671805401937,0.4830611071262561,0.5344455821744667,0.5039722023381256,0.42133560194281194,0.5644418885332505,0.43012506203664963,0.5191311161996482,0.5179087414583611,0.41050609341114924,0.48708893638643647,0.4439968963267561,0.4649274003299191,0.4770400152454609,0.5175906115724701,0.47095815478444386,0.4826976708425838,0.556299811049455,0.4707365072533631,0.38080501783297394,0.459142907589491,0.48047291030684597,0.4338734324312881,0.43357103528065405,0.47586073674020396,0.5407994127641559,0.4445761977796289,0.5259035883534645,0.5347917331996902,0.5461720920452892,0.45829171344726494,0.555469987818223,0.4265748034856207,0.5362457958453861,0.5339364199527541,0.47810538200781993,0.4646816587447266,0.49766183883066534,0.5465439106130597,0.5383431563531487,0.5426934646396128,0.5348619611012682,0.4311382152574529,0.4576911924365653,0.5365542194805314,0.4846930350530321,0.5360443450751847,0.49193207219626656,0.5404600225951333,0.527274859110628,0.524748708135197,0.49935993571882453,0.4643234214211338,0.5712037442293407,0.4955153633968311,0.5042140898132407,0.5525441540972035,0.42938656742252285,0.5552006162730827,0.4783427980936127,0.5534502164784493,0.40027490783803954,0.4553143877946744,0.5148230290546825,0.42253245544890133,0.4358284762873403,0.4200773907447344,0.4463220518300094,0.43434921132632515,0.6073183633390558,0.41540157854088544,0.4661966354046847,0.548809697687927,0.46922411155737304,0.4491609653580546
2024-12-05,0.5176519875109086,0.5578789995007543,0.46826147670959994,0.5087133462328965,0.4516861054961602,0.4927923012931366,0.542415495345786,0.5554036995796894,0.43507350643061254,0.5118515581010935,0.568265603734535,0.5587039732438047,0.5296529740142962,0.5821872885964681,0.47594055170109406,0.4625735914050665,0.5036788382796232,0.4898539420046478,0.511460321821905,0.41611443650517427,0.5569847067524727,0.44191631074358756,0.4711284901462808,0.41851556920348815,0.41903642796870505,0.4848422582910633,0.42740886457296634,0.4201426744703364,0.48884111227651095,0.5742170161775781,0.4447067736670386,0.44969534007914685,0.5110521267245911,0.4729304997640956,0.3317867183653582,0.3994942581221339,0.3947132982995397,0.4742295155472885,0.47001566004742906,0.472801055610237,0.5156227352982727,0.45071796395482394,0.5171080483615204,0.5158792756821797,0.5502268984361697,0.4651785419060538,0.5789348606524776,0.49346313193413766,0.5369298567383813,0.5587882843031303,0.501920496155371,0.4751067428559891,0.5188670489152163,0.5700220431076961,0.570905698037485,0.5210014224650541,0.5346277173306238,0.45875715105680476,0.4713854250543599,0.5520455041254614,0.47713130333145265,0.5773924770234118,0.5322680973289359,0.5383872104840568,0.5077820475975856,0.4924045215136874,0.5277137900834403,0.4341914410742181,0.553087882340626,0.4391369477229261,0.5413619909052284,0.5144361367633299,0.4954635642876506,0.5681826300095355,0.48646132238013895,0.5578742187226621,0.4113120345484327,0.4975120161282546,0.5328643664747097,0.4009805431946216,0.4305259727644723,0.4356871390365653,0.43003466674265545,0.44183017038199723,0.6026310994724533,0.4486516110195437,0.4763654639721536,0.5645235583079663,0.47658904341161484,0.4419178665291265
2025-01-07,0.4962167910733391,0.5688379716602787,0.5105333643789852,0.508411752465407,0.5107879419226647,0.49404215284791925,0.5349223011931273,0.5741745118474337,0.4301063102693252,0.5104669583567492,0.552655395873009,0.5538886059839048,0.4775839839283802,0.5872291789632079,0.43351326004101476,0.49895479645750984,0.4924799258092456,0.5101834304506978,0.5219095590637595,0.401993529457892,0.5709098490145248,0.4713210092893648,0.4848270781159449,0.43890857426225327,0.41655199613756394,0.46987739200580286,0.4809869020464994,0.44202538894610227,0.4912807540400886,0.5387132453297195,0.458487884057569,0.48807385414185284,0.5024743499062484,0.45462450820069145,0.3919295878547988,0.3853509103092872,0.43426906929018105,0.44807571735096824,0.44302392867764573,0.48589332733221563,0.5513308749868302,0.4719433493699612,0.559268497545145,0.5448677554977597,0.5445693577977597,0.4839577425353858,0.5759870775206632,0.486663793351449,0.5744073596886623,0.5689608606157199,0.5246963389850664,0.4677159489433415,0.5430661319367581,0.5843598439544465,0.5893563893050542,0.5237032286867711,0.5245178654498518,0.46091171908578155,0.4441656057122916,0.5341866295608183,0.4711210906552919,0.5801190114107417,0.5593583814535767,0.5368355589861493,0.47785058929081736,0.5010422171877641,0.5101952450010118,0.399216897281877,0.5226321895150029,0.4607775879151934,0.5031886608823172,0.5368163362759398,0.4572447449894268,0.5793598606608669,0.4808470676228761,0.5706476917934384,0.397255342626911,0.44668202292610526,0.5165215643892767,0.433341818742901,0.4313472467686048,0.392440415040737,0.45056523627994544,0.4297312476685851,0.5736326795921664,0.4394523408420783,0.45934173733808986,0.5780042337067863,0.4625054732801206,0.46934195513602284
2025-02-07,0.4850366785379486,0.5443521104821457,0.5075308562536733,0.5161376777567637,0.54834996872318,0.4996547237591197,0.5172639263523432,0.5505086571130122,0.40725760631634844,0.4620687852970692,0.5846510752605489,0.5466058761432702,0.5117222887846656,0.5529470206038404,0.4690949052740172,0.4613718773444898,0.45805346593313945,0.5308172322928006,0.5153314864070646,0.3794323267726696,0.553017125862043,0.4648883737646612,0.4997279486216869,0.42132429697078844,0.4169436089719176,0.550509848582564,0.4546071926654481,0.45461883496895333,0.4964511101803739,0.491140978382812,0.448755357690416,0.46132945188792374,0.5262164112659758,0.4884586520168173,0.37960466812737376,0.42049553875776735,0.43313802600642604,0.41633561771270844,0.41478172308090466,0.48625191933189116,0.5647368730049958,0.4596383387291178,0.5853438791166552,0.5020311465913329,0.5245274075446009,0.49609256246962696,0.5886963968665375,0.5043797044174868,0.49042211228814764,0.5075749346752156,0.5421873210065796,0.4426389384951708,0.5330743166217465,0.5634184640654322,0.5949819823508531,0.5399835793541514,0.5360094536232151,0.48510860945707046,0.45219354044351656,0.5166520415353039,0.448016298519236,0.5414753333483642,0.5309232686647658,0.542892548599875,0.45345686646427413,0.45735417287753244,0.49861056916102414,0.40926350847431375,0.5057582816856614,0.4487271383182596,0.5105304912285105,0.5363173471028044,0.46864962008685496,0.6223873338199298,0.4659108330199795,0.5707480381313813,0.3925208655312535,0.44355966907401556,0.5575524687996604,0.4442050889167228,0.44459012750133997,0.44287917822453965,0.4622076894113996,0.42697560622375486,0.5876597180909275,0.43880783196616496,0.4846512301006283,0.5649954601873348,0.480904059311554,0.4676991100244795
2025-03-11,0.4760794386490235,0.5594725952858411,0.4834291797988227,0.519446415881463,0.3543743167449082,0.46674101132872475,0.5442266956472398,0.5734030304116755,0.4410079175305594,0.47464280166459893,0.5822428394731273,0.4798584497515455,0.529118895943705,0.5440327313089605,0.4654100897786785,0.4775765761332637,0.4475281143828715,0.5101242324567359,0.5262730152440939,0.34253971355427426,0.49622508658612124,0.4475685273965685,0.46899482370447804,0.4825366920827383,0.45702124982085374,0.5122558171154153,0.4886611034568565,0.45953860422622084,0.508104255644662,0.5196998821247815,0.4717313641125484,0.5444401110000991,0.5433421773482094,0.4643211870638783,0.4053069584841604,0.4355100599528823,0.44082778731715694,0.444792088456305,0.4441811117947965,0.4550034213048843,0.5609922297182981,0.4665832075950343,0.5276089708703502,0.5577196921535563,0.5453223935011504,0.4399113759340308,0.6217919111109096,0.5655400696981502,0.5075767140485455,0.5121442819632039,0.5265692228539008,0.4491216998641023,0.5537307009488379,0.6012126372669537,0.5970155523638141,0.5041365286892222,0.5306834115502932,0.4744473803448208,0.47350742591171335,0.5112860850301202,0.4721255729745092,0.5315830308694592,0.4757400330240803,0.5287023958991429,0.48431390191721,0.4594415841887039,0.503791009065711,0.42149811200153275,0.5042787131111318,0.4849674450403652,0.5106548053136187,0.5446856537429814,0.5102934135296725,0.5430645168474784,0.47268274177291497,0.5277825322472381,0.4170194619437895,0.45696612696070377,0.5815706986650849,0.48920397896240586,0.42379581187071746,0.43417531858675357,0.4779677882175927,0.4033270891507142,0.5490225939886643,0.442386819580651,0.4866001112221592,0.5087368621543408,0.45890860986219245,0.4678750829225871
2025-04-09,0.4815014858653992,0.4872933881578422,0.5093674383439034,0.5263567160498906,0.35591444132814115,0.46150031430165284,0.5779782085063687,0.5893592150006082,0.44384272480105386,0.47420635458893823,0.5848154598079531,0.46703659364136957,0.48407387234208143,0.5255824593721278,0.45833674786681533,0.4659133612443283,0.4280696365774925,0.5065432843002945,0.4427547903189836,0.34969487254959525,0.5016411214769081,0.45674633199505027,0.49559385523052013,0.46551757702232266,0.4068924757925418,0.5688701223343771,0.4793297266153697,0.4868709859199385,0.48926112611562667,0.5146306290994026,0.4699846983730356,0.5311296474413177,0.5624098555414161,0.49945845417701057,0.42487343413013284,0.4341652662465216,0.4631020985217704,0.46913449990192446,0.4678199323238148,0.47530224856762465,0.5420444920936922,0.44857208646393726,0.5045284890204715,0.46209181951459444,0.5280115855604678,0.44879764653088783,0.5544835814440758,0.5212187824701591,0.48754540526838025,0.4847545979108475,0.5124210886686464,0.419345488879981,0.4986670158342611,0.5827311842832152,0.5607013968699502,0.4996458376049037,0.522191189211019,0.5007102309350588,0.4231220194267423,0.5088213425271676,0.4815272749657316,0.5141499709048897,0.5125830871675183,0.5508192954212465,0.4655560558740005,0.4687599387711074,0.45525926614891843,0.4280565450305832,0.466446967073809,0.516528395227583,0.4953614363048289,0.5294441319476446,0.5032833060352149,0.556666404336988,0.43735341122064086,0.5321475450392097,0.39323653701383776,0.45857400880193483,0.5493865552897971,0.5342664048767914,0.41451126124559706,0.44894048340154535,0.4614444898185197,0.37399476336227,0.5650489373238331,0.422178485903747,0.4496522156146521,0.4780533632941535,0.4839718369473169,0.47567922339731217
2025-05-09,0.4401835643693705,0.5390788977835821,0.5031929931347303,0.539662506848082,0.3867109055958998,0.417502727335386,0.5237406877328137,0.548777029169548,0.4213721255117139,0.4435869575701907,0.5380674715598114,0.46852172401060715,0.5068577337969383,0.5060056726639357,0.47074438829853843,0.4430334318626523,0.4399662428821485,0.498611148106633,0.40705588794427855,0.38457890479214446,0.4748102949381884,0.3935562352115952,0.4969750052950481,0.4657128522061662,0.37199194535518204,0.580328983512968,0.4508324700837506,0.47405950041267575,0.4838799073211062,0.46114471678883767,0.45805525807632,0.47613556475527874,0.5661881275185614,0.4647721193394725,0.33238019422235904,0.4308779836668086,0.4605372827545304,0.4248488165143545,0.4249667686032284,0.45258324228317753,0.5601142549473879,0.42308517795879935,0.5123066471377069,0.530958871942946,0.5366120829006388,0.4596932990884611,0.533649588969151,0.4989241895356423,0.47019550487554096,0.5215116082875656,0.5298252963195261,0.40966220210220494,0.4930883674060268,0.5333916313352819,0.5850118939188977,0.3918167416187109,0.5401532958522102,0.5044172265287988,0.4464181132583008,0.5007772198742794,0.433666187736026,0.5131838731013326,0.5177122209759403,0.5091599058993429,0.4662328904554479,0.47709556253549595,0.4424815419769614,0.3998430829187046,0.44815952111086,0.5470687041928657,0.4667917117847498,0.48479566873251123,0.4935469595579249,0.5671276642121044,0.4377405536015115,0.5297291443709968,0.3814469040424133,0.4485468994280477,0.5398345306147055,0.5433748546137377,0.3643939724399798,0.3712478355095426,0.4868114909948748,0.41736433511267523,0.5315668932035457,0.4092415098223982,0.43736670066817007,0.4967105285444632,0.4630557950364586,0.44003898677203823
2025-06-10,0.3878390132223698,0.5275863299886864,0.5478645401293984,0.4617752538234305,0.3607782191466866,0.43017873019296604,0.533154986109346,0.5330324082647265,0.4217212123548933,0.401023853055455,0.5165646987155056,0.48269819918387175,0.5414267932764947,0.46286270046314626,0.4693526022212307,0.4475810998343762,0.458206064063504,0.4919303021587051,0.4281220583654805,0.37655116928712606,0.4371137460209006,0.39060211149397817,0.5322789765814835,0.46472822084268606,0.403536358847291,0.5328484713805229,0.4505343168810999,0.431414516891341,0.4745386166380925,0.5128538230979918,0.4189089902604087,0.5015965282614547,0.4692192784112924,0.4672033672409547,0.3176671933705102,0.4535969011695346,0.458207044081138,0.423610272828725,0.42375610825091464,0.4795346816125446,0.5679705979467697,0.4262595018935709,0.5390647792459209,0.473374482321038,0.5387353992065199,0.4958798887017038,0.5709960576694534,0.5132367586508313,0.4984367772980662,0.49307149548116613,0.5188076720712388,0.440747230610035,0.4725597531908014,0.5366782267316188,0.5412358411797948,0.4063571729102982,0.5252391280951255,0.4790721470201972,0.439748213215669,0.5067935154944881,0.4751754932387295,0.4847746329849922,0.5058238193475696,0.5401793689209552,0.4609382159200024,0.44686323847620524,0.4547078487538705,0.44548164346623415,0.4285954210807905,0.49023902366505473,0.45255224098648666,0.45288103778707633,0.5012460393780372,0.5818794349144604,0.41431140895328816,0.49399789094394125,0.4007290731608905,0.44621761239908414,0.5503755457978953,0.5032698631845521,0.37628301507914125,0.3860347405319159,0.4749986358283056,0.39828486693091053,0.5371799121290546,0.4424675682924789,0.44495307209150764,0.5146978626836222,0.5105479079842385,0.40084029345099403
2025-07-11,0.43351861770062655,0.512673270009777,0.5342153365363324,0.5004293355343491,0.41258490621785693,0.45638863051857725,0.5519210683786492,0.5521264200524739,0.4587997156983201,0.4534153043703148,0.5484923815071032,0.49544185696612464,0.5046277749235347,0.49123198263445944,0.477509784646594,0.46720120861453174,0.5112121367775797,0.5137537815040667,0.45482030916251165,0.37795181760546503,0.4678277255038127,0.41419825164691565,0.5350421734777683,0.4801396540877082,0.44288922486559285,0.5510426537279993,0.5079895832150734,0.42315012124149676,0.4614436165709002,0.574761606533655,0.43862346217799547,0.5288859948959532,0.5048369022117654,0.4753122547495792,0.3658597925579461,0.4578880357590936,0.4691712221030981,0.4301431329347749,0.43022698297320316,0.49184288235029605,0.5543865360040492,0.4675645146655817,0.5272064488937895,0.5385640715164561,0.5315048015322146,0.4837899869278048,0.5577799504000672,0.5399717718863649,0.47782036683192924,0.5126546691511179,0.4993198743616463,0.42361180342915,0.49587607034756503,0.5535251813777421,0.5445434130232373,0.4021922442368159,0.5267570406409993,0.4550343889006097,0.46575892619138587,0.5118867550017702,0.51287964041625,0.5018713135944715,0.4961929246064321,0.5696007406001662,0.4600761151518591,0.4869487600333991,0.46008248036621263,0.4397311955811738,0.4351082246987807,0.5010223530080397,0.4622298756519527,0.5046187222897458,0.5242231036321345,0.5365468382138647,0.44644026101262435,0.5076810553709379,0.3664559005368063,0.46318001547420334,0.513254656897658,0.5129188166780879,0.454642191416029,0.4561130196325914,0.4585405410294756,0.414769984315106,0.5017858279340199,0.41245842197674754,0.4453583744748255,0.5234152064920771,0.5269432967066324,0.46564258437138134
2025-08-11,0.4275078327793708,0.5060425520718714,0.5562589715890123,0.5035991353372868,0.3546834009122461,0.4739302893503971,0.5048146590454748,0.5518912439081364,0.4779418956827456,0.48440067898409356,0.5685733535980944,0.5179903452605443,0.5672191886836889,0.5064088668570295,0.4929627619377575,0.45243329149048156,0.5309707070477337,0.542594482623476,0.43282661000945893,0.347688687205606,0.4813741512969874,0.4211058542954943,0.5425911605480649,0.49108390752439113,0.4342844544246551,0.5263622947591562,0.49588968872823974,0.43854853775855884,0.47755046547376534,0.6195190506194045,0.44273483804953,0.551021244215707,0.4817782116573974,0.44510300894638083,0.33116162319851133,0.49483090115180967,0.4379584329901721,0.45825685729443477,0.4583205071384264,0.5342361410304399,0.5804003486410633,0.4429318329748764,0.542620381656407,0.47726467534509986,0.5263565609315641,0.5040632397027432,0.5715270989254498,0.5227284472827817,0.452921621186342,0.4884766153173328,0.5343197167459175,0.4485839231474664,0.5070043966464381,0.5286947443351747,0.5650890797871818,0.40517399781908187,0.5595424902010694,0.46900636036145676,0.4747841433706,0.5561048472897906,0.5168257445008788,0.5303110243828579,0.533715732330335,0.5625396208959416,0.4960766105079862,0.5283858785396452,0.4807816497401691,0.4648576878545052,0.4096846152152818,0.47186873418596587,0.46229929634097133,0.552984890699471,0.5062481639515355,0.5790312512679621,0.41855020100048573,0.5155169189160306,0.3446168534251697,0.5075560331573734,0.5580447538672048,0.4631718923941318,0.4799795760738573,0.5168545560295368,0.48620795097601155,0.4043824672873751,0.5307225075260502,0.43209977063464605,0.459520959301678,0.5313547141640846,0.503290401719465,0.4294383394423596
2025-09-10,0.42839015586265217,0.517920598689392,0.557166594497256,0.48067608818646,0.3700038851282119,0.4499568843943742,0.5491324101699302,0.5418931909038852,0.45129262042458634,0.4787497086928013,0.566751780104658,0.49848652916081126,0.5486600293578189,0.5261701372451388,0.5100683904594616,0.47413675768660773,0.49359112793224175,0.5746088541469486,0.38786457143135655,0.37550785813201093,0.4590647370248875,0.42449855340715853,0.5495027109326808,0.4938302663103777,0.41439745376945997,0.5875512046871932,0.5272742954726216,0.4506822010187713,0.4712310559726764,0.6011750324909991,0.4634014031366889,0.5743212284400699,0.4739908055179136,0.4459365890020581,0.34576185875512594,0.5065291557388405,0.47520693767340705,0.4332842679892612,0.4336019614546987,0.5144776812852474,0.5742207564300524,0.470177228261607,0.5517297687766523,0.4858157518753174,0.568887955460004,0.4772708156045855,0.5656201224113655,0.5294957275855893,0.46180241826692137,0.46361847974552994,0.5605251223387037,0.47354647093578905,0.5195101684943852,0.5656554989013859,0.5996986205996877,0.4215453331202074,0.53069119827798,0.466134570092439,0.5036897255145074,0.5498330998148613,0.5083176646680149,0.5212335895382902,0.5096272300351655,0.5671163556521971,0.48892178559732496,0.5140925862633728,0.506645426805896,0.4329100965814579,0.41701845988474867,0.5174025804796567,0.45212952195411615,0.4416554581472361,0.5524128533455379,0.5725535807533689,0.44651306463951906,0.517001234798858,0.3784681181598905,0.4471652267198168,0.5365071015727737,0.5237678504123573,0.48122817175249544,0.5416977407036713,0.4564422514724878,0.3859427414081363,0.5157484249584333,0.43137845696085175,0.44897101753885055,0.5149728115495903,0.511023214862734,0.44571023787613
2025-10-09,0.4337751632281235,0.4434077352692021,0.5473258022945533,0.5053861848721614,0.36434639809684216,0.42987508976204736,0.5346736710413477,0.5518446498026874,0.448023382793713,0.4576462292459967,0.5885023731435578,0.4902493359197542,0.5495800880522808,0.46558253524462223,0.4967950219108872,0.4287330218405372,0.5053783387933098,0.5211886113983086,0.3747579874955759,0.3681328644962877,0.4594302475192553,0.4121730194627037,0.5540238884815852,0.46157968917196873,0.44619774672066337,0.5722654474010547,0.4710322970814497,0.4717506155228741,0.40872751270445123,0.616110484884253,0.4452396283005013,0.572441811112322,0.4843949248240594,0.45179189061503416,0.35107873756204844,0.48314392410493834,0.4496607173721582,0.4690698258491675,0.46894487015716585,0.5167303173179072,0.5154434803681837,0.4754505595619546,0.5552071404167942,0.5086617159612837,0.5140975868351809,0.5039006517248115,0.4962206547119222,0.50270195235358,0.4571929934273867,0.49110053793696684,0.4769204319381369,0.4282000486054109,0.47152141636021316,0.5202423701560221,0.5219393397700787,0.38816878858799997,0.5246636809570717,0.5065974520921636,0.4448230348445477,0.5286879161146406,0.5133821356231648,0.4172327931375959,0.5026847733691064,0.5533061117345083,0.506133324484501,0.4482524304120704,0.4549535903109749,0.4154770969994433,0.401023418452428,0.46433302846337426,0.46614388825853603,0.42275759220741527,0.5539980741855454,0.5215773687305779,0.4338928126480658,0.4773215900997841,0.37069965104968955,0.4658227219960813,0.4856596837730164,0.49299209951820055,0.4710597552375443,0.5727641292459209,0.4295621426376427,0.40610845375320503,0.4890596822000481,0.40699499017925056,0.42675383651331295,0.5045324305257151,0.5689116631281236,0.43304565307040727
2025-11-07,0.4127535817323394,0.5226234609069436,0.5361635525481732,0.48045026862320006,0.3928343042517876,0.47258554790329005,0.5567094003341359,0.49844584428842215,0.4503076492244897,0.42795180153505213,0.5430389115397846,0.46711955210797856,0.519093208677689,0.43910790775229847,0.4842484925136427,0.4258457172372028,0.4807800532063906,0.4895017824097966,0.37702308323609746,0.3976888239793383,0.43736779419173294,0.4227448537496268,0.5416427736708352,0.4567014871346425,0.42423352659979485,0.5675990495153094,0.5061557826846315,0.4653919462184059,0.3938831090926988,0.5886805872689573,0.4562064494551036,0.5404239756233725,0.48211066810833997,0.46157867456507823,0.3482890480791641,0.5100165863791687,0.5063011889238601,0.46189063877193953,0.46219868712321144,0.4845171298428725,0.5217575118787529,0.46807168843518515,0.5989630908976115,0.5382299243533925,0.5518947417713249,0.4534687557520829,0.514999895784,0.5283348250411918,0.4740144182254728,0.5145439923438964,0.48067731321424173,0.44386298360465953,0.451692059530289,0.5228394713882283,0.5533746352925772,0.41866251562373025,0.5199304438692034,0.4926936829438299,0.4321088173647605,0.5019051894379298,0.4899067297874742,0.45907777364227126,0.4914456548745008,0.5832502969355661,0.4942473850100773,0.45629692797231686,0.4400257149201817,0.4062061100763847,0.4122929721770287,0.519308277535658,0.4577436260171394,0.3981610781758835,0.5285510758589552,0.5419853167267408,0.44199874183341525,0.49711647684329197,0.42538800667550736,0.40651917581614455,0.4968751779384588,0.5431439067263223,0.4882230291257086,0.49805874681131934,0.4720139962978581,0.42808032035365007,0.48878119581350593,0.4173624545093667,0.41674282214473424,0.48896137670641293,0.4863957703945374,0.4566640014666029
2025-12-09,0.3627403586783356,0.4792607187842694,0.5645402433554277,0.4988803285505824,0.376444641020743,0.468121248328408,0.5327212773590771,0.486717210525179,0.44411488065398497,0.44390163379926045,0.4629182005320004,0.4519232761222704,0.5205000644182285,0.3785022982293516,0.4613901430149031,0.42512296872649535,0.4778763561372814,0.4462128990173652,0.40297186670367147,0.34714372426294765,0.4127994648420206,0.4016308885105484,0.5163046784200581,0.47988397815168865,0.3967076908678883,0.5384815241757819,0.4436036598141762,0.4508244337019718,0.3853789571537146,0.6274196604188618,0.4378398438259745,0.5382646593924789,0.446302429581428,0.4411349989381757,0.3384082570315206,0.47954839142996086,0.43421296132489945,0.4644029018543997,0.46335892647131965,0.47320969408177327,0.4958795837394248,0.4582231697628952,0.5773430164851303,0.5074979669444144,0.5239830672553456,0.46892617954776383,0.47970397317730956,0.5104193006111769,0.47202479222528143,0.5111297037775475,0.4879998503228398,0.4440880274657206,0.3928036822092876,0.5136688651873033,0.5058975002604663,0.3694415337593615,0.5025785445830759,0.5079407416159574,0.4075786957462764,0.48947458139826905,0.5142304714736703,0.47579926553766505,0.5033593390130962,0.5148814462273192,0.4778783642275636,0.4925183189387759,0.46156596976095793,0.378725570116951,0.39067717863988305,0.45506634552298897,0.421644427103009,0.3809135182480157,0.4776921668686192,0.5014451884844634,0.45886479984804895,0.395689746329966,0.40621337358403364,0.44601374860368653,0.46282272387515055,0.4876510635449427,0.4561794832059175,0.5643995989627689,0.4067314143814371,0.40149665701049725,0.4234217759568695,0.43483007476933627,0.4203191156269604,0.4955306055996541,0.5063403096705481,0.4057441937090376
2026-01-09,0.43398892449333215,0.4687281024643287,0.5237593385382533,0.49325279864169186,0.4073842264216047,0.49843560297581463,0.5234254066273475,0.49571140569294947,0.44594316496005293,0.4415240920017625,0.44883018194795676,0.48469813739168166,0.5092416472977421,0.410840852709611,0.4701653792578108,0.46984746203770594,0.5035465196066219,0.5209520196353513,0.4169061554081577,0.39066327939287593,0.43253249218245665,0.43255797943801355,0.5049875540823925,0.4538440200585763,0.42393838302187703,0.5642763405871083,0.503609507590691,0.4427386133826832,0.44589708501874986,0.6488314958098971,0.459837145156841,0.568848173823689,0.45543434846219444,0.4472088025695821,0.35391299549406124,0.5019409415740153,0.4480904821933395,0.4998543358399436,0.4992124735072101,0.4938389001432989,0.5168139098227564,0.4445287385865655,0.5702995229286367,0.5504031330577079,0.5358887862077472,0.45506451579205603,0.5343870054071813,0.5618756959279967,0.47414741546745315,0.5324471647903973,0.5596103713408473,0.45749703714422285,0.43656874730338424,0.5122378442158839,0.5154294493406472,0.4181555498729339,0.49349902827443176,0.5104092163024675,0.4136100965665316,0.4815243817045477,0.4740516462176492,0.5077032069758216,0.4769448525569576,0.519743241056228,0.4609167498772683,0.5039608857652833,0.45601099215095997,0.44710456552663086,0.3807854217086123,0.4895659537453374,0.4243518297442254,0.4232859018371343,0.5162574274056612,0.47856838991776157,0.48255324450629666,0.44800659429128625,0.47357896888812795,0.4628906924529296,0.48159066583990856,0.5336110421017276,0.4933215603332016,0.5061316190179682,0.4630851454049852,0.4263076375538617,0.46351322001997797,0.429576031657308,0.43379570145904506,0.505067777390368,0.4854751446153291,0.446429696785188
2026-02-10,0.45083740793940846,0.4446388212711371,0.5457090451073136,0.5056606783394133,0.41644681045819165,0.49080485565849374,0.4939901199177365,0.4824689975376444,0.4420395335053212,0.44947472032432134,0.5245298291841164,0.499640788247603,0.5304379833667165,0.4302799905803675,0.46908591260894483,0.41627591851672524,0.5288886584887059,0.5128057793568208,0.40084308076955855,0.449913159780236,0.4545365245427915,0.4641017344599627,0.5387980016922357,0.44730270219797696,0.40616319422721237,0.5494138530944901,0.493182157838658,0.4542261622185185,0.4024199189124862,0.6089237712336834,0.4174519861736099,0.5518439855264649,0.4298593619217596,0.4404928402447774,0.3548079287842607,0.5151054405987435,0.4362321173789042,0.4816582524625678,0.48308131260973775,0.49669346512716844,0.5130944501414947,0.4599545518478487,0.5653393064566898,0.5013254979783578,0.5057906122018725,0.4786290663355907,0.4780798043745243,0.5342804251220501,0.44563294131798425,0.5478204168175039,0.5235495975679428,0.42061221002094745,0.39539537023660565,0.4953985020127318,0.5008995183424447,0.41662249612883984,0.4422410083556458,0.5010827794337472,0.38780777158880175,0.5047313961263394,0.4767513397727432,0.47005225847916954,0.5134919641911098,0.5147316807489006,0.46074306534261594,0.5108746915260025,0.47011173262436123,0.4153424304257638,0.3620211755411216,0.475439013349519,0.43992682204200817,0.4249703445480163,0.5141955257474158,0.4997509595316657,0.44994583639253694,0.4534657923815293,0.426663072919008,0.4840367993409103,0.4913251776982446,0.47878299043957373,0.49939052407100937,0.530447451664841,0.4344937752453046,0.41545812763695633,0.500291445402882,0.4083710409576127,0.38590239984974556,0.5167683915558874,0.5101535862059147,0.47765360213924
2026-03-12,0.3991306175303482,0.41622728977525586,0.5398823122309899,0.4970485313711947,0.41829663853589943,0.4873093601805796,0.5041976271650187,0.46238506329393825,0.4350731539541969,0.4312963465794583,0.48791403479363316,0.4743285917450431,0.5147948397420774,0.4394638825512942,0.4933186828824719,0.40841896593833693,0.4742938915507128,0.4741905355483928,0.41984391128172205,0.47304665121737083,0.44042442262682663,0.41844642953302935,0.53110110470688,0.4654851275394701,0.3683225767694621,0.536771485988556,0.5369120741442769,0.43034762994350534,0.4226550908527988,0.5703524965144319,0.44416529390437487,0.5309022142256066,0.4174249295487166,0.43311024093380285,0.33344826336139494,0.4891171231658711,0.49675318770384774,0.4707471297708659,0.4713522302495095,0.4819691561260035,0.5190321361164131,0.47155447449775306,0.5624152764788641,0.4888874445453012,0.5381681281778721,0.44086991205420467,0.5252071866089738,0.5225382388491128,0.4938125079156672,0.5314230471452488,0.5194799439978496,0.3979843295280577,0.4349044111357051,0.5179502198883714,0.5272342260446276,0.40021469568348056,0.40123628472436235,0.557017071667329,0.4319072237534202,0.4907859313782063,0.45594652458686147,0.48814978491648237,0.47669730137894645,0.5028443688127389,0.4527402498077578,0.48514934733322235,0.46216322323191983,0.44783258690775585,0.39431768844620785,0.4878838904064588,0.4808235521586361,0.3973688507691102,0.5004410310468329,0.48079081590618944,0.47555913698088625,0.42433917561080203,0.4613767780973018,0.41488426933579814,0.516974702084761,0.516646193627015,0.5196612616190097,0.5121399860254945,0.4543087215264215,0.4237843647606811,0.4945771835192538,0.38534275158751746,0.4333510659990796,0.4860334940129532,0.48211058508187676,0.45253661478703433
2026-04-13,0.39254027900106786,0.4401019311123275,0.518371766644868,0.5072694606672817,0.4575978409678959,0.434328474718902,0.5017168619546539,0.38687789171325704,0.45548816522457725,0.43982406621350856,0.4726331204685683,0.47192117024314373,0.5173808363185397,0.38926773421720495,0.4710887000724154,0.3761857395255025,0.46628479758981084,0.4568838102018562,0.41884993539101295,0.43206265550687906,0.4390633787437667,0.35556970651502445,0.5462394201753719,0.46874115414040013,0.37998206949991553,0.5371808616322877,0.46041475575351715,0.43165289301666515,0.4125371686283046,0.5978375678993889,0.46253589570974313,0.5353380674925896,0.44565582359656236,0.44367068379462793,0.3322305353122519,0.4634628304268771,0.4592339576031797,0.4894756636526096,0.4884664652646863,0.4793867853772521,0.48234878388738245,0.4888358721790803,0.5147615543884576,0.4943126823897226,0.5314696855533965,0.42931434944911584,0.5235860460823615,0.48574849693677963,0.4844269043600521,0.5589655728015539,0.5115439164738369,0.39122158069766183,0.4545830885804235,0.5182703374786656,0.5329411444759645,0.39138095487187924,0.38854441014410274,0.49018301012557225,0.41668663970319864,0.4837922903786755,0.46271254850566357,0.4705718306966607,0.4869575160580967,0.5158983439733144,0.444811085500562,0.45798852652587574,0.4828508315207029,0.41347233199451217,0.40141260628349834,0.4894945663673013,0.48320710957586316,0.3831703580823541,0.5014718319513366,0.45409530142292565,0.4927388822370625,0.38947081899334773,0.44489058967318706,0.4629044906051782,0.4989397226173037,0.49202747866817403,0.514544530708829,0.5550627066041203,0.4507851399236977,0.4352539868203841,0.5020968561941648,0.4019882662447087,0.4156594496474354,0.479319464124583,0.4664152352677831,0.39428220310998685
2026-05-12,0.3992193518431281,0.4614911640098567,0.5420988415003211,0.507036430871109,0.4593288602977564,0.5063011579335562,0.4856278516891879,0.4123188229831061,0.4810696225707289,0.45433620972005795,0.4879087911751139,0.46254876908689,0.5271891063891649,0.3946635239888866,0.4588841134846548,0.3946050509624108,0.47656527739175325,0.4531210598635451,0.47601591513845687,0.42209422371131716,0.464006603779243,0.36391171890491447,0.5295489046277707,0.48385727443934884,0.37361247695455685,0.5022552027585417,0.5054786906793337,0.4503326793810695,0.3945100851210345,0.5739761581432945,0.47642685705085136,0.5163313584039758,0.4659969270079596,0.44657581135815483,0.3230831971484686,0.45027546848550143,0.4781931057364791,0.4566901546470427,0.45506899667683515,0.48233210315595015,0.4913079826168857,0.48858844996702305,0.49801070094621186,0.5136559274772154,0.5608635147791385,0.4527907875702407,0.5128788146300448,0.4498630635306304,0.45988483995698753,0.5853135673830524,0.5437557571524589,0.42105528407728776,0.4767152091458312,0.5099253655960546,0.539790345622952,0.41572348845436136,0.41775957474186465,0.49217588728957873,0.4123091975598254,0.48463762573267294,0.46885369320876186,0.44669539165111527,0.49738129066505965,0.5102177935431255,0.4201896931521879,0.4394194139255213,0.5006917627114805,0.3970091765977304,0.42431190428992427,0.5108416735144871,0.4433238128103094,0.41416912901600245,0.5019212030583914,0.4518406959087048,0.4557753740419348,0.4102242797166998,0.5167498383884835,0.40014327298996166,0.5001992277176686,0.5216682654228729,0.48755364656461564,0.5368037895820184,0.4587289018016276,0.40909760006719914,0.5011559903995649,0.4219235381924469,0.5073216041382571,0.4779219084442752,0.4837557421302375,0.4321428301517428
2026-06-11,0.38147501115848853,0.46445532223059977,0.5049033614611877,0.45806955754562767,0.42765057041594756,0.5058448654122158,0.5171507151611009,0.4454303056638438,0.49794113933411005,0.450937829214546,0.4905266534374874,0.4996131118424952,0.5375178230243162,0.4097953555042191,0.4371014969029315,0.38978933805229954,0.4943078073414803,0.4444314358508711,0.5264636719889408,0.4277733481459249,0.4672410397499277,0.3691062006103526,0.49707504292862725,0.46186114434012876,0.4164791302948948,0.5139870497836522,0.5207245757315936,0.4590243656758328,0.4291066614027172,0.5841654871958564,0.4859663832569039,0.5238205046965329,0.46728675647317885,0.4274001632937801,0.30905302228509934,0.44758515263569026,0.4760241943146661,0.4928743989151953,0.49139826452642893,0.4890462266029519,0.5171194620496954,0.49663646836298597,0.46775296326931354,0.5223415552596647,0.5859591163431773,0.46180968680867296,0.546936343889468,0.4764737732458606,0.4646755990848638,0.6375212741063363,0.5271181836756805,0.38498221740480715,0.44586987303124737,0.5256670458618634,0.5348507207950591,0.42751245374816776,0.4575997766634128,0.5030462373192823,0.4304522330358409,0.5114143615660957,0.4596319570115222,0.4260880038579687,0.5305648567030502,0.532235844423039,0.3904016801201033,0.45793030021354375,0.5117745665374114,0.4463218226561557,0.45600879034351793,0.5049628780488086,0.46117685791252366,0.4070385233472745,0.5065539094814486,0.4942637801306376,0.4718490904836903,0.4070933800522665,0.5190539379129321,0.4244271609620943,0.4995756843295242,0.5259017004424644,0.530581143450599,0.5559861811120277,0.47329127178487096,0.44589972668010175,0.481396600451023,0.41433651543618594,0.5186752318479546,0.4997568628071182,0.4789036771018184,0.4289612580712163
2026-07-14,0.3788427892348241,0.47522393099165783,0.4942093555763252,0.45165585149606136,0.44844967860690577,0.551717504129189,0.5141237491567877,0.446857797587783,0.5011547600788986,0.4929685860885982,0.510306740565004,0.5524222113727995,0.5449202939880486,0.4242983046583312,0.42826206672147,0.41321682170733826,0.5373925769400697,0.48416537524324216,0.503873418563981,0.4256991780010357,0.5129147085548117,0.4108425425522918,0.4982049611761294,0.45990332332300327,0.44272654955994334,0.5183624478616379,0.5519698692697388,0.4439388807729409,0.4290072941365661,0.6177128607272371,0.48136196887564864,0.570039482273962,0.46728715561884104,0.4029379746681043,0.3268727718208673,0.5089676246562362,0.4698810931887981,0.515032172739315,0.5137256988206901,0.5277956397779894,0.5464791327583874,0.4550082195150713,0.4983153965761901,0.5392076376973305,0.5326047211679029,0.49309741634328624,0.5370266213362898,0.47251691312625294,0.47894340056247053,0.5789898066601036,0.5728214829160511,0.4158604159907809,0.4768122788961963,0.5263073278137664,0.5217039494977532,0.4723816678597699,0.46933594098064463,0.4727081574730118,0.41824040912983607,0.5459544942188014,0.4793170559892262,0.49667213547115935,0.5195804663958181,0.5103747084398251,0.4175499755445122,0.4790964998515066,0.4904920211240082,0.41454184564276975,0.44830462618891426,0.49426656582540873,0.44824267951258495,0.39808067400621083,0.5205512078165364,0.44845447841122743,0.48065798023006934,0.43168570433575537,0.5101342933542414,0.4414692948576103,0.4856357039288909,0.524001716986431,0.5386843894185039,0.552188829814443,0.45773114990552055,0.4870852766082411,0.5363503270709654,0.4274017718527138,0.5181059839562556,0.5412586869290845,0.48004686821755904,0.4470300142453878
2026-08-12,0.3827157069703381,0.4774895295164725,0.46120359311477316,0.46700121865111066,0.4511806428378515,0.5360195891830929,0.5126744082273288,0.41306871509585275,0.4819603332987315,0.47792048486172956,0.5361944378660392,0.5320273331959084,0.4940397557263041,0.4314842238660157,0.44995552619498935,0.38829947114669233,0.5229127988509844,0.49821442170277513,0.5151114290237158,0.45755453761084647,0.4765657980483051,0.40913226211233195,0.5054210508955004,0.45736389920358766,0.4671938761296005,0.5411587210117584,0.5334844146488058,0.42997094683122905,0.40450227425727914,0.5977170257843498,0.4056576976852232,0.5337800962139472,0.3894865124421236,0.41561295154643324,0.34457283310987596,0.522915394945369,0.4753433600188498,0.48441905363129245,0.48370823417940606,0.5019723172604703,0.5638621557922084,0.44590046361173113,0.4043539617011446,0.5327769740609578,0.5212405960327141,0.5049410821709126,0.4660870419168271,0.45889738211158687,0.46108543809473707,0.5823943665477866,0.5611812921885129,0.41705392898827703,0.42532094518543945,0.49666187033009734,0.5072760119984453,0.4509708811216516,0.4496526330747028,0.47086690755368854,0.4378087807939481,0.5239256578423366,0.44886590933400317,0.4473802876360136,0.5111446683323398,0.502924744152662,0.43284176138431724,0.5302866696746182,0.46889874369582857,0.4199776004071411,0.45863871085800956,0.49714788482599037,0.5339456160387881,0.41516760265983227,0.5289934034610225,0.49141918761778147,0.42873788834476756,0.4579603170702481,0.4731992246848491,0.4468364690473096,0.49842259622810864,0.4609204908304892,0.5774564017788351,0.6060369000069752,0.46901685740329346,0.4735346707805981,0.5280846198435454,0.41153433219415364,0.4793621666712457,0.5207945874402395,0.4490076986944185,0.4706361299784659
