ticker,freq_per_bar,psd
AAPL,0.0,6.497129987061491e-05
AAPL,0.00390625,0.0002506546396402683
AAPL,0.0078125,0.0002554343825972746
AAPL,0.01171875,0.00013558554758690258
AAPL,0.015625,9.555332921473899e-05
AAPL,0.01953125,7.96804628686472e-05
AAPL,0.0234375,5.143447327614935e-05
AAPL,0.02734375,4.2559083053595106e-05
AAPL,0.03125,5.378767276693517e-05
AAPL,0.03515625,5.644678281530764e-05
AAPL,0.0390625,5.0147670357870674e-05
AAPL,0.04296875,4.300239853117396e-05
AAPL,0.046875,2.2779882457571524e-05
AAPL,0.05078125,3.4867520565462817e-05
AAPL,0.0546875,7.075612455442046e-05
AAPL,0.05859375,6.430899412463905e-05
AAPL,0.0625,4.679606968045148e-05
AAPL,0.06640625,4.014588410591434e-05
AAPL,0.0703125,3.513234146737994e-05
AAPL,0.07421875,3.585684140936971e-05
AAPL,0.078125,3.381086143423613e-05
AAPL,0.08203125,3.3353002008066765e-05
AAPL,0.0859375,4.853063623424443e-05
AAPL,0.08984375,5.688619740376283e-05
AAPL,0.09375,4.980693247635138e-05
AAPL,0.09765625,3.9977501623505016e-05
AAPL,0.1015625,4.6096628994937956e-05
AAPL,0.10546875,3.961555990669339e-05
AAPL,0.109375,3.273823541734284e-05
AAPL,0.11328125,3.549354672313611e-05
AAPL,0.1171875,4.052772407030079e-05
AAPL,0.12109375,5.105221240803181e-05
AAPL,0.125,5.234994824915513e-05
AAPL,0.12890625,7.236708488325591e-05
AAPL,0.1328125,7.631338304878507e-05
AAPL,0.13671875,8.61020915806842e-05
AAPL,0.140625,0.0003012172133766773
AAPL,0.14453125,0.000340529137455774
AAPL,0.1484375,7.90891008493764e-05
AAPL,0.15234375,3.375540603469343e-05
AAPL,0.15625,4.406838526089513e-05
AAPL,0.16015625,4.874401130540288e-05
AAPL,0.1640625,4.547868159864517e-05
AAPL,0.16796875,4.68464212595292e-05
AAPL,0.171875,3.720162725896055e-05
AAPL,0.17578125,4.271657504846787e-05
AAPL,0.1796875,3.3257605368391724e-05
AAPL,0.18359375,3.443845491902782e-05
AAPL,0.1875,3.3996375156538563e-05
AAPL,0.19140625,3.9053079931224996e-05
AAPL,0.1953125,3.405060821212634e-05
AAPL,0.19921875,4.1275033096308504e-05
AAPL,0.203125,3.805023751561815e-05
AAPL,0.20703125,3.7670061144326646e-05
AAPL,0.2109375,3.0019760819865593e-05
AAPL,0.21484375,2.5683647994846754e-05
AAPL,0.21875,2.5663543547399782e-05
AAPL,0.22265625,3.1069296550592646e-05
AAPL,0.2265625,2.9274735345441468e-05
AAPL,0.23046875,3.4939152657906314e-05
AAPL,0.234375,3.034152333531607e-05
AAPL,0.23828125,2.5015148684623716e-05
AAPL,0.2421875,3.0327978426164097e-05
AAPL,0.24609375,3.8616716368382614e-05
AAPL,0.25,4.284064952414703e-05
AAPL,0.25390625,5.365094598358818e-05
AAPL,0.2578125,4.1747639253821195e-05
AAPL,0.26171875,3.790530849676427e-05
AAPL,0.265625,3.163035929103444e-05
AAPL,0.26953125,3.2953890931828754e-05
AAPL,0.2734375,3.951902728438243e-05
AAPL,0.27734375,4.6037178643674994e-05
AAPL,0.28125,0.00011179763144948501
AAPL,0.28515625,0.00033858342020607837
AAPL,0.2890625,0.0001877595665551397
AAPL,0.29296875,5.60851880600116e-05
AAPL,0.296875,5.878621239221991e-05
AAPL,0.30078125,6.110576791310496e-05
AAPL,0.3046875,4.778321518048901e-05
AAPL,0.30859375,4.436159722797368e-05
AAPL,0.3125,2.936395489261788e-05
AAPL,0.31640625,3.692915845883453e-05
AAPL,0.3203125,4.001555894683533e-05
AAPL,0.32421875,6.288544844348503e-05
AAPL,0.328125,5.439182317187462e-05
AAPL,0.33203125,4.852882203224831e-05
AAPL,0.3359375,4.591285355081057e-05
AAPL,0.33984375,4.3671411052025245e-05
AAPL,0.34375,3.503029550310368e-05
AAPL,0.34765625,3.2419400896855395e-05
AAPL,0.3515625,3.523671192591824e-05
AAPL,0.35546875,2.155221477666133e-05
AAPL,0.359375,2.0213629583285263e-05
AAPL,0.36328125,3.140347635332127e-05
AAPL,0.3671875,2.2824431821260234e-05
AAPL,0.37109375,2.971466303162864e-05
AAPL,0.375,2.9822162018447e-05
AAPL,0.37890625,2.5086841440167075e-05
AAPL,0.3828125,3.491505334188515e-05
AAPL,0.38671875,4.215636466485681e-05
AAPL,0.390625,3.555699220463312e-05
AAPL,0.39453125,4.289411389277938e-05
AAPL,0.3984375,4.489630840791016e-05
AAPL,0.40234375,3.4572368758481216e-05
AAPL,0.40625,3.87037873875673e-05
AAPL,0.41015625,5.040051632858203e-05
AAPL,0.4140625,7.386695203301805e-05
AAPL,0.41796875,7.16391959798844e-05
AAPL,0.421875,7.063763773630775e-05
AAPL,0.42578125,0.00017782977505657755
AAPL,0.4296875,0.000237048394457002
AAPL,0.43359375,7.591839605502813e-05
AAPL,0.4375,3.873786938802219e-05
AAPL,0.44140625,3.454025265151851e-05
AAPL,0.4453125,3.503385171305944e-05
AAPL,0.44921875,3.745343605931897e-05
AAPL,0.453125,5.1603884514212274e-05
AAPL,0.45703125,5.7571723521137264e-05
AAPL,0.4609375,6.293930139006316e-05
AAPL,0.46484375,4.9494914095685454e-05
AAPL,0.46875,4.435907203764708e-05
AAPL,0.47265625,2.5200744925829544e-05
AAPL,0.4765625,2.64120115980931e-05
AAPL,0.48046875,3.8450550692930214e-05
AAPL,0.484375,4.572998188534395e-05
AAPL,0.48828125,4.491682288155648e-05
AAPL,0.4921875,4.244444396896322e-05
AAPL,0.49609375,3.381835614271826e-05
AAPL,0.5,1.1699171479924238e-05
AMD,0.0,0.0001274618357948053
AMD,0.00390625,0.000531468936263359
AMD,0.0078125,0.0005286618497323331
AMD,0.01171875,0.00036766469092717736
AMD,0.015625,0.00034640502786732356
AMD,0.01953125,0.0002200128970458834
AMD,0.0234375,0.00022926491534413658
AMD,0.02734375,0.00023845591322740165
AMD,0.03125,0.00025660688553322036
AMD,0.03515625,0.00020312729581667605
AMD,0.0390625,0.00015453678400309867
AMD,0.04296875,0.00015540574566015497
AMD,0.046875,0.00016695077414455436
AMD,0.05078125,0.0001754872666004885
AMD,0.0546875,0.00019789341187178376
AMD,0.05859375,0.0002578961131304025
AMD,0.0625,0.0002851933564028649
AMD,0.06640625,0.00021536484681821405
AMD,0.0703125,0.00014997644337544068
AMD,0.07421875,0.00016233948457584612
AMD,0.078125,0.00017443858214526487
AMD,0.08203125,0.00020072552381750075
AMD,0.0859375,0.00017883096173632168
AMD,0.08984375,0.0001334980233974385
AMD,0.09375,0.0001029933480720053
AMD,0.09765625,0.00013970307802523103
AMD,0.1015625,0.0002014543912203258
AMD,0.10546875,0.00015347410500813466
AMD,0.109375,0.0001936001371612134
AMD,0.11328125,0.00019731102898923458
AMD,0.1171875,0.0002464376227713397
AMD,0.12109375,0.00020243581954512542
AMD,0.125,0.0001845432385957794
AMD,0.12890625,0.00020315863805984332
AMD,0.1328125,0.0002124234934900018
AMD,0.13671875,0.00037190187017237323
AMD,0.140625,0.0013263208527839855
AMD,0.14453125,0.0014813557556309597
AMD,0.1484375,0.0004604867112696382
AMD,0.15234375,0.00018428740604107958
AMD,0.15625,0.00019884635957312323
AMD,0.16015625,0.00018536806888101257
AMD,0.1640625,0.0002751345360575021
AMD,0.16796875,0.00029445011926413966
AMD,0.171875,0.00020149080671015855
AMD,0.17578125,0.00017935079208955722
AMD,0.1796875,0.00013032995135310932
AMD,0.18359375,0.00015255375389900295
AMD,0.1875,0.00016104549808021646
AMD,0.19140625,0.00013905957308562716
AMD,0.1953125,0.00016282693705844834
AMD,0.19921875,0.0002080045086324523
AMD,0.203125,0.00025807866269667213
AMD,0.20703125,0.0002178718126169003
AMD,0.2109375,0.0002115896902500636
AMD,0.21484375,0.00016600165136844915
AMD,0.21875,0.00018686766631242265
AMD,0.22265625,0.00014784547029882174
AMD,0.2265625,0.00016590693058583382
AMD,0.23046875,0.00019659804408168118
AMD,0.234375,0.00014416179422952936
AMD,0.23828125,0.00011165562920154337
AMD,0.2421875,0.00016333293215506868
AMD,0.24609375,0.00017496707491783587
AMD,0.25,0.00020526508607526754
AMD,0.25390625,0.00016962593194056193
AMD,0.2578125,0.0001379342090228145
AMD,0.26171875,0.00020514766190454724
AMD,0.265625,0.00021028213480572477
AMD,0.26953125,0.0001797344895644445
AMD,0.2734375,0.00018378935154539735
AMD,0.27734375,0.0002544590545929246
AMD,0.28125,0.0005473219648805997
AMD,0.28515625,0.0016367390472242312
AMD,0.2890625,0.0008956191093470561
AMD,0.29296875,0.00023162569850445114
AMD,0.296875,0.0002123888434788147
AMD,0.30078125,0.00021845402608592604
AMD,0.3046875,0.00018103761254477344
AMD,0.30859375,0.00018535781800381056
AMD,0.3125,0.0001929358297040509
AMD,0.31640625,0.00020038122305972576
AMD,0.3203125,0.00020437078660171123
AMD,0.32421875,0.00014115615458547618
AMD,0.328125,0.00015908054338628635
AMD,0.33203125,0.00011672081759919697
AMD,0.3359375,8.965132308308708e-05
AMD,0.33984375,0.00014635570425402947
AMD,0.34375,0.0001804012835922321
AMD,0.34765625,0.00014851737492560315
AMD,0.3515625,0.000169161120924875
AMD,0.35546875,0.00014924029068151567
AMD,0.359375,9.007610739253381e-05
AMD,0.36328125,0.00013436209707489878
AMD,0.3671875,0.00016758285843092993
AMD,0.37109375,0.0001617920071734276
AMD,0.375,0.00014411759711143604
AMD,0.37890625,9.88374043247632e-05
AMD,0.3828125,8.226589685217358e-05
AMD,0.38671875,0.00012438333044504813
AMD,0.390625,0.00010050615958804539
AMD,0.39453125,0.00017110740877416576
AMD,0.3984375,0.0001585160968179071
AMD,0.40234375,0.0002227027213046639
AMD,0.40625,0.00026262907834416266
AMD,0.41015625,0.00022999888925777744
AMD,0.4140625,0.00022916302649794742
AMD,0.41796875,0.0001781949388501602
AMD,0.421875,0.00023133874587009628
AMD,0.42578125,0.0009728354731279514
AMD,0.4296875,0.0011759531641022808
AMD,0.43359375,0.0002564068525593981
AMD,0.4375,0.00016209333731813575
AMD,0.44140625,0.00014204884091095467
AMD,0.4453125,0.0001624169178817518
AMD,0.44921875,0.00016873527599923512
AMD,0.453125,0.00020339732721701685
AMD,0.45703125,0.0001914290994167037
AMD,0.4609375,0.0002064933705182014
AMD,0.46484375,0.00012590015084216693
AMD,0.46875,0.0001418247176898992
AMD,0.47265625,0.00015960836846879827
AMD,0.4765625,0.00016227587078037869
AMD,0.48046875,0.00018991520712293583
AMD,0.484375,0.00019184364584516744
AMD,0.48828125,0.00021471635607898194
AMD,0.4921875,0.00016681732588920745
AMD,0.49609375,0.00016757279592246409
AMD,0.5,9.635144727707669e-05
AMZN,0.0,4.171496238509377e-05
AMZN,0.00390625,0.00021093157020188468
AMZN,0.0078125,0.00021109086074351543
AMZN,0.01171875,0.00015309155047023298
AMZN,0.015625,0.00011186951799003942
AMZN,0.01953125,0.00013275322496609016
AMZN,0.0234375,9.511422193424642e-05
AMZN,0.02734375,0.0001082469293740921
AMZN,0.03125,0.0001167219087157023
AMZN,0.03515625,0.0001182607842314605
AMZN,0.0390625,7.412820834498413e-05
AMZN,0.04296875,8.03375841601092e-05
AMZN,0.046875,9.780366350423715e-05
AMZN,0.05078125,9.317982756261508e-05
AMZN,0.0546875,9.193808741021085e-05
AMZN,0.05859375,6.052105861718393e-05
AMZN,0.0625,5.62754070915475e-05
AMZN,0.06640625,5.479492235347509e-05
AMZN,0.0703125,5.8977496100841764e-05
AMZN,0.07421875,5.423702171566034e-05
AMZN,0.078125,4.1411104913272724e-05
AMZN,0.08203125,4.592920742573484e-05
AMZN,0.0859375,5.153451759663222e-05
AMZN,0.08984375,6.36453557477263e-05
AMZN,0.09375,7.482455755689849e-05
AMZN,0.09765625,7.553254962136962e-05
AMZN,0.1015625,6.0873114402302564e-05
AMZN,0.10546875,6.956705885607677e-05
AMZN,0.109375,7.169707318649221e-05
AMZN,0.11328125,7.076635762681889e-05
AMZN,0.1171875,7.798169535636596e-05
AMZN,0.12109375,8.040170757575486e-05
AMZN,0.125,9.476904165556916e-05
AMZN,0.12890625,9.456989411490409e-05
AMZN,0.1328125,0.00011729784930516688
AMZN,0.13671875,0.00011823861396001537
AMZN,0.140625,0.00045304641614638924
AMZN,0.14453125,0.0005184827472797213
AMZN,0.1484375,0.00014849190120808458
AMZN,0.15234375,0.00010172768709709042
AMZN,0.15625,8.444729623802356e-05
AMZN,0.16015625,8.021868743679607e-05
AMZN,0.1640625,8.097137826868117e-05
AMZN,0.16796875,7.59465720263933e-05
AMZN,0.171875,7.772592834077116e-05
AMZN,0.17578125,8.191388913237957e-05
AMZN,0.1796875,7.060276370976978e-05
AMZN,0.18359375,5.626842208188297e-05
AMZN,0.1875,6.527365792857138e-05
AMZN,0.19140625,6.222622814220226e-05
AMZN,0.1953125,7.01779992419272e-05
AMZN,0.19921875,6.105837345573722e-05
AMZN,0.203125,3.313314458928601e-05
AMZN,0.20703125,3.373677078917265e-05
AMZN,0.2109375,4.0740837307654e-05
AMZN,0.21484375,6.000805100069708e-05
AMZN,0.21875,6.416304107992558e-05
AMZN,0.22265625,4.231538951737603e-05
AMZN,0.2265625,4.290043998594554e-05
AMZN,0.23046875,7.941812777462788e-05
AMZN,0.234375,7.130617020524776e-05
AMZN,0.23828125,5.4841881355626745e-05
AMZN,0.2421875,7.543095026169592e-05
AMZN,0.24609375,6.781427077424486e-05
AMZN,0.25,0.00011613720200539524
AMZN,0.25390625,0.00010406427946017952
AMZN,0.2578125,5.166967078664843e-05
AMZN,0.26171875,5.042996567505401e-05
AMZN,0.265625,5.9202471015082196e-05
AMZN,0.26953125,7.015329708364136e-05
AMZN,0.2734375,6.8423327752895e-05
AMZN,0.27734375,6.681185611871168e-05
AMZN,0.28125,0.00014267135480305657
AMZN,0.28515625,0.0005413272667380255
AMZN,0.2890625,0.00029672387995420237
AMZN,0.29296875,9.08084551794361e-05
AMZN,0.296875,8.087736587021088e-05
AMZN,0.30078125,9.17746498187064e-05
AMZN,0.3046875,8.21975877022059e-05
AMZN,0.30859375,6.065196178242966e-05
AMZN,0.3125,6.539727729844661e-05
AMZN,0.31640625,7.624898981836425e-05
AMZN,0.3203125,7.681548881524128e-05
AMZN,0.32421875,6.309228440207373e-05
AMZN,0.328125,6.566478517807146e-05
AMZN,0.33203125,7.315891223512451e-05
AMZN,0.3359375,5.930965429251197e-05
AMZN,0.33984375,6.740908718838358e-05
AMZN,0.34375,6.58065466730605e-05
AMZN,0.34765625,4.538462791906859e-05
AMZN,0.3515625,4.274691419223798e-05
AMZN,0.35546875,5.104039971939509e-05
AMZN,0.359375,4.0783337379182445e-05
AMZN,0.36328125,3.4001909914269984e-05
AMZN,0.3671875,3.735503701809189e-05
AMZN,0.37109375,5.7218660420113914e-05
AMZN,0.375,8.631805914580816e-05
AMZN,0.37890625,7.856678956800498e-05
AMZN,0.3828125,7.388973724073313e-05
AMZN,0.38671875,6.90136969737727e-05
AMZN,0.390625,7.67477907306336e-05
AMZN,0.39453125,8.344373220407449e-05
AMZN,0.3984375,7.063148421533422e-05
AMZN,0.40234375,6.130327866676035e-05
AMZN,0.40625,7.272526382035438e-05
AMZN,0.41015625,7.395672558653088e-05
AMZN,0.4140625,7.683177256623143e-05
AMZN,0.41796875,8.075397115384811e-05
AMZN,0.421875,8.674427824805803e-05
AMZN,0.42578125,0.00034078296033520635
AMZN,0.4296875,0.0004207986895957046
AMZN,0.43359375,0.00010424502816524324
AMZN,0.4375,7.515635243781504e-05
AMZN,0.44140625,5.670780165739005e-05
AMZN,0.4453125,6.569700221684242e-05
AMZN,0.44921875,7.930300842980474e-05
AMZN,0.453125,7.705220894661047e-05
AMZN,0.45703125,6.495317922892069e-05
AMZN,0.4609375,9.886792910444781e-05
AMZN,0.46484375,8.917299056152016e-05
AMZN,0.46875,6.879090532285223e-05
AMZN,0.47265625,5.60754536088534e-05
AMZN,0.4765625,5.796704414083208e-05
AMZN,0.48046875,6.810669987861364e-05
AMZN,0.484375,6.765479772886868e-05
AMZN,0.48828125,5.454008058930077e-05
AMZN,0.4921875,5.165152657116797e-05
AMZN,0.49609375,6.390758414099283e-05
AMZN,0.5,3.087568792521018e-05
AVGO,0.0,0.00017087409524168935
AVGO,0.00390625,0.0006798157514493132
AVGO,0.0078125,0.0007158030963291924
AVGO,0.01171875,0.0004224599202617317
AVGO,0.015625,0.00017717215538365656
AVGO,0.01953125,0.00019221679751491431
AVGO,0.0234375,0.00017942435276918842
AVGO,0.02734375,0.00015188383380256387
AVGO,0.03125,0.00019979479638475902
AVGO,0.03515625,0.00020366114412235885
AVGO,0.0390625,0.00017599757643816378
AVGO,0.04296875,0.00016444055387990629
AVGO,0.046875,0.00015572178957421105
AVGO,0.05078125,0.00014795161374342298
AVGO,0.0546875,0.00017751060453562889
AVGO,0.05859375,0.00014771809756524733
AVGO,0.0625,0.00013635614728334724
AVGO,0.06640625,0.00010805317608763008
AVGO,0.0703125,0.00012203517193448367
AVGO,0.07421875,0.00014835100886705815
AVGO,0.078125,0.00012736523226948752
AVGO,0.08203125,0.00012012184361198234
AVGO,0.0859375,0.00016450895799167436
AVGO,0.08984375,0.00014299946734547798
AVGO,0.09375,0.00014609252701970602
AVGO,0.09765625,0.00018503961942798743
AVGO,0.1015625,0.00019271684291372678
AVGO,0.10546875,0.00010509057019309311
AVGO,0.109375,0.00011593081476147592
AVGO,0.11328125,0.00014314256148058804
AVGO,0.1171875,0.0001872445360160221
AVGO,0.12109375,0.00016576788666529117
AVGO,0.125,0.00014667425946001715
AVGO,0.12890625,0.0001632957730968716
AVGO,0.1328125,0.00019191403892098073
AVGO,0.13671875,0.00035402363330865283
AVGO,0.140625,0.0010618757292589784
AVGO,0.14453125,0.0010811753035015485
AVGO,0.1484375,0.00042331084929395074
AVGO,0.15234375,0.00021945789597814955
AVGO,0.15625,0.00013865088825205812
AVGO,0.16015625,0.00011145788180619725
AVGO,0.1640625,0.0001247576095623612
AVGO,0.16796875,0.00014791601238065414
AVGO,0.171875,0.00012804862286136046
AVGO,0.17578125,0.00011357724230121144
AVGO,0.1796875,0.00010272698139623829
AVGO,0.18359375,0.00012017328308018001
AVGO,0.1875,0.0001488167370890662
AVGO,0.19140625,0.00017331997275146934
AVGO,0.1953125,0.00021254161227605983
AVGO,0.19921875,0.00020736033750463033
AVGO,0.203125,0.0001920548863245942
AVGO,0.20703125,0.00014787717495898857
AVGO,0.2109375,0.00016686821551185625
AVGO,0.21484375,0.0001671810723106494
AVGO,0.21875,0.00016358616341862007
AVGO,0.22265625,0.00015267553563629564
AVGO,0.2265625,0.00013690315364979643
AVGO,0.23046875,0.00013211898353815418
AVGO,0.234375,0.00012056633336660905
AVGO,0.23828125,0.00014531513866926176
AVGO,0.2421875,0.00016163304173231127
AVGO,0.24609375,0.00013386336804039895
AVGO,0.25,0.000162753193026622
AVGO,0.25390625,0.00019646873502405086
AVGO,0.2578125,0.00014098447332171432
AVGO,0.26171875,0.00014496436862944625
AVGO,0.265625,0.00017952872127572752
AVGO,0.26953125,0.0001487805481775682
AVGO,0.2734375,0.00017639525721638107
AVGO,0.27734375,0.00024512280773428323
AVGO,0.28125,0.00040228492367134225
AVGO,0.28515625,0.0013195566098148312
AVGO,0.2890625,0.000870558448926896
AVGO,0.29296875,0.0002513668765423803
AVGO,0.296875,0.00018476934191644217
AVGO,0.30078125,0.00014263816075904846
AVGO,0.3046875,0.00012067056144568359
AVGO,0.30859375,0.00013895063058525886
AVGO,0.3125,0.0001205377537735599
AVGO,0.31640625,0.000122482958614057
AVGO,0.3203125,0.00015863157870403335
AVGO,0.32421875,0.0001311040035384134
AVGO,0.328125,0.00013741850575619695
AVGO,0.33203125,0.00014373230660188178
AVGO,0.3359375,0.00012354553379519522
AVGO,0.33984375,0.00013660108128221309
AVGO,0.34375,0.0001447096379077595
AVGO,0.34765625,0.00015502045183890499
AVGO,0.3515625,0.00014572356463812123
AVGO,0.35546875,0.00012762225706986497
AVGO,0.359375,0.0001251371874897719
AVGO,0.36328125,0.0001405636951108468
AVGO,0.3671875,0.0001635447296675172
AVGO,0.37109375,0.00015229056215650323
AVGO,0.375,0.0001619176420715654
AVGO,0.37890625,0.00014254965554911118
AVGO,0.3828125,0.00010253496287441322
AVGO,0.38671875,0.00010018625906173802
AVGO,0.390625,0.00013107281932228732
AVGO,0.39453125,0.00013904322790636383
AVGO,0.3984375,0.00010272468238652272
AVGO,0.40234375,0.0001366653483445736
AVGO,0.40625,0.00016494667702109719
AVGO,0.41015625,0.000137993845922274
AVGO,0.4140625,0.0001634549774545606
AVGO,0.41796875,0.00017420164963998115
AVGO,0.421875,0.00025260795306530323
AVGO,0.42578125,0.0008255229235753974
AVGO,0.4296875,0.0008833911088379854
AVGO,0.43359375,0.00030943488265549566
AVGO,0.4375,0.00022227113982379814
AVGO,0.44140625,0.00014643196341997372
AVGO,0.4453125,0.00011842438320328936
AVGO,0.44921875,8.298383430196347e-05
AVGO,0.453125,0.00011511537239475954
AVGO,0.45703125,0.0001433790372941745
AVGO,0.4609375,0.00017845157014884303
AVGO,0.46484375,0.00012057004269493703
AVGO,0.46875,0.00011544081388392734
AVGO,0.47265625,0.00013007468258221513
AVGO,0.4765625,0.0001547302160917633
AVGO,0.48046875,0.00014453585428809675
AVGO,0.484375,0.00013876515130769695
AVGO,0.48828125,0.00014988175327670277
AVGO,0.4921875,0.00010866335704387514
AVGO,0.49609375,0.00011323778159846366
AVGO,0.5,5.677947348725098e-05
BAC,0.0,6.271550511714314e-05
BAC,0.00390625,0.00024272288985516778
BAC,0.0078125,0.000226396841427858
BAC,0.01171875,0.00011380650460908172
BAC,0.015625,7.96139107425684e-05
BAC,0.01953125,5.0693900379899616e-05
BAC,0.0234375,5.744247737059758e-05
BAC,0.02734375,5.2651249582478926e-05
BAC,0.03125,7.305004402661558e-05
BAC,0.03515625,7.74047051009011e-05
BAC,0.0390625,6.330305391280055e-05
BAC,0.04296875,3.986853948581371e-05
BAC,0.046875,4.958199172153003e-05
BAC,0.05078125,5.4572669159833595e-05
BAC,0.0546875,5.409281563903284e-05
BAC,0.05859375,5.3329132600966676e-05
BAC,0.0625,5.2685886812802514e-05
BAC,0.06640625,4.674168047268045e-05
BAC,0.0703125,5.009673425911862e-05
BAC,0.07421875,3.897568422979846e-05
BAC,0.078125,3.986409493474315e-05
BAC,0.08203125,3.151293160450183e-05
BAC,0.0859375,3.0795538982855376e-05
BAC,0.08984375,3.7539124488113585e-05
BAC,0.09375,3.97370470750084e-05
BAC,0.09765625,4.134172683671578e-05
BAC,0.1015625,3.862880512042577e-05
BAC,0.10546875,4.124842047526801e-05
BAC,0.109375,2.942805031099658e-05
BAC,0.11328125,3.4175862166969854e-05
BAC,0.1171875,5.000324518831742e-05
BAC,0.12109375,5.6518943839912175e-05
BAC,0.125,6.209740170779852e-05
BAC,0.12890625,8.032067699408262e-05
BAC,0.1328125,7.570296875247585e-05
BAC,0.13671875,7.586975665832091e-05
BAC,0.140625,0.00027675653378948415
BAC,0.14453125,0.0003118721513570125
BAC,0.1484375,8.688826863848178e-05
BAC,0.15234375,3.560975162442326e-05
BAC,0.15625,4.0051997129530176e-05
BAC,0.16015625,4.428359046337351e-05
BAC,0.1640625,4.102401235908133e-05
BAC,0.16796875,4.188537774977031e-05
BAC,0.171875,2.952099680765614e-05
BAC,0.17578125,3.5521902474089804e-05
BAC,0.1796875,3.420168470075022e-05
BAC,0.18359375,3.089043646084055e-05
BAC,0.1875,3.713055421076472e-05
BAC,0.19140625,5.1669272299097e-05
BAC,0.1953125,5.9419707069348656e-05
BAC,0.19921875,6.552381800443731e-05
BAC,0.203125,3.968151374886026e-05
BAC,0.20703125,3.42820811439769e-05
BAC,0.2109375,2.5529074569645617e-05
BAC,0.21484375,3.854286592480538e-05
BAC,0.21875,4.8199737410627566e-05
BAC,0.22265625,3.5669090810645353e-05
BAC,0.2265625,2.683638554128316e-05
BAC,0.23046875,3.2238659289223684e-05
BAC,0.234375,3.473678518932401e-05
BAC,0.23828125,4.0208001229811546e-05
BAC,0.2421875,2.984341935226302e-05
BAC,0.24609375,5.4951685619184334e-05
BAC,0.25,6.258139580803318e-05
BAC,0.25390625,4.0912623650082244e-05
BAC,0.2578125,2.77090819887459e-05
BAC,0.26171875,3.163183746895061e-05
BAC,0.265625,3.1155483642633926e-05
BAC,0.26953125,2.2393059111955037e-05
BAC,0.2734375,2.8984963122764612e-05
BAC,0.27734375,4.6470353666308086e-05
BAC,0.28125,0.0001333583130160257
BAC,0.28515625,0.0004146707392778965
BAC,0.2890625,0.00023366660490022076
BAC,0.29296875,7.067081735932604e-05
BAC,0.296875,4.613497530331613e-05
BAC,0.30078125,3.446443847520139e-05
BAC,0.3046875,2.8768773105031704e-05
BAC,0.30859375,3.164819117880265e-05
BAC,0.3125,2.7483690919780743e-05
BAC,0.31640625,5.057291254558968e-05
BAC,0.3203125,6.433185838020888e-05
BAC,0.32421875,5.790361343498241e-05
BAC,0.328125,4.072443882369341e-05
BAC,0.33203125,4.955732483938183e-05
BAC,0.3359375,3.636887472884143e-05
BAC,0.33984375,3.454942027031818e-05
BAC,0.34375,3.674423662803953e-05
BAC,0.34765625,3.412940196378402e-05
BAC,0.3515625,3.09018758719241e-05
BAC,0.35546875,3.7544851981700886e-05
BAC,0.359375,3.962008991201538e-05
BAC,0.36328125,3.1483203566821796e-05
BAC,0.3671875,2.4972584007063633e-05
BAC,0.37109375,4.145533198176635e-05
BAC,0.375,4.409051693096327e-05
BAC,0.37890625,4.5638979491239845e-05
BAC,0.3828125,4.6314824947946296e-05
BAC,0.38671875,2.6897023819734176e-05
BAC,0.390625,3.172147101152559e-05
BAC,0.39453125,3.890045800163464e-05
BAC,0.3984375,3.649936578813363e-05
BAC,0.40234375,4.676362554507162e-05
BAC,0.40625,5.840800261785844e-05
BAC,0.41015625,4.931522541864442e-05
BAC,0.4140625,4.951125432360222e-05
BAC,0.41796875,6.495879642211151e-05
BAC,0.421875,8.191946665072492e-05
BAC,0.42578125,0.00023496439384876604
BAC,0.4296875,0.00031205902148488397
BAC,0.43359375,9.178819421174502e-05
BAC,0.4375,4.417866868832043e-05
BAC,0.44140625,4.912758721279178e-05
BAC,0.4453125,3.8877850262642175e-05
BAC,0.44921875,4.913129979744395e-05
BAC,0.453125,5.539418397645886e-05
BAC,0.45703125,4.585656862449452e-05
BAC,0.4609375,6.18885895098137e-05
BAC,0.46484375,5.7428423825694036e-05
BAC,0.46875,4.876813206141906e-05
BAC,0.47265625,3.305382984510374e-05
BAC,0.4765625,3.1789873699004044e-05
BAC,0.48046875,2.35458106865963e-05
BAC,0.484375,3.266261683935445e-05
BAC,0.48828125,2.7460931464530735e-05
BAC,0.4921875,4.222695845507898e-05
BAC,0.49609375,3.736724116431861e-05
BAC,0.5,1.5997404340942035e-05
COST,0.0,1.6478952182281614e-05
COST,0.00390625,8.61149295319909e-05
COST,0.0078125,9.657032924835681e-05
COST,0.01171875,6.20859846508998e-05
COST,0.015625,4.440821164879511e-05
COST,0.01953125,3.869725275313217e-05
COST,0.0234375,2.4720620536901652e-05
COST,0.02734375,2.8398776405660905e-05
COST,0.03125,2.6324604474748424e-05
COST,0.03515625,2.5735269803219554e-05
COST,0.0390625,3.4030069116006664e-05
COST,0.04296875,2.1148269537110064e-05
COST,0.046875,2.7727243916273044e-05
COST,0.05078125,2.774209628389507e-05
COST,0.0546875,2.340416640489387e-05
COST,0.05859375,2.0780770351750734e-05
COST,0.0625,2.177482095059868e-05
COST,0.06640625,2.1286345905699347e-05
COST,0.0703125,1.4115184222289573e-05
COST,0.07421875,1.816189967619458e-05
COST,0.078125,2.7349128373200953e-05
COST,0.08203125,3.4176761923037696e-05
COST,0.0859375,2.387783786681236e-05
COST,0.08984375,1.643352019426005e-05
COST,0.09375,1.4661227423446309e-05
COST,0.09765625,1.5472629248531116e-05
COST,0.1015625,2.3852918391022185e-05
COST,0.10546875,2.7588284039048298e-05
COST,0.109375,2.224875184107217e-05
COST,0.11328125,2.3118681726266314e-05
COST,0.1171875,2.116395543809136e-05
COST,0.12109375,1.5856095783525607e-05
COST,0.125,1.4316684497143228e-05
COST,0.12890625,2.598199225256487e-05
COST,0.1328125,3.5085124339584385e-05
COST,0.13671875,5.539550749844706e-05
COST,0.140625,0.0001532202954198732
COST,0.14453125,0.0001518374377095155
COST,0.1484375,4.26911341739986e-05
COST,0.15234375,2.9751965702113213e-05
COST,0.15625,2.388791521965769e-05
COST,0.16015625,2.1340140535573937e-05
COST,0.1640625,2.285754943680463e-05
COST,0.16796875,2.779568473255172e-05
COST,0.171875,3.946473618118928e-05
COST,0.17578125,3.1803540160648266e-05
COST,0.1796875,3.1080135545009164e-05
COST,0.18359375,3.1221362767359424e-05
COST,0.1875,2.469139684310398e-05
COST,0.19140625,2.2258393980430046e-05
COST,0.1953125,1.4113312146148973e-05
COST,0.19921875,1.1248740572593551e-05
COST,0.203125,1.55187561454866e-05
COST,0.20703125,1.7354414488823655e-05
COST,0.2109375,1.605234762240797e-05
COST,0.21484375,2.112055280852702e-05
COST,0.21875,3.1065856113609287e-05
COST,0.22265625,2.491969762776183e-05
COST,0.2265625,1.8117419077702072e-05
COST,0.23046875,1.6736374009072495e-05
COST,0.234375,2.0249159390664213e-05
COST,0.23828125,2.1424580124723908e-05
COST,0.2421875,2.105061161149555e-05
COST,0.24609375,2.379014604343567e-05
COST,0.25,2.179933918930164e-05
COST,0.25390625,1.5945290441697308e-05
COST,0.2578125,1.4567243333069687e-05
COST,0.26171875,1.61854497300429e-05
COST,0.265625,2.0496240583563174e-05
COST,0.26953125,2.4716684207232075e-05
COST,0.2734375,3.051229063482976e-05
COST,0.27734375,3.7653678433273475e-05
COST,0.28125,7.255469423741553e-05
COST,0.28515625,0.00017743846223595996
COST,0.2890625,0.00010431966003745931
COST,0.29296875,2.3948614424502713e-05
COST,0.296875,1.725317760406152e-05
COST,0.30078125,1.7127374001755507e-05
COST,0.3046875,2.1254369430426283e-05
COST,0.30859375,2.938187893147684e-05
COST,0.3125,2.3712896697444954e-05
COST,0.31640625,2.18201917051771e-05
COST,0.3203125,2.5385638006664744e-05
COST,0.32421875,3.210805400005236e-05
COST,0.328125,2.1640642530975182e-05
COST,0.33203125,2.2945970213697015e-05
COST,0.3359375,2.7369367748983177e-05
COST,0.33984375,2.47123460233216e-05
COST,0.34375,2.0403525212817e-05
COST,0.34765625,1.9213282661413092e-05
COST,0.3515625,2.4368514044593178e-05
COST,0.35546875,2.4853753955028934e-05
COST,0.359375,2.1149111086654913e-05
COST,0.36328125,1.919574096698878e-05
COST,0.3671875,2.0647736822804922e-05
COST,0.37109375,2.3735709960003197e-05
COST,0.375,2.4025409418594985e-05
COST,0.37890625,2.3590906721927134e-05
COST,0.3828125,1.8096824714198816e-05
COST,0.38671875,2.1094617599991112e-05
COST,0.390625,2.8765098617987667e-05
COST,0.39453125,2.4293544970036155e-05
COST,0.3984375,2.1253734830646277e-05
COST,0.40234375,1.7771048416102433e-05
COST,0.40625,2.1495052031488757e-05
COST,0.41015625,2.053765181225519e-05
COST,0.4140625,2.3205465121012888e-05
COST,0.41796875,3.2267609053871946e-05
COST,0.421875,4.6755691647407535e-05
COST,0.42578125,0.0001189213681045928
COST,0.4296875,0.0001259981529853159
COST,0.43359375,4.382061688881371e-05
COST,0.4375,2.9432151329241905e-05
COST,0.44140625,2.815614222481888e-05
COST,0.4453125,2.391333730280611e-05
COST,0.44921875,1.8026001869791238e-05
COST,0.453125,1.87459019884426e-05
COST,0.45703125,2.3170652073837414e-05
COST,0.4609375,2.305072865237497e-05
COST,0.46484375,2.643018034143185e-05
COST,0.46875,2.130369036642685e-05
COST,0.47265625,1.873175372556661e-05
COST,0.4765625,2.425243503718527e-05
COST,0.48046875,2.0716966031616022e-05
COST,0.484375,1.4171981586760526e-05
COST,0.48828125,1.7500174227938522e-05
COST,0.4921875,2.1830352119069335e-05
COST,0.49609375,2.403253548519414e-05
COST,0.5,1.2570807079036826e-05
CVX,0.0,2.6445492521125573e-05
CVX,0.00390625,0.00011550014814868379
CVX,0.0078125,0.00013145577194969012
CVX,0.01171875,7.569513631134241e-05
CVX,0.015625,5.262700500099674e-05
CVX,0.01953125,4.404353669706433e-05
CVX,0.0234375,4.185182009997768e-05
CVX,0.02734375,3.131881872025513e-05
CVX,0.03125,3.511580156225265e-05
CVX,0.03515625,4.215203394756814e-05
CVX,0.0390625,3.2536625119009265e-05
CVX,0.04296875,2.3501823282342382e-05
CVX,0.046875,1.7895091680351313e-05
CVX,0.05078125,1.6009482458712116e-05
CVX,0.0546875,2.0681736627623642e-05
CVX,0.05859375,1.8668227967082025e-05
CVX,0.0625,2.2693381120162296e-05
CVX,0.06640625,2.1663831126810043e-05
CVX,0.0703125,2.6236099001854794e-05
CVX,0.07421875,3.0975246237769636e-05
CVX,0.078125,3.41468842075332e-05
CVX,0.08203125,2.0016165049796756e-05
CVX,0.0859375,2.702693864051844e-05
CVX,0.08984375,2.899693904462622e-05
CVX,0.09375,2.7400257405017113e-05
CVX,0.09765625,1.9337837999610948e-05
CVX,0.1015625,2.0239642752180473e-05
CVX,0.10546875,2.1869239610368402e-05
CVX,0.109375,2.3029489698373742e-05
CVX,0.11328125,3.0237379697799446e-05
CVX,0.1171875,2.3713462221286533e-05
CVX,0.12109375,3.017359354798478e-05
CVX,0.125,4.540092539485764e-05
CVX,0.12890625,4.395229855535762e-05
CVX,0.1328125,4.248798752395106e-05
CVX,0.13671875,5.204676230927236e-05
CVX,0.140625,0.00023101704254781938
CVX,0.14453125,0.0002407559254953128
CVX,0.1484375,6.031059674270709e-05
CVX,0.15234375,3.372783767307495e-05
CVX,0.15625,2.6739388647617092e-05
CVX,0.16015625,2.4760098701871424e-05
CVX,0.1640625,2.4517141221212725e-05
CVX,0.16796875,2.5804586908738293e-05
CVX,0.171875,2.7093313771377658e-05
CVX,0.17578125,2.4841924413190355e-05
CVX,0.1796875,1.697895769733575e-05
CVX,0.18359375,1.8289557790914705e-05
CVX,0.1875,2.585415618910867e-05
CVX,0.19140625,2.043314228286152e-05
CVX,0.1953125,2.6612564294526896e-05
CVX,0.19921875,2.8185660094500163e-05
CVX,0.203125,2.207948333089117e-05
CVX,0.20703125,2.247061428038649e-05
CVX,0.2109375,2.1011178871986388e-05
CVX,0.21484375,2.2209270275168464e-05
CVX,0.21875,1.871738155816994e-05
CVX,0.22265625,2.0594441687169847e-05
CVX,0.2265625,2.4801265632267164e-05
CVX,0.23046875,2.647580073027048e-05
CVX,0.234375,1.9828854414370646e-05
CVX,0.23828125,2.340736170571607e-05
CVX,0.2421875,2.1196247677293824e-05
CVX,0.24609375,2.850546538793651e-05
CVX,0.25,3.9581986570965967e-05
CVX,0.25390625,3.2765789424262046e-05
CVX,0.2578125,2.248721080383899e-05
CVX,0.26171875,1.796449497729059e-05
CVX,0.265625,1.760556825068841e-05
CVX,0.26953125,2.2821918491283482e-05
CVX,0.2734375,2.491169863556562e-05
CVX,0.27734375,3.230242655270471e-05
CVX,0.28125,7.034916056786975e-05
CVX,0.28515625,0.00026742727127822947
CVX,0.2890625,0.0001372891015087146
CVX,0.29296875,4.040860059401661e-05
CVX,0.296875,3.123959481864246e-05
CVX,0.30078125,2.9627405997950743e-05
CVX,0.3046875,2.195918624622165e-05
CVX,0.30859375,2.841301241994021e-05
CVX,0.3125,3.0076535914843022e-05
CVX,0.31640625,2.8045995017072676e-05
CVX,0.3203125,2.6067371742258158e-05
CVX,0.32421875,2.572427624118573e-05
CVX,0.328125,2.715380090533052e-05
CVX,0.33203125,1.7207407888859112e-05
CVX,0.3359375,1.5855474376898192e-05
CVX,0.33984375,2.2137272801336213e-05
CVX,0.34375,1.4114859654503777e-05
CVX,0.34765625,1.619814876553545e-05
CVX,0.3515625,1.5370904700947187e-05
CVX,0.35546875,2.3783442047217555e-05
CVX,0.359375,2.163406693146241e-05
CVX,0.36328125,1.7541309099967088e-05
CVX,0.3671875,1.7053892842691064e-05
CVX,0.37109375,1.9368309524881066e-05
CVX,0.375,2.4117931057040967e-05
CVX,0.37890625,2.52826657385931e-05
CVX,0.3828125,2.3711228407183982e-05
CVX,0.38671875,2.1527624740694736e-05
CVX,0.390625,2.3937099851312245e-05
CVX,0.39453125,2.442260284523626e-05
CVX,0.3984375,2.5752000998862268e-05
CVX,0.40234375,2.708788439274924e-05
CVX,0.40625,3.178568168415511e-05
CVX,0.41015625,3.101588576208954e-05
CVX,0.4140625,3.198315400093197e-05
CVX,0.41796875,3.4214662454315194e-05
CVX,0.421875,4.2242152242756447e-05
CVX,0.42578125,0.00015754545209160928
CVX,0.4296875,0.00019235648773771946
CVX,0.43359375,4.891386593622673e-05
CVX,0.4375,2.938807387206264e-05
CVX,0.44140625,1.9381327756701394e-05
CVX,0.4453125,1.5996830503458272e-05
CVX,0.44921875,2.6617249857073687e-05
CVX,0.453125,3.705292372031633e-05
CVX,0.45703125,4.971953574559796e-05
CVX,0.4609375,4.1395580747335596e-05
CVX,0.46484375,3.251349118084295e-05
CVX,0.46875,2.0279114384890516e-05
CVX,0.47265625,1.6744544742340243e-05
CVX,0.4765625,1.648878345161236e-05
CVX,0.48046875,1.8256931840328037e-05
CVX,0.484375,1.88467496390642e-05
CVX,0.48828125,1.2179630927312314e-05
CVX,0.4921875,1.4367470598478663e-05
CVX,0.49609375,1.8222830555928408e-05
CVX,0.5,1.1760709613334831e-05
DIA,0.0,2.0179524344495104e-05
DIA,0.00390625,8.605619390755386e-05
DIA,0.0078125,7.094901536042624e-05
DIA,0.01171875,4.112228040501517e-05
DIA,0.015625,2.6365573967760428e-05
DIA,0.01953125,2.6713619200984144e-05
DIA,0.0234375,2.0596183861614766e-05
DIA,0.02734375,1.5850825780871833e-05
DIA,0.03125,1.4564616515752722e-05
DIA,0.03515625,1.0391395092785849e-05
DIA,0.0390625,8.868885547234002e-06
DIA,0.04296875,8.923003491961883e-06
DIA,0.046875,9.829372022285474e-06
DIA,0.05078125,1.4420592312801148e-05
DIA,0.0546875,2.0568456819309306e-05
DIA,0.05859375,1.8690307577680033e-05
DIA,0.0625,1.839962970727527e-05
DIA,0.06640625,1.6284518798602045e-05
DIA,0.0703125,1.5902220926891264e-05
DIA,0.07421875,1.3743317204659063e-05
DIA,0.078125,1.1598239476700939e-05
DIA,0.08203125,9.492273898906615e-06
DIA,0.0859375,1.1100610900618012e-05
DIA,0.08984375,1.0632071747864935e-05
DIA,0.09375,8.964161249565078e-06
DIA,0.09765625,1.1230904381523323e-05
DIA,0.1015625,9.132786930755959e-06
DIA,0.10546875,1.0084553436976772e-05
DIA,0.109375,1.0835725789220994e-05
DIA,0.11328125,1.1369509558296763e-05
DIA,0.1171875,1.5254551716651084e-05
DIA,0.12109375,1.746275766935708e-05
DIA,0.125,2.33227514358009e-05
DIA,0.12890625,3.179095263865067e-05
DIA,0.1328125,2.758977963323645e-05
DIA,0.13671875,1.807234338473709e-05
DIA,0.140625,6.466648035279075e-05
DIA,0.14453125,6.930292043464386e-05
DIA,0.1484375,2.062376151855561e-05
DIA,0.15234375,1.4429573907248656e-05
DIA,0.15625,1.670841629376853e-05
DIA,0.16015625,1.4474396526373962e-05
DIA,0.1640625,1.2924657332405611e-05
DIA,0.16796875,1.3661912349439848e-05
DIA,0.171875,1.248720803402437e-05
DIA,0.17578125,9.501625850380097e-06
DIA,0.1796875,8.85419498605116e-06
DIA,0.18359375,1.1200253053211375e-05
DIA,0.1875,1.361080364864643e-05
DIA,0.19140625,1.3828425029678611e-05
DIA,0.1953125,1.3105008072380166e-05
DIA,0.19921875,1.3902036043193761e-05
DIA,0.203125,1.3996054438801348e-05
DIA,0.20703125,1.627179780388024e-05
DIA,0.2109375,1.5015569130954383e-05
DIA,0.21484375,1.4655563770603853e-05
DIA,0.21875,1.191350119450518e-05
DIA,0.22265625,7.658915835573069e-06
DIA,0.2265625,7.656398073072466e-06
DIA,0.23046875,1.4842718930587154e-05
DIA,0.234375,1.1394887535443957e-05
DIA,0.23828125,7.397286006528912e-06
DIA,0.2421875,1.14381151918369e-05
DIA,0.24609375,1.477940690886329e-05
DIA,0.25,1.4558696586861987e-05
DIA,0.25390625,1.1197435100319346e-05
DIA,0.2578125,6.204203930966392e-06
DIA,0.26171875,5.714199044085694e-06
DIA,0.265625,9.677682340353091e-06
DIA,0.26953125,8.370741893855809e-06
DIA,0.2734375,9.371014167790668e-06
DIA,0.27734375,9.031078883706588e-06
DIA,0.28125,3.591177988090845e-05
DIA,0.28515625,0.00011886668541834256
DIA,0.2890625,6.684888856627103e-05
DIA,0.29296875,1.945951244628565e-05
DIA,0.296875,2.1148792830652832e-05
DIA,0.30078125,1.5814604660760553e-05
DIA,0.3046875,1.002086048434424e-05
DIA,0.30859375,8.563577182706603e-06
DIA,0.3125,8.831213402723236e-06
DIA,0.31640625,1.0782296174347342e-05
DIA,0.3203125,1.34414730005582e-05
DIA,0.32421875,1.3358065977210284e-05
DIA,0.328125,1.0565874193969199e-05
DIA,0.33203125,1.0399740906291293e-05
DIA,0.3359375,9.295401496820325e-06
DIA,0.33984375,7.703694311113515e-06
DIA,0.34375,7.017954132594294e-06
DIA,0.34765625,8.15769024069669e-06
DIA,0.3515625,6.866393834911498e-06
DIA,0.35546875,6.8738201907142935e-06
DIA,0.359375,8.739966315966623e-06
DIA,0.36328125,1.0330189944713344e-05
DIA,0.3671875,9.527364835326814e-06
DIA,0.37109375,1.2178594474848543e-05
DIA,0.375,1.2931461814294644e-05
DIA,0.37890625,1.2904269653198625e-05
DIA,0.3828125,1.3132865671776445e-05
DIA,0.38671875,1.152235418283177e-05
DIA,0.390625,8.366213148411003e-06
DIA,0.39453125,9.065959935436004e-06
DIA,0.3984375,1.1168110136789498e-05
DIA,0.40234375,1.3778688250901172e-05
DIA,0.40625,1.5233670062723265e-05
DIA,0.41015625,1.639214014128859e-05
DIA,0.4140625,2.1774861796902407e-05
DIA,0.41796875,1.92747805124268e-05
DIA,0.421875,1.5102044891872826e-05
DIA,0.42578125,5.311359735074543e-05
DIA,0.4296875,7.56618992052958e-05
DIA,0.43359375,2.4143255113400066e-05
DIA,0.4375,9.83982745910319e-06
DIA,0.44140625,9.604540036593389e-06
DIA,0.4453125,8.03060617750956e-06
DIA,0.44921875,1.386656855820708e-05
DIA,0.453125,1.2411836378481655e-05
DIA,0.45703125,1.5451577808086e-05
DIA,0.4609375,2.0108167141730074e-05
DIA,0.46484375,1.4140849794197605e-05
DIA,0.46875,1.0656785038428125e-05
DIA,0.47265625,8.086560600630699e-06
DIA,0.4765625,6.05272379300949e-06
DIA,0.48046875,5.583704363967357e-06
DIA,0.484375,8.111744958561736e-06
DIA,0.48828125,7.798268643191043e-06
DIA,0.4921875,1.089426228794771e-05
DIA,0.49609375,1.166514786822773e-05
DIA,0.5,5.9666600673864885e-06
GOOGL,0.0,2.0906629018596087e-05
GOOGL,0.00390625,0.00015480607519904847
GOOGL,0.0078125,0.0001432124889994102
GOOGL,0.01171875,0.00010345461214831294
GOOGL,0.015625,9.919491477887411e-05
GOOGL,0.01953125,8.153477408002613e-05
GOOGL,0.0234375,8.706320624959732e-05
GOOGL,0.02734375,0.00010717359733374589
GOOGL,0.03125,5.607465249049524e-05
GOOGL,0.03515625,4.937993044818093e-05
GOOGL,0.0390625,8.174139713321695e-05
GOOGL,0.04296875,8.968849671451948e-05
GOOGL,0.046875,4.826068106692808e-05
GOOGL,0.05078125,6.9655209468998e-05
GOOGL,0.0546875,9.090009852596591e-05
GOOGL,0.05859375,6.650060970814538e-05
GOOGL,0.0625,7.481734820900219e-05
GOOGL,0.06640625,7.505049078064596e-05
GOOGL,0.0703125,6.096091125271588e-05
GOOGL,0.07421875,3.8992144853340106e-05
GOOGL,0.078125,4.127583303042704e-05
GOOGL,0.08203125,6.223203581866021e-05
GOOGL,0.0859375,7.610297232483478e-05
GOOGL,0.08984375,7.296648734147831e-05
GOOGL,0.09375,6.405361222430952e-05
GOOGL,0.09765625,6.0539755893965555e-05
GOOGL,0.1015625,8.286532544445596e-05
GOOGL,0.10546875,8.438275007519832e-05
GOOGL,0.109375,5.103075443911319e-05
GOOGL,0.11328125,4.214940143853797e-05
GOOGL,0.1171875,4.1816267399123617e-05
GOOGL,0.12109375,5.283063474768859e-05
GOOGL,0.125,5.238507162377845e-05
GOOGL,0.12890625,6.155659908984008e-05
GOOGL,0.1328125,6.197875506549291e-05
GOOGL,0.13671875,0.0001141437188132858
GOOGL,0.140625,0.0004128828673997679
GOOGL,0.14453125,0.0004698743111549511
GOOGL,0.1484375,0.00014486027620247346
GOOGL,0.15234375,7.149802646670255e-05
GOOGL,0.15625,6.469926415232336e-05
GOOGL,0.16015625,5.883788067425889e-05
GOOGL,0.1640625,4.90975747597825e-05
GOOGL,0.16796875,5.527783332035361e-05
GOOGL,0.171875,6.989311983716564e-05
GOOGL,0.17578125,5.26215682519807e-05
GOOGL,0.1796875,5.130918579241765e-05
GOOGL,0.18359375,7.23992523884735e-05
GOOGL,0.1875,6.601093535518411e-05
GOOGL,0.19140625,4.88696697234847e-05
GOOGL,0.1953125,4.837983158956848e-05
GOOGL,0.19921875,5.519008305893111e-05
GOOGL,0.203125,4.686657642491824e-05
GOOGL,0.20703125,3.246572767516788e-05
GOOGL,0.2109375,4.1081481598185805e-05
GOOGL,0.21484375,4.430040749948264e-05
GOOGL,0.21875,5.8783232893584134e-05
GOOGL,0.22265625,5.7384721476167314e-05
GOOGL,0.2265625,6.013614222408128e-05
GOOGL,0.23046875,5.498634226974267e-05
GOOGL,0.234375,4.5673009370777715e-05
GOOGL,0.23828125,3.825080407532407e-05
GOOGL,0.2421875,6.0307124179551066e-05
GOOGL,0.24609375,5.541580719109709e-05
GOOGL,0.25,5.585852470636737e-05
GOOGL,0.25390625,4.0325102099464745e-05
GOOGL,0.2578125,3.640089183477874e-05
GOOGL,0.26171875,4.328364706656986e-05
GOOGL,0.265625,4.1617044218363486e-05
GOOGL,0.26953125,4.43182198916883e-05
GOOGL,0.2734375,5.1410527055088427e-05
GOOGL,0.27734375,5.644189797440484e-05
GOOGL,0.28125,0.00011272511626920951
GOOGL,0.28515625,0.00045109115355169787
GOOGL,0.2890625,0.00023705416131181937
GOOGL,0.29296875,6.314225961637737e-05
GOOGL,0.296875,7.171703519332454e-05
GOOGL,0.30078125,6.815539400728352e-05
GOOGL,0.3046875,4.624637932700186e-05
GOOGL,0.30859375,4.115609099756554e-05
GOOGL,0.3125,5.6525652198757814e-05
GOOGL,0.31640625,4.3712276039836724e-05
GOOGL,0.3203125,5.420105321246807e-05
GOOGL,0.32421875,6.761312050985331e-05
GOOGL,0.328125,5.6133129968818706e-05
GOOGL,0.33203125,5.099669892255404e-05
GOOGL,0.3359375,5.0582587071418786e-05
GOOGL,0.33984375,5.0291295912801366e-05
GOOGL,0.34375,4.884160876892903e-05
GOOGL,0.34765625,3.760995225330918e-05
GOOGL,0.3515625,4.7941547224401366e-05
GOOGL,0.35546875,5.4150327047728534e-05
GOOGL,0.359375,3.9397814439401454e-05
GOOGL,0.36328125,4.0427654918146466e-05
GOOGL,0.3671875,4.210817979702996e-05
GOOGL,0.37109375,5.726637468123261e-05
GOOGL,0.375,5.6385693102477514e-05
GOOGL,0.37890625,5.380344809577249e-05
GOOGL,0.3828125,4.774780522559282e-05
GOOGL,0.38671875,5.870242021661746e-05
GOOGL,0.390625,4.9981616987673484e-05
GOOGL,0.39453125,3.575025476939249e-05
GOOGL,0.3984375,3.372156897383985e-05
GOOGL,0.40234375,4.416691782537018e-05
GOOGL,0.40625,5.2528354434072026e-05
GOOGL,0.41015625,4.9037016441489e-05
GOOGL,0.4140625,4.282263442003648e-05
GOOGL,0.41796875,3.950197020349893e-05
GOOGL,0.421875,4.7068953196238056e-05
GOOGL,0.42578125,0.00030033339702507787
GOOGL,0.4296875,0.0003834255944517563
GOOGL,0.43359375,8.287468131089023e-05
GOOGL,0.4375,6.085384999089268e-05
GOOGL,0.44140625,4.923340448903724e-05
GOOGL,0.4453125,4.619376685051571e-05
GOOGL,0.44921875,4.4981271319608336e-05
GOOGL,0.453125,4.646144315022258e-05
GOOGL,0.45703125,4.302784876646863e-05
GOOGL,0.4609375,3.28245955433687e-05
GOOGL,0.46484375,4.172250800628614e-05
GOOGL,0.46875,5.9622904995164324e-05
GOOGL,0.47265625,4.77581854448898e-05
GOOGL,0.4765625,3.55657393265621e-05
GOOGL,0.48046875,4.1266668844862776e-05
GOOGL,0.484375,5.095821232413637e-05
GOOGL,0.48828125,4.553978119278715e-05
GOOGL,0.4921875,4.4522185757966624e-05
GOOGL,0.49609375,5.738272898872143e-05
GOOGL,0.5,3.121263161052887e-05
GS,0.0,6.190265197629627e-05
GS,0.00390625,0.00026519988494825056
GS,0.0078125,0.00024335524977379613
GS,0.01171875,0.00012403294886122364
GS,0.015625,8.330782743497268e-05
GS,0.01953125,6.834708410346363e-05
GS,0.0234375,6.429800968763137e-05
GS,0.02734375,4.31217087131229e-05
GS,0.03125,7.471618954314765e-05
GS,0.03515625,6.216884568242761e-05
GS,0.0390625,5.137262293626105e-05
GS,0.04296875,4.868295607343755e-05
GS,0.046875,6.524066995409289e-05
GS,0.05078125,6.0371557340298406e-05
GS,0.0546875,8.469468549447298e-05
GS,0.05859375,8.233458154972008e-05
GS,0.0625,8.358219434356083e-05
GS,0.06640625,8.649946450546305e-05
GS,0.0703125,9.041632426778684e-05
GS,0.07421875,7.602411837136093e-05
GS,0.078125,5.942585010192174e-05
GS,0.08203125,3.957333660226618e-05
GS,0.0859375,5.464021742425765e-05
GS,0.08984375,6.249264347606137e-05
GS,0.09375,5.383395278437236e-05
GS,0.09765625,4.985595328679856e-05
GS,0.1015625,3.995332619182879e-05
GS,0.10546875,4.061460162206633e-05
GS,0.109375,3.631425249367153e-05
GS,0.11328125,5.11211066344229e-05
GS,0.1171875,7.965458464972819e-05
GS,0.12109375,7.723384521601835e-05
GS,0.125,7.41576348691967e-05
GS,0.12890625,0.00010451308871862513
GS,0.1328125,0.00010797463650872914
GS,0.13671875,0.00012063431447474594
GS,0.140625,0.0004156113643841791
GS,0.14453125,0.00045085784360707936
GS,0.1484375,0.00012412642230769382
GS,0.15234375,7.088564193212972e-05
GS,0.15625,7.10167561038285e-05
GS,0.16015625,6.478410440525112e-05
GS,0.1640625,6.792240945981691e-05
GS,0.16796875,6.308441050266769e-05
GS,0.171875,5.474403582538356e-05
GS,0.17578125,4.7585291332044066e-05
GS,0.1796875,5.0792420577655247e-05
GS,0.18359375,4.356011861157469e-05
GS,0.1875,5.297287437463938e-05
GS,0.19140625,7.100133280758498e-05
GS,0.1953125,6.750324614008284e-05
GS,0.19921875,8.373673863754598e-05
GS,0.203125,7.030243178714637e-05
GS,0.20703125,5.305728773298834e-05
GS,0.2109375,5.11085100792567e-05
GS,0.21484375,6.459449314339423e-05
GS,0.21875,5.1956285102532154e-05
GS,0.22265625,2.923955849537282e-05
GS,0.2265625,3.468128460685678e-05
GS,0.23046875,4.714581051421061e-05
GS,0.234375,5.776744213467463e-05
GS,0.23828125,5.56203909453268e-05
GS,0.2421875,4.734833523840965e-05
GS,0.24609375,6.505985777264306e-05
GS,0.25,7.43064326278141e-05
GS,0.25390625,4.847000993584931e-05
GS,0.2578125,2.773046508575834e-05
GS,0.26171875,2.7604852298695208e-05
GS,0.265625,4.1126651490327715e-05
GS,0.26953125,4.282663085612818e-05
GS,0.2734375,6.021578352454973e-05
GS,0.27734375,7.124101782276031e-05
GS,0.28125,0.00017666106925865824
GS,0.28515625,0.0005570173620476495
GS,0.2890625,0.0003094375878195036
GS,0.29296875,8.336202813209975e-05
GS,0.296875,5.962185381237709e-05
GS,0.30078125,4.29902623506929e-05
GS,0.3046875,4.875755901175705e-05
GS,0.30859375,5.011859857693686e-05
GS,0.3125,5.622409454602764e-05
GS,0.31640625,8.119728727705653e-05
GS,0.3203125,7.97997882581083e-05
GS,0.32421875,6.093990699715813e-05
GS,0.328125,3.7301319150739515e-05
GS,0.33203125,5.299390189462467e-05
GS,0.3359375,5.722852926239999e-05
GS,0.33984375,3.901963776976768e-05
GS,0.34375,3.946799339344501e-05
GS,0.34765625,4.305265813979442e-05
GS,0.3515625,4.194890277957254e-05
GS,0.35546875,4.761382225968461e-05
GS,0.359375,5.614070401203233e-05
GS,0.36328125,5.3845731631896895e-05
GS,0.3671875,4.181627746566721e-05
GS,0.37109375,4.947208279155875e-05
GS,0.375,5.5863677576235425e-05
GS,0.37890625,5.272229639702088e-05
GS,0.3828125,5.083235039573218e-05
GS,0.38671875,4.401825669385304e-05
GS,0.390625,3.990968100812786e-05
GS,0.39453125,5.392302155387971e-05
GS,0.3984375,6.567499694344713e-05
GS,0.40234375,6.683342678874816e-05
GS,0.40625,7.654784635869424e-05
GS,0.41015625,6.280638504800773e-05
GS,0.4140625,5.756372305879714e-05
GS,0.41796875,8.452036437430633e-05
GS,0.421875,9.69651620900378e-05
GS,0.42578125,0.0002927490826547235
GS,0.4296875,0.0004093160340621021
GS,0.43359375,0.00013723115893851925
GS,0.4375,7.581582793675911e-05
GS,0.44140625,5.9572324889377484e-05
GS,0.4453125,3.904445851591417e-05
GS,0.44921875,6.520371098690082e-05
GS,0.453125,6.069466099231583e-05
GS,0.45703125,5.103182594433476e-05
GS,0.4609375,7.996474245081304e-05
GS,0.46484375,6.374936578645489e-05
GS,0.46875,4.0390778207241857e-05
GS,0.47265625,3.072920994016339e-05
GS,0.4765625,4.545694636725308e-05
GS,0.48046875,3.456288511040808e-05
GS,0.484375,3.73119906676365e-05
GS,0.48828125,3.976029163395435e-05
GS,0.4921875,5.7442145278606504e-05
GS,0.49609375,5.767760932350515e-05
GS,0.5,2.2926413522601334e-05
HD,0.0,2.0038242342248283e-05
HD,0.00390625,8.369419220436478e-05
HD,0.0078125,9.409908920816566e-05
HD,0.01171875,7.76783332739383e-05
HD,0.015625,5.794891637465931e-05
HD,0.01953125,5.17529169466075e-05
HD,0.0234375,3.670756711810545e-05
HD,0.02734375,2.6291050748573485e-05
HD,0.03125,3.426929738274087e-05
HD,0.03515625,5.3461972854403876e-05
HD,0.0390625,4.6967280005219483e-05
HD,0.04296875,3.395114871222052e-05
HD,0.046875,2.6905866543891127e-05
HD,0.05078125,2.9575846128603205e-05
HD,0.0546875,3.2117594781435716e-05
HD,0.05859375,2.5874749597122926e-05
HD,0.0625,2.9060285434557998e-05
HD,0.06640625,2.9481062549047835e-05
HD,0.0703125,3.030587211874583e-05
HD,0.07421875,2.9817742237791573e-05
HD,0.078125,3.076806815712787e-05
HD,0.08203125,2.633266620976187e-05
HD,0.0859375,2.0748910642001488e-05
HD,0.08984375,2.4981649257182895e-05
HD,0.09375,3.061710372472845e-05
HD,0.09765625,3.524152277802851e-05
HD,0.1015625,3.5583048825637816e-05
HD,0.10546875,3.624189532215885e-05
HD,0.109375,3.510016952196676e-05
HD,0.11328125,4.21208639362384e-05
HD,0.1171875,3.849615911595932e-05
HD,0.12109375,3.7162571622300764e-05
HD,0.125,3.777567653780989e-05
HD,0.12890625,4.335183625746423e-05
HD,0.1328125,4.3346987330785754e-05
HD,0.13671875,5.66971757314458e-05
HD,0.140625,0.0001996295690278018
HD,0.14453125,0.0002187960759478917
HD,0.1484375,6.0286611648716374e-05
HD,0.15234375,2.1615736307423726e-05
HD,0.15625,2.6230556615996185e-05
HD,0.16015625,3.248412899968398e-05
HD,0.1640625,3.27838908615536e-05
HD,0.16796875,2.2597301999726944e-05
HD,0.171875,2.4911912740786048e-05
HD,0.17578125,3.184352115995964e-05
HD,0.1796875,3.9484603039241254e-05
HD,0.18359375,3.318172552666497e-05
HD,0.1875,2.2810752027365504e-05
HD,0.19140625,2.2353788087876964e-05
HD,0.1953125,2.990477683864425e-05
HD,0.19921875,2.3532933500922112e-05
HD,0.203125,2.3449013464606016e-05
HD,0.20703125,2.2705402931231996e-05
HD,0.2109375,3.260162970521861e-05
HD,0.21484375,3.457770035735136e-05
HD,0.21875,2.5685777294690983e-05
HD,0.22265625,2.3208445052959433e-05
HD,0.2265625,2.4302666400142434e-05
HD,0.23046875,3.170464100995516e-05
HD,0.234375,2.966538423106825e-05
HD,0.23828125,1.659294033826067e-05
HD,0.2421875,1.7487102833786673e-05
HD,0.24609375,2.705001477416703e-05
HD,0.25,3.102149745355179e-05
HD,0.25390625,3.166047609928829e-05
HD,0.2578125,2.214614578419273e-05
HD,0.26171875,1.4332221329545841e-05
HD,0.265625,1.91295596462043e-05
HD,0.26953125,2.062922777471632e-05
HD,0.2734375,2.2938757083111547e-05
HD,0.27734375,2.60829233916308e-05
HD,0.28125,9.126505285080145e-05
HD,0.28515625,0.00032417681186838873
HD,0.2890625,0.0001666417157803246
HD,0.29296875,2.9975602306279708e-05
HD,0.296875,4.001736125066309e-05
HD,0.30078125,3.9107168794884384e-05
HD,0.3046875,2.62288406588982e-05
HD,0.30859375,2.2114183372457273e-05
HD,0.3125,2.2498588937542235e-05
HD,0.31640625,2.8259555950461694e-05
HD,0.3203125,3.7358908956705385e-05
HD,0.32421875,3.545864826168144e-05
HD,0.328125,2.0530767139102085e-05
HD,0.33203125,1.7386212942302713e-05
HD,0.3359375,2.0683569956525472e-05
HD,0.33984375,2.9138646295836714e-05
HD,0.34375,2.622316584682848e-05
HD,0.34765625,3.120166410416497e-05
HD,0.3515625,3.380974161795292e-05
HD,0.35546875,3.106624358037998e-05
HD,0.359375,3.1923526704096616e-05
HD,0.36328125,2.754581668952636e-05
HD,0.3671875,2.8699683478101268e-05
HD,0.37109375,2.4230192417062772e-05
HD,0.375,2.923652628002023e-05
HD,0.37890625,3.204030915703316e-05
HD,0.3828125,2.7166225900240958e-05
HD,0.38671875,3.074213206456674e-05
HD,0.390625,3.616006864548307e-05
HD,0.39453125,3.434846009022119e-05
HD,0.3984375,2.820155508511365e-05
HD,0.40234375,2.5866409227105744e-05
HD,0.40625,2.535925501284419e-05
HD,0.41015625,2.920879204920252e-05
HD,0.4140625,2.5457384473156247e-05
HD,0.41796875,1.885600816678472e-05
HD,0.421875,2.6349493357239052e-05
HD,0.42578125,0.00015575196079050063
HD,0.4296875,0.00019942082400739775
HD,0.43359375,5.5609643329173674e-05
HD,0.4375,2.9145415798720873e-05
HD,0.44140625,2.413039283207736e-05
HD,0.4453125,2.043075056793539e-05
HD,0.44921875,2.6443768690165944e-05
HD,0.453125,2.0346287700446906e-05
HD,0.45703125,2.202405721068866e-05
HD,0.4609375,3.426665112235704e-05
HD,0.46484375,3.1143168191236115e-05
HD,0.46875,2.5042987053754058e-05
HD,0.47265625,1.986612583464495e-05
HD,0.4765625,1.7248826538825126e-05
HD,0.48046875,2.2076976895002723e-05
HD,0.484375,2.276466565670042e-05
HD,0.48828125,2.58450822290415e-05
HD,0.4921875,2.8166705832827405e-05
HD,0.49609375,3.172509182587376e-05
HD,0.5,1.4082158871308976e-05
INTC,0.0,0.00012963211032579187
INTC,0.00390625,0.0008641955865391769
INTC,0.0078125,0.0007903546734879114
INTC,0.01171875,0.0005319391602529002
INTC,0.015625,0.00036388510863840946
INTC,0.01953125,0.00030869405028623767
INTC,0.0234375,0.00030726042928029004
INTC,0.02734375,0.00037032153294754315
INTC,0.03125,0.0003779248243552204
INTC,0.03515625,0.00037175863851496163
INTC,0.0390625,0.0003508796736685093
INTC,0.04296875,0.000269452892688301
INTC,0.046875,0.0003343057149734516
INTC,0.05078125,0.000368745700444615
INTC,0.0546875,0.0002912081816840826
INTC,0.05859375,0.0003723279648798181
INTC,0.0625,0.00043918394153842204
INTC,0.06640625,0.000292531993948101
INTC,0.0703125,0.00022824062067594683
INTC,0.07421875,0.0002734421434300769
INTC,0.078125,0.00035869050891937615
INTC,0.08203125,0.00034452508968531304
INTC,0.0859375,0.0002938913963623716
INTC,0.08984375,0.00026180945714817267
INTC,0.09375,0.00025772096990873874
INTC,0.09765625,0.00024531666683251513
INTC,0.1015625,0.00025154982241866285
INTC,0.10546875,0.0003323555304820778
INTC,0.109375,0.00035357991844903896
INTC,0.11328125,0.0003584413599243429
INTC,0.1171875,0.000323898413087086
INTC,0.12109375,0.0003041567211821924
INTC,0.125,0.00028123694735377857
INTC,0.12890625,0.00032589088981727814
INTC,0.1328125,0.0004145786368245159
INTC,0.13671875,0.0005752284224243053
INTC,0.140625,0.0018249230517957463
INTC,0.14453125,0.002136408772647029
INTC,0.1484375,0.0007002829250576911
INTC,0.15234375,0.00036513227831602555
INTC,0.15625,0.00037566306765761083
INTC,0.16015625,0.0002837847234646122
INTC,0.1640625,0.0002845045983566261
INTC,0.16796875,0.0002418319149209295
INTC,0.171875,0.00021600894264043376
INTC,0.17578125,0.000250211015495984
INTC,0.1796875,0.0003325123395184052
INTC,0.18359375,0.0002909557551015884
INTC,0.1875,0.0003059559817504405
INTC,0.19140625,0.0003397296765534832
INTC,0.1953125,0.00032772672525354
INTC,0.19921875,0.00025804052885024866
INTC,0.203125,0.00027605198426103664
INTC,0.20703125,0.00027489539068966187
INTC,0.2109375,0.0002233626740777
INTC,0.21484375,0.00018185451840360003
INTC,0.21875,0.0002263730811919041
INTC,0.22265625,0.0002533323969123172
INTC,0.2265625,0.00027776639334734264
INTC,0.23046875,0.0002893462973929492
INTC,0.234375,0.000272033127501043
INTC,0.23828125,0.0002473090367160758
INTC,0.2421875,0.0002764889917566799
INTC,0.24609375,0.0002848784443510573
INTC,0.25,0.0002789687315600459
INTC,0.25390625,0.00024673336092896213
INTC,0.2578125,0.00021870802655623214
INTC,0.26171875,0.00023254070975646749
INTC,0.265625,0.0002544172167400567
INTC,0.26953125,0.00033247224682408954
INTC,0.2734375,0.0003745871351614435
INTC,0.27734375,0.0004184733396883835
INTC,0.28125,0.0008399902334349044
INTC,0.28515625,0.0023728715494223222
INTC,0.2890625,0.0014899374914306323
INTC,0.29296875,0.000522239937454769
INTC,0.296875,0.00040709476795247585
INTC,0.30078125,0.00030300751609384886
INTC,0.3046875,0.00020691381292009753
INTC,0.30859375,0.0002355049787701281
INTC,0.3125,0.0002543837976037552
INTC,0.31640625,0.00025695627631602065
INTC,0.3203125,0.0003191606936926996
INTC,0.32421875,0.0003567205531828091
INTC,0.328125,0.000287049669711828
INTC,0.33203125,0.00023341177744507286
INTC,0.3359375,0.0002092733210775751
INTC,0.33984375,0.00021282451065175547
INTC,0.34375,0.0002272395870339545
INTC,0.34765625,0.00026786872935838976
INTC,0.3515625,0.00021116289527427643
INTC,0.35546875,0.0001541593878724288
INTC,0.359375,0.0001727889719371805
INTC,0.36328125,0.00022677714322347147
INTC,0.3671875,0.0003108712910932292
INTC,0.37109375,0.000335288001837763
INTC,0.375,0.00027877524462856023
INTC,0.37890625,0.00024716835447880317
INTC,0.3828125,0.00023349915262405944
INTC,0.38671875,0.00021062471051507274
INTC,0.390625,0.0002324338181110764
INTC,0.39453125,0.00025795075047207956
INTC,0.3984375,0.00026994909106573705
INTC,0.40234375,0.0002686324100672059
INTC,0.40625,0.0002861865615626211
INTC,0.41015625,0.00033332026775784006
INTC,0.4140625,0.0003750696104002427
INTC,0.41796875,0.0003714253586570076
INTC,0.421875,0.0004482261726053991
INTC,0.42578125,0.001481366150747734
INTC,0.4296875,0.0019136611992500666
INTC,0.43359375,0.0005961470953182105
INTC,0.4375,0.0002915651078960391
INTC,0.44140625,0.00030701384118617044
INTC,0.4453125,0.000311699281845702
INTC,0.44921875,0.00025463809826323946
INTC,0.453125,0.0002619540270461173
INTC,0.45703125,0.0002608170439835083
INTC,0.4609375,0.00027585815379944706
INTC,0.46484375,0.0003070868969855028
INTC,0.46875,0.0002780199829644264
INTC,0.47265625,0.0002642455866823789
INTC,0.4765625,0.0003184734978611998
INTC,0.48046875,0.0002992717169932232
INTC,0.484375,0.00022218205236783424
INTC,0.48828125,0.00027986127997898207
INTC,0.4921875,0.0002921005952637645
INTC,0.49609375,0.00020029435706585535
INTC,0.5,6.617439940296396e-05
IWM,0.0,3.159321772846628e-05
IWM,0.00390625,0.00014874904765157222
IWM,0.0078125,0.0001539052205177357
IWM,0.01171875,8.661903125139186e-05
IWM,0.015625,4.96724929408718e-05
IWM,0.01953125,5.6061639986794975e-05
IWM,0.0234375,4.898623813103162e-05
IWM,0.02734375,3.880892612074313e-05
IWM,0.03125,4.263911396440774e-05
IWM,0.03515625,3.818859792760038e-05
IWM,0.0390625,2.4991799879696785e-05
IWM,0.04296875,1.8368890375890686e-05
IWM,0.046875,2.201251583011242e-05
IWM,0.05078125,3.16069981716562e-05
IWM,0.0546875,4.092412955207474e-05
IWM,0.05859375,3.8984372148844643e-05
IWM,0.0625,3.673321294836548e-05
IWM,0.06640625,3.321991616458734e-05
IWM,0.0703125,3.7622868451754744e-05
IWM,0.07421875,3.2012465816165755e-05
IWM,0.078125,2.1727305476513555e-05
IWM,0.08203125,2.153723925121573e-05
IWM,0.0859375,3.299076954004414e-05
IWM,0.08984375,3.5810136031663775e-05
IWM,0.09375,3.268364830431199e-05
IWM,0.09765625,2.9368597228717446e-05
IWM,0.1015625,2.174738115836818e-05
IWM,0.10546875,2.1210802809536807e-05
IWM,0.109375,2.3190442991937905e-05
IWM,0.11328125,4.106006147950854e-05
IWM,0.1171875,4.4621152029799094e-05
IWM,0.12109375,4.678328000049224e-05
IWM,0.125,4.3799433263467785e-05
IWM,0.12890625,5.5355089254983146e-05
IWM,0.1328125,7.047768178435435e-05
IWM,0.13671875,5.87313468403488e-05
IWM,0.140625,0.00017811096220108244
IWM,0.14453125,0.00018992514084178016
IWM,0.1484375,5.0649141693501004e-05
IWM,0.15234375,3.675655301747885e-05
IWM,0.15625,3.494305814701331e-05
IWM,0.16015625,3.105517545549363e-05
IWM,0.1640625,3.781033762518226e-05
IWM,0.16796875,2.9507339392510973e-05
IWM,0.171875,2.4275851179943156e-05
IWM,0.17578125,2.1098222098534866e-05
IWM,0.1796875,1.7213875443133007e-05
IWM,0.18359375,1.671284128405959e-05
IWM,0.1875,2.2456351542985287e-05
IWM,0.19140625,2.808923757415532e-05
IWM,0.1953125,3.186805792757842e-05
IWM,0.19921875,3.65227742278771e-05
IWM,0.203125,2.8374371793340865e-05
IWM,0.20703125,2.8156701300692234e-05
IWM,0.2109375,2.9753746990707094e-05
IWM,0.21484375,3.4107316454775955e-05
IWM,0.21875,3.075746852946247e-05
IWM,0.22265625,2.1033598294001517e-05
IWM,0.2265625,2.1362233221301283e-05
IWM,0.23046875,2.834564525590334e-05
IWM,0.234375,2.2094205908683942e-05
IWM,0.23828125,2.2477336868095368e-05
IWM,0.2421875,3.058605359725241e-05
IWM,0.24609375,4.057718814059763e-05
IWM,0.25,4.4169813494488674e-05
IWM,0.25390625,3.2891709283642115e-05
IWM,0.2578125,1.922698252103351e-05
IWM,0.26171875,1.561008229440533e-05
IWM,0.265625,2.33477789145043e-05
IWM,0.26953125,1.6481567343031004e-05
IWM,0.2734375,2.5991893930817406e-05
IWM,0.27734375,3.0278055566502406e-05
IWM,0.28125,8.208659600818175e-05
IWM,0.28515625,0.0002796515365574177
IWM,0.2890625,0.0001527855705433003
IWM,0.29296875,4.775096788660226e-05
IWM,0.296875,4.001951665920514e-05
IWM,0.30078125,2.422643775941092e-05
IWM,0.3046875,2.1754625892612514e-05
IWM,0.30859375,2.279123369547374e-05
IWM,0.3125,1.7474597501873576e-05
IWM,0.31640625,2.225239273358104e-05
IWM,0.3203125,2.700697846121825e-05
IWM,0.32421875,2.7373265272634134e-05
IWM,0.328125,1.824051781953732e-05
IWM,0.33203125,1.9118397206519248e-05
IWM,0.3359375,2.0580007691346552e-05
IWM,0.33984375,2.0629656851332547e-05
IWM,0.34375,2.1047832268690997e-05
IWM,0.34765625,1.868465779628498e-05
IWM,0.3515625,2.1641718920777505e-05
IWM,0.35546875,2.061801577623584e-05
IWM,0.359375,2.3381770959241596e-05
IWM,0.36328125,2.674676896328116e-05
IWM,0.3671875,1.7758884884433114e-05
IWM,0.37109375,2.5810320050885556e-05
IWM,0.375,3.123320736486113e-05
IWM,0.37890625,2.6356542401414222e-05
IWM,0.3828125,2.4894251686737077e-05
IWM,0.38671875,2.19802520681663e-05
IWM,0.390625,1.7449966089921703e-05
IWM,0.39453125,1.676415242441033e-05
IWM,0.3984375,2.436692994511553e-05
IWM,0.40234375,2.9734274335445674e-05
IWM,0.40625,3.409286199186002e-05
IWM,0.41015625,2.743197595019963e-05
IWM,0.4140625,3.430173039926443e-05
IWM,0.41796875,4.0261832219423426e-05
IWM,0.421875,4.154785500533331e-05
IWM,0.42578125,0.00013755631668046123
IWM,0.4296875,0.00018289099621151918
IWM,0.43359375,5.276308712185159e-05
IWM,0.4375,2.6196713999993872e-05
IWM,0.44140625,2.3375568254771853e-05
IWM,0.4453125,2.7572488419210976e-05
IWM,0.44921875,3.984433944449207e-05
IWM,0.453125,3.078276610426349e-05
IWM,0.45703125,2.8620665761776434e-05
IWM,0.4609375,4.164324185727394e-05
IWM,0.46484375,2.9602345070395237e-05
IWM,0.46875,2.054782582116151e-05
IWM,0.47265625,1.7262070629361838e-05
IWM,0.4765625,1.5931328241897506e-05
IWM,0.48046875,2.092030739027415e-05
IWM,0.484375,2.512105192782065e-05
IWM,0.48828125,1.8532618257145947e-05
IWM,0.4921875,1.9579645955557696e-05
IWM,0.49609375,2.105916572629476e-05
IWM,0.5,1.0975867816420193e-05
JNJ,0.0,2.0812287943288882e-05
JNJ,0.00390625,6.328235599909706e-05
JNJ,0.0078125,4.4697605860304995e-05
JNJ,0.01171875,1.9343778311099066e-05
JNJ,0.015625,1.9935503557601895e-05
JNJ,0.01953125,2.1335162614484617e-05
JNJ,0.0234375,2.6146732019677418e-05
JNJ,0.02734375,2.5776758133337228e-05
JNJ,0.03125,1.8121185528934082e-05
JNJ,0.03515625,2.0571833803353856e-05
JNJ,0.0390625,1.917781673209018e-05
JNJ,0.04296875,1.9950992023145793e-05
JNJ,0.046875,2.177791473797138e-05
JNJ,0.05078125,2.2117816317117264e-05
JNJ,0.0546875,1.5509776884551258e-05
JNJ,0.05859375,2.190244389613654e-05
JNJ,0.0625,2.037043957600343e-05
JNJ,0.06640625,1.9469717435732783e-05
JNJ,0.0703125,1.9462048629994313e-05
JNJ,0.07421875,1.9448741520035445e-05
JNJ,0.078125,1.4354127882902149e-05
JNJ,0.08203125,1.769241020392461e-05
JNJ,0.0859375,1.769172040098818e-05
JNJ,0.08984375,1.3121275597021053e-05
JNJ,0.09375,1.343941044450471e-05
JNJ,0.09765625,1.1999194659419246e-05
JNJ,0.1015625,1.308566582280645e-05
JNJ,0.10546875,1.7190137517361654e-05
JNJ,0.109375,1.9007023384049904e-05
JNJ,0.11328125,1.93548953880593e-05
JNJ,0.1171875,1.5080150607472773e-05
JNJ,0.12109375,1.176774963309686e-05
JNJ,0.125,1.6585111162255702e-05
JNJ,0.12890625,2.1067206921559697e-05
JNJ,0.1328125,2.6990170801215776e-05
JNJ,0.13671875,4.929174819817071e-05
JNJ,0.140625,0.000134146640767686
JNJ,0.14453125,0.00012609905239419194
JNJ,0.1484375,3.5194001120839074e-05
JNJ,0.15234375,2.0000582191690963e-05
JNJ,0.15625,2.1063121074837955e-05
JNJ,0.16015625,1.6617783436754683e-05
JNJ,0.1640625,1.7813173936616057e-05
JNJ,0.16796875,1.5574669496748473e-05
JNJ,0.171875,1.3745535810471939e-05
JNJ,0.17578125,1.3982261231805387e-05
JNJ,0.1796875,9.620606220822115e-06
JNJ,0.18359375,1.2518515903421699e-05
JNJ,0.1875,1.362639847383295e-05
JNJ,0.19140625,1.705484978298078e-05
JNJ,0.1953125,1.0287488752763513e-05
JNJ,0.19921875,1.053888375866837e-05
JNJ,0.203125,1.1457614029188637e-05
JNJ,0.20703125,1.0932508433426442e-05
JNJ,0.2109375,1.3691069606913911e-05
JNJ,0.21484375,2.115880802758565e-05
JNJ,0.21875,1.7850992420618107e-05
JNJ,0.22265625,1.4598344412957169e-05
JNJ,0.2265625,2.1517023745219943e-05
JNJ,0.23046875,1.3779435921938446e-05
JNJ,0.234375,1.0279432111661918e-05
JNJ,0.23828125,9.279104977577824e-06
JNJ,0.2421875,1.1278939058887882e-05
JNJ,0.24609375,1.2371974199379897e-05
JNJ,0.25,1.4178597670784026e-05
JNJ,0.25390625,1.5080805558665312e-05
JNJ,0.2578125,1.1601204133465588e-05
JNJ,0.26171875,1.154961490149379e-05
JNJ,0.265625,1.7348816677770034e-05
JNJ,0.26953125,1.90065435844176e-05
JNJ,0.2734375,1.1460214376501714e-05
JNJ,0.27734375,1.5748797696088995e-05
JNJ,0.28125,5.583977943389841e-05
JNJ,0.28515625,0.00015119522307608863
JNJ,0.2890625,7.779910732910762e-05
JNJ,0.29296875,2.3864302267352302e-05
JNJ,0.296875,2.2175501706037565e-05
JNJ,0.30078125,1.8844924075119312e-05
JNJ,0.3046875,2.279437896807757e-05
JNJ,0.30859375,2.4050517444904495e-05
JNJ,0.3125,2.226276828711328e-05
JNJ,0.31640625,2.0267295941248447e-05
JNJ,0.3203125,2.207661457314014e-05
JNJ,0.32421875,1.545459264857945e-05
JNJ,0.328125,1.797999515675736e-05
JNJ,0.33203125,2.1765887923354948e-05
JNJ,0.3359375,1.9683291004554127e-05
JNJ,0.33984375,1.2730388262009542e-05
JNJ,0.34375,1.2076503283280174e-05
JNJ,0.34765625,1.397543557784105e-05
JNJ,0.3515625,1.5374391943357166e-05
JNJ,0.35546875,2.1355728275813826e-05
JNJ,0.359375,1.9846936977531854e-05
JNJ,0.36328125,1.2806833879324294e-05
JNJ,0.3671875,1.177589690085199e-05
JNJ,0.37109375,1.1997838732719232e-05
JNJ,0.375,1.0333462579387727e-05
JNJ,0.37890625,1.610600148110092e-05
JNJ,0.3828125,1.4888333176677696e-05
JNJ,0.38671875,9.456864504661543e-06
JNJ,0.390625,1.0146087934506345e-05
JNJ,0.39453125,1.891536511427441e-05
JNJ,0.3984375,2.0614352397166677e-05
JNJ,0.40234375,1.9063159519301092e-05
JNJ,0.40625,1.937731909002518e-05
JNJ,0.41015625,1.8160902502121886e-05
JNJ,0.4140625,1.4366171812983211e-05
JNJ,0.41796875,1.3179779137122179e-05
JNJ,0.421875,1.8248638306983955e-05
JNJ,0.42578125,6.597286343399875e-05
JNJ,0.4296875,8.469849211431759e-05
JNJ,0.43359375,3.112504920935554e-05
JNJ,0.4375,1.2296927633442564e-05
JNJ,0.44140625,1.1666104678840228e-05
JNJ,0.4453125,1.1470058580379624e-05
JNJ,0.44921875,1.3502089462488875e-05
JNJ,0.453125,1.594471182184579e-05
JNJ,0.45703125,1.4643199388927549e-05
JNJ,0.4609375,1.9878611153413316e-05
JNJ,0.46484375,1.2806622506055249e-05
JNJ,0.46875,1.076352181311606e-05
JNJ,0.47265625,1.3443836867766057e-05
JNJ,0.4765625,1.405194820578275e-05
JNJ,0.48046875,1.1518146115971467e-05
JNJ,0.484375,7.198079237789104e-06
JNJ,0.48828125,1.1109914658088144e-05
JNJ,0.4921875,8.298896597850488e-06
JNJ,0.49609375,9.781238817744787e-06
JNJ,0.5,4.936337212555519e-06
JPM,0.0,3.970419992681472e-05
JPM,0.00390625,0.00018428155189095788
JPM,0.0078125,0.00017518011515544013
JPM,0.01171875,8.929835833661789e-05
JPM,0.015625,7.306935953335621e-05
JPM,0.01953125,4.655699580471633e-05
JPM,0.0234375,4.285211607096142e-05
JPM,0.02734375,4.5352146860317603e-05
JPM,0.03125,5.635051766518892e-05
JPM,0.03515625,5.249490894188583e-05
JPM,0.0390625,5.159286052779508e-05
JPM,0.04296875,3.2986572231815195e-05
JPM,0.046875,3.79846607289873e-05
JPM,0.05078125,4.3997015871439565e-05
JPM,0.0546875,5.5433661485876656e-05
JPM,0.05859375,4.47533418931452e-05
JPM,0.0625,4.395615782083507e-05
JPM,0.06640625,3.758769045064423e-05
JPM,0.0703125,3.8533185727190204e-05
JPM,0.07421875,3.074056421245095e-05
JPM,0.078125,3.310837014197946e-05
JPM,0.08203125,3.8212256507943005e-05
JPM,0.0859375,4.519357708947211e-05
JPM,0.08984375,4.266995497042747e-05
JPM,0.09375,4.341619692185099e-05
JPM,0.09765625,4.8128016251214e-05
JPM,0.1015625,4.341937506818002e-05
JPM,0.10546875,3.110428810986356e-05
JPM,0.109375,3.101506392021825e-05
JPM,0.11328125,3.57660946276492e-05
JPM,0.1171875,4.6995440398682786e-05
JPM,0.12109375,4.9331296405666476e-05
JPM,0.125,5.36790977320903e-05
JPM,0.12890625,7.650827948457061e-05
JPM,0.1328125,8.703905666906284e-05
JPM,0.13671875,9.476168884545978e-05
JPM,0.140625,0.00023386063634401073
JPM,0.14453125,0.0002620982836679116
JPM,0.1484375,8.788239843574072e-05
JPM,0.15234375,4.593684314989241e-05
JPM,0.15625,3.9342298783913955e-05
JPM,0.16015625,4.296441769332254e-05
JPM,0.1640625,4.197570508232988e-05
JPM,0.16796875,3.824500333397553e-05
JPM,0.171875,3.896875114272746e-05
JPM,0.17578125,3.376964988342641e-05
JPM,0.1796875,2.159178084228282e-05
JPM,0.18359375,3.428059116415528e-05
JPM,0.1875,4.131172333129901e-05
JPM,0.19140625,4.5699320245324065e-05
JPM,0.1953125,5.14827249227218e-05
JPM,0.19921875,6.102197420508309e-05
JPM,0.203125,5.0415845407348325e-05
JPM,0.20703125,3.60571376906143e-05
JPM,0.2109375,3.309104603397324e-05
JPM,0.21484375,4.034009966873492e-05
JPM,0.21875,3.149128668440287e-05
JPM,0.22265625,2.718370420248925e-05
JPM,0.2265625,2.7118081536481102e-05
JPM,0.23046875,3.4416119301110634e-05
JPM,0.234375,3.5092272399204236e-05
JPM,0.23828125,2.940857667205676e-05
JPM,0.2421875,3.090429904458821e-05
JPM,0.24609375,4.402302583492578e-05
JPM,0.25,5.700073080069601e-05
JPM,0.25390625,5.115540647889125e-05
JPM,0.2578125,2.5653856264402918e-05
JPM,0.26171875,2.8717231505210716e-05
JPM,0.265625,2.749811525355042e-05
JPM,0.26953125,3.3639617725054194e-05
JPM,0.2734375,3.845436395066827e-05
JPM,0.27734375,5.094804609254584e-05
JPM,0.28125,0.00010586512480653161
JPM,0.28515625,0.000337049735326948
JPM,0.2890625,0.00019530697463854678
JPM,0.29296875,7.371687372930508e-05
JPM,0.296875,5.661974545039807e-05
JPM,0.30078125,4.0255233060683186e-05
JPM,0.3046875,3.23696582685848e-05
JPM,0.30859375,3.814878987275911e-05
JPM,0.3125,4.2919349724987014e-05
JPM,0.31640625,3.9578255662701445e-05
JPM,0.3203125,3.925682352273178e-05
JPM,0.32421875,3.140786302775777e-05
JPM,0.328125,2.670185827376638e-05
JPM,0.33203125,3.100365188824451e-05
JPM,0.3359375,2.8166604954394912e-05
JPM,0.33984375,2.8184343982371948e-05
JPM,0.34375,2.419250476410648e-05
JPM,0.34765625,3.2530072547234464e-05
JPM,0.3515625,3.146829711274496e-05
JPM,0.35546875,3.167589659095567e-05
JPM,0.359375,3.787665418414471e-05
JPM,0.36328125,3.485198157487279e-05
JPM,0.3671875,3.718850115228847e-05
JPM,0.37109375,4.7747563420353174e-05
JPM,0.375,4.615949845065144e-05
JPM,0.37890625,3.9799664778365524e-05
JPM,0.3828125,4.080077063568706e-05
JPM,0.38671875,3.387454835579794e-05
JPM,0.390625,2.3946102534509807e-05
JPM,0.39453125,2.4426652258886818e-05
JPM,0.3984375,3.590432872568926e-05
JPM,0.40234375,3.617063550992444e-05
JPM,0.40625,4.408677384162102e-05
JPM,0.41015625,4.078007410288168e-05
JPM,0.4140625,6.420440524727531e-05
JPM,0.41796875,6.767703339192171e-05
JPM,0.421875,7.217243604208297e-05
JPM,0.42578125,0.00018416496669424885
JPM,0.4296875,0.00024424859766740474
JPM,0.43359375,8.620315588686642e-05
JPM,0.4375,5.1044114452380287e-05
JPM,0.44140625,4.100719698446559e-05
JPM,0.4453125,2.6711859658621787e-05
JPM,0.44921875,3.364389813732357e-05
JPM,0.453125,4.05303038965663e-05
JPM,0.45703125,3.23011387917858e-05
JPM,0.4609375,3.770225313024583e-05
JPM,0.46484375,4.050469862146934e-05
JPM,0.46875,4.251376261381573e-05
JPM,0.47265625,1.982075325701298e-05
JPM,0.4765625,2.0087294727609406e-05
JPM,0.48046875,2.009579344560196e-05
JPM,0.484375,1.9693777492708404e-05
JPM,0.48828125,2.0164074718197062e-05
JPM,0.4921875,3.23739998666447e-05
JPM,0.49609375,3.8864296032643886e-05
JPM,0.5,2.0081453860819576e-05
LLY,0.0,3.590095887266106e-05
LLY,0.00390625,0.0002396685156028451
LLY,0.0078125,0.0002550996502892939
LLY,0.01171875,0.00017521620759369504
LLY,0.015625,0.00016636613575274104
LLY,0.01953125,0.00016030505973448
LLY,0.0234375,0.0001784828835215468
LLY,0.02734375,0.00016374888428643785
LLY,0.03125,0.00015110343417663145
LLY,0.03515625,0.0001546603872646211
LLY,0.0390625,0.0001168202248238109
LLY,0.04296875,0.00012789099338028683
LLY,0.046875,0.0001090801373580189
LLY,0.05078125,9.350236713473751e-05
LLY,0.0546875,0.00010242049211927717
LLY,0.05859375,0.00011578319395940191
LLY,0.0625,0.0001298547417379298
LLY,0.06640625,8.312133141762889e-05
LLY,0.0703125,5.688002793814589e-05
LLY,0.07421875,4.669767385444596e-05
LLY,0.078125,8.995843269741464e-05
LLY,0.08203125,7.862714047402341e-05
LLY,0.0859375,5.581309646609586e-05
LLY,0.08984375,6.334571892464205e-05
LLY,0.09375,6.538092387470131e-05
LLY,0.09765625,7.1755696057308e-05
LLY,0.1015625,8.296255252030205e-05
LLY,0.10546875,0.0001031537608625431
LLY,0.109375,0.00010083646008389806
LLY,0.11328125,8.043721032777655e-05
LLY,0.1171875,0.00010443287898492377
LLY,0.12109375,0.00012899077697443737
LLY,0.125,0.0001173023021482057
LLY,0.12890625,0.00010897323155294198
LLY,0.1328125,7.106086709236797e-05
LLY,0.13671875,0.00013483158677334372
LLY,0.140625,0.0005424988686702158
LLY,0.14453125,0.0005787156623228288
LLY,0.1484375,0.00018955079973068472
LLY,0.15234375,8.387475479342049e-05
LLY,0.15625,0.00010396610273903574
LLY,0.16015625,0.00011041675743212949
LLY,0.1640625,0.00011186126397790599
LLY,0.16796875,9.24250343006646e-05
LLY,0.171875,7.873214501488632e-05
LLY,0.17578125,9.63641789977284e-05
LLY,0.1796875,0.00010498961201834312
LLY,0.18359375,9.59142045024665e-05
LLY,0.1875,9.489428463870132e-05
LLY,0.19140625,7.70795784649468e-05
LLY,0.1953125,7.179737420490405e-05
LLY,0.19921875,5.889677697953646e-05
LLY,0.203125,8.501073883066298e-05
LLY,0.20703125,8.760612460253184e-05
LLY,0.2109375,6.687151083088381e-05
LLY,0.21484375,6.604685119804278e-05
LLY,0.21875,4.448795063970304e-05
LLY,0.22265625,6.142836860246819e-05
LLY,0.2265625,6.799529003147498e-05
LLY,0.23046875,7.337332137842381e-05
LLY,0.234375,7.292232781221611e-05
LLY,0.23828125,6.471200254451133e-05
LLY,0.2421875,6.476450497870511e-05
LLY,0.24609375,8.014204436500175e-05
LLY,0.25,0.00010007961454084095
LLY,0.25390625,8.277191281005172e-05
LLY,0.2578125,7.435077750772761e-05
LLY,0.26171875,0.00010193716726898809
LLY,0.265625,7.148469283457648e-05
LLY,0.26953125,7.399489188208732e-05
LLY,0.2734375,8.550716478466168e-05
LLY,0.27734375,9.807896788187436e-05
LLY,0.28125,0.0002503857967149369
LLY,0.28515625,0.0007372845623434201
LLY,0.2890625,0.00042827454300729475
LLY,0.29296875,0.00012953300570044831
LLY,0.296875,0.00010600094739346155
LLY,0.30078125,9.062049139928068e-05
LLY,0.3046875,7.638627877573123e-05
LLY,0.30859375,7.617739470449297e-05
LLY,0.3125,6.367184411021118e-05
LLY,0.31640625,8.60623681738952e-05
LLY,0.3203125,0.00011117189861628767
LLY,0.32421875,7.682686675740452e-05
LLY,0.328125,6.441271954205485e-05
LLY,0.33203125,6.894811361791483e-05
LLY,0.3359375,7.084860676736756e-05
LLY,0.33984375,7.26297158615075e-05
LLY,0.34375,6.214134080831771e-05
LLY,0.34765625,8.053483268950335e-05
LLY,0.3515625,6.242008587314058e-05
LLY,0.35546875,5.770176222143899e-05
LLY,0.359375,6.212392422840853e-05
LLY,0.36328125,7.340311132333513e-05
LLY,0.3671875,6.64404874619622e-05
LLY,0.37109375,6.819453778662452e-05
LLY,0.375,5.658657965355746e-05
LLY,0.37890625,7.551724934373e-05
LLY,0.3828125,8.497737475745536e-05
LLY,0.38671875,8.219883186746215e-05
LLY,0.390625,7.987197307874498e-05
LLY,0.39453125,0.00010335094329379176
LLY,0.3984375,0.00010106932514550994
LLY,0.40234375,7.939434722378632e-05
LLY,0.40625,0.00011272120010554794
LLY,0.41015625,0.0001150676022505301
LLY,0.4140625,9.684428837334149e-05
LLY,0.41796875,8.747446395277337e-05
LLY,0.421875,0.00011462762212488939
LLY,0.42578125,0.00037623687158214354
LLY,0.4296875,0.0004825950869546858
LLY,0.43359375,0.00018658731082440823
LLY,0.4375,8.412640794136588e-05
LLY,0.44140625,9.037036197952646e-05
LLY,0.4453125,8.122084750241597e-05
LLY,0.44921875,8.618644005354294e-05
LLY,0.453125,6.663311645519156e-05
LLY,0.45703125,5.575020590753533e-05
LLY,0.4609375,7.333853883965566e-05
LLY,0.46484375,8.674466712038474e-05
LLY,0.46875,8.147963159750803e-05
LLY,0.47265625,7.921209732514556e-05
LLY,0.4765625,8.687382971375397e-05
LLY,0.48046875,8.511437234917403e-05
LLY,0.484375,7.11133467469723e-05
LLY,0.48828125,0.00010182699153764166
LLY,0.4921875,7.232661173179774e-05
LLY,0.49609375,4.278287787117815e-05
LLY,0.5,1.8820418177021537e-05
META,0.0,4.065619381716943e-05
META,0.00390625,0.00018476433837227784
META,0.0078125,0.0001810372325444055
META,0.01171875,0.00013110336854508164
META,0.015625,9.252299580637682e-05
META,0.01953125,0.00012320359075152176
META,0.0234375,9.672726605620877e-05
META,0.02734375,0.00011423487868124924
META,0.03125,0.00012449187640318368
META,0.03515625,0.00010130276666238805
META,0.0390625,8.625062922089519e-05
META,0.04296875,9.112814739962777e-05
META,0.046875,7.268988266160235e-05
META,0.05078125,6.881454338377905e-05
META,0.0546875,9.191794814399709e-05
META,0.05859375,7.733658540677376e-05
META,0.0625,7.022279120036807e-05
META,0.06640625,0.00011256009006884979
META,0.0703125,0.00011468625615412523
META,0.07421875,7.83991803186465e-05
META,0.078125,6.102487768872482e-05
META,0.08203125,4.958207341320586e-05
META,0.0859375,7.532283677528991e-05
META,0.08984375,8.291509953167052e-05
META,0.09375,8.688913184150606e-05
META,0.09765625,7.670254375877741e-05
META,0.1015625,7.39474238882968e-05
META,0.10546875,8.160865950678653e-05
META,0.109375,7.771047533784742e-05
META,0.11328125,0.00010566303412950309
META,0.1171875,8.387797617023545e-05
META,0.12109375,8.695462590695739e-05
META,0.125,8.188833690469107e-05
META,0.12890625,8.349436480547139e-05
META,0.1328125,8.72955005133677e-05
META,0.13671875,0.00010617779888237289
META,0.140625,0.000497603801050902
META,0.14453125,0.0005864063120544449
META,0.1484375,0.00016854773871899072
META,0.15234375,8.844621452703687e-05
META,0.15625,7.071078159686638e-05
META,0.16015625,8.058188862251519e-05
META,0.1640625,8.856521004636343e-05
META,0.16796875,7.861683480317438e-05
META,0.171875,7.68578792072355e-05
META,0.17578125,6.94096068901309e-05
META,0.1796875,5.875930876398619e-05
META,0.18359375,7.164170890422153e-05
META,0.1875,7.82450296602581e-05
META,0.19140625,7.017063517862625e-05
META,0.1953125,7.613749729078302e-05
META,0.19921875,9.068328684919042e-05
META,0.203125,5.732088494377869e-05
META,0.20703125,4.2351233564075234e-05
META,0.2109375,6.192484510014244e-05
META,0.21484375,8.494382124925266e-05
META,0.21875,9.486096608574525e-05
META,0.22265625,5.680806881264475e-05
META,0.2265625,3.281039505586977e-05
META,0.23046875,5.0339143559787315e-05
META,0.234375,4.9855577524398526e-05
META,0.23828125,6.461055677249503e-05
META,0.2421875,8.162868512706806e-05
META,0.24609375,7.036628839738187e-05
META,0.25,7.233293109461196e-05
META,0.25390625,7.782784994001621e-05
META,0.2578125,6.957236739063264e-05
META,0.26171875,5.775740937047617e-05
META,0.265625,6.723591895302616e-05
META,0.26953125,6.931837870879513e-05
META,0.2734375,6.574184869854988e-05
META,0.27734375,7.013913535510215e-05
META,0.28125,0.00016427114368178155
META,0.28515625,0.0006269405011054799
META,0.2890625,0.00034367050228829507
META,0.29296875,7.034463564470769e-05
META,0.296875,4.450865517310877e-05
META,0.30078125,5.399563401945216e-05
META,0.3046875,6.489490890954173e-05
META,0.30859375,7.610032096735294e-05
META,0.3125,6.644329042920411e-05
META,0.31640625,8.038753573514608e-05
META,0.3203125,9.043978511810359e-05
META,0.32421875,7.749399590779414e-05
META,0.328125,5.7215248148488594e-05
META,0.33203125,5.320336081074092e-05
META,0.3359375,7.137917114132405e-05
META,0.33984375,9.363760761087611e-05
META,0.34375,5.743509364832914e-05
META,0.34765625,3.674301854527776e-05
META,0.3515625,5.415381327610331e-05
META,0.35546875,6.639238494731828e-05
META,0.359375,5.974876870869208e-05
META,0.36328125,4.53302432547896e-05
META,0.3671875,5.233255755555542e-05
META,0.37109375,7.234747601547391e-05
META,0.375,8.346840036939634e-05
META,0.37890625,9.222921472794287e-05
META,0.3828125,6.803805756237838e-05
META,0.38671875,5.4026429736511086e-05
META,0.390625,6.46192231034509e-05
META,0.39453125,7.698650052704015e-05
META,0.3984375,6.66429555862395e-05
META,0.40234375,7.589516610419006e-05
META,0.40625,9.126658800040244e-05
META,0.41015625,8.041929138250538e-05
META,0.4140625,7.217833354252754e-05
META,0.41796875,8.474669635435602e-05
META,0.421875,0.00010077465701072792
META,0.42578125,0.000359932875377778
META,0.4296875,0.00046449480281525256
META,0.43359375,8.925253054686387e-05
META,0.4375,5.1564398575078435e-05
META,0.44140625,5.5711064631120255e-05
META,0.4453125,7.857436634570694e-05
META,0.44921875,8.611946082783201e-05
META,0.453125,8.56219973621535e-05
META,0.45703125,7.226075345918093e-05
META,0.4609375,0.0001010819423270438
META,0.46484375,8.02180015390562e-05
META,0.46875,6.0432848402203844e-05
META,0.47265625,4.965484904637878e-05
META,0.4765625,6.346682875790626e-05
META,0.48046875,7.04254445418617e-05
META,0.484375,8.184471232052621e-05
META,0.48828125,7.25845065865324e-05
META,0.4921875,4.56030748849569e-05
META,0.49609375,7.545555751638836e-05
META,0.5,4.481577012560016e-05
MSFT,0.0,2.6844126021271468e-05
MSFT,0.00390625,0.00012556786867545287
MSFT,0.0078125,0.00010635257673234965
MSFT,0.01171875,5.4719717632464605e-05
MSFT,0.015625,6.013526722441389e-05
MSFT,0.01953125,7.184842487813983e-05
MSFT,0.0234375,5.8739925818918194e-05
MSFT,0.02734375,6.312151950223364e-05
MSFT,0.03125,4.5555677821952226e-05
MSFT,0.03515625,3.959951980305514e-05
MSFT,0.0390625,5.461049536743407e-05
MSFT,0.04296875,5.4596068803356015e-05
MSFT,0.046875,3.646564146788664e-05
MSFT,0.05078125,3.5173008311239755e-05
MSFT,0.0546875,4.333928727960016e-05
MSFT,0.05859375,3.1914968311745754e-05
MSFT,0.0625,3.6151030795093065e-05
MSFT,0.06640625,4.937195095882282e-05
MSFT,0.0703125,5.7473511963655765e-05
MSFT,0.07421875,7.026894501618213e-05
MSFT,0.078125,5.977575622579499e-05
MSFT,0.08203125,3.69060440194864e-05
MSFT,0.0859375,2.9104010453691716e-05
MSFT,0.08984375,3.8709812597069783e-05
MSFT,0.09375,4.02891612720854e-05
MSFT,0.09765625,5.1716479172463526e-05
MSFT,0.1015625,6.369389241652982e-05
MSFT,0.10546875,5.777682352735185e-05
MSFT,0.109375,4.3048820850029975e-05
MSFT,0.11328125,3.928247326519673e-05
MSFT,0.1171875,4.767311249359832e-05
MSFT,0.12109375,4.700448406820079e-05
MSFT,0.125,4.872317859642753e-05
MSFT,0.12890625,5.175537736986217e-05
MSFT,0.1328125,6.112070245172022e-05
MSFT,0.13671875,7.031730292411491e-05
MSFT,0.140625,0.0002145585320670269
MSFT,0.14453125,0.0002547119219037932
MSFT,0.1484375,0.00010623656342079089
MSFT,0.15234375,7.0002176811142e-05
MSFT,0.15625,4.935686840945971e-05
MSFT,0.16015625,4.261721125580311e-05
MSFT,0.1640625,4.780399148436094e-05
MSFT,0.16796875,6.590749817618435e-05
MSFT,0.171875,6.6512750903913e-05
MSFT,0.17578125,4.870136039739431e-05
MSFT,0.1796875,4.3800628568481336e-05
MSFT,0.18359375,4.662949625888465e-05
MSFT,0.1875,4.1778896220031116e-05
MSFT,0.19140625,3.171681979052504e-05
MSFT,0.1953125,4.1145620762094715e-05
MSFT,0.19921875,4.584105992986053e-05
MSFT,0.203125,4.0512195036229654e-05
MSFT,0.20703125,3.79241509216707e-05
MSFT,0.2109375,3.519821839600369e-05
MSFT,0.21484375,3.560606020464195e-05
MSFT,0.21875,4.647267013475265e-05
MSFT,0.22265625,5.07649024216743e-05
MSFT,0.2265625,4.531031653957004e-05
MSFT,0.23046875,4.708651299155346e-05
MSFT,0.234375,3.632013697598456e-05
MSFT,0.23828125,3.628636254762032e-05
MSFT,0.2421875,5.136339283367486e-05
MSFT,0.24609375,4.5712156745704956e-05
MSFT,0.25,3.714491657852282e-05
MSFT,0.25390625,3.2550344532511866e-05
MSFT,0.2578125,3.7458051653331134e-05
MSFT,0.26171875,3.251692548638541e-05
MSFT,0.265625,3.372920608128372e-05
MSFT,0.26953125,4.0537890842749843e-05
MSFT,0.2734375,3.916879166976223e-05
MSFT,0.27734375,4.968193961900402e-05
MSFT,0.28125,9.238311579178374e-05
MSFT,0.28515625,0.0002673611383497589
MSFT,0.2890625,0.00015078571613390116
MSFT,0.29296875,5.8207118074115576e-05
MSFT,0.296875,4.9792816619698546e-05
MSFT,0.30078125,5.3568020591378096e-05
MSFT,0.3046875,5.846943136018393e-05
MSFT,0.30859375,5.270735452562666e-05
MSFT,0.3125,5.8620417646415855e-05
MSFT,0.31640625,5.8111312084901555e-05
MSFT,0.3203125,5.076813504964618e-05
MSFT,0.32421875,5.729767324265468e-05
MSFT,0.328125,5.219667969021407e-05
MSFT,0.33203125,3.8647733423952766e-05
MSFT,0.3359375,3.952256175786918e-05
MSFT,0.33984375,4.5247846744075106e-05
MSFT,0.34375,5.224711030046059e-05
MSFT,0.34765625,6.219862038874411e-05
MSFT,0.3515625,5.744626946405988e-05
MSFT,0.35546875,4.471750468213218e-05
MSFT,0.359375,4.426217348018769e-05
MSFT,0.36328125,3.725224167387851e-05
MSFT,0.3671875,2.357282392453969e-05
MSFT,0.37109375,2.3415557959854093e-05
MSFT,0.375,3.4877579349024367e-05
MSFT,0.37890625,3.3471660578121675e-05
MSFT,0.3828125,3.6883968546836794e-05
MSFT,0.38671875,4.5154697057690074e-05
MSFT,0.390625,3.181150427286961e-05
MSFT,0.39453125,2.8409970288020125e-05
MSFT,0.3984375,2.5479065395826305e-05
MSFT,0.40234375,3.3839463245884746e-05
MSFT,0.40625,4.5359228479470346e-05
MSFT,0.41015625,4.8913027310507e-05
MSFT,0.4140625,3.916049337321464e-05
MSFT,0.41796875,4.4395636606878694e-05
MSFT,0.421875,6.370684213999367e-05
MSFT,0.42578125,0.0001824122648495922
MSFT,0.4296875,0.0002061638837662827
MSFT,0.43359375,5.854004765527042e-05
MSFT,0.4375,3.169114114429678e-05
MSFT,0.44140625,3.1237801656265465e-05
MSFT,0.4453125,4.741661625197016e-05
MSFT,0.44921875,4.568713172930203e-05
MSFT,0.453125,4.632056693556033e-05
MSFT,0.45703125,4.647669462266528e-05
MSFT,0.4609375,4.063966630126032e-05
MSFT,0.46484375,5.049735004501684e-05
MSFT,0.46875,5.0749428473785205e-05
MSFT,0.47265625,3.559295359578521e-05
MSFT,0.4765625,3.0250712707840817e-05
MSFT,0.48046875,3.410156365329312e-05
MSFT,0.484375,3.777925875883479e-05
MSFT,0.48828125,3.0193768230508935e-05
MSFT,0.4921875,3.0101795548591713e-05
MSFT,0.49609375,4.837730075373539e-05
MSFT,0.5,2.7817929288661333e-05
NFLX,0.0,4.955996039350459e-05
NFLX,0.00390625,0.000160635176467972
NFLX,0.0078125,0.00012995135771511727
NFLX,0.01171875,0.00010394685435843549
NFLX,0.015625,8.997151464006178e-05
NFLX,0.01953125,7.300974669192699e-05
NFLX,0.0234375,4.417477351371454e-05
NFLX,0.02734375,4.460218297353525e-05
NFLX,0.03125,6.294025987524521e-05
NFLX,0.03515625,9.144920535966167e-05
NFLX,0.0390625,9.926082850330908e-05
NFLX,0.04296875,8.19164191918398e-05
NFLX,0.046875,6.581228694922962e-05
NFLX,0.05078125,6.17306215129603e-05
NFLX,0.0546875,7.94873872827083e-05
NFLX,0.05859375,8.5293069515597e-05
NFLX,0.0625,9.202382659027332e-05
NFLX,0.06640625,8.448214331876492e-05
NFLX,0.0703125,7.218460463472564e-05
NFLX,0.07421875,8.323427957455031e-05
NFLX,0.078125,7.738747193362642e-05
NFLX,0.08203125,5.947533186275134e-05
NFLX,0.0859375,6.285542930483011e-05
NFLX,0.08984375,5.576533447553978e-05
NFLX,0.09375,4.309572600700938e-05
NFLX,0.09765625,4.4334310749735615e-05
NFLX,0.1015625,6.20556708202881e-05
NFLX,0.10546875,5.4433333993687415e-05
NFLX,0.109375,4.4548589946637787e-05
NFLX,0.11328125,5.4832479592524575e-05
NFLX,0.1171875,4.614267930449123e-05
NFLX,0.12109375,5.205466146356585e-05
NFLX,0.125,8.799219009782189e-05
NFLX,0.12890625,8.78466632411443e-05
NFLX,0.1328125,9.139349857346681e-05
NFLX,0.13671875,0.00012623535650473867
NFLX,0.140625,0.0004229978351377313
NFLX,0.14453125,0.00046768197183343795
NFLX,0.1484375,0.00012793299981108907
NFLX,0.15234375,8.899541792713668e-05
NFLX,0.15625,6.273514602449798e-05
NFLX,0.16015625,5.0463105392496645e-05
NFLX,0.1640625,4.9988807702625286e-05
NFLX,0.16796875,6.438290205860883e-05
NFLX,0.171875,8.958858920060582e-05
NFLX,0.17578125,5.910521215365458e-05
NFLX,0.1796875,5.172716859729003e-05
NFLX,0.18359375,6.878465419914192e-05
NFLX,0.1875,6.540143824246583e-05
NFLX,0.19140625,5.5418062284502477e-05
NFLX,0.1953125,6.694404103574835e-05
NFLX,0.19921875,8.784120556355702e-05
NFLX,0.203125,9.626621296774675e-05
NFLX,0.20703125,0.00011118590040401056
NFLX,0.2109375,0.00010486370523400213
NFLX,0.21484375,8.223500636317091e-05
NFLX,0.21875,7.556198664651166e-05
NFLX,0.22265625,8.224028820812764e-05
NFLX,0.2265625,7.592669447962468e-05
NFLX,0.23046875,5.8696598460515385e-05
NFLX,0.234375,4.58366636704149e-05
NFLX,0.23828125,4.537489852425892e-05
NFLX,0.2421875,5.2225415779400223e-05
NFLX,0.24609375,6.157734866159064e-05
NFLX,0.25,6.684863428711344e-05
NFLX,0.25390625,4.309031954890624e-05
NFLX,0.2578125,4.292021576908397e-05
NFLX,0.26171875,5.873258822892168e-05
NFLX,0.265625,6.911160338537791e-05
NFLX,0.26953125,6.239932216303198e-05
NFLX,0.2734375,6.348216063706563e-05
NFLX,0.27734375,7.9633586220733e-05
NFLX,0.28125,0.00018290832504827323
NFLX,0.28515625,0.0005075607769698471
NFLX,0.2890625,0.00027617990534842615
NFLX,0.29296875,8.057585014924608e-05
NFLX,0.296875,6.379008669344864e-05
NFLX,0.30078125,5.115951757269155e-05
NFLX,0.3046875,5.323246279940458e-05
NFLX,0.30859375,4.027948584139045e-05
NFLX,0.3125,3.342544383567239e-05
NFLX,0.31640625,4.933180517963543e-05
NFLX,0.3203125,6.998433320938329e-05
NFLX,0.32421875,8.848487714728014e-05
NFLX,0.328125,8.448154126060161e-05
NFLX,0.33203125,5.804247078647589e-05
NFLX,0.3359375,5.787957305937897e-05
NFLX,0.33984375,6.070470245906177e-05
NFLX,0.34375,7.250353077804046e-05
NFLX,0.34765625,7.560982316762795e-05
NFLX,0.3515625,6.598518618957537e-05
NFLX,0.35546875,6.220477062811947e-05
NFLX,0.359375,8.685386326547706e-05
NFLX,0.36328125,9.442411486931849e-05
NFLX,0.3671875,9.073439227352756e-05
NFLX,0.37109375,6.496407211446004e-05
NFLX,0.375,5.1485569039610495e-05
NFLX,0.37890625,6.28137477652841e-05
NFLX,0.3828125,6.657018224102638e-05
NFLX,0.38671875,7.102078159941596e-05
NFLX,0.390625,5.456174879642501e-05
NFLX,0.39453125,4.38875950452867e-05
NFLX,0.3984375,6.587442483548179e-05
NFLX,0.40234375,6.979021197403148e-05
NFLX,0.40625,6.773406081712267e-05
NFLX,0.41015625,8.132511750609078e-05
NFLX,0.4140625,6.806167259398174e-05
NFLX,0.41796875,6.0073374762457936e-05
NFLX,0.421875,7.059079710706029e-05
NFLX,0.42578125,0.00031947108326053545
NFLX,0.4296875,0.0003988697589204289
NFLX,0.43359375,9.461584986439879e-05
NFLX,0.4375,5.919584995927915e-05
NFLX,0.44140625,6.962718960758854e-05
NFLX,0.4453125,7.8491438646333e-05
NFLX,0.44921875,6.808434224825317e-05
NFLX,0.453125,4.274744500083677e-05
NFLX,0.45703125,3.9724303065663014e-05
NFLX,0.4609375,4.944945735624782e-05
NFLX,0.46484375,6.509308482239055e-05
NFLX,0.46875,6.693861664754207e-05
NFLX,0.47265625,6.107668796115881e-05
NFLX,0.4765625,4.127019031894394e-05
NFLX,0.48046875,3.724788492315602e-05
NFLX,0.484375,4.550182726130925e-05
NFLX,0.48828125,5.810442225912043e-05
NFLX,0.4921875,6.634411328707764e-05
NFLX,0.49609375,6.885101732936042e-05
NFLX,0.5,2.387510866782621e-05
NVDA,0.0,8.186125200697022e-05
NVDA,0.00390625,0.0004921915178733564
NVDA,0.0078125,0.00045547900628433715
NVDA,0.01171875,0.0002610822396383386
NVDA,0.015625,0.00018872728124396678
NVDA,0.01953125,0.0001845205380697109
NVDA,0.0234375,0.00016901590121933867
NVDA,0.02734375,0.00013909832111279138
NVDA,0.03125,0.0001484563734560402
NVDA,0.03515625,0.00012055043305819713
NVDA,0.0390625,9.877306836000167e-05
NVDA,0.04296875,8.765476742046258e-05
NVDA,0.046875,0.00012906024567110047
NVDA,0.05078125,0.00013671486883104535
NVDA,0.0546875,0.00011734478257798366
NVDA,0.05859375,8.831481934282321e-05
NVDA,0.0625,9.300374374906807e-05
NVDA,0.06640625,0.00010143008573368016
NVDA,0.0703125,0.00011826965891794399
NVDA,0.07421875,0.00010999523643442895
NVDA,0.078125,9.777253426986207e-05
NVDA,0.08203125,0.00012542598130755887
NVDA,0.0859375,0.0001377860253675772
NVDA,0.08984375,0.00011610438653344155
NVDA,0.09375,0.00011716664991484676
NVDA,0.09765625,0.00013879854607143228
NVDA,0.1015625,0.00012714660450838234
NVDA,0.10546875,6.628088172267273e-05
NVDA,0.109375,9.274568079590939e-05
NVDA,0.11328125,7.537719018966804e-05
NVDA,0.1171875,8.057906070029122e-05
NVDA,0.12109375,0.00014653553295494249
NVDA,0.125,0.00014682174508598311
NVDA,0.12890625,0.00013958423034362484
NVDA,0.1328125,0.00017317510146787674
NVDA,0.13671875,0.00022937082671997344
NVDA,0.140625,0.0011135383751006286
NVDA,0.14453125,0.0011867883239261015
NVDA,0.1484375,0.00026622374154520583
NVDA,0.15234375,0.0001288474793206578
NVDA,0.15625,0.0001604891077441441
NVDA,0.16015625,0.00014681354300701002
NVDA,0.1640625,0.0001196080007961838
NVDA,0.16796875,7.815248056331449e-05
NVDA,0.171875,7.788032230273851e-05
NVDA,0.17578125,0.00010001498144179724
NVDA,0.1796875,6.270206622251704e-05
NVDA,0.18359375,8.317273690431979e-05
NVDA,0.1875,0.0001429824430554116
NVDA,0.19140625,0.0001566437576311604
NVDA,0.1953125,0.00012128189470337273
NVDA,0.19921875,0.00013256042910785867
NVDA,0.203125,0.00011564356651701454
NVDA,0.20703125,0.00011883017435840087
NVDA,0.2109375,0.00013302667350405898
NVDA,0.21484375,0.0001457731536634089
NVDA,0.21875,0.00012875437003446988
NVDA,0.22265625,0.00011494908410264884
NVDA,0.2265625,0.00013557619524851702
NVDA,0.23046875,0.00010102495281898589
NVDA,0.234375,0.00012218871846086528
NVDA,0.23828125,0.00014689042222224238
NVDA,0.2421875,0.00011483206767010475
NVDA,0.24609375,7.111514691245007e-05
NVDA,0.25,7.766615356008648e-05
NVDA,0.25390625,7.971833520365719e-05
NVDA,0.2578125,7.519533817395192e-05
NVDA,0.26171875,0.00010509740324477161
NVDA,0.265625,0.00010172221968222872
NVDA,0.26953125,8.604749407765333e-05
NVDA,0.2734375,9.845847028017022e-05
NVDA,0.27734375,9.139785693899453e-05
NVDA,0.28125,0.00030115738729014763
NVDA,0.28515625,0.0012940369107355316
NVDA,0.2890625,0.0006593575765906062
NVDA,0.29296875,0.0001234539402984665
NVDA,0.296875,0.000130638264131164
NVDA,0.30078125,0.0001233939702549752
NVDA,0.3046875,9.865216096667586e-05
NVDA,0.30859375,9.082989034843294e-05
NVDA,0.3125,9.162829917338197e-05
NVDA,0.31640625,0.00011547307811372405
NVDA,0.3203125,0.00011221425435259695
NVDA,0.32421875,0.00010880159012095151
NVDA,0.328125,0.00010598148381089934
NVDA,0.33203125,0.0001136580243803628
NVDA,0.3359375,9.832713030496702e-05
NVDA,0.33984375,7.169705300980038e-05
NVDA,0.34375,9.234142226903533e-05
NVDA,0.34765625,9.266703759336596e-05
NVDA,0.3515625,0.00010491988889045196
NVDA,0.35546875,0.0001155803322890481
NVDA,0.359375,0.00012060891713487675
NVDA,0.36328125,0.00011386123484358765
NVDA,0.3671875,0.00011369695741149177
NVDA,0.37109375,6.0177200389115725e-05
NVDA,0.375,9.674805967441892e-05
NVDA,0.37890625,0.00012746927228107064
NVDA,0.3828125,9.42714010220727e-05
NVDA,0.38671875,7.219010877355547e-05
NVDA,0.390625,7.352721900797712e-05
NVDA,0.39453125,9.777651255174701e-05
NVDA,0.3984375,8.92554409823559e-05
NVDA,0.40234375,6.63034478461558e-05
NVDA,0.40625,0.00011535234683873421
NVDA,0.41015625,0.00014868733026774303
NVDA,0.4140625,0.00011191676647214631
NVDA,0.41796875,0.00010065407831204836
NVDA,0.421875,9.621748313001571e-05
NVDA,0.42578125,0.0006582980103162178
NVDA,0.4296875,0.0009653430817072244
NVDA,0.43359375,0.00017026065247238446
NVDA,0.4375,9.223175037162786e-05
NVDA,0.44140625,7.294194145147119e-05
NVDA,0.4453125,7.122638096602694e-05
NVDA,0.44921875,8.550874636483966e-05
NVDA,0.453125,9.043656815894724e-05
NVDA,0.45703125,0.00010461099999946407
NVDA,0.4609375,0.00012537655383700863
NVDA,0.46484375,9.74381230379413e-05
NVDA,0.46875,8.998897201628397e-05
NVDA,0.47265625,9.98755271524606e-05
NVDA,0.4765625,0.0001034607363022893
NVDA,0.48046875,9.11192783109946e-05
NVDA,0.484375,9.227825980588687e-05
NVDA,0.48828125,9.903319503422058e-05
NVDA,0.4921875,7.014897725153393e-05
NVDA,0.49609375,0.00011161388537423827
NVDA,0.5,7.48749355229941e-05
QQQ,0.0,3.424753731476228e-05
QQQ,0.00390625,0.00015725958742530296
QQQ,0.0078125,0.0001285998377603048
QQQ,0.01171875,6.340588324502265e-05
QQQ,0.015625,4.783540832752043e-05
QQQ,0.01953125,4.7504952627798915e-05
QQQ,0.0234375,2.9629711064658428e-05
QQQ,0.02734375,2.451369914138443e-05
QQQ,0.03125,3.864958332539892e-05
QQQ,0.03515625,3.207131462338756e-05
QQQ,0.0390625,2.0891660305508076e-05
QQQ,0.04296875,1.9652527107141644e-05
QQQ,0.046875,1.7677087456372233e-05
QQQ,0.05078125,2.3737362430251206e-05
QQQ,0.0546875,3.262614542867538e-05
QQQ,0.05859375,2.7455229282366568e-05
QQQ,0.0625,2.346706699859036e-05
QQQ,0.06640625,2.1391204080391298e-05
QQQ,0.0703125,2.7854097347959823e-05
QQQ,0.07421875,3.026715026794189e-05
QQQ,0.078125,2.0297299487931222e-05
QQQ,0.08203125,1.6172319993999055e-05
QQQ,0.0859375,2.0956955284209427e-05
QQQ,0.08984375,2.2994850578492345e-05
QQQ,0.09375,2.248742786291109e-05
QQQ,0.09765625,2.3246383969228182e-05
QQQ,0.1015625,2.6700801729018835e-05
QQQ,0.10546875,1.9393179802215982e-05
QQQ,0.109375,2.374976376790249e-05
QQQ,0.11328125,2.3717636822410167e-05
QQQ,0.1171875,2.3288715515304258e-05
QQQ,0.12109375,2.671779739344918e-05
QQQ,0.125,2.4731662755600035e-05
QQQ,0.12890625,2.9747871004875902e-05
QQQ,0.1328125,3.3848758129857054e-05
QQQ,0.13671875,3.2829559528229576e-05
QQQ,0.140625,0.0001344452305277151
QQQ,0.14453125,0.00015584154934605632
QQQ,0.1484375,4.39662209449613e-05
QQQ,0.15234375,1.924908570107263e-05
QQQ,0.15625,2.355573867273944e-05
QQQ,0.16015625,2.6051599317123637e-05
QQQ,0.1640625,2.5267801416197826e-05
QQQ,0.16796875,2.675161202480939e-05
QQQ,0.171875,2.434147059026756e-05
QQQ,0.17578125,2.0343493692324463e-05
QQQ,0.1796875,1.3948458913968717e-05
QQQ,0.18359375,1.7730373577178735e-05
QQQ,0.1875,2.0848150621642028e-05
QQQ,0.19140625,2.475193275317969e-05
QQQ,0.1953125,2.185412937271766e-05
QQQ,0.19921875,2.2366531156887143e-05
QQQ,0.203125,1.894551003287179e-05
QQQ,0.20703125,2.2565638370604765e-05
QQQ,0.2109375,2.3398010887370065e-05
QQQ,0.21484375,2.5690929247859304e-05
QQQ,0.21875,2.7144744692058832e-05
QQQ,0.22265625,1.8666539088360883e-05
QQQ,0.2265625,2.0114828115748007e-05
QQQ,0.23046875,2.174893491047777e-05
QQQ,0.234375,1.746061798721502e-05
QQQ,0.23828125,1.400553183400013e-05
QQQ,0.2421875,2.3994921244225088e-05
QQQ,0.24609375,2.5169098865517694e-05
QQQ,0.25,3.19032821697116e-05
QQQ,0.25390625,2.6354250730248042e-05
QQQ,0.2578125,8.474242241278471e-06
QQQ,0.26171875,1.0125040556369756e-05
QQQ,0.265625,2.111376744325378e-05
QQQ,0.26953125,2.054983501230286e-05
QQQ,0.2734375,1.672033026473798e-05
QQQ,0.27734375,1.7337767076978115e-05
QQQ,0.28125,6.019894792144436e-05
QQQ,0.28515625,0.00021454484344044964
QQQ,0.2890625,0.00012116743297513838
QQQ,0.29296875,2.8740573136712883e-05
QQQ,0.296875,2.2618249347646672e-05
QQQ,0.30078125,2.110542007316538e-05
QQQ,0.3046875,2.0227202561819546e-05
QQQ,0.30859375,1.7073853067627514e-05
QQQ,0.3125,2.0060381263697958e-05
QQQ,0.31640625,2.635385052586778e-05
QQQ,0.3203125,2.6357576286737123e-05
QQQ,0.32421875,2.554924159364535e-05
QQQ,0.328125,2.2682763107709768e-05
QQQ,0.33203125,1.897996652985084e-05
QQQ,0.3359375,1.558678933572827e-05
QQQ,0.33984375,1.7627627056520924e-05
QQQ,0.34375,1.5253429670750425e-05
QQQ,0.34765625,1.68692503541473e-05
QQQ,0.3515625,1.821032485380015e-05
QQQ,0.35546875,1.5899342131250334e-05
QQQ,0.359375,2.0186568342250882e-05
QQQ,0.36328125,1.984401478328035e-05
QQQ,0.3671875,1.768973130723683e-05
QQQ,0.37109375,1.860457814042198e-05
QQQ,0.375,2.0808226817065758e-05
QQQ,0.37890625,2.2829184410716364e-05
QQQ,0.3828125,1.9052064216328384e-05
QQQ,0.38671875,1.977019630731114e-05
QQQ,0.390625,1.682951002177287e-05
QQQ,0.39453125,1.9471116918797307e-05
QQQ,0.3984375,1.7640138037917187e-05
QQQ,0.40234375,1.7539213611947618e-05
QQQ,0.40625,2.3752825949890034e-05
QQQ,0.41015625,2.6627697443338838e-05
QQQ,0.4140625,2.9106452842520588e-05
QQQ,0.41796875,2.3858496391486917e-05
QQQ,0.421875,2.3257058728373687e-05
QQQ,0.42578125,0.00011689627710414451
QQQ,0.4296875,0.0001512665525602562
QQQ,0.43359375,3.480769280748234e-05
QQQ,0.4375,1.2258218103115677e-05
QQQ,0.44140625,1.2701675231759116e-05
QQQ,0.4453125,1.8658198534086435e-05
QQQ,0.44921875,2.3968725121275485e-05
QQQ,0.453125,2.0889088294285558e-05
QQQ,0.45703125,2.220805965961616e-05
QQQ,0.4609375,3.640160803293784e-05
QQQ,0.46484375,2.692842857502906e-05
QQQ,0.46875,2.0060334975299866e-05
QQQ,0.47265625,1.2173168840732386e-05
QQQ,0.4765625,1.7978890134858173e-05
QQQ,0.48046875,1.931330703811003e-05
QQQ,0.484375,2.255458792459977e-05
QQQ,0.48828125,1.692128825710136e-05
QQQ,0.4921875,1.3534003938261295e-05
QQQ,0.49609375,2.831128437307502e-05
QQQ,0.5,1.7459839201675023e-05
SPY,0.0,2.6607369165913985e-05
SPY,0.00390625,0.00012010801477906274
SPY,0.0078125,0.0001005171517227378
SPY,0.01171875,5.2858320399785426e-05
SPY,0.015625,3.547716701239371e-05
SPY,0.01953125,3.282982543176427e-05
SPY,0.0234375,2.1944367053507714e-05
SPY,0.02734375,1.6091823773132704e-05
SPY,0.03125,2.206334534025052e-05
SPY,0.03515625,1.6182275965211347e-05
SPY,0.0390625,1.1580054603004341e-05
SPY,0.04296875,1.1900102706110846e-05
SPY,0.046875,1.0533389131468648e-05
SPY,0.05078125,1.594091318461504e-05
SPY,0.0546875,2.121954492192391e-05
SPY,0.05859375,1.9567529582081405e-05
SPY,0.0625,1.712195411036355e-05
SPY,0.06640625,1.5323922324003703e-05
SPY,0.0703125,1.870569538953828e-05
SPY,0.07421875,1.833275393064535e-05
SPY,0.078125,1.3313350342593946e-05
SPY,0.08203125,8.505189645224843e-06
SPY,0.0859375,1.1137276558209918e-05
SPY,0.08984375,1.3568931561377647e-05
SPY,0.09375,1.4101851389877176e-05
SPY,0.09765625,1.4466197486501109e-05
SPY,0.1015625,1.4243028220116896e-05
SPY,0.10546875,1.1580357922059205e-05
SPY,0.109375,1.1814185039364989e-05
SPY,0.11328125,1.3494277835414118e-05
SPY,0.1171875,1.6740097022322863e-05
SPY,0.12109375,1.7967095240730195e-05
SPY,0.125,2.0166333889480798e-05
SPY,0.12890625,2.9090867143332723e-05
SPY,0.1328125,2.8179737760199885e-05
SPY,0.13671875,2.0237767735146398e-05
SPY,0.140625,6.678898080684257e-05
SPY,0.14453125,7.55865737255427e-05
SPY,0.1484375,2.3007103442801324e-05
SPY,0.15234375,1.4419110219128292e-05
SPY,0.15625,1.719186449331335e-05
SPY,0.16015625,1.7337874345471957e-05
SPY,0.1640625,1.7782901118850447e-05
SPY,0.16796875,1.9605179237214032e-05
SPY,0.171875,1.4570903827100374e-05
SPY,0.17578125,1.1337890670023612e-05
SPY,0.1796875,8.478972270789037e-06
SPY,0.18359375,1.0827420895822466e-05
SPY,0.1875,1.345320951591356e-05
SPY,0.19140625,1.550311455248812e-05
SPY,0.1953125,1.59453849592584e-05
SPY,0.19921875,1.464521225178913e-05
SPY,0.203125,1.2471409371842275e-05
SPY,0.20703125,1.6001039596640902e-05
SPY,0.2109375,1.8136845263926005e-05
SPY,0.21484375,1.9707599128464508e-05
SPY,0.21875,1.7976994288302844e-05
SPY,0.22265625,9.558087274467385e-06
SPY,0.2265625,9.259330134984907e-06
SPY,0.23046875,1.265519491728534e-05
SPY,0.234375,1.1066013315983282e-05
SPY,0.23828125,8.242917736414849e-06
SPY,0.2421875,1.4397523104823597e-05
SPY,0.24609375,1.773481472745738e-05
SPY,0.25,2.0014768341050792e-05
SPY,0.25390625,1.571465827186324e-05
SPY,0.2578125,5.236348812179635e-06
SPY,0.26171875,6.643459006054812e-06
SPY,0.265625,1.0987615856292151e-05
SPY,0.26953125,9.906326264806626e-06
SPY,0.2734375,1.0855802286509547e-05
SPY,0.27734375,1.1090005821517783e-05
SPY,0.28125,3.972827352516415e-05
SPY,0.28515625,0.00012655957685218176
SPY,0.2890625,7.256375131400656e-05
SPY,0.29296875,2.216579376547767e-05
SPY,0.296875,1.8569548095589193e-05
SPY,0.30078125,1.4563863283628483e-05
SPY,0.3046875,1.1015510009571456e-05
SPY,0.30859375,1.057425195101536e-05
SPY,0.3125,9.656042674267662e-06
SPY,0.31640625,1.4456730112645945e-05
SPY,0.3203125,1.5752762594876255e-05
SPY,0.32421875,1.557503237158825e-05
SPY,0.328125,1.3259418805250506e-05
SPY,0.33203125,1.1607315625065452e-05
SPY,0.3359375,1.010610034384136e-05
SPY,0.33984375,8.291104087682843e-06
SPY,0.34375,8.104434321889652e-06
SPY,0.34765625,9.898026111651989e-06
SPY,0.3515625,8.227072422950042e-06
SPY,0.35546875,8.105654038278678e-06
SPY,0.359375,1.0884115429888491e-05
SPY,0.36328125,1.3197782256080002e-05
SPY,0.3671875,1.0621773842529639e-05
SPY,0.37109375,1.227560242180294e-05
SPY,0.375,1.4091511257926199e-05
SPY,0.37890625,1.5281355633874517e-05
SPY,0.3828125,1.19366100735813e-05
SPY,0.38671875,1.1466568606750887e-05
SPY,0.390625,9.32597845311235e-06
SPY,0.39453125,9.293745354207288e-06
SPY,0.3984375,1.2676032983005689e-05
SPY,0.40234375,1.6577445218416473e-05
SPY,0.40625,1.9352299689840534e-05
SPY,0.41015625,1.8164928377857907e-05
SPY,0.4140625,2.378088347214316e-05
SPY,0.41796875,2.1066668890485956e-05
SPY,0.421875,1.7552967568251158e-05
SPY,0.42578125,5.9187941158048076e-05
SPY,0.4296875,8.311399048396476e-05
SPY,0.43359375,2.3108756621500313e-05
SPY,0.4375,9.57341323241277e-06
SPY,0.44140625,1.0118776008503277e-05
SPY,0.4453125,1.1944772110385072e-05
SPY,0.44921875,1.6497811381511232e-05
SPY,0.453125,1.5168204991370202e-05
SPY,0.45703125,1.6971150790579032e-05
SPY,0.4609375,2.636111994268954e-05
SPY,0.46484375,1.777691753548311e-05
SPY,0.46875,1.3041785920031644e-05
SPY,0.47265625,9.28096781781043e-06
SPY,0.4765625,9.541330732772348e-06
SPY,0.48046875,9.08583743044523e-06
SPY,0.484375,1.0365841063502921e-05
SPY,0.48828125,8.352863138976902e-06
SPY,0.4921875,9.90155453005516e-06
SPY,0.49609375,1.8424675664856477e-05
SPY,0.5,1.0830402107383751e-05
TSLA,0.0,0.00010351876006250888
TSLA,0.00390625,0.00045203606450607356
TSLA,0.0078125,0.00036264195764996646
TSLA,0.01171875,0.0003498115078288369
TSLA,0.015625,0.0003977142689313563
TSLA,0.01953125,0.0003522101802748235
TSLA,0.0234375,0.00019822044716058803
TSLA,0.02734375,0.00021598423648199987
TSLA,0.03125,0.00028289991555161795
TSLA,0.03515625,0.00023013256298341463
TSLA,0.0390625,0.0001814043038915153
TSLA,0.04296875,0.0001660819146029858
TSLA,0.046875,0.00018577870248840463
TSLA,0.05078125,0.00019744746696566612
TSLA,0.0546875,0.00019972353773919528
TSLA,0.05859375,0.00015295830329947906
TSLA,0.0625,0.00017574163054980972
TSLA,0.06640625,0.00017042014422825741
TSLA,0.0703125,0.00022463341295812398
TSLA,0.07421875,0.00023345517330713238
TSLA,0.078125,0.0001668065366111423
TSLA,0.08203125,0.00019377894761106503
TSLA,0.0859375,0.00020234897398479669
TSLA,0.08984375,0.00016098353289775713
TSLA,0.09375,0.0001742578792472691
TSLA,0.09765625,0.00022679647935033503
TSLA,0.1015625,0.0001808157769806563
TSLA,0.10546875,0.00019660129353421185
TSLA,0.109375,0.00021045851120363588
TSLA,0.11328125,0.0002163456252298786
TSLA,0.1171875,0.00018026827939283282
TSLA,0.12109375,0.00021050587560920303
TSLA,0.125,0.00018864156289355013
TSLA,0.12890625,0.00024393148568386367
TSLA,0.1328125,0.00022626004087181377
TSLA,0.13671875,0.0002929568226775514
TSLA,0.140625,0.0014474914472836435
TSLA,0.14453125,0.0016169232972932247
TSLA,0.1484375,0.0004215517545587356
TSLA,0.15234375,0.00019562690132873071
TSLA,0.15625,0.0002884681035299751
TSLA,0.16015625,0.0002685167406540927
TSLA,0.1640625,0.00017220781525384185
TSLA,0.16796875,0.00017030416506346325
TSLA,0.171875,0.00022522236573844527
TSLA,0.17578125,0.00020893192328632704
TSLA,0.1796875,0.0001746469436102938
TSLA,0.18359375,0.00014040643402244652
TSLA,0.1875,0.00013392504470651758
TSLA,0.19140625,0.00013191629600210015
TSLA,0.1953125,0.00013544709732361742
TSLA,0.19921875,0.00013398894977389878
TSLA,0.203125,0.00016385192392685051
TSLA,0.20703125,0.00016606419067773744
TSLA,0.2109375,0.0001672815288534284
TSLA,0.21484375,0.0002507624592723871
TSLA,0.21875,0.0002076025760589306
TSLA,0.22265625,0.0001923006490233383
TSLA,0.2265625,0.000182579089327907
TSLA,0.23046875,0.0001518039462107999
TSLA,0.234375,0.00014360822585542855
TSLA,0.23828125,0.00018430332583602496
TSLA,0.2421875,0.0001650713709788284
TSLA,0.24609375,0.00015605544489181753
TSLA,0.25,0.0001825640768615129
TSLA,0.25390625,0.00019217929052230947
TSLA,0.2578125,0.00014386073026002665
TSLA,0.26171875,0.00010854302828546003
TSLA,0.265625,0.00021850532433002567
TSLA,0.26953125,0.0002928515473816032
TSLA,0.2734375,0.0002624260755016338
TSLA,0.27734375,0.00015741147795587685
TSLA,0.28125,0.00042416043322630447
TSLA,0.28515625,0.002035321554426077
TSLA,0.2890625,0.0010367319650185951
TSLA,0.29296875,0.00014251158711505756
TSLA,0.296875,0.00018915964318270354
TSLA,0.30078125,0.00023086631286792767
TSLA,0.3046875,0.00021511745315497166
TSLA,0.30859375,0.00016531372485164143
TSLA,0.3125,0.0001410790997096818
TSLA,0.31640625,0.00013414146229408447
TSLA,0.3203125,0.00014461449708321315
TSLA,0.32421875,0.00015418494362998126
TSLA,0.328125,0.00014621566022283568
TSLA,0.33203125,0.00011757341475325246
TSLA,0.3359375,0.0001443739031786469
TSLA,0.33984375,0.00018377120212592635
TSLA,0.34375,0.00012944567985868457
TSLA,0.34765625,0.00013724749793875147
TSLA,0.3515625,0.00019157295908770895
TSLA,0.35546875,0.00019270056057990692
TSLA,0.359375,0.0001423142462851386
TSLA,0.36328125,0.0001864853310562856
TSLA,0.3671875,0.00020865928531357087
TSLA,0.37109375,0.0001909490754089393
TSLA,0.375,0.0002019025465841115
TSLA,0.37890625,0.00015565019113510903
TSLA,0.3828125,0.000185191071173333
TSLA,0.38671875,0.00020794677308616318
TSLA,0.390625,0.00019652245720050326
TSLA,0.39453125,0.00014571119630952826
TSLA,0.3984375,0.00016567692888586313
TSLA,0.40234375,0.0002108221357302253
TSLA,0.40625,0.00023936669872065214
TSLA,0.41015625,0.00022216097911739483
TSLA,0.4140625,0.00022584135403514198
TSLA,0.41796875,0.0001653660491608732
TSLA,0.421875,0.00019239680305337202
TSLA,0.42578125,0.0011929227135813035
TSLA,0.4296875,0.001498397299323596
TSLA,0.43359375,0.00031866324690046764
TSLA,0.4375,0.00014672624104503855
TSLA,0.44140625,0.00018846727573107385
TSLA,0.4453125,0.0002438215434633973
TSLA,0.44921875,0.0001796057665091683
TSLA,0.453125,0.00017420744832663277
TSLA,0.45703125,0.0001582128107302535
TSLA,0.4609375,0.00021477235181520683
TSLA,0.46484375,0.00019114325488682146
TSLA,0.46875,0.0001806282915009218
TSLA,0.47265625,0.0001594406418312995
TSLA,0.4765625,0.00014663357800559417
TSLA,0.48046875,0.00015169306469556984
TSLA,0.484375,0.00019044787680445947
TSLA,0.48828125,0.00022282814037189922
TSLA,0.4921875,0.00018391229232426554
TSLA,0.49609375,0.00014531046359748741
TSLA,0.5,6.881638396721986e-05
UNH,0.0,3.977820602609593e-05
UNH,0.00390625,0.00037868894394766685
UNH,0.0078125,0.0003699144367365341
UNH,0.01171875,0.00015617515954874324
UNH,0.015625,0.0002691643230603109
UNH,0.01953125,0.00015648285626254378
UNH,0.0234375,0.0001566405761379996
UNH,0.02734375,0.00012947869598252897
UNH,0.03125,0.00012580753957311942
UNH,0.03515625,0.00013143186365232424
UNH,0.0390625,0.0001317601990966674
UNH,0.04296875,0.00014629412768996057
UNH,0.046875,8.411733891785085e-05
UNH,0.05078125,0.00011861859473383805
UNH,0.0546875,0.00015986156283438597
UNH,0.05859375,0.0001763909140717882
UNH,0.0625,0.0001426695657534815
UNH,0.06640625,0.00013312726460339925
UNH,0.0703125,0.00014690045094326747
UNH,0.07421875,0.00016238138675725214
UNH,0.078125,0.00012745014619779308
UNH,0.08203125,0.00015013096500827243
UNH,0.0859375,0.00011997588529732127
UNH,0.08984375,0.00013007617317436717
UNH,0.09375,8.028708580967287e-05
UNH,0.09765625,0.00012787165096559254
UNH,0.1015625,0.00016245766189635385
UNH,0.10546875,0.00015698869171737665
UNH,0.109375,0.00011275888661639823
UNH,0.11328125,9.654480321511553e-05
UNH,0.1171875,0.00014232990108694232
UNH,0.12109375,0.00017413253903579229
UNH,0.125,0.00020284632251088498
UNH,0.12890625,0.0002226227171782817
UNH,0.1328125,0.0002071125947823688
UNH,0.13671875,0.00022869147691522308
UNH,0.140625,0.0006366078040783526
UNH,0.14453125,0.00073848170399549
UNH,0.1484375,0.00026675885445882674
UNH,0.15234375,0.0001769611818287324
UNH,0.15625,0.00014154352718520144
UNH,0.16015625,0.0001507535856910186
UNH,0.1640625,0.00010865478851605304
UNH,0.16796875,0.00012168460951770685
UNH,0.171875,8.748928266432919e-05
UNH,0.17578125,0.00012537834180715774
UNH,0.1796875,0.00016185945775669305
UNH,0.18359375,0.0001579746190638856
UNH,0.1875,0.0001413065183190889
UNH,0.19140625,8.582471336930429e-05
UNH,0.1953125,0.00014703250611841992
UNH,0.19921875,0.00013877475751271364
UNH,0.203125,0.0001863735709963382
UNH,0.20703125,0.00013941860416491914
UNH,0.2109375,0.0001321323513253787
UNH,0.21484375,0.00012738157671961863
UNH,0.21875,0.00015018776604315898
UNH,0.22265625,0.00013804643241642736
UNH,0.2265625,0.0001366922350395529
UNH,0.23046875,0.0001050297391467284
UNH,0.234375,0.00010839773160675628
UNH,0.23828125,7.583548739116616e-05
UNH,0.2421875,0.00015095094517960639
UNH,0.24609375,0.00013486010994898817
UNH,0.25,0.00012319496806756597
UNH,0.25390625,0.00010558314948348117
UNH,0.2578125,8.371924051261814e-05
UNH,0.26171875,0.00011257652731443612
UNH,0.265625,0.00010447632959463878
UNH,0.26953125,0.00015522315597126313
UNH,0.2734375,0.00012391892140975488
UNH,0.27734375,0.00020698983400678129
UNH,0.28125,0.0002456976628843249
UNH,0.28515625,0.0007656329980121074
UNH,0.2890625,0.00038724865847224605
UNH,0.29296875,0.00020784961680540883
UNH,0.296875,0.0001346377509560821
UNH,0.30078125,0.000169030171983166
UNH,0.3046875,0.0001287766736352432
UNH,0.30859375,0.00013499838489675398
UNH,0.3125,9.372729644058621e-05
UNH,0.31640625,0.00010173577160143627
UNH,0.3203125,0.00010002568755555048
UNH,0.32421875,0.00013977020836922964
UNH,0.328125,0.0001630298226041213
UNH,0.33203125,0.00011776460575077566
UNH,0.3359375,9.512004348443514e-05
UNH,0.33984375,8.957965707814736e-05
UNH,0.34375,0.00010518983246920225
UNH,0.34765625,0.00012225618784041328
UNH,0.3515625,0.00010363583362527102
UNH,0.35546875,0.00011016994667365308
UNH,0.359375,9.476165621791595e-05
UNH,0.36328125,0.00010395091122156654
UNH,0.3671875,0.0001277506122055069
UNH,0.37109375,0.00013289388452815586
UNH,0.375,0.00010199699929169758
UNH,0.37890625,0.00010628786507384579
UNH,0.3828125,0.00012182196055175687
UNH,0.38671875,0.00014398803822862987
UNH,0.390625,0.00011784389515696359
UNH,0.39453125,0.00011612134140527553
UNH,0.3984375,0.00013673717155760566
UNH,0.40234375,0.00012974668674392475
UNH,0.40625,0.00014832374431722952
UNH,0.41015625,0.00013566400514573935
UNH,0.4140625,0.00015620814162790032
UNH,0.41796875,0.0001354922085834546
UNH,0.421875,0.00018463522261438024
UNH,0.42578125,0.0004700671873394953
UNH,0.4296875,0.0006169284149067255
UNH,0.43359375,0.00021308664338625557
UNH,0.4375,0.00014032182636196695
UNH,0.44140625,9.348488964659373e-05
UNH,0.4453125,0.00011214406961093395
UNH,0.44921875,9.794349948226637e-05
UNH,0.453125,0.00011574764832069692
UNH,0.45703125,9.87533938031926e-05
UNH,0.4609375,0.00010664584194527017
UNH,0.46484375,0.00011211691466439778
UNH,0.46875,0.00011790564747879808
UNH,0.47265625,0.00012353500201605258
UNH,0.4765625,8.395794544520949e-05
UNH,0.48046875,0.00010977074895662158
UNH,0.484375,0.00010984044501148523
UNH,0.48828125,0.00015029715991639133
UNH,0.4921875,0.00011571081623006882
UNH,0.49609375,0.00013839557534723836
UNH,0.5,7.250645279993933e-05
WMT,0.0,2.4612299449736306e-05
WMT,0.00390625,0.00011102876623953225
WMT,0.0078125,0.00010701541965717806
WMT,0.01171875,8.38615001331955e-05
WMT,0.015625,7.262659741023415e-05
WMT,0.01953125,3.910944027237648e-05
WMT,0.0234375,2.8753469910771994e-05
WMT,0.02734375,3.3805708318920755e-05
WMT,0.03125,3.911237139783627e-05
WMT,0.03515625,3.468702294043977e-05
WMT,0.0390625,2.9361102277069174e-05
WMT,0.04296875,3.0404295562321334e-05
WMT,0.046875,2.6973085838907465e-05
WMT,0.05078125,3.1493170160628065e-05
WMT,0.0546875,2.6616433560156656e-05
WMT,0.05859375,3.272829407791551e-05
WMT,0.0625,3.465507299805091e-05
WMT,0.06640625,2.5660839701939558e-05
WMT,0.0703125,3.191353258109354e-05
WMT,0.07421875,3.120246835186064e-05
WMT,0.078125,3.3270759690565614e-05
WMT,0.08203125,3.677275747770041e-05
WMT,0.0859375,3.192732578843592e-05
WMT,0.08984375,2.980232259870292e-05
WMT,0.09375,2.7030465659141462e-05
WMT,0.09765625,1.9147303073666442e-05
WMT,0.1015625,2.2366388671819127e-05
WMT,0.10546875,2.227733640404433e-05
WMT,0.109375,2.6388662501066358e-05
WMT,0.11328125,3.271181070087142e-05
WMT,0.1171875,2.8018315526813375e-05
WMT,0.12109375,2.3183397259487928e-05
WMT,0.125,2.9093354125428797e-05
WMT,0.12890625,3.9236834300695744e-05
WMT,0.1328125,4.606698787164103e-05
WMT,0.13671875,5.280468513582063e-05
WMT,0.140625,0.00017477893865747355
WMT,0.14453125,0.00020248194769787226
WMT,0.1484375,6.008889126798579e-05
WMT,0.15234375,3.405438200055181e-05
WMT,0.15625,3.1664215615933806e-05
WMT,0.16015625,3.153305564635908e-05
WMT,0.1640625,2.407753712842016e-05
WMT,0.16796875,2.490202539558161e-05
WMT,0.171875,4.158485282453991e-05
WMT,0.17578125,2.6325510582515154e-05
WMT,0.1796875,1.8976802617057674e-05
WMT,0.18359375,2.1186663599003588e-05
WMT,0.1875,1.8443735920372668e-05
WMT,0.19140625,2.8369475369425304e-05
WMT,0.1953125,2.8167209854791923e-05
WMT,0.19921875,2.1040084311470747e-05
WMT,0.203125,2.8569444654029397e-05
WMT,0.20703125,3.3355810711687366e-05
WMT,0.2109375,3.3837530805016445e-05
WMT,0.21484375,2.8770542207097265e-05
WMT,0.21875,2.063599524874118e-05
WMT,0.22265625,2.3680381701114164e-05
WMT,0.2265625,2.5359520068474013e-05
WMT,0.23046875,2.5653934355861975e-05
WMT,0.234375,2.6083350941716196e-05
WMT,0.23828125,2.209001026412794e-05
WMT,0.2421875,2.6486755702550006e-05
WMT,0.24609375,2.903262119116933e-05
WMT,0.25,2.8957166315611376e-05
WMT,0.25390625,3.5499059589828514e-05
WMT,0.2578125,2.52691262788321e-05
WMT,0.26171875,2.6791873912037294e-05
WMT,0.265625,2.7710638945040046e-05
WMT,0.26953125,3.408369785519419e-05
WMT,0.2734375,3.33974852277139e-05
WMT,0.27734375,3.0173611223320178e-05
WMT,0.28125,6.434422975925148e-05
WMT,0.28515625,0.00019410815796565587
WMT,0.2890625,0.00011350157360029444
WMT,0.29296875,2.976944162408895e-05
WMT,0.296875,2.1004465283950505e-05
WMT,0.30078125,3.1661007247462166e-05
WMT,0.3046875,2.6572844097127687e-05
WMT,0.30859375,2.5185244422128235e-05
WMT,0.3125,3.3419314445031245e-05
WMT,0.31640625,3.415944266977648e-05
WMT,0.3203125,3.375770301861827e-05
WMT,0.32421875,3.2025993066859274e-05
WMT,0.328125,2.584589999738363e-05
WMT,0.33203125,2.137318651341967e-05
WMT,0.3359375,3.236376037386753e-05
WMT,0.33984375,3.630374096204622e-05
WMT,0.34375,3.0186558114274213e-05
WMT,0.34765625,2.4178605131372584e-05
WMT,0.3515625,2.352200815794496e-05
WMT,0.35546875,2.9683915116051544e-05
WMT,0.359375,3.764924000531866e-05
WMT,0.36328125,2.6765017217895328e-05
WMT,0.3671875,2.3527407131500845e-05
WMT,0.37109375,3.503406821859703e-05
WMT,0.375,3.823760560811663e-05
WMT,0.37890625,2.5896462707734006e-05
WMT,0.3828125,2.7876420507975763e-05
WMT,0.38671875,3.0508492866424095e-05
WMT,0.390625,2.8077396087239944e-05
WMT,0.39453125,2.197489184337785e-05
WMT,0.3984375,3.33989066918418e-05
WMT,0.40234375,3.362443490245335e-05
WMT,0.40625,3.3970345940750555e-05
WMT,0.41015625,3.173816099235067e-05
WMT,0.4140625,2.9368988055362565e-05
WMT,0.41796875,3.526325485970883e-05
WMT,0.421875,4.0542462684385555e-05
WMT,0.42578125,0.00011087747983178916
WMT,0.4296875,0.0001331395479657462
WMT,0.43359375,4.67144040884028e-05
WMT,0.4375,3.098848432626717e-05
WMT,0.44140625,3.5229573365132205e-05
WMT,0.4453125,3.54369519627336e-05
WMT,0.44921875,2.5194409054126685e-05
WMT,0.453125,2.7137857062402905e-05
WMT,0.45703125,2.6016248405094488e-05
WMT,0.4609375,3.199227431179094e-05
WMT,0.46484375,3.683170815900646e-05
WMT,0.46875,3.4981111511922474e-05
WMT,0.47265625,2.0405519590826885e-05
WMT,0.4765625,2.496150444691342e-05
WMT,0.48046875,2.8914653310542117e-05
WMT,0.484375,2.4168215021457094e-05
WMT,0.48828125,2.537948262302023e-05
WMT,0.4921875,2.0199295244895875e-05
WMT,0.49609375,2.446979363146169e-05
WMT,0.5,1.142705933603386e-05
XOM,0.0,1.987646101845586e-05
XOM,0.00390625,9.761844798561493e-05
XOM,0.0078125,0.00011249440281024707
XOM,0.01171875,6.20153153894682e-05
XOM,0.015625,3.9998700484086255e-05
XOM,0.01953125,3.734512763581385e-05
XOM,0.0234375,3.359049395077103e-05
XOM,0.02734375,2.587593826709845e-05
XOM,0.03125,3.167207261253627e-05
XOM,0.03515625,3.1662474062353645e-05
XOM,0.0390625,2.1787219451474526e-05
XOM,0.04296875,1.4566037150711715e-05
XOM,0.046875,1.5780625759549044e-05
XOM,0.05078125,2.230661674072209e-05
XOM,0.0546875,1.9673340964266803e-05
XOM,0.05859375,2.3119617118114243e-05
XOM,0.0625,3.348076142809534e-05
XOM,0.06640625,2.447636142979961e-05
XOM,0.0703125,2.3171211077924452e-05
XOM,0.07421875,2.5380081183124426e-05
XOM,0.078125,3.088326521687249e-05
XOM,0.08203125,2.7612343186742678e-05
XOM,0.0859375,2.6486996524333457e-05
XOM,0.08984375,2.4578790335568892e-05
XOM,0.09375,2.035236787306259e-05
XOM,0.09765625,1.9431349480165707e-05
XOM,0.1015625,1.9118933315404957e-05
XOM,0.10546875,2.3633675243473216e-05
XOM,0.109375,2.170057697777318e-05
XOM,0.11328125,2.6657831877711948e-05
XOM,0.1171875,1.9344243817829384e-05
XOM,0.12109375,2.4974413514364387e-05
XOM,0.125,3.792915457788233e-05
XOM,0.12890625,4.583049365993347e-05
XOM,0.1328125,4.217257837520833e-05
XOM,0.13671875,5.250022261237507e-05
XOM,0.140625,0.0002736281298733241
XOM,0.14453125,0.00030670728417989487
XOM,0.1484375,6.878736277211673e-05
XOM,0.15234375,2.2739204104888823e-05
XOM,0.15625,1.7884733405979655e-05
XOM,0.16015625,1.9440087745881467e-05
XOM,0.1640625,2.406085403426656e-05
XOM,0.16796875,1.9911712553871423e-05
XOM,0.171875,2.4856796083464378e-05
XOM,0.17578125,2.3945212118732137e-05
XOM,0.1796875,1.3324397392739753e-05
XOM,0.18359375,1.6422204040759193e-05
XOM,0.1875,1.9592674705592545e-05
XOM,0.19140625,1.7785517298240586e-05
XOM,0.1953125,1.9448907720645615e-05
XOM,0.19921875,2.24542461311548e-05
XOM,0.203125,2.058778285425652e-05
XOM,0.20703125,1.9649965324951482e-05
XOM,0.2109375,1.5057475336202098e-05
XOM,0.21484375,2.1027404118483184e-05
XOM,0.21875,2.2350657385904492e-05
XOM,0.22265625,2.6730199628108484e-05
XOM,0.2265625,2.7609415137202137e-05
XOM,0.23046875,2.6137105954988636e-05
XOM,0.234375,2.1194838822421107e-05
XOM,0.23828125,1.9752308685467717e-05
XOM,0.2421875,2.335312503223061e-05
XOM,0.24609375,2.185721997943521e-05
XOM,0.25,2.462039783289966e-05
XOM,0.25390625,2.770345821940437e-05
XOM,0.2578125,2.4217870859543602e-05
XOM,0.26171875,2.0522281361478374e-05
XOM,0.265625,1.5059186151776991e-05
XOM,0.26953125,1.3013995438082417e-05
XOM,0.2734375,1.8167821419907903e-05
XOM,0.27734375,2.195211366559752e-05
XOM,0.28125,6.89000457425922e-05
XOM,0.28515625,0.0002931346194778851
XOM,0.2890625,0.0001386060560214849
XOM,0.29296875,2.3422889606091097e-05
XOM,0.296875,1.6796468062418803e-05
XOM,0.30078125,1.7439837677547712e-05
XOM,0.3046875,1.745859980665688e-05
XOM,0.30859375,1.9153772570876198e-05
XOM,0.3125,2.5178134329029974e-05
XOM,0.31640625,3.1596238785241885e-05
XOM,0.3203125,2.7435612201879883e-05
XOM,0.32421875,2.6114718519840425e-05
XOM,0.328125,2.6165324794075347e-05
XOM,0.33203125,1.9471057072238568e-05
XOM,0.3359375,1.5684331354957386e-05
XOM,0.33984375,1.971700029261148e-05
XOM,0.34375,2.013207317905935e-05
XOM,0.34765625,2.059805076461394e-05
XOM,0.3515625,1.664995928777336e-05
XOM,0.35546875,2.1630775541367354e-05
XOM,0.359375,2.1012803185113258e-05
XOM,0.36328125,1.9179509358569405e-05
XOM,0.3671875,2.2209026207170687e-05
XOM,0.37109375,1.732384563628871e-05
XOM,0.375,1.7825408377034476e-05
XOM,0.37890625,2.3174437723214543e-05
XOM,0.3828125,1.945417992309522e-05
XOM,0.38671875,1.5400605175514405e-05
XOM,0.390625,1.616315591894913e-05
XOM,0.39453125,1.9774171206963538e-05
XOM,0.3984375,2.79787218097589e-05
XOM,0.40234375,2.5807432333379334e-05
XOM,0.40625,2.4380931767488948e-05
XOM,0.41015625,2.460114134937325e-05
XOM,0.4140625,2.3582515299748647e-05
XOM,0.41796875,2.0961762292290747e-05
XOM,0.421875,2.4260234805517252e-05
XOM,0.42578125,0.00015188038555195217
XOM,0.4296875,0.00021455695112480234
XOM,0.43359375,4.4237155579857316e-05
XOM,0.4375,2.0370317148477442e-05
XOM,0.44140625,1.8437430062669365e-05
XOM,0.4453125,1.6635166107464174e-05
XOM,0.44921875,1.766859518680726e-05
XOM,0.453125,2.5712982638969895e-05
XOM,0.45703125,3.594218146671388e-05
XOM,0.4609375,3.867947824181154e-05
XOM,0.46484375,2.3155507109474944e-05
XOM,0.46875,2.1324861532003427e-05
XOM,0.47265625,2.3142147574096592e-05
XOM,0.4765625,2.188962459307964e-05
XOM,0.48046875,2.5072410249508294e-05
XOM,0.484375,2.2008079725299726e-05
XOM,0.48828125,1.64490297334546e-05
XOM,0.4921875,1.7771778997052174e-05
XOM,0.49609375,1.719054063980644e-05
XOM,0.5,6.769136450941226e-06
